<?xml version="1.0" encoding="UTF-8"?>
<gpx xmlns="http://www.topografix.com/GPX/1/1" xmlns:gpxdata="http://www.cluetrust.com/XML/GPXDATA/1/0" xmlns:xsi="http://www.w3.org/2001/XMLSchema-instance" xsi:schemaLocation="http://www.topografix.com/GPX/1/1 https://www.topografix.com/GPX/1/1/gpx.xsd http://www.cluetrust.com/XML/GPXDATA/1/0 https://www.cluetrust.com/Schemas/gpxdata10.xsd" creator="COROS Wearables" version="1.1">
 <metadata>
  <link href="https://www.coros.com">
   <text>COROS</text>
  </link>
  <time>2026-05-29T19:00:37Z</time>
 </metadata>
 <trk>
  <name>Le Coteau Course</name>
  <type>running</type>
  <trkseg>
   <trkpt lat="46.0245215" lon="4.0883767">
    <ele>284</ele>
    <time>2026-05-29T19:00:37Z</time>
    <extensions>
     <gpxdata:hr>118</gpxdata:hr>
     <gpxdata:distance>0.00</gpxdata:distance>
     <gpxdata:cadence>105</gpxdata:cadence>
    </extensions>
   </trkpt>
   <trkpt lat="46.0245176" lon="4.0883713">
    <ele>284</ele>
    <time>2026-05-29T19:00:38Z</time>
    <extensions>
     <gpxdata:hr>118</gpxdata:hr>
     <gpxdata:distance>0.00</gpxdata:distance>
     <gpxdata:cadence>105</gpxdata:cadence>
    </extensions>
   </trkpt>
   <trkpt lat="46.0245137" lon="4.0883660">
    <ele>284</ele>
    <time>2026-05-29T19:00:39Z</time>
    <extensions>
     <gpxdata:hr>121</gpxdata:hr>
     <gpxdata:distance>0.00</gpxdata:distance>
     <gpxdata:cadence>105</gpxdata:cadence>
    </extensions>
   </trkpt>
   <trkpt lat="46.0244983" lon="4.0883377">
    <ele>284</ele>
    <time>2026-05-29T19:00:40Z</time>
    <extensions>
     <gpxdata:hr>124</gpxdata:hr>
     <gpxdata:distance>7.00</gpxdata:distance>
     <gpxdata:cadence>105</gpxdata:cadence>
     <gpxdata:speed>1.294</gpxdata:speed>
    </extensions>
   </trkpt>
   <trkpt lat="46.0244829" lon="4.0883094">
    <ele>284</ele>
    <time>2026-05-29T19:00:41Z</time>
    <extensions>
     <gpxdata:hr>124</gpxdata:hr>
     <gpxdata:distance>14.00</gpxdata:distance>
     <gpxdata:cadence>105</gpxdata:cadence>
     <gpxdata:speed>2.589</gpxdata:speed>
    </extensions>
   </trkpt>
   <trkpt lat="46.0244574" lon="4.0882577">
    <ele>284</ele>
    <time>2026-05-29T19:00:42Z</time>
    <extensions>
     <gpxdata:hr>124</gpxdata:hr>
     <gpxdata:distance>20.50</gpxdata:distance>
     <gpxdata:cadence>105</gpxdata:cadence>
     <gpxdata:speed>3.411</gpxdata:speed>
    </extensions>
   </trkpt>
   <trkpt lat="46.0244319" lon="4.0882060">
    <ele>284</ele>
    <time>2026-05-29T19:00:43Z</time>
    <extensions>
     <gpxdata:hr>127</gpxdata:hr>
     <gpxdata:distance>27.00</gpxdata:distance>
     <gpxdata:cadence>105</gpxdata:cadence>
     <gpxdata:speed>4.233</gpxdata:speed>
    </extensions>
   </trkpt>
   <trkpt lat="46.0244016" lon="4.0881438">
    <ele>284</ele>
    <time>2026-05-29T19:00:44Z</time>
    <extensions>
     <gpxdata:hr>131</gpxdata:hr>
     <gpxdata:distance>30.50</gpxdata:distance>
     <gpxdata:cadence>104</gpxdata:cadence>
     <gpxdata:speed>4.583</gpxdata:speed>
    </extensions>
   </trkpt>
   <trkpt lat="46.0243713" lon="4.0880816">
    <ele>284</ele>
    <time>2026-05-29T19:00:45Z</time>
    <extensions>
     <gpxdata:hr>134</gpxdata:hr>
     <gpxdata:distance>34.00</gpxdata:distance>
     <gpxdata:cadence>103</gpxdata:cadence>
     <gpxdata:speed>4.933</gpxdata:speed>
    </extensions>
   </trkpt>
   <trkpt lat="46.0243412" lon="4.0880152">
    <ele>284</ele>
    <time>2026-05-29T19:00:46Z</time>
    <extensions>
     <gpxdata:hr>134</gpxdata:hr>
     <gpxdata:distance>43.00</gpxdata:distance>
     <gpxdata:cadence>102</gpxdata:cadence>
     <gpxdata:speed>5.211</gpxdata:speed>
    </extensions>
   </trkpt>
   <trkpt lat="46.0243111" lon="4.0879489">
    <ele>284</ele>
    <time>2026-05-29T19:00:47Z</time>
    <extensions>
     <gpxdata:hr>135</gpxdata:hr>
     <gpxdata:distance>52.00</gpxdata:distance>
     <gpxdata:cadence>100</gpxdata:cadence>
     <gpxdata:speed>5.492</gpxdata:speed>
    </extensions>
   </trkpt>
   <trkpt lat="46.0242815" lon="4.0878790">
    <ele>284</ele>
    <time>2026-05-29T19:00:48Z</time>
    <extensions>
     <gpxdata:hr>138</gpxdata:hr>
     <gpxdata:distance>58.00</gpxdata:distance>
     <gpxdata:cadence>100</gpxdata:cadence>
     <gpxdata:speed>5.722</gpxdata:speed>
    </extensions>
   </trkpt>
   <trkpt lat="46.0242519" lon="4.0878092">
    <ele>284</ele>
    <time>2026-05-29T19:00:49Z</time>
    <extensions>
     <gpxdata:hr>141</gpxdata:hr>
     <gpxdata:distance>64.00</gpxdata:distance>
     <gpxdata:cadence>99</gpxdata:cadence>
     <gpxdata:speed>5.953</gpxdata:speed>
    </extensions>
   </trkpt>
   <trkpt lat="46.0242228" lon="4.0877434">
    <ele>284</ele>
    <time>2026-05-29T19:00:50Z</time>
    <extensions>
     <gpxdata:hr>144</gpxdata:hr>
     <gpxdata:distance>69.50</gpxdata:distance>
     <gpxdata:cadence>99</gpxdata:cadence>
     <gpxdata:speed>6.022</gpxdata:speed>
    </extensions>
   </trkpt>
   <trkpt lat="46.0241937" lon="4.0876776">
    <ele>284</ele>
    <time>2026-05-29T19:00:51Z</time>
    <extensions>
     <gpxdata:hr>145</gpxdata:hr>
     <gpxdata:distance>75.00</gpxdata:distance>
     <gpxdata:cadence>99</gpxdata:cadence>
     <gpxdata:speed>6.094</gpxdata:speed>
    </extensions>
   </trkpt>
   <trkpt lat="46.0241638" lon="4.0876138">
    <ele>285</ele>
    <time>2026-05-29T19:00:52Z</time>
    <extensions>
     <gpxdata:hr>145</gpxdata:hr>
     <gpxdata:distance>81.00</gpxdata:distance>
     <gpxdata:cadence>98</gpxdata:cadence>
     <gpxdata:speed>6.136</gpxdata:speed>
    </extensions>
   </trkpt>
   <trkpt lat="46.0241339" lon="4.0875500">
    <ele>284</ele>
    <time>2026-05-29T19:00:53Z</time>
    <extensions>
     <gpxdata:hr>146</gpxdata:hr>
     <gpxdata:distance>87.00</gpxdata:distance>
     <gpxdata:cadence>97</gpxdata:cadence>
     <gpxdata:speed>6.178</gpxdata:speed>
    </extensions>
   </trkpt>
   <trkpt lat="46.0241109" lon="4.0874830">
    <ele>284</ele>
    <time>2026-05-29T19:00:54Z</time>
    <extensions>
     <gpxdata:hr>146</gpxdata:hr>
     <gpxdata:distance>92.50</gpxdata:distance>
     <gpxdata:cadence>97</gpxdata:cadence>
     <gpxdata:speed>6.192</gpxdata:speed>
    </extensions>
   </trkpt>
   <trkpt lat="46.0240879" lon="4.0874161">
    <ele>284</ele>
    <time>2026-05-29T19:00:55Z</time>
    <extensions>
     <gpxdata:hr>146</gpxdata:hr>
     <gpxdata:distance>98.00</gpxdata:distance>
     <gpxdata:cadence>97</gpxdata:cadence>
     <gpxdata:speed>6.208</gpxdata:speed>
    </extensions>
   </trkpt>
   <trkpt lat="46.0240895" lon="4.0873494">
    <ele>284</ele>
    <time>2026-05-29T19:00:56Z</time>
    <extensions>
     <gpxdata:hr>146</gpxdata:hr>
     <gpxdata:distance>103.50</gpxdata:distance>
     <gpxdata:cadence>96</gpxdata:cadence>
     <gpxdata:speed>6.194</gpxdata:speed>
    </extensions>
   </trkpt>
   <trkpt lat="46.0240912" lon="4.0872828">
    <ele>284</ele>
    <time>2026-05-29T19:00:57Z</time>
    <extensions>
     <gpxdata:hr>146</gpxdata:hr>
     <gpxdata:distance>109.00</gpxdata:distance>
     <gpxdata:cadence>96</gpxdata:cadence>
     <gpxdata:speed>6.183</gpxdata:speed>
    </extensions>
   </trkpt>
   <trkpt lat="46.0241190" lon="4.0872277">
    <ele>284</ele>
    <time>2026-05-29T19:00:58Z</time>
    <extensions>
     <gpxdata:hr>146</gpxdata:hr>
     <gpxdata:distance>115.00</gpxdata:distance>
     <gpxdata:cadence>95</gpxdata:cadence>
     <gpxdata:speed>6.153</gpxdata:speed>
    </extensions>
   </trkpt>
   <trkpt lat="46.0241469" lon="4.0871727">
    <ele>284</ele>
    <time>2026-05-29T19:00:59Z</time>
    <extensions>
     <gpxdata:hr>146</gpxdata:hr>
     <gpxdata:distance>121.00</gpxdata:distance>
     <gpxdata:cadence>95</gpxdata:cadence>
     <gpxdata:speed>6.125</gpxdata:speed>
    </extensions>
   </trkpt>
   <trkpt lat="46.0241902" lon="4.0871315">
    <ele>284</ele>
    <time>2026-05-29T19:01:00Z</time>
    <extensions>
     <gpxdata:hr>147</gpxdata:hr>
     <gpxdata:distance>126.50</gpxdata:distance>
     <gpxdata:cadence>94</gpxdata:cadence>
     <gpxdata:speed>6.103</gpxdata:speed>
    </extensions>
   </trkpt>
   <trkpt lat="46.0242335" lon="4.0870903">
    <ele>284</ele>
    <time>2026-05-29T19:01:01Z</time>
    <extensions>
     <gpxdata:hr>148</gpxdata:hr>
     <gpxdata:distance>132.00</gpxdata:distance>
     <gpxdata:cadence>94</gpxdata:cadence>
     <gpxdata:speed>6.083</gpxdata:speed>
    </extensions>
   </trkpt>
   <trkpt lat="46.0242811" lon="4.0870611">
    <ele>284</ele>
    <time>2026-05-29T19:01:02Z</time>
    <extensions>
     <gpxdata:hr>150</gpxdata:hr>
     <gpxdata:distance>137.50</gpxdata:distance>
     <gpxdata:cadence>93</gpxdata:cadence>
     <gpxdata:speed>6.058</gpxdata:speed>
    </extensions>
   </trkpt>
   <trkpt lat="46.0243288" lon="4.0870320">
    <ele>284</ele>
    <time>2026-05-29T19:01:03Z</time>
    <extensions>
     <gpxdata:hr>151</gpxdata:hr>
     <gpxdata:distance>143.00</gpxdata:distance>
     <gpxdata:cadence>92</gpxdata:cadence>
     <gpxdata:speed>6.033</gpxdata:speed>
    </extensions>
   </trkpt>
   <trkpt lat="46.0243763" lon="4.0870083">
    <ele>284</ele>
    <time>2026-05-29T19:01:04Z</time>
    <extensions>
     <gpxdata:hr>151</gpxdata:hr>
     <gpxdata:distance>148.50</gpxdata:distance>
     <gpxdata:cadence>92</gpxdata:cadence>
     <gpxdata:speed>5.989</gpxdata:speed>
    </extensions>
   </trkpt>
   <trkpt lat="46.0244239" lon="4.0869846">
    <ele>284</ele>
    <time>2026-05-29T19:01:05Z</time>
    <extensions>
     <gpxdata:hr>152</gpxdata:hr>
     <gpxdata:distance>154.00</gpxdata:distance>
     <gpxdata:cadence>91</gpxdata:cadence>
     <gpxdata:speed>5.947</gpxdata:speed>
    </extensions>
   </trkpt>
   <trkpt lat="46.0244698" lon="4.0869583">
    <ele>284</ele>
    <time>2026-05-29T19:01:06Z</time>
    <extensions>
     <gpxdata:hr>155</gpxdata:hr>
     <gpxdata:distance>159.00</gpxdata:distance>
     <gpxdata:cadence>91</gpxdata:cadence>
     <gpxdata:speed>5.917</gpxdata:speed>
    </extensions>
   </trkpt>
   <trkpt lat="46.0245157" lon="4.0869320">
    <ele>284</ele>
    <time>2026-05-29T19:01:07Z</time>
    <extensions>
     <gpxdata:hr>158</gpxdata:hr>
     <gpxdata:distance>164.00</gpxdata:distance>
     <gpxdata:cadence>91</gpxdata:cadence>
     <gpxdata:speed>5.889</gpxdata:speed>
    </extensions>
   </trkpt>
   <trkpt lat="46.0245602" lon="4.0869045">
    <ele>284</ele>
    <time>2026-05-29T19:01:08Z</time>
    <extensions>
     <gpxdata:hr>159</gpxdata:hr>
     <gpxdata:distance>169.50</gpxdata:distance>
     <gpxdata:cadence>91</gpxdata:cadence>
     <gpxdata:speed>5.858</gpxdata:speed>
    </extensions>
   </trkpt>
   <trkpt lat="46.0246048" lon="4.0868770">
    <ele>284</ele>
    <time>2026-05-29T19:01:09Z</time>
    <extensions>
     <gpxdata:hr>163</gpxdata:hr>
     <gpxdata:distance>175.00</gpxdata:distance>
     <gpxdata:cadence>91</gpxdata:cadence>
     <gpxdata:speed>5.828</gpxdata:speed>
    </extensions>
   </trkpt>
   <trkpt lat="46.0246483" lon="4.0868508">
    <ele>284</ele>
    <time>2026-05-29T19:01:10Z</time>
    <extensions>
     <gpxdata:hr>164</gpxdata:hr>
     <gpxdata:distance>180.00</gpxdata:distance>
     <gpxdata:cadence>91</gpxdata:cadence>
     <gpxdata:speed>5.803</gpxdata:speed>
    </extensions>
   </trkpt>
   <trkpt lat="46.0246919" lon="4.0868247">
    <ele>284</ele>
    <time>2026-05-29T19:01:11Z</time>
    <extensions>
     <gpxdata:hr>164</gpxdata:hr>
     <gpxdata:distance>185.00</gpxdata:distance>
     <gpxdata:cadence>91</gpxdata:cadence>
     <gpxdata:speed>5.781</gpxdata:speed>
    </extensions>
   </trkpt>
   <trkpt lat="46.0247360" lon="4.0868069">
    <ele>284</ele>
    <time>2026-05-29T19:01:12Z</time>
    <extensions>
     <gpxdata:hr>164</gpxdata:hr>
     <gpxdata:distance>190.50</gpxdata:distance>
     <gpxdata:cadence>91</gpxdata:cadence>
     <gpxdata:speed>5.764</gpxdata:speed>
    </extensions>
   </trkpt>
   <trkpt lat="46.0247801" lon="4.0867891">
    <ele>284</ele>
    <time>2026-05-29T19:01:13Z</time>
    <extensions>
     <gpxdata:hr>167</gpxdata:hr>
     <gpxdata:distance>196.00</gpxdata:distance>
     <gpxdata:cadence>91</gpxdata:cadence>
     <gpxdata:speed>5.750</gpxdata:speed>
    </extensions>
   </trkpt>
   <trkpt lat="46.0248238" lon="4.0868047">
    <ele>284</ele>
    <time>2026-05-29T19:01:14Z</time>
    <extensions>
     <gpxdata:hr>168</gpxdata:hr>
     <gpxdata:distance>201.50</gpxdata:distance>
     <gpxdata:cadence>91</gpxdata:cadence>
     <gpxdata:speed>5.647</gpxdata:speed>
    </extensions>
   </trkpt>
   <trkpt lat="46.0248675" lon="4.0868203">
    <ele>284</ele>
    <time>2026-05-29T19:01:15Z</time>
    <extensions>
     <gpxdata:hr>168</gpxdata:hr>
     <gpxdata:distance>207.00</gpxdata:distance>
     <gpxdata:cadence>91</gpxdata:cadence>
     <gpxdata:speed>5.547</gpxdata:speed>
    </extensions>
   </trkpt>
   <trkpt lat="46.0249030" lon="4.0868701">
    <ele>284</ele>
    <time>2026-05-29T19:01:16Z</time>
    <extensions>
     <gpxdata:hr>168</gpxdata:hr>
     <gpxdata:distance>213.50</gpxdata:distance>
     <gpxdata:cadence>91</gpxdata:cadence>
     <gpxdata:speed>5.511</gpxdata:speed>
    </extensions>
   </trkpt>
   <trkpt lat="46.0249386" lon="4.0869200">
    <ele>284</ele>
    <time>2026-05-29T19:01:17Z</time>
    <extensions>
     <gpxdata:hr>167</gpxdata:hr>
     <gpxdata:distance>220.00</gpxdata:distance>
     <gpxdata:cadence>91</gpxdata:cadence>
     <gpxdata:speed>5.478</gpxdata:speed>
    </extensions>
   </trkpt>
   <trkpt lat="46.0249662" lon="4.0869859">
    <ele>284</ele>
    <time>2026-05-29T19:01:18Z</time>
    <extensions>
     <gpxdata:hr>167</gpxdata:hr>
     <gpxdata:distance>225.50</gpxdata:distance>
     <gpxdata:cadence>91</gpxdata:cadence>
     <gpxdata:speed>5.483</gpxdata:speed>
    </extensions>
   </trkpt>
   <trkpt lat="46.0249938" lon="4.0870519">
    <ele>284</ele>
    <time>2026-05-29T19:01:19Z</time>
    <extensions>
     <gpxdata:hr>167</gpxdata:hr>
     <gpxdata:distance>231.00</gpxdata:distance>
     <gpxdata:cadence>91</gpxdata:cadence>
     <gpxdata:speed>5.492</gpxdata:speed>
    </extensions>
   </trkpt>
   <trkpt lat="46.0250173" lon="4.0871179">
    <ele>284</ele>
    <time>2026-05-29T19:01:20Z</time>
    <extensions>
     <gpxdata:hr>167</gpxdata:hr>
     <gpxdata:distance>235.50</gpxdata:distance>
     <gpxdata:cadence>91</gpxdata:cadence>
     <gpxdata:speed>5.511</gpxdata:speed>
    </extensions>
   </trkpt>
   <trkpt lat="46.0250409" lon="4.0871839">
    <ele>284</ele>
    <time>2026-05-29T19:01:21Z</time>
    <extensions>
     <gpxdata:hr>168</gpxdata:hr>
     <gpxdata:distance>240.00</gpxdata:distance>
     <gpxdata:cadence>91</gpxdata:cadence>
     <gpxdata:speed>5.531</gpxdata:speed>
    </extensions>
   </trkpt>
   <trkpt lat="46.0250633" lon="4.0872443">
    <ele>284</ele>
    <time>2026-05-29T19:01:22Z</time>
    <extensions>
     <gpxdata:hr>168</gpxdata:hr>
     <gpxdata:distance>245.50</gpxdata:distance>
     <gpxdata:cadence>91</gpxdata:cadence>
     <gpxdata:speed>5.539</gpxdata:speed>
    </extensions>
   </trkpt>
   <trkpt lat="46.0250857" lon="4.0873048">
    <ele>284</ele>
    <time>2026-05-29T19:01:23Z</time>
    <extensions>
     <gpxdata:hr>168</gpxdata:hr>
     <gpxdata:distance>251.00</gpxdata:distance>
     <gpxdata:cadence>91</gpxdata:cadence>
     <gpxdata:speed>5.547</gpxdata:speed>
    </extensions>
   </trkpt>
   <trkpt lat="46.0251101" lon="4.0873616">
    <ele>284</ele>
    <time>2026-05-29T19:01:24Z</time>
    <extensions>
     <gpxdata:hr>168</gpxdata:hr>
     <gpxdata:distance>256.00</gpxdata:distance>
     <gpxdata:cadence>91</gpxdata:cadence>
     <gpxdata:speed>5.539</gpxdata:speed>
    </extensions>
   </trkpt>
   <trkpt lat="46.0251345" lon="4.0874185">
    <ele>284</ele>
    <time>2026-05-29T19:01:25Z</time>
    <extensions>
     <gpxdata:hr>167</gpxdata:hr>
     <gpxdata:distance>261.00</gpxdata:distance>
     <gpxdata:cadence>91</gpxdata:cadence>
     <gpxdata:speed>5.533</gpxdata:speed>
    </extensions>
   </trkpt>
   <trkpt lat="46.0251604" lon="4.0874740">
    <ele>284</ele>
    <time>2026-05-29T19:01:26Z</time>
    <extensions>
     <gpxdata:hr>167</gpxdata:hr>
     <gpxdata:distance>266.00</gpxdata:distance>
     <gpxdata:cadence>91</gpxdata:cadence>
     <gpxdata:speed>5.519</gpxdata:speed>
    </extensions>
   </trkpt>
   <trkpt lat="46.0251863" lon="4.0875295">
    <ele>284</ele>
    <time>2026-05-29T19:01:27Z</time>
    <extensions>
     <gpxdata:hr>166</gpxdata:hr>
     <gpxdata:distance>271.00</gpxdata:distance>
     <gpxdata:cadence>91</gpxdata:cadence>
     <gpxdata:speed>5.506</gpxdata:speed>
    </extensions>
   </trkpt>
   <trkpt lat="46.0252117" lon="4.0875853">
    <ele>284</ele>
    <time>2026-05-29T19:01:28Z</time>
    <extensions>
     <gpxdata:hr>166</gpxdata:hr>
     <gpxdata:distance>276.00</gpxdata:distance>
     <gpxdata:cadence>91</gpxdata:cadence>
     <gpxdata:speed>5.492</gpxdata:speed>
    </extensions>
   </trkpt>
   <trkpt lat="46.0252371" lon="4.0876412">
    <ele>284</ele>
    <time>2026-05-29T19:01:29Z</time>
    <extensions>
     <gpxdata:hr>166</gpxdata:hr>
     <gpxdata:distance>281.00</gpxdata:distance>
     <gpxdata:cadence>91</gpxdata:cadence>
     <gpxdata:speed>5.478</gpxdata:speed>
    </extensions>
   </trkpt>
   <trkpt lat="46.0252623" lon="4.0876953">
    <ele>284</ele>
    <time>2026-05-29T19:01:30Z</time>
    <extensions>
     <gpxdata:hr>166</gpxdata:hr>
     <gpxdata:distance>286.00</gpxdata:distance>
     <gpxdata:cadence>91</gpxdata:cadence>
     <gpxdata:speed>5.467</gpxdata:speed>
    </extensions>
   </trkpt>
   <trkpt lat="46.0252875" lon="4.0877495">
    <ele>284</ele>
    <time>2026-05-29T19:01:31Z</time>
    <extensions>
     <gpxdata:hr>166</gpxdata:hr>
     <gpxdata:distance>291.00</gpxdata:distance>
     <gpxdata:cadence>92</gpxdata:cadence>
     <gpxdata:speed>5.456</gpxdata:speed>
    </extensions>
   </trkpt>
   <trkpt lat="46.0253124" lon="4.0878029">
    <ele>285</ele>
    <time>2026-05-29T19:01:32Z</time>
    <extensions>
     <gpxdata:hr>167</gpxdata:hr>
     <gpxdata:distance>296.00</gpxdata:distance>
     <gpxdata:cadence>91</gpxdata:cadence>
     <gpxdata:speed>5.442</gpxdata:speed>
    </extensions>
   </trkpt>
   <trkpt lat="46.0253374" lon="4.0878564">
    <ele>285</ele>
    <time>2026-05-29T19:01:33Z</time>
    <extensions>
     <gpxdata:hr>167</gpxdata:hr>
     <gpxdata:distance>301.00</gpxdata:distance>
     <gpxdata:cadence>91</gpxdata:cadence>
     <gpxdata:speed>5.431</gpxdata:speed>
    </extensions>
   </trkpt>
   <trkpt lat="46.0253609" lon="4.0879090">
    <ele>285</ele>
    <time>2026-05-29T19:01:34Z</time>
    <extensions>
     <gpxdata:hr>168</gpxdata:hr>
     <gpxdata:distance>305.50</gpxdata:distance>
     <gpxdata:cadence>91</gpxdata:cadence>
     <gpxdata:speed>5.417</gpxdata:speed>
    </extensions>
   </trkpt>
   <trkpt lat="46.0253845" lon="4.0879616">
    <ele>285</ele>
    <time>2026-05-29T19:01:35Z</time>
    <extensions>
     <gpxdata:hr>168</gpxdata:hr>
     <gpxdata:distance>310.00</gpxdata:distance>
     <gpxdata:cadence>91</gpxdata:cadence>
     <gpxdata:speed>5.406</gpxdata:speed>
    </extensions>
   </trkpt>
   <trkpt lat="46.0254069" lon="4.0880146">
    <ele>285</ele>
    <time>2026-05-29T19:01:36Z</time>
    <extensions>
     <gpxdata:hr>168</gpxdata:hr>
     <gpxdata:distance>315.00</gpxdata:distance>
     <gpxdata:cadence>91</gpxdata:cadence>
     <gpxdata:speed>5.389</gpxdata:speed>
    </extensions>
   </trkpt>
   <trkpt lat="46.0254293" lon="4.0880677">
    <ele>285</ele>
    <time>2026-05-29T19:01:37Z</time>
    <extensions>
     <gpxdata:hr>168</gpxdata:hr>
     <gpxdata:distance>320.00</gpxdata:distance>
     <gpxdata:cadence>91</gpxdata:cadence>
     <gpxdata:speed>5.375</gpxdata:speed>
    </extensions>
   </trkpt>
   <trkpt lat="46.0254511" lon="4.0881210">
    <ele>285</ele>
    <time>2026-05-29T19:01:38Z</time>
    <extensions>
     <gpxdata:hr>168</gpxdata:hr>
     <gpxdata:distance>325.00</gpxdata:distance>
     <gpxdata:cadence>91</gpxdata:cadence>
     <gpxdata:speed>5.367</gpxdata:speed>
    </extensions>
   </trkpt>
   <trkpt lat="46.0254729" lon="4.0881743">
    <ele>285</ele>
    <time>2026-05-29T19:01:39Z</time>
    <extensions>
     <gpxdata:hr>168</gpxdata:hr>
     <gpxdata:distance>330.00</gpxdata:distance>
     <gpxdata:cadence>91</gpxdata:cadence>
     <gpxdata:speed>5.358</gpxdata:speed>
    </extensions>
   </trkpt>
   <trkpt lat="46.0254969" lon="4.0882264">
    <ele>285</ele>
    <time>2026-05-29T19:01:40Z</time>
    <extensions>
     <gpxdata:hr>169</gpxdata:hr>
     <gpxdata:distance>335.00</gpxdata:distance>
     <gpxdata:cadence>91</gpxdata:cadence>
     <gpxdata:speed>5.350</gpxdata:speed>
    </extensions>
   </trkpt>
   <trkpt lat="46.0255209" lon="4.0882786">
    <ele>285</ele>
    <time>2026-05-29T19:01:41Z</time>
    <extensions>
     <gpxdata:hr>169</gpxdata:hr>
     <gpxdata:distance>340.00</gpxdata:distance>
     <gpxdata:cadence>91</gpxdata:cadence>
     <gpxdata:speed>5.342</gpxdata:speed>
    </extensions>
   </trkpt>
   <trkpt lat="46.0255453" lon="4.0883307">
    <ele>285</ele>
    <time>2026-05-29T19:01:42Z</time>
    <extensions>
     <gpxdata:hr>170</gpxdata:hr>
     <gpxdata:distance>344.50</gpxdata:distance>
     <gpxdata:cadence>91</gpxdata:cadence>
     <gpxdata:speed>5.292</gpxdata:speed>
    </extensions>
   </trkpt>
   <trkpt lat="46.0255698" lon="4.0883829">
    <ele>284</ele>
    <time>2026-05-29T19:01:43Z</time>
    <extensions>
     <gpxdata:hr>170</gpxdata:hr>
     <gpxdata:distance>349.00</gpxdata:distance>
     <gpxdata:cadence>91</gpxdata:cadence>
     <gpxdata:speed>5.244</gpxdata:speed>
    </extensions>
   </trkpt>
   <trkpt lat="46.0255937" lon="4.0884346">
    <ele>284</ele>
    <time>2026-05-29T19:01:44Z</time>
    <extensions>
     <gpxdata:hr>170</gpxdata:hr>
     <gpxdata:distance>354.00</gpxdata:distance>
     <gpxdata:cadence>91</gpxdata:cadence>
     <gpxdata:speed>5.189</gpxdata:speed>
    </extensions>
   </trkpt>
   <trkpt lat="46.0256177" lon="4.0884863">
    <ele>284</ele>
    <time>2026-05-29T19:01:45Z</time>
    <extensions>
     <gpxdata:hr>171</gpxdata:hr>
     <gpxdata:distance>359.00</gpxdata:distance>
     <gpxdata:cadence>91</gpxdata:cadence>
     <gpxdata:speed>5.133</gpxdata:speed>
    </extensions>
   </trkpt>
   <trkpt lat="46.0256408" lon="4.0885384">
    <ele>284</ele>
    <time>2026-05-29T19:01:46Z</time>
    <extensions>
     <gpxdata:hr>171</gpxdata:hr>
     <gpxdata:distance>363.50</gpxdata:distance>
     <gpxdata:cadence>90</gpxdata:cadence>
     <gpxdata:speed>5.075</gpxdata:speed>
    </extensions>
   </trkpt>
   <trkpt lat="46.0256640" lon="4.0885906">
    <ele>284</ele>
    <time>2026-05-29T19:01:47Z</time>
    <extensions>
     <gpxdata:hr>171</gpxdata:hr>
     <gpxdata:distance>368.00</gpxdata:distance>
     <gpxdata:cadence>89</gpxdata:cadence>
     <gpxdata:speed>5.019</gpxdata:speed>
    </extensions>
   </trkpt>
   <trkpt lat="46.0256871" lon="4.0886447">
    <ele>284</ele>
    <time>2026-05-29T19:01:48Z</time>
    <extensions>
     <gpxdata:hr>171</gpxdata:hr>
     <gpxdata:distance>373.50</gpxdata:distance>
     <gpxdata:cadence>89</gpxdata:cadence>
     <gpxdata:speed>4.986</gpxdata:speed>
    </extensions>
   </trkpt>
   <trkpt lat="46.0257103" lon="4.0886989">
    <ele>284</ele>
    <time>2026-05-29T19:01:49Z</time>
    <extensions>
     <gpxdata:hr>171</gpxdata:hr>
     <gpxdata:distance>379.00</gpxdata:distance>
     <gpxdata:cadence>89</gpxdata:cadence>
     <gpxdata:speed>4.956</gpxdata:speed>
    </extensions>
   </trkpt>
   <trkpt lat="46.0257331" lon="4.0887535">
    <ele>284</ele>
    <time>2026-05-29T19:01:50Z</time>
    <extensions>
     <gpxdata:hr>171</gpxdata:hr>
     <gpxdata:distance>383.50</gpxdata:distance>
     <gpxdata:cadence>89</gpxdata:cadence>
     <gpxdata:speed>4.939</gpxdata:speed>
    </extensions>
   </trkpt>
   <trkpt lat="46.0257559" lon="4.0888081">
    <ele>284</ele>
    <time>2026-05-29T19:01:51Z</time>
    <extensions>
     <gpxdata:hr>171</gpxdata:hr>
     <gpxdata:distance>388.00</gpxdata:distance>
     <gpxdata:cadence>90</gpxdata:cadence>
     <gpxdata:speed>4.922</gpxdata:speed>
    </extensions>
   </trkpt>
   <trkpt lat="46.0257778" lon="4.0888612">
    <ele>284</ele>
    <time>2026-05-29T19:01:52Z</time>
    <extensions>
     <gpxdata:hr>170</gpxdata:hr>
     <gpxdata:distance>392.50</gpxdata:distance>
     <gpxdata:cadence>90</gpxdata:cadence>
     <gpxdata:speed>4.917</gpxdata:speed>
    </extensions>
   </trkpt>
   <trkpt lat="46.0257997" lon="4.0889143">
    <ele>284</ele>
    <time>2026-05-29T19:01:53Z</time>
    <extensions>
     <gpxdata:hr>170</gpxdata:hr>
     <gpxdata:distance>397.00</gpxdata:distance>
     <gpxdata:cadence>90</gpxdata:cadence>
     <gpxdata:speed>4.914</gpxdata:speed>
    </extensions>
   </trkpt>
   <trkpt lat="46.0258215" lon="4.0889672">
    <ele>284</ele>
    <time>2026-05-29T19:01:54Z</time>
    <extensions>
     <gpxdata:hr>169</gpxdata:hr>
     <gpxdata:distance>402.00</gpxdata:distance>
     <gpxdata:cadence>90</gpxdata:cadence>
     <gpxdata:speed>4.917</gpxdata:speed>
    </extensions>
   </trkpt>
   <trkpt lat="46.0258433" lon="4.0890202">
    <ele>284</ele>
    <time>2026-05-29T19:01:55Z</time>
    <extensions>
     <gpxdata:hr>169</gpxdata:hr>
     <gpxdata:distance>407.00</gpxdata:distance>
     <gpxdata:cadence>90</gpxdata:cadence>
     <gpxdata:speed>4.919</gpxdata:speed>
    </extensions>
   </trkpt>
   <trkpt lat="46.0258667" lon="4.0890725">
    <ele>284</ele>
    <time>2026-05-29T19:01:56Z</time>
    <extensions>
     <gpxdata:hr>168</gpxdata:hr>
     <gpxdata:distance>409.50</gpxdata:distance>
     <gpxdata:cadence>90</gpxdata:cadence>
     <gpxdata:speed>4.919</gpxdata:speed>
    </extensions>
   </trkpt>
   <trkpt lat="46.0258902" lon="4.0891249">
    <ele>284</ele>
    <time>2026-05-29T19:01:57Z</time>
    <extensions>
     <gpxdata:hr>168</gpxdata:hr>
     <gpxdata:distance>412.00</gpxdata:distance>
     <gpxdata:cadence>90</gpxdata:cadence>
     <gpxdata:speed>4.922</gpxdata:speed>
    </extensions>
   </trkpt>
   <trkpt lat="46.0259167" lon="4.0891739">
    <ele>284</ele>
    <time>2026-05-29T19:01:58Z</time>
    <extensions>
     <gpxdata:hr>169</gpxdata:hr>
     <gpxdata:distance>417.00</gpxdata:distance>
     <gpxdata:cadence>90</gpxdata:cadence>
     <gpxdata:speed>4.922</gpxdata:speed>
    </extensions>
   </trkpt>
   <trkpt lat="46.0259433" lon="4.0892230">
    <ele>284</ele>
    <time>2026-05-29T19:01:59Z</time>
    <extensions>
     <gpxdata:hr>170</gpxdata:hr>
     <gpxdata:distance>422.00</gpxdata:distance>
     <gpxdata:cadence>90</gpxdata:cadence>
     <gpxdata:speed>4.922</gpxdata:speed>
    </extensions>
   </trkpt>
   <trkpt lat="46.0259734" lon="4.0892440">
    <ele>284</ele>
    <time>2026-05-29T19:02:00Z</time>
    <extensions>
     <gpxdata:hr>170</gpxdata:hr>
     <gpxdata:distance>428.00</gpxdata:distance>
     <gpxdata:cadence>91</gpxdata:cadence>
     <gpxdata:speed>4.917</gpxdata:speed>
    </extensions>
   </trkpt>
   <trkpt lat="46.0260036" lon="4.0892651">
    <ele>284</ele>
    <time>2026-05-29T19:02:01Z</time>
    <extensions>
     <gpxdata:hr>171</gpxdata:hr>
     <gpxdata:distance>434.00</gpxdata:distance>
     <gpxdata:cadence>91</gpxdata:cadence>
     <gpxdata:speed>4.911</gpxdata:speed>
    </extensions>
   </trkpt>
   <trkpt lat="46.0260364" lon="4.0892446">
    <ele>284</ele>
    <time>2026-05-29T19:02:02Z</time>
    <extensions>
     <gpxdata:hr>171</gpxdata:hr>
     <gpxdata:distance>439.00</gpxdata:distance>
     <gpxdata:cadence>91</gpxdata:cadence>
     <gpxdata:speed>4.908</gpxdata:speed>
    </extensions>
   </trkpt>
   <trkpt lat="46.0260693" lon="4.0892241">
    <ele>283</ele>
    <time>2026-05-29T19:02:03Z</time>
    <extensions>
     <gpxdata:hr>172</gpxdata:hr>
     <gpxdata:distance>444.00</gpxdata:distance>
     <gpxdata:cadence>92</gpxdata:cadence>
     <gpxdata:speed>4.908</gpxdata:speed>
    </extensions>
   </trkpt>
   <trkpt lat="46.0261023" lon="4.0891788">
    <ele>283</ele>
    <time>2026-05-29T19:02:04Z</time>
    <extensions>
     <gpxdata:hr>172</gpxdata:hr>
     <gpxdata:distance>449.50</gpxdata:distance>
     <gpxdata:cadence>92</gpxdata:cadence>
     <gpxdata:speed>4.906</gpxdata:speed>
    </extensions>
   </trkpt>
   <trkpt lat="46.0261354" lon="4.0891335">
    <ele>283</ele>
    <time>2026-05-29T19:02:05Z</time>
    <extensions>
     <gpxdata:hr>172</gpxdata:hr>
     <gpxdata:distance>455.00</gpxdata:distance>
     <gpxdata:cadence>92</gpxdata:cadence>
     <gpxdata:speed>4.906</gpxdata:speed>
    </extensions>
   </trkpt>
   <trkpt lat="46.0261681" lon="4.0890827">
    <ele>283</ele>
    <time>2026-05-29T19:02:06Z</time>
    <extensions>
     <gpxdata:hr>171</gpxdata:hr>
     <gpxdata:distance>459.50</gpxdata:distance>
     <gpxdata:cadence>91</gpxdata:cadence>
     <gpxdata:speed>4.908</gpxdata:speed>
    </extensions>
   </trkpt>
   <trkpt lat="46.0262009" lon="4.0890320">
    <ele>283</ele>
    <time>2026-05-29T19:02:07Z</time>
    <extensions>
     <gpxdata:hr>171</gpxdata:hr>
     <gpxdata:distance>464.00</gpxdata:distance>
     <gpxdata:cadence>91</gpxdata:cadence>
     <gpxdata:speed>4.914</gpxdata:speed>
    </extensions>
   </trkpt>
   <trkpt lat="46.0262312" lon="4.0889810">
    <ele>283</ele>
    <time>2026-05-29T19:02:08Z</time>
    <extensions>
     <gpxdata:hr>171</gpxdata:hr>
     <gpxdata:distance>469.00</gpxdata:distance>
     <gpxdata:cadence>91</gpxdata:cadence>
     <gpxdata:speed>4.917</gpxdata:speed>
    </extensions>
   </trkpt>
   <trkpt lat="46.0262616" lon="4.0889301">
    <ele>283</ele>
    <time>2026-05-29T19:02:09Z</time>
    <extensions>
     <gpxdata:hr>171</gpxdata:hr>
     <gpxdata:distance>474.00</gpxdata:distance>
     <gpxdata:cadence>91</gpxdata:cadence>
     <gpxdata:speed>4.919</gpxdata:speed>
    </extensions>
   </trkpt>
   <trkpt lat="46.0262876" lon="4.0888767">
    <ele>283</ele>
    <time>2026-05-29T19:02:10Z</time>
    <extensions>
     <gpxdata:hr>170</gpxdata:hr>
     <gpxdata:distance>479.00</gpxdata:distance>
     <gpxdata:cadence>91</gpxdata:cadence>
     <gpxdata:speed>4.931</gpxdata:speed>
    </extensions>
   </trkpt>
   <trkpt lat="46.0263137" lon="4.0888233">
    <ele>283</ele>
    <time>2026-05-29T19:02:11Z</time>
    <extensions>
     <gpxdata:hr>170</gpxdata:hr>
     <gpxdata:distance>484.00</gpxdata:distance>
     <gpxdata:cadence>91</gpxdata:cadence>
     <gpxdata:speed>4.942</gpxdata:speed>
    </extensions>
   </trkpt>
   <trkpt lat="46.0263381" lon="4.0887692">
    <ele>283</ele>
    <time>2026-05-29T19:02:12Z</time>
    <extensions>
     <gpxdata:hr>169</gpxdata:hr>
     <gpxdata:distance>486.50</gpxdata:distance>
     <gpxdata:cadence>91</gpxdata:cadence>
     <gpxdata:speed>4.944</gpxdata:speed>
    </extensions>
   </trkpt>
   <trkpt lat="46.0263626" lon="4.0887152">
    <ele>282</ele>
    <time>2026-05-29T19:02:13Z</time>
    <extensions>
     <gpxdata:hr>169</gpxdata:hr>
     <gpxdata:distance>489.00</gpxdata:distance>
     <gpxdata:cadence>91</gpxdata:cadence>
     <gpxdata:speed>4.947</gpxdata:speed>
    </extensions>
   </trkpt>
   <trkpt lat="46.0263870" lon="4.0886596">
    <ele>282</ele>
    <time>2026-05-29T19:02:14Z</time>
    <extensions>
     <gpxdata:hr>169</gpxdata:hr>
     <gpxdata:distance>496.50</gpxdata:distance>
     <gpxdata:cadence>91</gpxdata:cadence>
     <gpxdata:speed>4.956</gpxdata:speed>
    </extensions>
   </trkpt>
   <trkpt lat="46.0264115" lon="4.0886040">
    <ele>282</ele>
    <time>2026-05-29T19:02:15Z</time>
    <extensions>
     <gpxdata:hr>168</gpxdata:hr>
     <gpxdata:distance>504.00</gpxdata:distance>
     <gpxdata:cadence>91</gpxdata:cadence>
     <gpxdata:speed>4.964</gpxdata:speed>
    </extensions>
   </trkpt>
   <trkpt lat="46.0264353" lon="4.0885494">
    <ele>282</ele>
    <time>2026-05-29T19:02:16Z</time>
    <extensions>
     <gpxdata:hr>168</gpxdata:hr>
     <gpxdata:distance>509.00</gpxdata:distance>
     <gpxdata:cadence>90</gpxdata:cadence>
     <gpxdata:speed>4.967</gpxdata:speed>
    </extensions>
   </trkpt>
   <trkpt lat="46.0264591" lon="4.0884948">
    <ele>282</ele>
    <time>2026-05-29T19:02:17Z</time>
    <extensions>
     <gpxdata:hr>167</gpxdata:hr>
     <gpxdata:distance>514.00</gpxdata:distance>
     <gpxdata:cadence>90</gpxdata:cadence>
     <gpxdata:speed>4.972</gpxdata:speed>
    </extensions>
   </trkpt>
   <trkpt lat="46.0264847" lon="4.0884447">
    <ele>282</ele>
    <time>2026-05-29T19:02:18Z</time>
    <extensions>
     <gpxdata:hr>167</gpxdata:hr>
     <gpxdata:distance>518.50</gpxdata:distance>
     <gpxdata:cadence>90</gpxdata:cadence>
     <gpxdata:speed>4.975</gpxdata:speed>
    </extensions>
   </trkpt>
   <trkpt lat="46.0265103" lon="4.0883947">
    <ele>282</ele>
    <time>2026-05-29T19:02:19Z</time>
    <extensions>
     <gpxdata:hr>166</gpxdata:hr>
     <gpxdata:distance>523.00</gpxdata:distance>
     <gpxdata:cadence>90</gpxdata:cadence>
     <gpxdata:speed>4.978</gpxdata:speed>
    </extensions>
   </trkpt>
   <trkpt lat="46.0265374" lon="4.0883480">
    <ele>282</ele>
    <time>2026-05-29T19:02:20Z</time>
    <extensions>
     <gpxdata:hr>166</gpxdata:hr>
     <gpxdata:distance>527.50</gpxdata:distance>
     <gpxdata:cadence>90</gpxdata:cadence>
     <gpxdata:speed>4.972</gpxdata:speed>
    </extensions>
   </trkpt>
   <trkpt lat="46.0265646" lon="4.0883014">
    <ele>282</ele>
    <time>2026-05-29T19:02:21Z</time>
    <extensions>
     <gpxdata:hr>165</gpxdata:hr>
     <gpxdata:distance>532.00</gpxdata:distance>
     <gpxdata:cadence>90</gpxdata:cadence>
     <gpxdata:speed>4.967</gpxdata:speed>
    </extensions>
   </trkpt>
   <trkpt lat="46.0265882" lon="4.0882524">
    <ele>282</ele>
    <time>2026-05-29T19:02:22Z</time>
    <extensions>
     <gpxdata:hr>164</gpxdata:hr>
     <gpxdata:distance>536.50</gpxdata:distance>
     <gpxdata:cadence>90</gpxdata:cadence>
     <gpxdata:speed>4.953</gpxdata:speed>
    </extensions>
   </trkpt>
   <trkpt lat="46.0266119" lon="4.0882034">
    <ele>282</ele>
    <time>2026-05-29T19:02:23Z</time>
    <extensions>
     <gpxdata:hr>164</gpxdata:hr>
     <gpxdata:distance>541.00</gpxdata:distance>
     <gpxdata:cadence>91</gpxdata:cadence>
     <gpxdata:speed>4.939</gpxdata:speed>
    </extensions>
   </trkpt>
   <trkpt lat="46.0266187" lon="4.0881493">
    <ele>282</ele>
    <time>2026-05-29T19:02:24Z</time>
    <extensions>
     <gpxdata:hr>163</gpxdata:hr>
     <gpxdata:distance>546.00</gpxdata:distance>
     <gpxdata:cadence>91</gpxdata:cadence>
     <gpxdata:speed>4.917</gpxdata:speed>
    </extensions>
   </trkpt>
   <trkpt lat="46.0266255" lon="4.0880953">
    <ele>282</ele>
    <time>2026-05-29T19:02:25Z</time>
    <extensions>
     <gpxdata:hr>163</gpxdata:hr>
     <gpxdata:distance>551.00</gpxdata:distance>
     <gpxdata:cadence>91</gpxdata:cadence>
     <gpxdata:speed>4.897</gpxdata:speed>
    </extensions>
   </trkpt>
   <trkpt lat="46.0266098" lon="4.0880400">
    <ele>282</ele>
    <time>2026-05-29T19:02:26Z</time>
    <extensions>
     <gpxdata:hr>163</gpxdata:hr>
     <gpxdata:distance>556.00</gpxdata:distance>
     <gpxdata:cadence>90</gpxdata:cadence>
     <gpxdata:speed>4.878</gpxdata:speed>
    </extensions>
   </trkpt>
   <trkpt lat="46.0265942" lon="4.0879848">
    <ele>282</ele>
    <time>2026-05-29T19:02:27Z</time>
    <extensions>
     <gpxdata:hr>162</gpxdata:hr>
     <gpxdata:distance>561.00</gpxdata:distance>
     <gpxdata:cadence>90</gpxdata:cadence>
     <gpxdata:speed>4.861</gpxdata:speed>
    </extensions>
   </trkpt>
   <trkpt lat="46.0265698" lon="4.0879291">
    <ele>282</ele>
    <time>2026-05-29T19:02:28Z</time>
    <extensions>
     <gpxdata:hr>162</gpxdata:hr>
     <gpxdata:distance>566.00</gpxdata:distance>
     <gpxdata:cadence>90</gpxdata:cadence>
     <gpxdata:speed>4.853</gpxdata:speed>
    </extensions>
   </trkpt>
   <trkpt lat="46.0265455" lon="4.0878735">
    <ele>282</ele>
    <time>2026-05-29T19:02:29Z</time>
    <extensions>
     <gpxdata:hr>162</gpxdata:hr>
     <gpxdata:distance>571.00</gpxdata:distance>
     <gpxdata:cadence>90</gpxdata:cadence>
     <gpxdata:speed>4.844</gpxdata:speed>
    </extensions>
   </trkpt>
   <trkpt lat="46.0265196" lon="4.0878202">
    <ele>282</ele>
    <time>2026-05-29T19:02:30Z</time>
    <extensions>
     <gpxdata:hr>163</gpxdata:hr>
     <gpxdata:distance>575.50</gpxdata:distance>
     <gpxdata:cadence>90</gpxdata:cadence>
     <gpxdata:speed>4.844</gpxdata:speed>
    </extensions>
   </trkpt>
   <trkpt lat="46.0264937" lon="4.0877669">
    <ele>282</ele>
    <time>2026-05-29T19:02:31Z</time>
    <extensions>
     <gpxdata:hr>162</gpxdata:hr>
     <gpxdata:distance>580.00</gpxdata:distance>
     <gpxdata:cadence>90</gpxdata:cadence>
     <gpxdata:speed>4.844</gpxdata:speed>
    </extensions>
   </trkpt>
   <trkpt lat="46.0264697" lon="4.0877158">
    <ele>282</ele>
    <time>2026-05-29T19:02:32Z</time>
    <extensions>
     <gpxdata:hr>162</gpxdata:hr>
     <gpxdata:distance>584.50</gpxdata:distance>
     <gpxdata:cadence>90</gpxdata:cadence>
     <gpxdata:speed>4.844</gpxdata:speed>
    </extensions>
   </trkpt>
   <trkpt lat="46.0264457" lon="4.0876648">
    <ele>282</ele>
    <time>2026-05-29T19:02:33Z</time>
    <extensions>
     <gpxdata:hr>162</gpxdata:hr>
     <gpxdata:distance>589.00</gpxdata:distance>
     <gpxdata:cadence>90</gpxdata:cadence>
     <gpxdata:speed>4.847</gpxdata:speed>
    </extensions>
   </trkpt>
   <trkpt lat="46.0264232" lon="4.0876148">
    <ele>282</ele>
    <time>2026-05-29T19:02:34Z</time>
    <extensions>
     <gpxdata:hr>162</gpxdata:hr>
     <gpxdata:distance>593.50</gpxdata:distance>
     <gpxdata:cadence>89</gpxdata:cadence>
     <gpxdata:speed>4.847</gpxdata:speed>
    </extensions>
   </trkpt>
   <trkpt lat="46.0264007" lon="4.0875648">
    <ele>282</ele>
    <time>2026-05-29T19:02:35Z</time>
    <extensions>
     <gpxdata:hr>162</gpxdata:hr>
     <gpxdata:distance>598.00</gpxdata:distance>
     <gpxdata:cadence>89</gpxdata:cadence>
     <gpxdata:speed>4.850</gpxdata:speed>
    </extensions>
   </trkpt>
   <trkpt lat="46.0263792" lon="4.0875138">
    <ele>282</ele>
    <time>2026-05-29T19:02:36Z</time>
    <extensions>
     <gpxdata:hr>162</gpxdata:hr>
     <gpxdata:distance>603.00</gpxdata:distance>
     <gpxdata:cadence>89</gpxdata:cadence>
     <gpxdata:speed>4.847</gpxdata:speed>
    </extensions>
   </trkpt>
   <trkpt lat="46.0263577" lon="4.0874629">
    <ele>282</ele>
    <time>2026-05-29T19:02:37Z</time>
    <extensions>
     <gpxdata:hr>161</gpxdata:hr>
     <gpxdata:distance>608.00</gpxdata:distance>
     <gpxdata:cadence>89</gpxdata:cadence>
     <gpxdata:speed>4.844</gpxdata:speed>
    </extensions>
   </trkpt>
   <trkpt lat="46.0263354" lon="4.0874115">
    <ele>282</ele>
    <time>2026-05-29T19:02:38Z</time>
    <extensions>
     <gpxdata:hr>161</gpxdata:hr>
     <gpxdata:distance>612.50</gpxdata:distance>
     <gpxdata:cadence>89</gpxdata:cadence>
     <gpxdata:speed>4.839</gpxdata:speed>
    </extensions>
   </trkpt>
   <trkpt lat="46.0263132" lon="4.0873601">
    <ele>282</ele>
    <time>2026-05-29T19:02:39Z</time>
    <extensions>
     <gpxdata:hr>160</gpxdata:hr>
     <gpxdata:distance>617.00</gpxdata:distance>
     <gpxdata:cadence>89</gpxdata:cadence>
     <gpxdata:speed>4.836</gpxdata:speed>
    </extensions>
   </trkpt>
   <trkpt lat="46.0262905" lon="4.0873082">
    <ele>282</ele>
    <time>2026-05-29T19:02:40Z</time>
    <extensions>
     <gpxdata:hr>160</gpxdata:hr>
     <gpxdata:distance>622.00</gpxdata:distance>
     <gpxdata:cadence>89</gpxdata:cadence>
     <gpxdata:speed>4.831</gpxdata:speed>
    </extensions>
   </trkpt>
   <trkpt lat="46.0262679" lon="4.0872563">
    <ele>282</ele>
    <time>2026-05-29T19:02:41Z</time>
    <extensions>
     <gpxdata:hr>159</gpxdata:hr>
     <gpxdata:distance>627.00</gpxdata:distance>
     <gpxdata:cadence>89</gpxdata:cadence>
     <gpxdata:speed>4.828</gpxdata:speed>
    </extensions>
   </trkpt>
   <trkpt lat="46.0262448" lon="4.0872051">
    <ele>282</ele>
    <time>2026-05-29T19:02:42Z</time>
    <extensions>
     <gpxdata:hr>158</gpxdata:hr>
     <gpxdata:distance>631.50</gpxdata:distance>
     <gpxdata:cadence>89</gpxdata:cadence>
     <gpxdata:speed>4.825</gpxdata:speed>
    </extensions>
   </trkpt>
   <trkpt lat="46.0262218" lon="4.0871540">
    <ele>282</ele>
    <time>2026-05-29T19:02:43Z</time>
    <extensions>
     <gpxdata:hr>158</gpxdata:hr>
     <gpxdata:distance>636.00</gpxdata:distance>
     <gpxdata:cadence>89</gpxdata:cadence>
     <gpxdata:speed>4.822</gpxdata:speed>
    </extensions>
   </trkpt>
   <trkpt lat="46.0261982" lon="4.0871050">
    <ele>282</ele>
    <time>2026-05-29T19:02:44Z</time>
    <extensions>
     <gpxdata:hr>158</gpxdata:hr>
     <gpxdata:distance>640.50</gpxdata:distance>
     <gpxdata:cadence>89</gpxdata:cadence>
     <gpxdata:speed>4.819</gpxdata:speed>
    </extensions>
   </trkpt>
   <trkpt lat="46.0261746" lon="4.0870561">
    <ele>282</ele>
    <time>2026-05-29T19:02:45Z</time>
    <extensions>
     <gpxdata:hr>157</gpxdata:hr>
     <gpxdata:distance>645.00</gpxdata:distance>
     <gpxdata:cadence>89</gpxdata:cadence>
     <gpxdata:speed>4.817</gpxdata:speed>
    </extensions>
   </trkpt>
   <trkpt lat="46.0261514" lon="4.0870051">
    <ele>282</ele>
    <time>2026-05-29T19:02:46Z</time>
    <extensions>
     <gpxdata:hr>157</gpxdata:hr>
     <gpxdata:distance>650.00</gpxdata:distance>
     <gpxdata:cadence>89</gpxdata:cadence>
     <gpxdata:speed>4.811</gpxdata:speed>
    </extensions>
   </trkpt>
   <trkpt lat="46.0261282" lon="4.0869542">
    <ele>283</ele>
    <time>2026-05-29T19:02:47Z</time>
    <extensions>
     <gpxdata:hr>156</gpxdata:hr>
     <gpxdata:distance>655.00</gpxdata:distance>
     <gpxdata:cadence>89</gpxdata:cadence>
     <gpxdata:speed>4.808</gpxdata:speed>
    </extensions>
   </trkpt>
   <trkpt lat="46.0261033" lon="4.0869055">
    <ele>283</ele>
    <time>2026-05-29T19:02:48Z</time>
    <extensions>
     <gpxdata:hr>156</gpxdata:hr>
     <gpxdata:distance>659.50</gpxdata:distance>
     <gpxdata:cadence>89</gpxdata:cadence>
     <gpxdata:speed>4.806</gpxdata:speed>
    </extensions>
   </trkpt>
   <trkpt lat="46.0260785" lon="4.0868568">
    <ele>283</ele>
    <time>2026-05-29T19:02:49Z</time>
    <extensions>
     <gpxdata:hr>156</gpxdata:hr>
     <gpxdata:distance>664.00</gpxdata:distance>
     <gpxdata:cadence>89</gpxdata:cadence>
     <gpxdata:speed>4.803</gpxdata:speed>
    </extensions>
   </trkpt>
   <trkpt lat="46.0260536" lon="4.0868074">
    <ele>283</ele>
    <time>2026-05-29T19:02:50Z</time>
    <extensions>
     <gpxdata:hr>156</gpxdata:hr>
     <gpxdata:distance>669.00</gpxdata:distance>
     <gpxdata:cadence>89</gpxdata:cadence>
     <gpxdata:speed>4.800</gpxdata:speed>
    </extensions>
   </trkpt>
   <trkpt lat="46.0260288" lon="4.0867581">
    <ele>283</ele>
    <time>2026-05-29T19:02:51Z</time>
    <extensions>
     <gpxdata:hr>157</gpxdata:hr>
     <gpxdata:distance>674.00</gpxdata:distance>
     <gpxdata:cadence>89</gpxdata:cadence>
     <gpxdata:speed>4.797</gpxdata:speed>
    </extensions>
   </trkpt>
   <trkpt lat="46.0260048" lon="4.0867072">
    <ele>283</ele>
    <time>2026-05-29T19:02:52Z</time>
    <extensions>
     <gpxdata:hr>157</gpxdata:hr>
     <gpxdata:distance>678.50</gpxdata:distance>
     <gpxdata:cadence>89</gpxdata:cadence>
     <gpxdata:speed>4.794</gpxdata:speed>
    </extensions>
   </trkpt>
   <trkpt lat="46.0259808" lon="4.0866564">
    <ele>283</ele>
    <time>2026-05-29T19:02:53Z</time>
    <extensions>
     <gpxdata:hr>157</gpxdata:hr>
     <gpxdata:distance>683.00</gpxdata:distance>
     <gpxdata:cadence>90</gpxdata:cadence>
     <gpxdata:speed>4.794</gpxdata:speed>
    </extensions>
   </trkpt>
   <trkpt lat="46.0259601" lon="4.0866034">
    <ele>283</ele>
    <time>2026-05-29T19:02:54Z</time>
    <extensions>
     <gpxdata:hr>158</gpxdata:hr>
     <gpxdata:distance>687.50</gpxdata:distance>
     <gpxdata:cadence>90</gpxdata:cadence>
     <gpxdata:speed>4.792</gpxdata:speed>
    </extensions>
   </trkpt>
   <trkpt lat="46.0259395" lon="4.0865505">
    <ele>283</ele>
    <time>2026-05-29T19:02:55Z</time>
    <extensions>
     <gpxdata:hr>158</gpxdata:hr>
     <gpxdata:distance>692.00</gpxdata:distance>
     <gpxdata:cadence>90</gpxdata:cadence>
     <gpxdata:speed>4.789</gpxdata:speed>
    </extensions>
   </trkpt>
   <trkpt lat="46.0259194" lon="4.0864966">
    <ele>283</ele>
    <time>2026-05-29T19:02:56Z</time>
    <extensions>
     <gpxdata:hr>157</gpxdata:hr>
     <gpxdata:distance>697.00</gpxdata:distance>
     <gpxdata:cadence>90</gpxdata:cadence>
     <gpxdata:speed>4.786</gpxdata:speed>
    </extensions>
   </trkpt>
   <trkpt lat="46.0258993" lon="4.0864428">
    <ele>283</ele>
    <time>2026-05-29T19:02:57Z</time>
    <extensions>
     <gpxdata:hr>157</gpxdata:hr>
     <gpxdata:distance>702.00</gpxdata:distance>
     <gpxdata:cadence>90</gpxdata:cadence>
     <gpxdata:speed>4.786</gpxdata:speed>
    </extensions>
   </trkpt>
   <trkpt lat="46.0258810" lon="4.0863878">
    <ele>283</ele>
    <time>2026-05-29T19:02:58Z</time>
    <extensions>
     <gpxdata:hr>157</gpxdata:hr>
     <gpxdata:distance>706.50</gpxdata:distance>
     <gpxdata:cadence>90</gpxdata:cadence>
     <gpxdata:speed>4.783</gpxdata:speed>
    </extensions>
   </trkpt>
   <trkpt lat="46.0258627" lon="4.0863328">
    <ele>283</ele>
    <time>2026-05-29T19:02:59Z</time>
    <extensions>
     <gpxdata:hr>156</gpxdata:hr>
     <gpxdata:distance>711.00</gpxdata:distance>
     <gpxdata:cadence>90</gpxdata:cadence>
     <gpxdata:speed>4.781</gpxdata:speed>
    </extensions>
   </trkpt>
   <trkpt lat="46.0258609" lon="4.0862776">
    <ele>283</ele>
    <time>2026-05-29T19:03:00Z</time>
    <extensions>
     <gpxdata:hr>156</gpxdata:hr>
     <gpxdata:distance>715.50</gpxdata:distance>
     <gpxdata:cadence>90</gpxdata:cadence>
     <gpxdata:speed>4.781</gpxdata:speed>
    </extensions>
   </trkpt>
   <trkpt lat="46.0258592" lon="4.0862225">
    <ele>283</ele>
    <time>2026-05-29T19:03:01Z</time>
    <extensions>
     <gpxdata:hr>155</gpxdata:hr>
     <gpxdata:distance>720.00</gpxdata:distance>
     <gpxdata:cadence>90</gpxdata:cadence>
     <gpxdata:speed>4.781</gpxdata:speed>
    </extensions>
   </trkpt>
   <trkpt lat="46.0258821" lon="4.0861762">
    <ele>283</ele>
    <time>2026-05-29T19:03:02Z</time>
    <extensions>
     <gpxdata:hr>155</gpxdata:hr>
     <gpxdata:distance>725.00</gpxdata:distance>
     <gpxdata:cadence>90</gpxdata:cadence>
     <gpxdata:speed>4.778</gpxdata:speed>
    </extensions>
   </trkpt>
   <trkpt lat="46.0259050" lon="4.0861299">
    <ele>283</ele>
    <time>2026-05-29T19:03:03Z</time>
    <extensions>
     <gpxdata:hr>154</gpxdata:hr>
     <gpxdata:distance>730.00</gpxdata:distance>
     <gpxdata:cadence>91</gpxdata:cadence>
     <gpxdata:speed>4.778</gpxdata:speed>
    </extensions>
   </trkpt>
   <trkpt lat="46.0259416" lon="4.0860940">
    <ele>283</ele>
    <time>2026-05-29T19:03:04Z</time>
    <extensions>
     <gpxdata:hr>154</gpxdata:hr>
     <gpxdata:distance>735.00</gpxdata:distance>
     <gpxdata:cadence>91</gpxdata:cadence>
     <gpxdata:speed>4.778</gpxdata:speed>
    </extensions>
   </trkpt>
   <trkpt lat="46.0259782" lon="4.0860581">
    <ele>283</ele>
    <time>2026-05-29T19:03:05Z</time>
    <extensions>
     <gpxdata:hr>153</gpxdata:hr>
     <gpxdata:distance>740.00</gpxdata:distance>
     <gpxdata:cadence>91</gpxdata:cadence>
     <gpxdata:speed>4.781</gpxdata:speed>
    </extensions>
   </trkpt>
   <trkpt lat="46.0260202" lon="4.0860300">
    <ele>283</ele>
    <time>2026-05-29T19:03:06Z</time>
    <extensions>
     <gpxdata:hr>153</gpxdata:hr>
     <gpxdata:distance>745.00</gpxdata:distance>
     <gpxdata:cadence>90</gpxdata:cadence>
     <gpxdata:speed>4.783</gpxdata:speed>
    </extensions>
   </trkpt>
   <trkpt lat="46.0260622" lon="4.0860020">
    <ele>283</ele>
    <time>2026-05-29T19:03:07Z</time>
    <extensions>
     <gpxdata:hr>152</gpxdata:hr>
     <gpxdata:distance>750.00</gpxdata:distance>
     <gpxdata:cadence>90</gpxdata:cadence>
     <gpxdata:speed>4.786</gpxdata:speed>
    </extensions>
   </trkpt>
   <trkpt lat="46.0261064" lon="4.0859796">
    <ele>283</ele>
    <time>2026-05-29T19:03:08Z</time>
    <extensions>
     <gpxdata:hr>152</gpxdata:hr>
     <gpxdata:distance>755.00</gpxdata:distance>
     <gpxdata:cadence>89</gpxdata:cadence>
     <gpxdata:speed>4.786</gpxdata:speed>
    </extensions>
   </trkpt>
   <trkpt lat="46.0261507" lon="4.0859573">
    <ele>283</ele>
    <time>2026-05-29T19:03:09Z</time>
    <extensions>
     <gpxdata:hr>152</gpxdata:hr>
     <gpxdata:distance>760.00</gpxdata:distance>
     <gpxdata:cadence>89</gpxdata:cadence>
     <gpxdata:speed>4.789</gpxdata:speed>
    </extensions>
   </trkpt>
   <trkpt lat="46.0261932" lon="4.0859353">
    <ele>283</ele>
    <time>2026-05-29T19:03:10Z</time>
    <extensions>
     <gpxdata:hr>152</gpxdata:hr>
     <gpxdata:distance>764.50</gpxdata:distance>
     <gpxdata:cadence>89</gpxdata:cadence>
     <gpxdata:speed>4.792</gpxdata:speed>
    </extensions>
   </trkpt>
   <trkpt lat="46.0262358" lon="4.0859133">
    <ele>283</ele>
    <time>2026-05-29T19:03:11Z</time>
    <extensions>
     <gpxdata:hr>152</gpxdata:hr>
     <gpxdata:distance>769.00</gpxdata:distance>
     <gpxdata:cadence>89</gpxdata:cadence>
     <gpxdata:speed>4.797</gpxdata:speed>
    </extensions>
   </trkpt>
   <trkpt lat="46.0262734" lon="4.0858877">
    <ele>283</ele>
    <time>2026-05-29T19:03:12Z</time>
    <extensions>
     <gpxdata:hr>152</gpxdata:hr>
     <gpxdata:distance>773.50</gpxdata:distance>
     <gpxdata:cadence>88</gpxdata:cadence>
     <gpxdata:speed>4.797</gpxdata:speed>
    </extensions>
   </trkpt>
   <trkpt lat="46.0263110" lon="4.0858622">
    <ele>283</ele>
    <time>2026-05-29T19:03:13Z</time>
    <extensions>
     <gpxdata:hr>153</gpxdata:hr>
     <gpxdata:distance>778.00</gpxdata:distance>
     <gpxdata:cadence>88</gpxdata:cadence>
     <gpxdata:speed>4.800</gpxdata:speed>
    </extensions>
   </trkpt>
   <trkpt lat="46.0263464" lon="4.0858362">
    <ele>283</ele>
    <time>2026-05-29T19:03:14Z</time>
    <extensions>
     <gpxdata:hr>153</gpxdata:hr>
     <gpxdata:distance>782.50</gpxdata:distance>
     <gpxdata:cadence>88</gpxdata:cadence>
     <gpxdata:speed>4.800</gpxdata:speed>
    </extensions>
   </trkpt>
   <trkpt lat="46.0263818" lon="4.0858102">
    <ele>283</ele>
    <time>2026-05-29T19:03:15Z</time>
    <extensions>
     <gpxdata:hr>153</gpxdata:hr>
     <gpxdata:distance>787.00</gpxdata:distance>
     <gpxdata:cadence>88</gpxdata:cadence>
     <gpxdata:speed>4.803</gpxdata:speed>
    </extensions>
   </trkpt>
   <trkpt lat="46.0264171" lon="4.0857856">
    <ele>283</ele>
    <time>2026-05-29T19:03:16Z</time>
    <extensions>
     <gpxdata:hr>154</gpxdata:hr>
     <gpxdata:distance>791.50</gpxdata:distance>
     <gpxdata:cadence>88</gpxdata:cadence>
     <gpxdata:speed>4.794</gpxdata:speed>
    </extensions>
   </trkpt>
   <trkpt lat="46.0264525" lon="4.0857611">
    <ele>283</ele>
    <time>2026-05-29T19:03:17Z</time>
    <extensions>
     <gpxdata:hr>154</gpxdata:hr>
     <gpxdata:distance>796.00</gpxdata:distance>
     <gpxdata:cadence>89</gpxdata:cadence>
     <gpxdata:speed>4.786</gpxdata:speed>
    </extensions>
   </trkpt>
   <trkpt lat="46.0264892" lon="4.0857392">
    <ele>283</ele>
    <time>2026-05-29T19:03:18Z</time>
    <extensions>
     <gpxdata:hr>154</gpxdata:hr>
     <gpxdata:distance>800.50</gpxdata:distance>
     <gpxdata:cadence>89</gpxdata:cadence>
     <gpxdata:speed>4.778</gpxdata:speed>
    </extensions>
   </trkpt>
   <trkpt lat="46.0265260" lon="4.0857174">
    <ele>283</ele>
    <time>2026-05-29T19:03:19Z</time>
    <extensions>
     <gpxdata:hr>155</gpxdata:hr>
     <gpxdata:distance>805.00</gpxdata:distance>
     <gpxdata:cadence>89</gpxdata:cadence>
     <gpxdata:speed>4.772</gpxdata:speed>
    </extensions>
   </trkpt>
   <trkpt lat="46.0265642" lon="4.0856967">
    <ele>283</ele>
    <time>2026-05-29T19:03:20Z</time>
    <extensions>
     <gpxdata:hr>155</gpxdata:hr>
     <gpxdata:distance>809.50</gpxdata:distance>
     <gpxdata:cadence>89</gpxdata:cadence>
     <gpxdata:speed>4.764</gpxdata:speed>
    </extensions>
   </trkpt>
   <trkpt lat="46.0266025" lon="4.0856761">
    <ele>283</ele>
    <time>2026-05-29T19:03:21Z</time>
    <extensions>
     <gpxdata:hr>156</gpxdata:hr>
     <gpxdata:distance>814.00</gpxdata:distance>
     <gpxdata:cadence>89</gpxdata:cadence>
     <gpxdata:speed>4.756</gpxdata:speed>
    </extensions>
   </trkpt>
   <trkpt lat="46.0266405" lon="4.0856550">
    <ele>283</ele>
    <time>2026-05-29T19:03:22Z</time>
    <extensions>
     <gpxdata:hr>156</gpxdata:hr>
     <gpxdata:distance>818.50</gpxdata:distance>
     <gpxdata:cadence>89</gpxdata:cadence>
     <gpxdata:speed>4.747</gpxdata:speed>
    </extensions>
   </trkpt>
   <trkpt lat="46.0266786" lon="4.0856339">
    <ele>283</ele>
    <time>2026-05-29T19:03:23Z</time>
    <extensions>
     <gpxdata:hr>157</gpxdata:hr>
     <gpxdata:distance>823.00</gpxdata:distance>
     <gpxdata:cadence>89</gpxdata:cadence>
     <gpxdata:speed>4.739</gpxdata:speed>
    </extensions>
   </trkpt>
   <trkpt lat="46.0267160" lon="4.0856112">
    <ele>283</ele>
    <time>2026-05-29T19:03:24Z</time>
    <extensions>
     <gpxdata:hr>157</gpxdata:hr>
     <gpxdata:distance>827.50</gpxdata:distance>
     <gpxdata:cadence>88</gpxdata:cadence>
     <gpxdata:speed>4.728</gpxdata:speed>
    </extensions>
   </trkpt>
   <trkpt lat="46.0267535" lon="4.0855885">
    <ele>283</ele>
    <time>2026-05-29T19:03:25Z</time>
    <extensions>
     <gpxdata:hr>158</gpxdata:hr>
     <gpxdata:distance>832.00</gpxdata:distance>
     <gpxdata:cadence>88</gpxdata:cadence>
     <gpxdata:speed>4.719</gpxdata:speed>
    </extensions>
   </trkpt>
   <trkpt lat="46.0267903" lon="4.0855646">
    <ele>283</ele>
    <time>2026-05-29T19:03:26Z</time>
    <extensions>
     <gpxdata:hr>159</gpxdata:hr>
     <gpxdata:distance>836.50</gpxdata:distance>
     <gpxdata:cadence>88</gpxdata:cadence>
     <gpxdata:speed>4.711</gpxdata:speed>
    </extensions>
   </trkpt>
   <trkpt lat="46.0268272" lon="4.0855408">
    <ele>284</ele>
    <time>2026-05-29T19:03:27Z</time>
    <extensions>
     <gpxdata:hr>159</gpxdata:hr>
     <gpxdata:distance>841.00</gpxdata:distance>
     <gpxdata:cadence>88</gpxdata:cadence>
     <gpxdata:speed>4.706</gpxdata:speed>
    </extensions>
   </trkpt>
   <trkpt lat="46.0268637" lon="4.0855143">
    <ele>284</ele>
    <time>2026-05-29T19:03:28Z</time>
    <extensions>
     <gpxdata:hr>160</gpxdata:hr>
     <gpxdata:distance>845.50</gpxdata:distance>
     <gpxdata:cadence>88</gpxdata:cadence>
     <gpxdata:speed>4.689</gpxdata:speed>
    </extensions>
   </trkpt>
   <trkpt lat="46.0269003" lon="4.0854879">
    <ele>284</ele>
    <time>2026-05-29T19:03:29Z</time>
    <extensions>
     <gpxdata:hr>160</gpxdata:hr>
     <gpxdata:distance>850.00</gpxdata:distance>
     <gpxdata:cadence>87</gpxdata:cadence>
     <gpxdata:speed>4.672</gpxdata:speed>
    </extensions>
   </trkpt>
   <trkpt lat="46.0269361" lon="4.0854615">
    <ele>284</ele>
    <time>2026-05-29T19:03:30Z</time>
    <extensions>
     <gpxdata:hr>160</gpxdata:hr>
     <gpxdata:distance>854.50</gpxdata:distance>
     <gpxdata:cadence>88</gpxdata:cadence>
     <gpxdata:speed>4.667</gpxdata:speed>
    </extensions>
   </trkpt>
   <trkpt lat="46.0269720" lon="4.0854352">
    <ele>284</ele>
    <time>2026-05-29T19:03:31Z</time>
    <extensions>
     <gpxdata:hr>161</gpxdata:hr>
     <gpxdata:distance>859.00</gpxdata:distance>
     <gpxdata:cadence>88</gpxdata:cadence>
     <gpxdata:speed>4.661</gpxdata:speed>
    </extensions>
   </trkpt>
   <trkpt lat="46.0270079" lon="4.0854052">
    <ele>284</ele>
    <time>2026-05-29T19:03:32Z</time>
    <extensions>
     <gpxdata:hr>161</gpxdata:hr>
     <gpxdata:distance>864.00</gpxdata:distance>
     <gpxdata:cadence>88</gpxdata:cadence>
     <gpxdata:speed>4.661</gpxdata:speed>
    </extensions>
   </trkpt>
   <trkpt lat="46.0270439" lon="4.0853752">
    <ele>284</ele>
    <time>2026-05-29T19:03:33Z</time>
    <extensions>
     <gpxdata:hr>161</gpxdata:hr>
     <gpxdata:distance>869.00</gpxdata:distance>
     <gpxdata:cadence>89</gpxdata:cadence>
     <gpxdata:speed>4.664</gpxdata:speed>
    </extensions>
   </trkpt>
   <trkpt lat="46.0270819" lon="4.0853466">
    <ele>284</ele>
    <time>2026-05-29T19:03:34Z</time>
    <extensions>
     <gpxdata:hr>162</gpxdata:hr>
     <gpxdata:distance>873.50</gpxdata:distance>
     <gpxdata:cadence>89</gpxdata:cadence>
     <gpxdata:speed>4.672</gpxdata:speed>
    </extensions>
   </trkpt>
   <trkpt lat="46.0271200" lon="4.0853180">
    <ele>284</ele>
    <time>2026-05-29T19:03:35Z</time>
    <extensions>
     <gpxdata:hr>163</gpxdata:hr>
     <gpxdata:distance>878.00</gpxdata:distance>
     <gpxdata:cadence>90</gpxdata:cadence>
     <gpxdata:speed>4.681</gpxdata:speed>
    </extensions>
   </trkpt>
   <trkpt lat="46.0271580" lon="4.0852933">
    <ele>284</ele>
    <time>2026-05-29T19:03:36Z</time>
    <extensions>
     <gpxdata:hr>163</gpxdata:hr>
     <gpxdata:distance>882.50</gpxdata:distance>
     <gpxdata:cadence>90</gpxdata:cadence>
     <gpxdata:speed>4.686</gpxdata:speed>
    </extensions>
   </trkpt>
   <trkpt lat="46.0271961" lon="4.0852686">
    <ele>284</ele>
    <time>2026-05-29T19:03:37Z</time>
    <extensions>
     <gpxdata:hr>164</gpxdata:hr>
     <gpxdata:distance>887.00</gpxdata:distance>
     <gpxdata:cadence>90</gpxdata:cadence>
     <gpxdata:speed>4.692</gpxdata:speed>
    </extensions>
   </trkpt>
   <trkpt lat="46.0272331" lon="4.0852457">
    <ele>283</ele>
    <time>2026-05-29T19:03:38Z</time>
    <extensions>
     <gpxdata:hr>164</gpxdata:hr>
     <gpxdata:distance>891.50</gpxdata:distance>
     <gpxdata:cadence>90</gpxdata:cadence>
     <gpxdata:speed>4.692</gpxdata:speed>
    </extensions>
   </trkpt>
   <trkpt lat="46.0272702" lon="4.0852229">
    <ele>283</ele>
    <time>2026-05-29T19:03:39Z</time>
    <extensions>
     <gpxdata:hr>164</gpxdata:hr>
     <gpxdata:distance>896.00</gpxdata:distance>
     <gpxdata:cadence>90</gpxdata:cadence>
     <gpxdata:speed>4.694</gpxdata:speed>
    </extensions>
   </trkpt>
   <trkpt lat="46.0273075" lon="4.0852001">
    <ele>283</ele>
    <time>2026-05-29T19:03:40Z</time>
    <extensions>
     <gpxdata:hr>165</gpxdata:hr>
     <gpxdata:distance>900.50</gpxdata:distance>
     <gpxdata:cadence>89</gpxdata:cadence>
     <gpxdata:speed>4.692</gpxdata:speed>
    </extensions>
   </trkpt>
   <trkpt lat="46.0273449" lon="4.0851774">
    <ele>283</ele>
    <time>2026-05-29T19:03:41Z</time>
    <extensions>
     <gpxdata:hr>165</gpxdata:hr>
     <gpxdata:distance>905.00</gpxdata:distance>
     <gpxdata:cadence>89</gpxdata:cadence>
     <gpxdata:speed>4.689</gpxdata:speed>
    </extensions>
   </trkpt>
   <trkpt lat="46.0273827" lon="4.0851511">
    <ele>283</ele>
    <time>2026-05-29T19:03:42Z</time>
    <extensions>
     <gpxdata:hr>165</gpxdata:hr>
     <gpxdata:distance>910.00</gpxdata:distance>
     <gpxdata:cadence>89</gpxdata:cadence>
     <gpxdata:speed>4.689</gpxdata:speed>
    </extensions>
   </trkpt>
   <trkpt lat="46.0274206" lon="4.0851249">
    <ele>283</ele>
    <time>2026-05-29T19:03:43Z</time>
    <extensions>
     <gpxdata:hr>165</gpxdata:hr>
     <gpxdata:distance>915.00</gpxdata:distance>
     <gpxdata:cadence>89</gpxdata:cadence>
     <gpxdata:speed>4.692</gpxdata:speed>
    </extensions>
   </trkpt>
   <trkpt lat="46.0274584" lon="4.0850957">
    <ele>283</ele>
    <time>2026-05-29T19:03:44Z</time>
    <extensions>
     <gpxdata:hr>166</gpxdata:hr>
     <gpxdata:distance>920.00</gpxdata:distance>
     <gpxdata:cadence>89</gpxdata:cadence>
     <gpxdata:speed>4.694</gpxdata:speed>
    </extensions>
   </trkpt>
   <trkpt lat="46.0274962" lon="4.0850665">
    <ele>283</ele>
    <time>2026-05-29T19:03:45Z</time>
    <extensions>
     <gpxdata:hr>166</gpxdata:hr>
     <gpxdata:distance>925.00</gpxdata:distance>
     <gpxdata:cadence>88</gpxdata:cadence>
     <gpxdata:speed>4.697</gpxdata:speed>
    </extensions>
   </trkpt>
   <trkpt lat="46.0275337" lon="4.0850387">
    <ele>283</ele>
    <time>2026-05-29T19:03:46Z</time>
    <extensions>
     <gpxdata:hr>166</gpxdata:hr>
     <gpxdata:distance>929.50</gpxdata:distance>
     <gpxdata:cadence>88</gpxdata:cadence>
     <gpxdata:speed>4.700</gpxdata:speed>
    </extensions>
   </trkpt>
   <trkpt lat="46.0275713" lon="4.0850109">
    <ele>284</ele>
    <time>2026-05-29T19:03:47Z</time>
    <extensions>
     <gpxdata:hr>166</gpxdata:hr>
     <gpxdata:distance>934.00</gpxdata:distance>
     <gpxdata:cadence>89</gpxdata:cadence>
     <gpxdata:speed>4.706</gpxdata:speed>
    </extensions>
   </trkpt>
   <trkpt lat="46.0276078" lon="4.0849852">
    <ele>284</ele>
    <time>2026-05-29T19:03:48Z</time>
    <extensions>
     <gpxdata:hr>166</gpxdata:hr>
     <gpxdata:distance>938.00</gpxdata:distance>
     <gpxdata:cadence>89</gpxdata:cadence>
     <gpxdata:speed>4.708</gpxdata:speed>
    </extensions>
   </trkpt>
   <trkpt lat="46.0276444" lon="4.0849596">
    <ele>284</ele>
    <time>2026-05-29T19:03:49Z</time>
    <extensions>
     <gpxdata:hr>167</gpxdata:hr>
     <gpxdata:distance>942.00</gpxdata:distance>
     <gpxdata:cadence>89</gpxdata:cadence>
     <gpxdata:speed>4.711</gpxdata:speed>
    </extensions>
   </trkpt>
   <trkpt lat="46.0276828" lon="4.0849392">
    <ele>284</ele>
    <time>2026-05-29T19:03:50Z</time>
    <extensions>
     <gpxdata:hr>167</gpxdata:hr>
     <gpxdata:distance>944.50</gpxdata:distance>
     <gpxdata:cadence>89</gpxdata:cadence>
     <gpxdata:speed>4.711</gpxdata:speed>
    </extensions>
   </trkpt>
   <trkpt lat="46.0277212" lon="4.0849189">
    <ele>284</ele>
    <time>2026-05-29T19:03:51Z</time>
    <extensions>
     <gpxdata:hr>167</gpxdata:hr>
     <gpxdata:distance>947.00</gpxdata:distance>
     <gpxdata:cadence>90</gpxdata:cadence>
     <gpxdata:speed>4.714</gpxdata:speed>
    </extensions>
   </trkpt>
   <trkpt lat="46.0277617" lon="4.0849042">
    <ele>284</ele>
    <time>2026-05-29T19:03:52Z</time>
    <extensions>
     <gpxdata:hr>167</gpxdata:hr>
     <gpxdata:distance>954.00</gpxdata:distance>
     <gpxdata:cadence>90</gpxdata:cadence>
     <gpxdata:speed>4.722</gpxdata:speed>
    </extensions>
   </trkpt>
   <trkpt lat="46.0278022" lon="4.0848895">
    <ele>283</ele>
    <time>2026-05-29T19:03:53Z</time>
    <extensions>
     <gpxdata:hr>167</gpxdata:hr>
     <gpxdata:distance>961.00</gpxdata:distance>
     <gpxdata:cadence>90</gpxdata:cadence>
     <gpxdata:speed>4.733</gpxdata:speed>
    </extensions>
   </trkpt>
   <trkpt lat="46.0278439" lon="4.0848724">
    <ele>283</ele>
    <time>2026-05-29T19:03:54Z</time>
    <extensions>
     <gpxdata:hr>167</gpxdata:hr>
     <gpxdata:distance>966.00</gpxdata:distance>
     <gpxdata:cadence>90</gpxdata:cadence>
     <gpxdata:speed>4.736</gpxdata:speed>
    </extensions>
   </trkpt>
   <trkpt lat="46.0278857" lon="4.0848553">
    <ele>283</ele>
    <time>2026-05-29T19:03:55Z</time>
    <extensions>
     <gpxdata:hr>167</gpxdata:hr>
     <gpxdata:distance>971.00</gpxdata:distance>
     <gpxdata:cadence>90</gpxdata:cadence>
     <gpxdata:speed>4.739</gpxdata:speed>
    </extensions>
   </trkpt>
   <trkpt lat="46.0279279" lon="4.0848339">
    <ele>283</ele>
    <time>2026-05-29T19:03:56Z</time>
    <extensions>
     <gpxdata:hr>167</gpxdata:hr>
     <gpxdata:distance>976.50</gpxdata:distance>
     <gpxdata:cadence>90</gpxdata:cadence>
     <gpxdata:speed>4.739</gpxdata:speed>
    </extensions>
   </trkpt>
   <trkpt lat="46.0279701" lon="4.0848126">
    <ele>283</ele>
    <time>2026-05-29T19:03:57Z</time>
    <extensions>
     <gpxdata:hr>168</gpxdata:hr>
     <gpxdata:distance>982.00</gpxdata:distance>
     <gpxdata:cadence>90</gpxdata:cadence>
     <gpxdata:speed>4.742</gpxdata:speed>
    </extensions>
   </trkpt>
   <trkpt lat="46.0280127" lon="4.0847883">
    <ele>283</ele>
    <time>2026-05-29T19:03:58Z</time>
    <extensions>
     <gpxdata:hr>168</gpxdata:hr>
     <gpxdata:distance>987.00</gpxdata:distance>
     <gpxdata:cadence>89</gpxdata:cadence>
     <gpxdata:speed>4.744</gpxdata:speed>
    </extensions>
   </trkpt>
   <trkpt lat="46.0280554" lon="4.0847640">
    <ele>283</ele>
    <time>2026-05-29T19:03:59Z</time>
    <extensions>
     <gpxdata:hr>169</gpxdata:hr>
     <gpxdata:distance>992.00</gpxdata:distance>
     <gpxdata:cadence>89</gpxdata:cadence>
     <gpxdata:speed>4.750</gpxdata:speed>
    </extensions>
   </trkpt>
   <trkpt lat="46.0280948" lon="4.0847357">
    <ele>283</ele>
    <time>2026-05-29T19:04:00Z</time>
    <extensions>
     <gpxdata:hr>169</gpxdata:hr>
     <gpxdata:distance>996.50</gpxdata:distance>
     <gpxdata:cadence>89</gpxdata:cadence>
     <gpxdata:speed>4.758</gpxdata:speed>
    </extensions>
   </trkpt>
   <trkpt lat="46.0281343" lon="4.0847075">
    <ele>283</ele>
    <time>2026-05-29T19:04:01Z</time>
    <extensions>
     <gpxdata:hr>170</gpxdata:hr>
     <gpxdata:distance>1001.00</gpxdata:distance>
     <gpxdata:cadence>89</gpxdata:cadence>
     <gpxdata:speed>4.767</gpxdata:speed>
    </extensions>
   </trkpt>
   <trkpt lat="46.0281716" lon="4.0846768">
    <ele>283</ele>
    <time>2026-05-29T19:04:02Z</time>
    <extensions>
     <gpxdata:hr>170</gpxdata:hr>
     <gpxdata:distance>1006.00</gpxdata:distance>
     <gpxdata:cadence>89</gpxdata:cadence>
     <gpxdata:speed>4.772</gpxdata:speed>
    </extensions>
   </trkpt>
   <trkpt lat="46.0282090" lon="4.0846461">
    <ele>283</ele>
    <time>2026-05-29T19:04:03Z</time>
    <extensions>
     <gpxdata:hr>171</gpxdata:hr>
     <gpxdata:distance>1011.00</gpxdata:distance>
     <gpxdata:cadence>90</gpxdata:cadence>
     <gpxdata:speed>4.781</gpxdata:speed>
    </extensions>
   </trkpt>
   <trkpt lat="46.0282487" lon="4.0846194">
    <ele>283</ele>
    <time>2026-05-29T19:04:04Z</time>
    <extensions>
     <gpxdata:hr>172</gpxdata:hr>
     <gpxdata:distance>1016.00</gpxdata:distance>
     <gpxdata:cadence>90</gpxdata:cadence>
     <gpxdata:speed>4.783</gpxdata:speed>
    </extensions>
   </trkpt>
   <trkpt lat="46.0282884" lon="4.0845927">
    <ele>283</ele>
    <time>2026-05-29T19:04:05Z</time>
    <extensions>
     <gpxdata:hr>173</gpxdata:hr>
     <gpxdata:distance>1021.00</gpxdata:distance>
     <gpxdata:cadence>90</gpxdata:cadence>
     <gpxdata:speed>4.789</gpxdata:speed>
    </extensions>
   </trkpt>
   <trkpt lat="46.0283284" lon="4.0845658">
    <ele>283</ele>
    <time>2026-05-29T19:04:06Z</time>
    <extensions>
     <gpxdata:hr>174</gpxdata:hr>
     <gpxdata:distance>1025.50</gpxdata:distance>
     <gpxdata:cadence>90</gpxdata:cadence>
     <gpxdata:speed>4.792</gpxdata:speed>
    </extensions>
   </trkpt>
   <trkpt lat="46.0283684" lon="4.0845389">
    <ele>283</ele>
    <time>2026-05-29T19:04:07Z</time>
    <extensions>
     <gpxdata:hr>175</gpxdata:hr>
     <gpxdata:distance>1030.00</gpxdata:distance>
     <gpxdata:cadence>90</gpxdata:cadence>
     <gpxdata:speed>4.797</gpxdata:speed>
    </extensions>
   </trkpt>
   <trkpt lat="46.0284088" lon="4.0845178">
    <ele>283</ele>
    <time>2026-05-29T19:04:08Z</time>
    <extensions>
     <gpxdata:hr>175</gpxdata:hr>
     <gpxdata:distance>1035.00</gpxdata:distance>
     <gpxdata:cadence>90</gpxdata:cadence>
     <gpxdata:speed>4.800</gpxdata:speed>
    </extensions>
   </trkpt>
   <trkpt lat="46.0284493" lon="4.0844968">
    <ele>283</ele>
    <time>2026-05-29T19:04:09Z</time>
    <extensions>
     <gpxdata:hr>176</gpxdata:hr>
     <gpxdata:distance>1040.00</gpxdata:distance>
     <gpxdata:cadence>90</gpxdata:cadence>
     <gpxdata:speed>4.806</gpxdata:speed>
    </extensions>
   </trkpt>
   <trkpt lat="46.0284890" lon="4.0844769">
    <ele>283</ele>
    <time>2026-05-29T19:04:10Z</time>
    <extensions>
     <gpxdata:hr>177</gpxdata:hr>
     <gpxdata:distance>1044.50</gpxdata:distance>
     <gpxdata:cadence>89</gpxdata:cadence>
     <gpxdata:speed>4.808</gpxdata:speed>
    </extensions>
   </trkpt>
   <trkpt lat="46.0285287" lon="4.0844571">
    <ele>283</ele>
    <time>2026-05-29T19:04:11Z</time>
    <extensions>
     <gpxdata:hr>178</gpxdata:hr>
     <gpxdata:distance>1049.00</gpxdata:distance>
     <gpxdata:cadence>89</gpxdata:cadence>
     <gpxdata:speed>4.811</gpxdata:speed>
    </extensions>
   </trkpt>
   <trkpt lat="46.0285656" lon="4.0844322">
    <ele>283</ele>
    <time>2026-05-29T19:04:12Z</time>
    <extensions>
     <gpxdata:hr>179</gpxdata:hr>
     <gpxdata:distance>1053.50</gpxdata:distance>
     <gpxdata:cadence>89</gpxdata:cadence>
     <gpxdata:speed>4.814</gpxdata:speed>
    </extensions>
   </trkpt>
   <trkpt lat="46.0286026" lon="4.0844074">
    <ele>283</ele>
    <time>2026-05-29T19:04:13Z</time>
    <extensions>
     <gpxdata:hr>180</gpxdata:hr>
     <gpxdata:distance>1058.00</gpxdata:distance>
     <gpxdata:cadence>89</gpxdata:cadence>
     <gpxdata:speed>4.817</gpxdata:speed>
    </extensions>
   </trkpt>
   <trkpt lat="46.0286375" lon="4.0843783">
    <ele>283</ele>
    <time>2026-05-29T19:04:14Z</time>
    <extensions>
     <gpxdata:hr>180</gpxdata:hr>
     <gpxdata:distance>1062.50</gpxdata:distance>
     <gpxdata:cadence>89</gpxdata:cadence>
     <gpxdata:speed>4.817</gpxdata:speed>
    </extensions>
   </trkpt>
   <trkpt lat="46.0286724" lon="4.0843493">
    <ele>283</ele>
    <time>2026-05-29T19:04:15Z</time>
    <extensions>
     <gpxdata:hr>180</gpxdata:hr>
     <gpxdata:distance>1067.00</gpxdata:distance>
     <gpxdata:cadence>89</gpxdata:cadence>
     <gpxdata:speed>4.817</gpxdata:speed>
    </extensions>
   </trkpt>
   <trkpt lat="46.0287070" lon="4.0843185">
    <ele>283</ele>
    <time>2026-05-29T19:04:16Z</time>
    <extensions>
     <gpxdata:hr>181</gpxdata:hr>
     <gpxdata:distance>1071.00</gpxdata:distance>
     <gpxdata:cadence>89</gpxdata:cadence>
     <gpxdata:speed>4.814</gpxdata:speed>
    </extensions>
   </trkpt>
   <trkpt lat="46.0287416" lon="4.0842878">
    <ele>283</ele>
    <time>2026-05-29T19:04:17Z</time>
    <extensions>
     <gpxdata:hr>182</gpxdata:hr>
     <gpxdata:distance>1075.00</gpxdata:distance>
     <gpxdata:cadence>89</gpxdata:cadence>
     <gpxdata:speed>4.811</gpxdata:speed>
    </extensions>
   </trkpt>
   <trkpt lat="46.0287780" lon="4.0842657">
    <ele>283</ele>
    <time>2026-05-29T19:04:18Z</time>
    <extensions>
     <gpxdata:hr>182</gpxdata:hr>
     <gpxdata:distance>1080.00</gpxdata:distance>
     <gpxdata:cadence>89</gpxdata:cadence>
     <gpxdata:speed>4.808</gpxdata:speed>
    </extensions>
   </trkpt>
   <trkpt lat="46.0288144" lon="4.0842437">
    <ele>283</ele>
    <time>2026-05-29T19:04:19Z</time>
    <extensions>
     <gpxdata:hr>182</gpxdata:hr>
     <gpxdata:distance>1085.00</gpxdata:distance>
     <gpxdata:cadence>89</gpxdata:cadence>
     <gpxdata:speed>4.808</gpxdata:speed>
    </extensions>
   </trkpt>
   <trkpt lat="46.0288520" lon="4.0842206">
    <ele>283</ele>
    <time>2026-05-29T19:04:20Z</time>
    <extensions>
     <gpxdata:hr>183</gpxdata:hr>
     <gpxdata:distance>1089.50</gpxdata:distance>
     <gpxdata:cadence>89</gpxdata:cadence>
     <gpxdata:speed>4.800</gpxdata:speed>
    </extensions>
   </trkpt>
   <trkpt lat="46.0288897" lon="4.0841976">
    <ele>283</ele>
    <time>2026-05-29T19:04:21Z</time>
    <extensions>
     <gpxdata:hr>182</gpxdata:hr>
     <gpxdata:distance>1094.00</gpxdata:distance>
     <gpxdata:cadence>90</gpxdata:cadence>
     <gpxdata:speed>4.794</gpxdata:speed>
    </extensions>
   </trkpt>
   <trkpt lat="46.0289289" lon="4.0841727">
    <ele>283</ele>
    <time>2026-05-29T19:04:22Z</time>
    <extensions>
     <gpxdata:hr>182</gpxdata:hr>
     <gpxdata:distance>1099.00</gpxdata:distance>
     <gpxdata:cadence>89</gpxdata:cadence>
     <gpxdata:speed>4.783</gpxdata:speed>
    </extensions>
   </trkpt>
   <trkpt lat="46.0289682" lon="4.0841479">
    <ele>283</ele>
    <time>2026-05-29T19:04:23Z</time>
    <extensions>
     <gpxdata:hr>182</gpxdata:hr>
     <gpxdata:distance>1104.00</gpxdata:distance>
     <gpxdata:cadence>89</gpxdata:cadence>
     <gpxdata:speed>4.775</gpxdata:speed>
    </extensions>
   </trkpt>
   <trkpt lat="46.0290068" lon="4.0841205">
    <ele>283</ele>
    <time>2026-05-29T19:04:24Z</time>
    <extensions>
     <gpxdata:hr>182</gpxdata:hr>
     <gpxdata:distance>1108.50</gpxdata:distance>
     <gpxdata:cadence>89</gpxdata:cadence>
     <gpxdata:speed>4.769</gpxdata:speed>
    </extensions>
   </trkpt>
   <trkpt lat="46.0290454" lon="4.0840931">
    <ele>283</ele>
    <time>2026-05-29T19:04:25Z</time>
    <extensions>
     <gpxdata:hr>182</gpxdata:hr>
     <gpxdata:distance>1113.00</gpxdata:distance>
     <gpxdata:cadence>89</gpxdata:cadence>
     <gpxdata:speed>4.764</gpxdata:speed>
    </extensions>
   </trkpt>
   <trkpt lat="46.0290828" lon="4.0840653">
    <ele>283</ele>
    <time>2026-05-29T19:04:26Z</time>
    <extensions>
     <gpxdata:hr>182</gpxdata:hr>
     <gpxdata:distance>1117.50</gpxdata:distance>
     <gpxdata:cadence>89</gpxdata:cadence>
     <gpxdata:speed>4.761</gpxdata:speed>
    </extensions>
   </trkpt>
   <trkpt lat="46.0291202" lon="4.0840376">
    <ele>283</ele>
    <time>2026-05-29T19:04:27Z</time>
    <extensions>
     <gpxdata:hr>182</gpxdata:hr>
     <gpxdata:distance>1122.00</gpxdata:distance>
     <gpxdata:cadence>89</gpxdata:cadence>
     <gpxdata:speed>4.761</gpxdata:speed>
    </extensions>
   </trkpt>
   <trkpt lat="46.0291572" lon="4.0840128">
    <ele>283</ele>
    <time>2026-05-29T19:04:28Z</time>
    <extensions>
     <gpxdata:hr>181</gpxdata:hr>
     <gpxdata:distance>1126.50</gpxdata:distance>
     <gpxdata:cadence>89</gpxdata:cadence>
     <gpxdata:speed>4.758</gpxdata:speed>
    </extensions>
   </trkpt>
   <trkpt lat="46.0291943" lon="4.0839880">
    <ele>283</ele>
    <time>2026-05-29T19:04:29Z</time>
    <extensions>
     <gpxdata:hr>181</gpxdata:hr>
     <gpxdata:distance>1131.00</gpxdata:distance>
     <gpxdata:cadence>89</gpxdata:cadence>
     <gpxdata:speed>4.758</gpxdata:speed>
    </extensions>
   </trkpt>
   <trkpt lat="46.0292336" lon="4.0839671">
    <ele>283</ele>
    <time>2026-05-29T19:04:30Z</time>
    <extensions>
     <gpxdata:hr>181</gpxdata:hr>
     <gpxdata:distance>1136.00</gpxdata:distance>
     <gpxdata:cadence>89</gpxdata:cadence>
     <gpxdata:speed>4.756</gpxdata:speed>
    </extensions>
   </trkpt>
   <trkpt lat="46.0292730" lon="4.0839463">
    <ele>283</ele>
    <time>2026-05-29T19:04:31Z</time>
    <extensions>
     <gpxdata:hr>180</gpxdata:hr>
     <gpxdata:distance>1141.00</gpxdata:distance>
     <gpxdata:cadence>89</gpxdata:cadence>
     <gpxdata:speed>4.753</gpxdata:speed>
    </extensions>
   </trkpt>
   <trkpt lat="46.0293138" lon="4.0839254">
    <ele>283</ele>
    <time>2026-05-29T19:04:32Z</time>
    <extensions>
     <gpxdata:hr>180</gpxdata:hr>
     <gpxdata:distance>1146.00</gpxdata:distance>
     <gpxdata:cadence>89</gpxdata:cadence>
     <gpxdata:speed>4.750</gpxdata:speed>
    </extensions>
   </trkpt>
   <trkpt lat="46.0293547" lon="4.0839045">
    <ele>283</ele>
    <time>2026-05-29T19:04:33Z</time>
    <extensions>
     <gpxdata:hr>179</gpxdata:hr>
     <gpxdata:distance>1151.00</gpxdata:distance>
     <gpxdata:cadence>89</gpxdata:cadence>
     <gpxdata:speed>4.750</gpxdata:speed>
    </extensions>
   </trkpt>
   <trkpt lat="46.0293945" lon="4.0838820">
    <ele>283</ele>
    <time>2026-05-29T19:04:34Z</time>
    <extensions>
     <gpxdata:hr>179</gpxdata:hr>
     <gpxdata:distance>1155.50</gpxdata:distance>
     <gpxdata:cadence>89</gpxdata:cadence>
     <gpxdata:speed>4.747</gpxdata:speed>
    </extensions>
   </trkpt>
   <trkpt lat="46.0294344" lon="4.0838596">
    <ele>283</ele>
    <time>2026-05-29T19:04:35Z</time>
    <extensions>
     <gpxdata:hr>178</gpxdata:hr>
     <gpxdata:distance>1160.00</gpxdata:distance>
     <gpxdata:cadence>89</gpxdata:cadence>
     <gpxdata:speed>4.747</gpxdata:speed>
    </extensions>
   </trkpt>
   <trkpt lat="46.0294736" lon="4.0838326">
    <ele>283</ele>
    <time>2026-05-29T19:04:36Z</time>
    <extensions>
     <gpxdata:hr>178</gpxdata:hr>
     <gpxdata:distance>1165.50</gpxdata:distance>
     <gpxdata:cadence>89</gpxdata:cadence>
     <gpxdata:speed>4.747</gpxdata:speed>
    </extensions>
   </trkpt>
   <trkpt lat="46.0295129" lon="4.0838057">
    <ele>283</ele>
    <time>2026-05-29T19:04:37Z</time>
    <extensions>
     <gpxdata:hr>177</gpxdata:hr>
     <gpxdata:distance>1171.00</gpxdata:distance>
     <gpxdata:cadence>89</gpxdata:cadence>
     <gpxdata:speed>4.747</gpxdata:speed>
    </extensions>
   </trkpt>
   <trkpt lat="46.0295541" lon="4.0837809">
    <ele>283</ele>
    <time>2026-05-29T19:04:38Z</time>
    <extensions>
     <gpxdata:hr>177</gpxdata:hr>
     <gpxdata:distance>1173.50</gpxdata:distance>
     <gpxdata:cadence>89</gpxdata:cadence>
     <gpxdata:speed>4.747</gpxdata:speed>
    </extensions>
   </trkpt>
   <trkpt lat="46.0295953" lon="4.0837561">
    <ele>283</ele>
    <time>2026-05-29T19:04:39Z</time>
    <extensions>
     <gpxdata:hr>176</gpxdata:hr>
     <gpxdata:distance>1176.00</gpxdata:distance>
     <gpxdata:cadence>89</gpxdata:cadence>
     <gpxdata:speed>4.750</gpxdata:speed>
    </extensions>
   </trkpt>
   <trkpt lat="46.0296363" lon="4.0837360">
    <ele>283</ele>
    <time>2026-05-29T19:04:40Z</time>
    <extensions>
     <gpxdata:hr>176</gpxdata:hr>
     <gpxdata:distance>1183.00</gpxdata:distance>
     <gpxdata:cadence>89</gpxdata:cadence>
     <gpxdata:speed>4.753</gpxdata:speed>
    </extensions>
   </trkpt>
   <trkpt lat="46.0296774" lon="4.0837160">
    <ele>283</ele>
    <time>2026-05-29T19:04:41Z</time>
    <extensions>
     <gpxdata:hr>175</gpxdata:hr>
     <gpxdata:distance>1190.00</gpxdata:distance>
     <gpxdata:cadence>90</gpxdata:cadence>
     <gpxdata:speed>4.758</gpxdata:speed>
    </extensions>
   </trkpt>
   <trkpt lat="46.0297177" lon="4.0836938">
    <ele>283</ele>
    <time>2026-05-29T19:04:42Z</time>
    <extensions>
     <gpxdata:hr>175</gpxdata:hr>
     <gpxdata:distance>1194.50</gpxdata:distance>
     <gpxdata:cadence>90</gpxdata:cadence>
     <gpxdata:speed>4.767</gpxdata:speed>
    </extensions>
   </trkpt>
   <trkpt lat="46.0297581" lon="4.0836716">
    <ele>283</ele>
    <time>2026-05-29T19:04:43Z</time>
    <extensions>
     <gpxdata:hr>174</gpxdata:hr>
     <gpxdata:distance>1199.00</gpxdata:distance>
     <gpxdata:cadence>90</gpxdata:cadence>
     <gpxdata:speed>4.775</gpxdata:speed>
    </extensions>
   </trkpt>
   <trkpt lat="46.0297965" lon="4.0836435">
    <ele>283</ele>
    <time>2026-05-29T19:04:44Z</time>
    <extensions>
     <gpxdata:hr>174</gpxdata:hr>
     <gpxdata:distance>1204.00</gpxdata:distance>
     <gpxdata:cadence>90</gpxdata:cadence>
     <gpxdata:speed>4.781</gpxdata:speed>
    </extensions>
   </trkpt>
   <trkpt lat="46.0298350" lon="4.0836155">
    <ele>283</ele>
    <time>2026-05-29T19:04:45Z</time>
    <extensions>
     <gpxdata:hr>174</gpxdata:hr>
     <gpxdata:distance>1209.00</gpxdata:distance>
     <gpxdata:cadence>90</gpxdata:cadence>
     <gpxdata:speed>4.786</gpxdata:speed>
    </extensions>
   </trkpt>
   <trkpt lat="46.0298715" lon="4.0835835">
    <ele>283</ele>
    <time>2026-05-29T19:04:46Z</time>
    <extensions>
     <gpxdata:hr>175</gpxdata:hr>
     <gpxdata:distance>1213.50</gpxdata:distance>
     <gpxdata:cadence>90</gpxdata:cadence>
     <gpxdata:speed>4.789</gpxdata:speed>
    </extensions>
   </trkpt>
   <trkpt lat="46.0299080" lon="4.0835515">
    <ele>284</ele>
    <time>2026-05-29T19:04:47Z</time>
    <extensions>
     <gpxdata:hr>175</gpxdata:hr>
     <gpxdata:distance>1218.00</gpxdata:distance>
     <gpxdata:cadence>90</gpxdata:cadence>
     <gpxdata:speed>4.792</gpxdata:speed>
    </extensions>
   </trkpt>
   <trkpt lat="46.0299451" lon="4.0835195">
    <ele>284</ele>
    <time>2026-05-29T19:04:48Z</time>
    <extensions>
     <gpxdata:hr>176</gpxdata:hr>
     <gpxdata:distance>1223.00</gpxdata:distance>
     <gpxdata:cadence>90</gpxdata:cadence>
     <gpxdata:speed>4.792</gpxdata:speed>
    </extensions>
   </trkpt>
   <trkpt lat="46.0299822" lon="4.0834875">
    <ele>284</ele>
    <time>2026-05-29T19:04:49Z</time>
    <extensions>
     <gpxdata:hr>180</gpxdata:hr>
     <gpxdata:distance>1228.00</gpxdata:distance>
     <gpxdata:cadence>90</gpxdata:cadence>
     <gpxdata:speed>4.794</gpxdata:speed>
    </extensions>
   </trkpt>
   <trkpt lat="46.0300218" lon="4.0834591">
    <ele>284</ele>
    <time>2026-05-29T19:04:50Z</time>
    <extensions>
     <gpxdata:hr>181</gpxdata:hr>
     <gpxdata:distance>1233.00</gpxdata:distance>
     <gpxdata:cadence>89</gpxdata:cadence>
     <gpxdata:speed>4.794</gpxdata:speed>
    </extensions>
   </trkpt>
   <trkpt lat="46.0300614" lon="4.0834307">
    <ele>284</ele>
    <time>2026-05-29T19:04:51Z</time>
    <extensions>
     <gpxdata:hr>184</gpxdata:hr>
     <gpxdata:distance>1238.00</gpxdata:distance>
     <gpxdata:cadence>89</gpxdata:cadence>
     <gpxdata:speed>4.797</gpxdata:speed>
    </extensions>
   </trkpt>
   <trkpt lat="46.0301021" lon="4.0834067">
    <ele>284</ele>
    <time>2026-05-29T19:04:52Z</time>
    <extensions>
     <gpxdata:hr>187</gpxdata:hr>
     <gpxdata:distance>1243.00</gpxdata:distance>
     <gpxdata:cadence>89</gpxdata:cadence>
     <gpxdata:speed>4.800</gpxdata:speed>
    </extensions>
   </trkpt>
   <trkpt lat="46.0301428" lon="4.0833828">
    <ele>284</ele>
    <time>2026-05-29T19:04:53Z</time>
    <extensions>
     <gpxdata:hr>190</gpxdata:hr>
     <gpxdata:distance>1248.00</gpxdata:distance>
     <gpxdata:cadence>89</gpxdata:cadence>
     <gpxdata:speed>4.803</gpxdata:speed>
    </extensions>
   </trkpt>
   <trkpt lat="46.0301832" lon="4.0833608">
    <ele>284</ele>
    <time>2026-05-29T19:04:54Z</time>
    <extensions>
     <gpxdata:hr>192</gpxdata:hr>
     <gpxdata:distance>1252.50</gpxdata:distance>
     <gpxdata:cadence>89</gpxdata:cadence>
     <gpxdata:speed>4.806</gpxdata:speed>
    </extensions>
   </trkpt>
   <trkpt lat="46.0302236" lon="4.0833388">
    <ele>284</ele>
    <time>2026-05-29T19:04:55Z</time>
    <extensions>
     <gpxdata:hr>193</gpxdata:hr>
     <gpxdata:distance>1257.00</gpxdata:distance>
     <gpxdata:cadence>89</gpxdata:cadence>
     <gpxdata:speed>4.808</gpxdata:speed>
    </extensions>
   </trkpt>
   <trkpt lat="46.0302645" lon="4.0833169">
    <ele>284</ele>
    <time>2026-05-29T19:04:56Z</time>
    <extensions>
     <gpxdata:hr>193</gpxdata:hr>
     <gpxdata:distance>1262.00</gpxdata:distance>
     <gpxdata:cadence>89</gpxdata:cadence>
     <gpxdata:speed>4.811</gpxdata:speed>
    </extensions>
   </trkpt>
   <trkpt lat="46.0303055" lon="4.0832950">
    <ele>284</ele>
    <time>2026-05-29T19:04:57Z</time>
    <extensions>
     <gpxdata:hr>193</gpxdata:hr>
     <gpxdata:distance>1267.00</gpxdata:distance>
     <gpxdata:cadence>89</gpxdata:cadence>
     <gpxdata:speed>4.817</gpxdata:speed>
    </extensions>
   </trkpt>
   <trkpt lat="46.0303474" lon="4.0832728">
    <ele>283</ele>
    <time>2026-05-29T19:04:58Z</time>
    <extensions>
     <gpxdata:hr>193</gpxdata:hr>
     <gpxdata:distance>1272.00</gpxdata:distance>
     <gpxdata:cadence>89</gpxdata:cadence>
     <gpxdata:speed>4.819</gpxdata:speed>
    </extensions>
   </trkpt>
   <trkpt lat="46.0303893" lon="4.0832506">
    <ele>283</ele>
    <time>2026-05-29T19:04:59Z</time>
    <extensions>
     <gpxdata:hr>193</gpxdata:hr>
     <gpxdata:distance>1277.00</gpxdata:distance>
     <gpxdata:cadence>90</gpxdata:cadence>
     <gpxdata:speed>4.822</gpxdata:speed>
    </extensions>
   </trkpt>
   <trkpt lat="46.0304304" lon="4.0832279">
    <ele>283</ele>
    <time>2026-05-29T19:05:00Z</time>
    <extensions>
     <gpxdata:hr>193</gpxdata:hr>
     <gpxdata:distance>1282.00</gpxdata:distance>
     <gpxdata:cadence>89</gpxdata:cadence>
     <gpxdata:speed>4.825</gpxdata:speed>
    </extensions>
   </trkpt>
   <trkpt lat="46.0304716" lon="4.0832053">
    <ele>283</ele>
    <time>2026-05-29T19:05:01Z</time>
    <extensions>
     <gpxdata:hr>193</gpxdata:hr>
     <gpxdata:distance>1287.00</gpxdata:distance>
     <gpxdata:cadence>89</gpxdata:cadence>
     <gpxdata:speed>4.828</gpxdata:speed>
    </extensions>
   </trkpt>
   <trkpt lat="46.0305155" lon="4.0831865">
    <ele>283</ele>
    <time>2026-05-29T19:05:02Z</time>
    <extensions>
     <gpxdata:hr>193</gpxdata:hr>
     <gpxdata:distance>1292.00</gpxdata:distance>
     <gpxdata:cadence>89</gpxdata:cadence>
     <gpxdata:speed>4.831</gpxdata:speed>
    </extensions>
   </trkpt>
   <trkpt lat="46.0305594" lon="4.0831678">
    <ele>283</ele>
    <time>2026-05-29T19:05:03Z</time>
    <extensions>
     <gpxdata:hr>193</gpxdata:hr>
     <gpxdata:distance>1297.00</gpxdata:distance>
     <gpxdata:cadence>90</gpxdata:cadence>
     <gpxdata:speed>4.833</gpxdata:speed>
    </extensions>
   </trkpt>
   <trkpt lat="46.0306029" lon="4.0831502">
    <ele>283</ele>
    <time>2026-05-29T19:05:04Z</time>
    <extensions>
     <gpxdata:hr>193</gpxdata:hr>
     <gpxdata:distance>1302.00</gpxdata:distance>
     <gpxdata:cadence>90</gpxdata:cadence>
     <gpxdata:speed>4.836</gpxdata:speed>
    </extensions>
   </trkpt>
   <trkpt lat="46.0306464" lon="4.0831326">
    <ele>283</ele>
    <time>2026-05-29T19:05:05Z</time>
    <extensions>
     <gpxdata:hr>193</gpxdata:hr>
     <gpxdata:distance>1307.00</gpxdata:distance>
     <gpxdata:cadence>90</gpxdata:cadence>
     <gpxdata:speed>4.842</gpxdata:speed>
    </extensions>
   </trkpt>
   <trkpt lat="46.0306877" lon="4.0831117">
    <ele>283</ele>
    <time>2026-05-29T19:05:06Z</time>
    <extensions>
     <gpxdata:hr>194</gpxdata:hr>
     <gpxdata:distance>1311.50</gpxdata:distance>
     <gpxdata:cadence>90</gpxdata:cadence>
     <gpxdata:speed>4.844</gpxdata:speed>
    </extensions>
   </trkpt>
   <trkpt lat="46.0307290" lon="4.0830909">
    <ele>283</ele>
    <time>2026-05-29T19:05:07Z</time>
    <extensions>
     <gpxdata:hr>194</gpxdata:hr>
     <gpxdata:distance>1316.00</gpxdata:distance>
     <gpxdata:cadence>90</gpxdata:cadence>
     <gpxdata:speed>4.850</gpxdata:speed>
    </extensions>
   </trkpt>
   <trkpt lat="46.0307662" lon="4.0830660">
    <ele>283</ele>
    <time>2026-05-29T19:05:08Z</time>
    <extensions>
     <gpxdata:hr>194</gpxdata:hr>
     <gpxdata:distance>1320.50</gpxdata:distance>
     <gpxdata:cadence>90</gpxdata:cadence>
     <gpxdata:speed>4.858</gpxdata:speed>
    </extensions>
   </trkpt>
   <trkpt lat="46.0308035" lon="4.0830412">
    <ele>283</ele>
    <time>2026-05-29T19:05:09Z</time>
    <extensions>
     <gpxdata:hr>194</gpxdata:hr>
     <gpxdata:distance>1325.00</gpxdata:distance>
     <gpxdata:cadence>90</gpxdata:cadence>
     <gpxdata:speed>4.867</gpxdata:speed>
    </extensions>
   </trkpt>
   <trkpt lat="46.0308385" lon="4.0830123">
    <ele>283</ele>
    <time>2026-05-29T19:05:10Z</time>
    <extensions>
     <gpxdata:hr>194</gpxdata:hr>
     <gpxdata:distance>1329.50</gpxdata:distance>
     <gpxdata:cadence>90</gpxdata:cadence>
     <gpxdata:speed>4.875</gpxdata:speed>
    </extensions>
   </trkpt>
   <trkpt lat="46.0308736" lon="4.0829835">
    <ele>283</ele>
    <time>2026-05-29T19:05:11Z</time>
    <extensions>
     <gpxdata:hr>194</gpxdata:hr>
     <gpxdata:distance>1334.00</gpxdata:distance>
     <gpxdata:cadence>90</gpxdata:cadence>
     <gpxdata:speed>4.886</gpxdata:speed>
    </extensions>
   </trkpt>
   <trkpt lat="46.0309114" lon="4.0829534">
    <ele>283</ele>
    <time>2026-05-29T19:05:12Z</time>
    <extensions>
     <gpxdata:hr>194</gpxdata:hr>
     <gpxdata:distance>1339.50</gpxdata:distance>
     <gpxdata:cadence>90</gpxdata:cadence>
     <gpxdata:speed>4.883</gpxdata:speed>
    </extensions>
   </trkpt>
   <trkpt lat="46.0309492" lon="4.0829233">
    <ele>283</ele>
    <time>2026-05-29T19:05:13Z</time>
    <extensions>
     <gpxdata:hr>194</gpxdata:hr>
     <gpxdata:distance>1345.00</gpxdata:distance>
     <gpxdata:cadence>90</gpxdata:cadence>
     <gpxdata:speed>4.883</gpxdata:speed>
    </extensions>
   </trkpt>
   <trkpt lat="46.0309891" lon="4.0828951">
    <ele>283</ele>
    <time>2026-05-29T19:05:14Z</time>
    <extensions>
     <gpxdata:hr>194</gpxdata:hr>
     <gpxdata:distance>1350.00</gpxdata:distance>
     <gpxdata:cadence>90</gpxdata:cadence>
     <gpxdata:speed>4.883</gpxdata:speed>
    </extensions>
   </trkpt>
   <trkpt lat="46.0310290" lon="4.0828670">
    <ele>283</ele>
    <time>2026-05-29T19:05:15Z</time>
    <extensions>
     <gpxdata:hr>194</gpxdata:hr>
     <gpxdata:distance>1355.00</gpxdata:distance>
     <gpxdata:cadence>90</gpxdata:cadence>
     <gpxdata:speed>4.883</gpxdata:speed>
    </extensions>
   </trkpt>
   <trkpt lat="46.0310693" lon="4.0828413">
    <ele>283</ele>
    <time>2026-05-29T19:05:16Z</time>
    <extensions>
     <gpxdata:hr>194</gpxdata:hr>
     <gpxdata:distance>1359.50</gpxdata:distance>
     <gpxdata:cadence>90</gpxdata:cadence>
     <gpxdata:speed>4.883</gpxdata:speed>
    </extensions>
   </trkpt>
   <trkpt lat="46.0311097" lon="4.0828156">
    <ele>283</ele>
    <time>2026-05-29T19:05:17Z</time>
    <extensions>
     <gpxdata:hr>194</gpxdata:hr>
     <gpxdata:distance>1364.00</gpxdata:distance>
     <gpxdata:cadence>90</gpxdata:cadence>
     <gpxdata:speed>4.886</gpxdata:speed>
    </extensions>
   </trkpt>
   <trkpt lat="46.0311495" lon="4.0827909">
    <ele>283</ele>
    <time>2026-05-29T19:05:18Z</time>
    <extensions>
     <gpxdata:hr>194</gpxdata:hr>
     <gpxdata:distance>1368.50</gpxdata:distance>
     <gpxdata:cadence>90</gpxdata:cadence>
     <gpxdata:speed>4.886</gpxdata:speed>
    </extensions>
   </trkpt>
   <trkpt lat="46.0311894" lon="4.0827663">
    <ele>283</ele>
    <time>2026-05-29T19:05:19Z</time>
    <extensions>
     <gpxdata:hr>194</gpxdata:hr>
     <gpxdata:distance>1373.00</gpxdata:distance>
     <gpxdata:cadence>90</gpxdata:cadence>
     <gpxdata:speed>4.886</gpxdata:speed>
    </extensions>
   </trkpt>
   <trkpt lat="46.0312280" lon="4.0827399">
    <ele>283</ele>
    <time>2026-05-29T19:05:20Z</time>
    <extensions>
     <gpxdata:hr>194</gpxdata:hr>
     <gpxdata:distance>1378.00</gpxdata:distance>
     <gpxdata:cadence>90</gpxdata:cadence>
     <gpxdata:speed>4.883</gpxdata:speed>
    </extensions>
   </trkpt>
   <trkpt lat="46.0312667" lon="4.0827135">
    <ele>283</ele>
    <time>2026-05-29T19:05:21Z</time>
    <extensions>
     <gpxdata:hr>194</gpxdata:hr>
     <gpxdata:distance>1383.00</gpxdata:distance>
     <gpxdata:cadence>90</gpxdata:cadence>
     <gpxdata:speed>4.883</gpxdata:speed>
    </extensions>
   </trkpt>
   <trkpt lat="46.0313061" lon="4.0826865">
    <ele>283</ele>
    <time>2026-05-29T19:05:22Z</time>
    <extensions>
     <gpxdata:hr>193</gpxdata:hr>
     <gpxdata:distance>1388.50</gpxdata:distance>
     <gpxdata:cadence>90</gpxdata:cadence>
     <gpxdata:speed>4.881</gpxdata:speed>
    </extensions>
   </trkpt>
   <trkpt lat="46.0313456" lon="4.0826596">
    <ele>283</ele>
    <time>2026-05-29T19:05:23Z</time>
    <extensions>
     <gpxdata:hr>193</gpxdata:hr>
     <gpxdata:distance>1394.00</gpxdata:distance>
     <gpxdata:cadence>90</gpxdata:cadence>
     <gpxdata:speed>4.881</gpxdata:speed>
    </extensions>
   </trkpt>
   <trkpt lat="46.0313871" lon="4.0826336">
    <ele>283</ele>
    <time>2026-05-29T19:05:24Z</time>
    <extensions>
     <gpxdata:hr>193</gpxdata:hr>
     <gpxdata:distance>1399.00</gpxdata:distance>
     <gpxdata:cadence>90</gpxdata:cadence>
     <gpxdata:speed>4.878</gpxdata:speed>
    </extensions>
   </trkpt>
   <trkpt lat="46.0314286" lon="4.0826076">
    <ele>283</ele>
    <time>2026-05-29T19:05:25Z</time>
    <extensions>
     <gpxdata:hr>193</gpxdata:hr>
     <gpxdata:distance>1404.00</gpxdata:distance>
     <gpxdata:cadence>90</gpxdata:cadence>
     <gpxdata:speed>4.878</gpxdata:speed>
    </extensions>
   </trkpt>
   <trkpt lat="46.0314707" lon="4.0825802">
    <ele>283</ele>
    <time>2026-05-29T19:05:26Z</time>
    <extensions>
     <gpxdata:hr>193</gpxdata:hr>
     <gpxdata:distance>1409.00</gpxdata:distance>
     <gpxdata:cadence>90</gpxdata:cadence>
     <gpxdata:speed>4.878</gpxdata:speed>
    </extensions>
   </trkpt>
   <trkpt lat="46.0315128" lon="4.0825529">
    <ele>283</ele>
    <time>2026-05-29T19:05:27Z</time>
    <extensions>
     <gpxdata:hr>192</gpxdata:hr>
     <gpxdata:distance>1414.00</gpxdata:distance>
     <gpxdata:cadence>90</gpxdata:cadence>
     <gpxdata:speed>4.881</gpxdata:speed>
    </extensions>
   </trkpt>
   <trkpt lat="46.0315504" lon="4.0825158">
    <ele>283</ele>
    <time>2026-05-29T19:05:28Z</time>
    <extensions>
     <gpxdata:hr>192</gpxdata:hr>
     <gpxdata:distance>1419.50</gpxdata:distance>
     <gpxdata:cadence>90</gpxdata:cadence>
     <gpxdata:speed>4.883</gpxdata:speed>
    </extensions>
   </trkpt>
   <trkpt lat="46.0315881" lon="4.0824787">
    <ele>283</ele>
    <time>2026-05-29T19:05:29Z</time>
    <extensions>
     <gpxdata:hr>191</gpxdata:hr>
     <gpxdata:distance>1425.00</gpxdata:distance>
     <gpxdata:cadence>90</gpxdata:cadence>
     <gpxdata:speed>4.889</gpxdata:speed>
    </extensions>
   </trkpt>
   <trkpt lat="46.0316179" lon="4.0824297">
    <ele>283</ele>
    <time>2026-05-29T19:05:30Z</time>
    <extensions>
     <gpxdata:hr>190</gpxdata:hr>
     <gpxdata:distance>1429.50</gpxdata:distance>
     <gpxdata:cadence>90</gpxdata:cadence>
     <gpxdata:speed>4.894</gpxdata:speed>
    </extensions>
   </trkpt>
   <trkpt lat="46.0316478" lon="4.0823808">
    <ele>283</ele>
    <time>2026-05-29T19:05:31Z</time>
    <extensions>
     <gpxdata:hr>190</gpxdata:hr>
     <gpxdata:distance>1434.00</gpxdata:distance>
     <gpxdata:cadence>90</gpxdata:cadence>
     <gpxdata:speed>4.900</gpxdata:speed>
    </extensions>
   </trkpt>
   <trkpt lat="46.0316734" lon="4.0823274">
    <ele>283</ele>
    <time>2026-05-29T19:05:32Z</time>
    <extensions>
     <gpxdata:hr>190</gpxdata:hr>
     <gpxdata:distance>1439.00</gpxdata:distance>
     <gpxdata:cadence>90</gpxdata:cadence>
     <gpxdata:speed>4.906</gpxdata:speed>
    </extensions>
   </trkpt>
   <trkpt lat="46.0316990" lon="4.0822741">
    <ele>283</ele>
    <time>2026-05-29T19:05:33Z</time>
    <extensions>
     <gpxdata:hr>190</gpxdata:hr>
     <gpxdata:distance>1444.00</gpxdata:distance>
     <gpxdata:cadence>90</gpxdata:cadence>
     <gpxdata:speed>4.911</gpxdata:speed>
    </extensions>
   </trkpt>
   <trkpt lat="46.0317242" lon="4.0822195">
    <ele>283</ele>
    <time>2026-05-29T19:05:34Z</time>
    <extensions>
     <gpxdata:hr>191</gpxdata:hr>
     <gpxdata:distance>1449.00</gpxdata:distance>
     <gpxdata:cadence>90</gpxdata:cadence>
     <gpxdata:speed>4.917</gpxdata:speed>
    </extensions>
   </trkpt>
   <trkpt lat="46.0317495" lon="4.0821649">
    <ele>283</ele>
    <time>2026-05-29T19:05:35Z</time>
    <extensions>
     <gpxdata:hr>191</gpxdata:hr>
     <gpxdata:distance>1454.00</gpxdata:distance>
     <gpxdata:cadence>90</gpxdata:cadence>
     <gpxdata:speed>4.925</gpxdata:speed>
    </extensions>
   </trkpt>
   <trkpt lat="46.0317734" lon="4.0821116">
    <ele>283</ele>
    <time>2026-05-29T19:05:36Z</time>
    <extensions>
     <gpxdata:hr>190</gpxdata:hr>
     <gpxdata:distance>1458.50</gpxdata:distance>
     <gpxdata:cadence>90</gpxdata:cadence>
     <gpxdata:speed>4.928</gpxdata:speed>
    </extensions>
   </trkpt>
   <trkpt lat="46.0317973" lon="4.0820583">
    <ele>283</ele>
    <time>2026-05-29T19:05:37Z</time>
    <extensions>
     <gpxdata:hr>190</gpxdata:hr>
     <gpxdata:distance>1463.00</gpxdata:distance>
     <gpxdata:cadence>90</gpxdata:cadence>
     <gpxdata:speed>4.931</gpxdata:speed>
    </extensions>
   </trkpt>
   <trkpt lat="46.0318198" lon="4.0820054">
    <ele>283</ele>
    <time>2026-05-29T19:05:38Z</time>
    <extensions>
     <gpxdata:hr>190</gpxdata:hr>
     <gpxdata:distance>1465.50</gpxdata:distance>
     <gpxdata:cadence>90</gpxdata:cadence>
     <gpxdata:speed>4.931</gpxdata:speed>
    </extensions>
   </trkpt>
   <trkpt lat="46.0318423" lon="4.0819525">
    <ele>283</ele>
    <time>2026-05-29T19:05:39Z</time>
    <extensions>
     <gpxdata:hr>190</gpxdata:hr>
     <gpxdata:distance>1468.00</gpxdata:distance>
     <gpxdata:cadence>90</gpxdata:cadence>
     <gpxdata:speed>4.933</gpxdata:speed>
    </extensions>
   </trkpt>
   <trkpt lat="46.0318636" lon="4.0818976">
    <ele>283</ele>
    <time>2026-05-29T19:05:40Z</time>
    <extensions>
     <gpxdata:hr>189</gpxdata:hr>
     <gpxdata:distance>1475.50</gpxdata:distance>
     <gpxdata:cadence>90</gpxdata:cadence>
     <gpxdata:speed>4.928</gpxdata:speed>
    </extensions>
   </trkpt>
   <trkpt lat="46.0318849" lon="4.0818428">
    <ele>283</ele>
    <time>2026-05-29T19:05:41Z</time>
    <extensions>
     <gpxdata:hr>189</gpxdata:hr>
     <gpxdata:distance>1483.00</gpxdata:distance>
     <gpxdata:cadence>90</gpxdata:cadence>
     <gpxdata:speed>4.925</gpxdata:speed>
    </extensions>
   </trkpt>
   <trkpt lat="46.0319051" lon="4.0817876">
    <ele>283</ele>
    <time>2026-05-29T19:05:42Z</time>
    <extensions>
     <gpxdata:hr>189</gpxdata:hr>
     <gpxdata:distance>1488.00</gpxdata:distance>
     <gpxdata:cadence>90</gpxdata:cadence>
     <gpxdata:speed>4.919</gpxdata:speed>
    </extensions>
   </trkpt>
   <trkpt lat="46.0319254" lon="4.0817324">
    <ele>283</ele>
    <time>2026-05-29T19:05:43Z</time>
    <extensions>
     <gpxdata:hr>188</gpxdata:hr>
     <gpxdata:distance>1493.00</gpxdata:distance>
     <gpxdata:cadence>90</gpxdata:cadence>
     <gpxdata:speed>4.914</gpxdata:speed>
    </extensions>
   </trkpt>
   <trkpt lat="46.0319452" lon="4.0816766">
    <ele>283</ele>
    <time>2026-05-29T19:05:44Z</time>
    <extensions>
     <gpxdata:hr>187</gpxdata:hr>
     <gpxdata:distance>1497.50</gpxdata:distance>
     <gpxdata:cadence>89</gpxdata:cadence>
     <gpxdata:speed>4.906</gpxdata:speed>
    </extensions>
   </trkpt>
   <trkpt lat="46.0319651" lon="4.0816209">
    <ele>283</ele>
    <time>2026-05-29T19:05:45Z</time>
    <extensions>
     <gpxdata:hr>187</gpxdata:hr>
     <gpxdata:distance>1502.00</gpxdata:distance>
     <gpxdata:cadence>89</gpxdata:cadence>
     <gpxdata:speed>4.900</gpxdata:speed>
    </extensions>
   </trkpt>
   <trkpt lat="46.0319853" lon="4.0815659">
    <ele>283</ele>
    <time>2026-05-29T19:05:46Z</time>
    <extensions>
     <gpxdata:hr>186</gpxdata:hr>
     <gpxdata:distance>1507.00</gpxdata:distance>
     <gpxdata:cadence>89</gpxdata:cadence>
     <gpxdata:speed>4.894</gpxdata:speed>
    </extensions>
   </trkpt>
   <trkpt lat="46.0320055" lon="4.0815109">
    <ele>283</ele>
    <time>2026-05-29T19:05:47Z</time>
    <extensions>
     <gpxdata:hr>186</gpxdata:hr>
     <gpxdata:distance>1512.00</gpxdata:distance>
     <gpxdata:cadence>89</gpxdata:cadence>
     <gpxdata:speed>4.892</gpxdata:speed>
    </extensions>
   </trkpt>
   <trkpt lat="46.0320261" lon="4.0814560">
    <ele>283</ele>
    <time>2026-05-29T19:05:48Z</time>
    <extensions>
     <gpxdata:hr>185</gpxdata:hr>
     <gpxdata:distance>1517.00</gpxdata:distance>
     <gpxdata:cadence>89</gpxdata:cadence>
     <gpxdata:speed>4.886</gpxdata:speed>
    </extensions>
   </trkpt>
   <trkpt lat="46.0320468" lon="4.0814011">
    <ele>283</ele>
    <time>2026-05-29T19:05:49Z</time>
    <extensions>
     <gpxdata:hr>184</gpxdata:hr>
     <gpxdata:distance>1522.00</gpxdata:distance>
     <gpxdata:cadence>90</gpxdata:cadence>
     <gpxdata:speed>4.883</gpxdata:speed>
    </extensions>
   </trkpt>
   <trkpt lat="46.0320678" lon="4.0813457">
    <ele>283</ele>
    <time>2026-05-29T19:05:50Z</time>
    <extensions>
     <gpxdata:hr>183</gpxdata:hr>
     <gpxdata:distance>1527.00</gpxdata:distance>
     <gpxdata:cadence>89</gpxdata:cadence>
     <gpxdata:speed>4.881</gpxdata:speed>
    </extensions>
   </trkpt>
   <trkpt lat="46.0320888" lon="4.0812903">
    <ele>283</ele>
    <time>2026-05-29T19:05:51Z</time>
    <extensions>
     <gpxdata:hr>182</gpxdata:hr>
     <gpxdata:distance>1532.00</gpxdata:distance>
     <gpxdata:cadence>89</gpxdata:cadence>
     <gpxdata:speed>4.878</gpxdata:speed>
    </extensions>
   </trkpt>
   <trkpt lat="46.0321104" lon="4.0812334">
    <ele>283</ele>
    <time>2026-05-29T19:05:52Z</time>
    <extensions>
     <gpxdata:hr>181</gpxdata:hr>
     <gpxdata:distance>1537.00</gpxdata:distance>
     <gpxdata:cadence>89</gpxdata:cadence>
     <gpxdata:speed>4.875</gpxdata:speed>
    </extensions>
   </trkpt>
   <trkpt lat="46.0321321" lon="4.0811766">
    <ele>283</ele>
    <time>2026-05-29T19:05:53Z</time>
    <extensions>
     <gpxdata:hr>181</gpxdata:hr>
     <gpxdata:distance>1542.00</gpxdata:distance>
     <gpxdata:cadence>89</gpxdata:cadence>
     <gpxdata:speed>4.875</gpxdata:speed>
    </extensions>
   </trkpt>
   <trkpt lat="46.0321536" lon="4.0811200">
    <ele>283</ele>
    <time>2026-05-29T19:05:54Z</time>
    <extensions>
     <gpxdata:hr>180</gpxdata:hr>
     <gpxdata:distance>1547.00</gpxdata:distance>
     <gpxdata:cadence>89</gpxdata:cadence>
     <gpxdata:speed>4.875</gpxdata:speed>
    </extensions>
   </trkpt>
   <trkpt lat="46.0321752" lon="4.0810634">
    <ele>283</ele>
    <time>2026-05-29T19:05:55Z</time>
    <extensions>
     <gpxdata:hr>178</gpxdata:hr>
     <gpxdata:distance>1552.00</gpxdata:distance>
     <gpxdata:cadence>89</gpxdata:cadence>
     <gpxdata:speed>4.875</gpxdata:speed>
    </extensions>
   </trkpt>
   <trkpt lat="46.0321965" lon="4.0810071">
    <ele>283</ele>
    <time>2026-05-29T19:05:56Z</time>
    <extensions>
     <gpxdata:hr>178</gpxdata:hr>
     <gpxdata:distance>1556.50</gpxdata:distance>
     <gpxdata:cadence>89</gpxdata:cadence>
     <gpxdata:speed>4.878</gpxdata:speed>
    </extensions>
   </trkpt>
   <trkpt lat="46.0322178" lon="4.0809509">
    <ele>283</ele>
    <time>2026-05-29T19:05:57Z</time>
    <extensions>
     <gpxdata:hr>177</gpxdata:hr>
     <gpxdata:distance>1561.00</gpxdata:distance>
     <gpxdata:cadence>89</gpxdata:cadence>
     <gpxdata:speed>4.883</gpxdata:speed>
    </extensions>
   </trkpt>
   <trkpt lat="46.0322382" lon="4.0808958">
    <ele>283</ele>
    <time>2026-05-29T19:05:58Z</time>
    <extensions>
     <gpxdata:hr>177</gpxdata:hr>
     <gpxdata:distance>1565.50</gpxdata:distance>
     <gpxdata:cadence>89</gpxdata:cadence>
     <gpxdata:speed>4.886</gpxdata:speed>
    </extensions>
   </trkpt>
   <trkpt lat="46.0322586" lon="4.0808408">
    <ele>283</ele>
    <time>2026-05-29T19:05:59Z</time>
    <extensions>
     <gpxdata:hr>177</gpxdata:hr>
     <gpxdata:distance>1570.00</gpxdata:distance>
     <gpxdata:cadence>89</gpxdata:cadence>
     <gpxdata:speed>4.889</gpxdata:speed>
    </extensions>
   </trkpt>
   <trkpt lat="46.0322781" lon="4.0807869">
    <ele>283</ele>
    <time>2026-05-29T19:06:00Z</time>
    <extensions>
     <gpxdata:hr>177</gpxdata:hr>
     <gpxdata:distance>1575.00</gpxdata:distance>
     <gpxdata:cadence>89</gpxdata:cadence>
     <gpxdata:speed>4.894</gpxdata:speed>
    </extensions>
   </trkpt>
   <trkpt lat="46.0322977" lon="4.0807331">
    <ele>283</ele>
    <time>2026-05-29T19:06:01Z</time>
    <extensions>
     <gpxdata:hr>177</gpxdata:hr>
     <gpxdata:distance>1580.00</gpxdata:distance>
     <gpxdata:cadence>90</gpxdata:cadence>
     <gpxdata:speed>4.900</gpxdata:speed>
    </extensions>
   </trkpt>
   <trkpt lat="46.0323180" lon="4.0806781">
    <ele>284</ele>
    <time>2026-05-29T19:06:02Z</time>
    <extensions>
     <gpxdata:hr>177</gpxdata:hr>
     <gpxdata:distance>1585.00</gpxdata:distance>
     <gpxdata:cadence>89</gpxdata:cadence>
     <gpxdata:speed>4.900</gpxdata:speed>
    </extensions>
   </trkpt>
   <trkpt lat="46.0323383" lon="4.0806232">
    <ele>283</ele>
    <time>2026-05-29T19:06:03Z</time>
    <extensions>
     <gpxdata:hr>177</gpxdata:hr>
     <gpxdata:distance>1590.00</gpxdata:distance>
     <gpxdata:cadence>89</gpxdata:cadence>
     <gpxdata:speed>4.903</gpxdata:speed>
    </extensions>
   </trkpt>
   <trkpt lat="46.0323589" lon="4.0805671">
    <ele>283</ele>
    <time>2026-05-29T19:06:04Z</time>
    <extensions>
     <gpxdata:hr>177</gpxdata:hr>
     <gpxdata:distance>1595.00</gpxdata:distance>
     <gpxdata:cadence>89</gpxdata:cadence>
     <gpxdata:speed>4.903</gpxdata:speed>
    </extensions>
   </trkpt>
   <trkpt lat="46.0323795" lon="4.0805111">
    <ele>283</ele>
    <time>2026-05-29T19:06:05Z</time>
    <extensions>
     <gpxdata:hr>177</gpxdata:hr>
     <gpxdata:distance>1600.00</gpxdata:distance>
     <gpxdata:cadence>90</gpxdata:cadence>
     <gpxdata:speed>4.903</gpxdata:speed>
    </extensions>
   </trkpt>
   <trkpt lat="46.0324001" lon="4.0804551">
    <ele>283</ele>
    <time>2026-05-29T19:06:06Z</time>
    <extensions>
     <gpxdata:hr>178</gpxdata:hr>
     <gpxdata:distance>1605.00</gpxdata:distance>
     <gpxdata:cadence>90</gpxdata:cadence>
     <gpxdata:speed>4.903</gpxdata:speed>
    </extensions>
   </trkpt>
   <trkpt lat="46.0324208" lon="4.0803991">
    <ele>283</ele>
    <time>2026-05-29T19:06:07Z</time>
    <extensions>
     <gpxdata:hr>178</gpxdata:hr>
     <gpxdata:distance>1610.00</gpxdata:distance>
     <gpxdata:cadence>90</gpxdata:cadence>
     <gpxdata:speed>4.906</gpxdata:speed>
    </extensions>
   </trkpt>
   <trkpt lat="46.0324412" lon="4.0803434">
    <ele>283</ele>
    <time>2026-05-29T19:06:08Z</time>
    <extensions>
     <gpxdata:hr>178</gpxdata:hr>
     <gpxdata:distance>1614.50</gpxdata:distance>
     <gpxdata:cadence>90</gpxdata:cadence>
     <gpxdata:speed>4.906</gpxdata:speed>
    </extensions>
   </trkpt>
   <trkpt lat="46.0324617" lon="4.0802878">
    <ele>283</ele>
    <time>2026-05-29T19:06:09Z</time>
    <extensions>
     <gpxdata:hr>177</gpxdata:hr>
     <gpxdata:distance>1619.00</gpxdata:distance>
     <gpxdata:cadence>90</gpxdata:cadence>
     <gpxdata:speed>4.906</gpxdata:speed>
    </extensions>
   </trkpt>
   <trkpt lat="46.0324821" lon="4.0802323">
    <ele>283</ele>
    <time>2026-05-29T19:06:10Z</time>
    <extensions>
     <gpxdata:hr>178</gpxdata:hr>
     <gpxdata:distance>1624.00</gpxdata:distance>
     <gpxdata:cadence>90</gpxdata:cadence>
     <gpxdata:speed>4.906</gpxdata:speed>
    </extensions>
   </trkpt>
   <trkpt lat="46.0325025" lon="4.0801769">
    <ele>283</ele>
    <time>2026-05-29T19:06:11Z</time>
    <extensions>
     <gpxdata:hr>177</gpxdata:hr>
     <gpxdata:distance>1629.00</gpxdata:distance>
     <gpxdata:cadence>90</gpxdata:cadence>
     <gpxdata:speed>4.908</gpxdata:speed>
    </extensions>
   </trkpt>
   <trkpt lat="46.0325236" lon="4.0801222">
    <ele>283</ele>
    <time>2026-05-29T19:06:12Z</time>
    <extensions>
     <gpxdata:hr>177</gpxdata:hr>
     <gpxdata:distance>1634.00</gpxdata:distance>
     <gpxdata:cadence>89</gpxdata:cadence>
     <gpxdata:speed>4.906</gpxdata:speed>
    </extensions>
   </trkpt>
   <trkpt lat="46.0325448" lon="4.0800676">
    <ele>283</ele>
    <time>2026-05-29T19:06:13Z</time>
    <extensions>
     <gpxdata:hr>177</gpxdata:hr>
     <gpxdata:distance>1639.00</gpxdata:distance>
     <gpxdata:cadence>89</gpxdata:cadence>
     <gpxdata:speed>4.906</gpxdata:speed>
    </extensions>
   </trkpt>
   <trkpt lat="46.0325668" lon="4.0800128">
    <ele>283</ele>
    <time>2026-05-29T19:06:14Z</time>
    <extensions>
     <gpxdata:hr>177</gpxdata:hr>
     <gpxdata:distance>1644.00</gpxdata:distance>
     <gpxdata:cadence>89</gpxdata:cadence>
     <gpxdata:speed>4.903</gpxdata:speed>
    </extensions>
   </trkpt>
   <trkpt lat="46.0325889" lon="4.0799580">
    <ele>283</ele>
    <time>2026-05-29T19:06:15Z</time>
    <extensions>
     <gpxdata:hr>177</gpxdata:hr>
     <gpxdata:distance>1649.00</gpxdata:distance>
     <gpxdata:cadence>89</gpxdata:cadence>
     <gpxdata:speed>4.903</gpxdata:speed>
    </extensions>
   </trkpt>
   <trkpt lat="46.0326106" lon="4.0799034">
    <ele>283</ele>
    <time>2026-05-29T19:06:16Z</time>
    <extensions>
     <gpxdata:hr>178</gpxdata:hr>
     <gpxdata:distance>1653.50</gpxdata:distance>
     <gpxdata:cadence>89</gpxdata:cadence>
     <gpxdata:speed>4.900</gpxdata:speed>
    </extensions>
   </trkpt>
   <trkpt lat="46.0326323" lon="4.0798489">
    <ele>283</ele>
    <time>2026-05-29T19:06:17Z</time>
    <extensions>
     <gpxdata:hr>178</gpxdata:hr>
     <gpxdata:distance>1658.00</gpxdata:distance>
     <gpxdata:cadence>90</gpxdata:cadence>
     <gpxdata:speed>4.900</gpxdata:speed>
    </extensions>
   </trkpt>
   <trkpt lat="46.0326530" lon="4.0797939">
    <ele>283</ele>
    <time>2026-05-29T19:06:18Z</time>
    <extensions>
     <gpxdata:hr>179</gpxdata:hr>
     <gpxdata:distance>1663.00</gpxdata:distance>
     <gpxdata:cadence>90</gpxdata:cadence>
     <gpxdata:speed>4.900</gpxdata:speed>
    </extensions>
   </trkpt>
   <trkpt lat="46.0326737" lon="4.0797390">
    <ele>283</ele>
    <time>2026-05-29T19:06:19Z</time>
    <extensions>
     <gpxdata:hr>179</gpxdata:hr>
     <gpxdata:distance>1668.00</gpxdata:distance>
     <gpxdata:cadence>90</gpxdata:cadence>
     <gpxdata:speed>4.900</gpxdata:speed>
    </extensions>
   </trkpt>
   <trkpt lat="46.0326930" lon="4.0796841">
    <ele>283</ele>
    <time>2026-05-29T19:06:20Z</time>
    <extensions>
     <gpxdata:hr>179</gpxdata:hr>
     <gpxdata:distance>1672.50</gpxdata:distance>
     <gpxdata:cadence>90</gpxdata:cadence>
     <gpxdata:speed>4.900</gpxdata:speed>
    </extensions>
   </trkpt>
   <trkpt lat="46.0327124" lon="4.0796293">
    <ele>283</ele>
    <time>2026-05-29T19:06:21Z</time>
    <extensions>
     <gpxdata:hr>179</gpxdata:hr>
     <gpxdata:distance>1677.00</gpxdata:distance>
     <gpxdata:cadence>90</gpxdata:cadence>
     <gpxdata:speed>4.900</gpxdata:speed>
    </extensions>
   </trkpt>
   <trkpt lat="46.0327314" lon="4.0795735">
    <ele>283</ele>
    <time>2026-05-29T19:06:22Z</time>
    <extensions>
     <gpxdata:hr>179</gpxdata:hr>
     <gpxdata:distance>1682.00</gpxdata:distance>
     <gpxdata:cadence>90</gpxdata:cadence>
     <gpxdata:speed>4.900</gpxdata:speed>
    </extensions>
   </trkpt>
   <trkpt lat="46.0327504" lon="4.0795177">
    <ele>283</ele>
    <time>2026-05-29T19:06:23Z</time>
    <extensions>
     <gpxdata:hr>179</gpxdata:hr>
     <gpxdata:distance>1687.00</gpxdata:distance>
     <gpxdata:cadence>90</gpxdata:cadence>
     <gpxdata:speed>4.900</gpxdata:speed>
    </extensions>
   </trkpt>
   <trkpt lat="46.0327696" lon="4.0794612">
    <ele>283</ele>
    <time>2026-05-29T19:06:24Z</time>
    <extensions>
     <gpxdata:hr>179</gpxdata:hr>
     <gpxdata:distance>1692.00</gpxdata:distance>
     <gpxdata:cadence>90</gpxdata:cadence>
     <gpxdata:speed>4.897</gpxdata:speed>
    </extensions>
   </trkpt>
   <trkpt lat="46.0327888" lon="4.0794047">
    <ele>283</ele>
    <time>2026-05-29T19:06:25Z</time>
    <extensions>
     <gpxdata:hr>179</gpxdata:hr>
     <gpxdata:distance>1697.00</gpxdata:distance>
     <gpxdata:cadence>90</gpxdata:cadence>
     <gpxdata:speed>4.897</gpxdata:speed>
    </extensions>
   </trkpt>
   <trkpt lat="46.0328099" lon="4.0793482">
    <ele>283</ele>
    <time>2026-05-29T19:06:26Z</time>
    <extensions>
     <gpxdata:hr>179</gpxdata:hr>
     <gpxdata:distance>1702.00</gpxdata:distance>
     <gpxdata:cadence>90</gpxdata:cadence>
     <gpxdata:speed>4.900</gpxdata:speed>
    </extensions>
   </trkpt>
   <trkpt lat="46.0328310" lon="4.0792917">
    <ele>283</ele>
    <time>2026-05-29T19:06:27Z</time>
    <extensions>
     <gpxdata:hr>179</gpxdata:hr>
     <gpxdata:distance>1707.00</gpxdata:distance>
     <gpxdata:cadence>90</gpxdata:cadence>
     <gpxdata:speed>4.903</gpxdata:speed>
    </extensions>
   </trkpt>
   <trkpt lat="46.0328544" lon="4.0792372">
    <ele>282</ele>
    <time>2026-05-29T19:06:28Z</time>
    <extensions>
     <gpxdata:hr>179</gpxdata:hr>
     <gpxdata:distance>1712.00</gpxdata:distance>
     <gpxdata:cadence>90</gpxdata:cadence>
     <gpxdata:speed>4.906</gpxdata:speed>
    </extensions>
   </trkpt>
   <trkpt lat="46.0328779" lon="4.0791828">
    <ele>282</ele>
    <time>2026-05-29T19:06:29Z</time>
    <extensions>
     <gpxdata:hr>179</gpxdata:hr>
     <gpxdata:distance>1717.00</gpxdata:distance>
     <gpxdata:cadence>91</gpxdata:cadence>
     <gpxdata:speed>4.911</gpxdata:speed>
    </extensions>
   </trkpt>
   <trkpt lat="46.0329015" lon="4.0791273">
    <ele>282</ele>
    <time>2026-05-29T19:06:30Z</time>
    <extensions>
     <gpxdata:hr>179</gpxdata:hr>
     <gpxdata:distance>1722.00</gpxdata:distance>
     <gpxdata:cadence>91</gpxdata:cadence>
     <gpxdata:speed>4.914</gpxdata:speed>
    </extensions>
   </trkpt>
   <trkpt lat="46.0329251" lon="4.0790718">
    <ele>282</ele>
    <time>2026-05-29T19:06:31Z</time>
    <extensions>
     <gpxdata:hr>179</gpxdata:hr>
     <gpxdata:distance>1727.00</gpxdata:distance>
     <gpxdata:cadence>91</gpxdata:cadence>
     <gpxdata:speed>4.917</gpxdata:speed>
    </extensions>
   </trkpt>
   <trkpt lat="46.0329460" lon="4.0790142">
    <ele>282</ele>
    <time>2026-05-29T19:06:32Z</time>
    <extensions>
     <gpxdata:hr>179</gpxdata:hr>
     <gpxdata:distance>1732.00</gpxdata:distance>
     <gpxdata:cadence>91</gpxdata:cadence>
     <gpxdata:speed>4.917</gpxdata:speed>
    </extensions>
   </trkpt>
   <trkpt lat="46.0329670" lon="4.0789566">
    <ele>282</ele>
    <time>2026-05-29T19:06:33Z</time>
    <extensions>
     <gpxdata:hr>180</gpxdata:hr>
     <gpxdata:distance>1737.00</gpxdata:distance>
     <gpxdata:cadence>91</gpxdata:cadence>
     <gpxdata:speed>4.919</gpxdata:speed>
    </extensions>
   </trkpt>
   <trkpt lat="46.0329792" lon="4.0788950">
    <ele>282</ele>
    <time>2026-05-29T19:06:34Z</time>
    <extensions>
     <gpxdata:hr>180</gpxdata:hr>
     <gpxdata:distance>1742.00</gpxdata:distance>
     <gpxdata:cadence>90</gpxdata:cadence>
     <gpxdata:speed>4.922</gpxdata:speed>
    </extensions>
   </trkpt>
   <trkpt lat="46.0329914" lon="4.0788334">
    <ele>282</ele>
    <time>2026-05-29T19:06:35Z</time>
    <extensions>
     <gpxdata:hr>180</gpxdata:hr>
     <gpxdata:distance>1747.00</gpxdata:distance>
     <gpxdata:cadence>90</gpxdata:cadence>
     <gpxdata:speed>4.925</gpxdata:speed>
    </extensions>
   </trkpt>
   <trkpt lat="46.0329879" lon="4.0787734">
    <ele>282</ele>
    <time>2026-05-29T19:06:36Z</time>
    <extensions>
     <gpxdata:hr>180</gpxdata:hr>
     <gpxdata:distance>1751.50</gpxdata:distance>
     <gpxdata:cadence>90</gpxdata:cadence>
     <gpxdata:speed>4.928</gpxdata:speed>
    </extensions>
   </trkpt>
   <trkpt lat="46.0329845" lon="4.0787135">
    <ele>282</ele>
    <time>2026-05-29T19:06:37Z</time>
    <extensions>
     <gpxdata:hr>180</gpxdata:hr>
     <gpxdata:distance>1756.00</gpxdata:distance>
     <gpxdata:cadence>90</gpxdata:cadence>
     <gpxdata:speed>4.931</gpxdata:speed>
    </extensions>
   </trkpt>
   <trkpt lat="46.0329609" lon="4.0786708">
    <ele>282</ele>
    <time>2026-05-29T19:06:38Z</time>
    <extensions>
     <gpxdata:hr>180</gpxdata:hr>
     <gpxdata:distance>1760.50</gpxdata:distance>
     <gpxdata:cadence>90</gpxdata:cadence>
     <gpxdata:speed>4.931</gpxdata:speed>
    </extensions>
   </trkpt>
   <trkpt lat="46.0329374" lon="4.0786281">
    <ele>282</ele>
    <time>2026-05-29T19:06:39Z</time>
    <extensions>
     <gpxdata:hr>180</gpxdata:hr>
     <gpxdata:distance>1765.00</gpxdata:distance>
     <gpxdata:cadence>90</gpxdata:cadence>
     <gpxdata:speed>4.931</gpxdata:speed>
    </extensions>
   </trkpt>
   <trkpt lat="46.0329006" lon="4.0785997">
    <ele>282</ele>
    <time>2026-05-29T19:06:40Z</time>
    <extensions>
     <gpxdata:hr>179</gpxdata:hr>
     <gpxdata:distance>1769.50</gpxdata:distance>
     <gpxdata:cadence>90</gpxdata:cadence>
     <gpxdata:speed>4.933</gpxdata:speed>
    </extensions>
   </trkpt>
   <trkpt lat="46.0328639" lon="4.0785714">
    <ele>282</ele>
    <time>2026-05-29T19:06:41Z</time>
    <extensions>
     <gpxdata:hr>180</gpxdata:hr>
     <gpxdata:distance>1774.00</gpxdata:distance>
     <gpxdata:cadence>91</gpxdata:cadence>
     <gpxdata:speed>4.936</gpxdata:speed>
    </extensions>
   </trkpt>
   <trkpt lat="46.0328219" lon="4.0785486">
    <ele>282</ele>
    <time>2026-05-29T19:06:42Z</time>
    <extensions>
     <gpxdata:hr>180</gpxdata:hr>
     <gpxdata:distance>1779.50</gpxdata:distance>
     <gpxdata:cadence>91</gpxdata:cadence>
     <gpxdata:speed>4.933</gpxdata:speed>
    </extensions>
   </trkpt>
   <trkpt lat="46.0327799" lon="4.0785258">
    <ele>282</ele>
    <time>2026-05-29T19:06:43Z</time>
    <extensions>
     <gpxdata:hr>180</gpxdata:hr>
     <gpxdata:distance>1785.00</gpxdata:distance>
     <gpxdata:cadence>91</gpxdata:cadence>
     <gpxdata:speed>4.933</gpxdata:speed>
    </extensions>
   </trkpt>
   <trkpt lat="46.0327369" lon="4.0785002">
    <ele>282</ele>
    <time>2026-05-29T19:06:44Z</time>
    <extensions>
     <gpxdata:hr>180</gpxdata:hr>
     <gpxdata:distance>1790.00</gpxdata:distance>
     <gpxdata:cadence>91</gpxdata:cadence>
     <gpxdata:speed>4.931</gpxdata:speed>
    </extensions>
   </trkpt>
   <trkpt lat="46.0326940" lon="4.0784747">
    <ele>282</ele>
    <time>2026-05-29T19:06:45Z</time>
    <extensions>
     <gpxdata:hr>180</gpxdata:hr>
     <gpxdata:distance>1795.00</gpxdata:distance>
     <gpxdata:cadence>91</gpxdata:cadence>
     <gpxdata:speed>4.931</gpxdata:speed>
    </extensions>
   </trkpt>
   <trkpt lat="46.0326522" lon="4.0784475">
    <ele>282</ele>
    <time>2026-05-29T19:06:46Z</time>
    <extensions>
     <gpxdata:hr>180</gpxdata:hr>
     <gpxdata:distance>1799.50</gpxdata:distance>
     <gpxdata:cadence>90</gpxdata:cadence>
     <gpxdata:speed>4.925</gpxdata:speed>
    </extensions>
   </trkpt>
   <trkpt lat="46.0326105" lon="4.0784204">
    <ele>282</ele>
    <time>2026-05-29T19:06:47Z</time>
    <extensions>
     <gpxdata:hr>180</gpxdata:hr>
     <gpxdata:distance>1804.00</gpxdata:distance>
     <gpxdata:cadence>90</gpxdata:cadence>
     <gpxdata:speed>4.922</gpxdata:speed>
    </extensions>
   </trkpt>
   <trkpt lat="46.0325692" lon="4.0783935">
    <ele>282</ele>
    <time>2026-05-29T19:06:48Z</time>
    <extensions>
     <gpxdata:hr>180</gpxdata:hr>
     <gpxdata:distance>1809.00</gpxdata:distance>
     <gpxdata:cadence>90</gpxdata:cadence>
     <gpxdata:speed>4.919</gpxdata:speed>
    </extensions>
   </trkpt>
   <trkpt lat="46.0325280" lon="4.0783667">
    <ele>282</ele>
    <time>2026-05-29T19:06:49Z</time>
    <extensions>
     <gpxdata:hr>181</gpxdata:hr>
     <gpxdata:distance>1814.00</gpxdata:distance>
     <gpxdata:cadence>90</gpxdata:cadence>
     <gpxdata:speed>4.919</gpxdata:speed>
    </extensions>
   </trkpt>
   <trkpt lat="46.0324878" lon="4.0783389">
    <ele>282</ele>
    <time>2026-05-29T19:06:50Z</time>
    <extensions>
     <gpxdata:hr>180</gpxdata:hr>
     <gpxdata:distance>1819.00</gpxdata:distance>
     <gpxdata:cadence>90</gpxdata:cadence>
     <gpxdata:speed>4.919</gpxdata:speed>
    </extensions>
   </trkpt>
   <trkpt lat="46.0324477" lon="4.0783112">
    <ele>282</ele>
    <time>2026-05-29T19:06:51Z</time>
    <extensions>
     <gpxdata:hr>180</gpxdata:hr>
     <gpxdata:distance>1824.00</gpxdata:distance>
     <gpxdata:cadence>90</gpxdata:cadence>
     <gpxdata:speed>4.919</gpxdata:speed>
    </extensions>
   </trkpt>
   <trkpt lat="46.0324082" lon="4.0782830">
    <ele>282</ele>
    <time>2026-05-29T19:06:52Z</time>
    <extensions>
     <gpxdata:hr>180</gpxdata:hr>
     <gpxdata:distance>1829.00</gpxdata:distance>
     <gpxdata:cadence>89</gpxdata:cadence>
     <gpxdata:speed>4.919</gpxdata:speed>
    </extensions>
   </trkpt>
   <trkpt lat="46.0323688" lon="4.0782549">
    <ele>282</ele>
    <time>2026-05-29T19:06:53Z</time>
    <extensions>
     <gpxdata:hr>179</gpxdata:hr>
     <gpxdata:distance>1834.00</gpxdata:distance>
     <gpxdata:cadence>89</gpxdata:cadence>
     <gpxdata:speed>4.919</gpxdata:speed>
    </extensions>
   </trkpt>
   <trkpt lat="46.0323303" lon="4.0782271">
    <ele>282</ele>
    <time>2026-05-29T19:06:54Z</time>
    <extensions>
     <gpxdata:hr>178</gpxdata:hr>
     <gpxdata:distance>1838.50</gpxdata:distance>
     <gpxdata:cadence>89</gpxdata:cadence>
     <gpxdata:speed>4.919</gpxdata:speed>
    </extensions>
   </trkpt>
   <trkpt lat="46.0322919" lon="4.0781994">
    <ele>282</ele>
    <time>2026-05-29T19:06:55Z</time>
    <extensions>
     <gpxdata:hr>178</gpxdata:hr>
     <gpxdata:distance>1843.00</gpxdata:distance>
     <gpxdata:cadence>89</gpxdata:cadence>
     <gpxdata:speed>4.922</gpxdata:speed>
    </extensions>
   </trkpt>
   <trkpt lat="46.0322541" lon="4.0781703">
    <ele>282</ele>
    <time>2026-05-29T19:06:56Z</time>
    <extensions>
     <gpxdata:hr>178</gpxdata:hr>
     <gpxdata:distance>1848.00</gpxdata:distance>
     <gpxdata:cadence>89</gpxdata:cadence>
     <gpxdata:speed>4.922</gpxdata:speed>
    </extensions>
   </trkpt>
   <trkpt lat="46.0322164" lon="4.0781413">
    <ele>282</ele>
    <time>2026-05-29T19:06:57Z</time>
    <extensions>
     <gpxdata:hr>177</gpxdata:hr>
     <gpxdata:distance>1853.00</gpxdata:distance>
     <gpxdata:cadence>89</gpxdata:cadence>
     <gpxdata:speed>4.922</gpxdata:speed>
    </extensions>
   </trkpt>
   <trkpt lat="46.0321790" lon="4.0781109">
    <ele>282</ele>
    <time>2026-05-29T19:06:58Z</time>
    <extensions>
     <gpxdata:hr>178</gpxdata:hr>
     <gpxdata:distance>1857.50</gpxdata:distance>
     <gpxdata:cadence>89</gpxdata:cadence>
     <gpxdata:speed>4.919</gpxdata:speed>
    </extensions>
   </trkpt>
   <trkpt lat="46.0321416" lon="4.0780805">
    <ele>282</ele>
    <time>2026-05-29T19:06:59Z</time>
    <extensions>
     <gpxdata:hr>177</gpxdata:hr>
     <gpxdata:distance>1862.00</gpxdata:distance>
     <gpxdata:cadence>89</gpxdata:cadence>
     <gpxdata:speed>4.919</gpxdata:speed>
    </extensions>
   </trkpt>
   <trkpt lat="46.0321040" lon="4.0780520">
    <ele>282</ele>
    <time>2026-05-29T19:07:00Z</time>
    <extensions>
     <gpxdata:hr>178</gpxdata:hr>
     <gpxdata:distance>1867.00</gpxdata:distance>
     <gpxdata:cadence>89</gpxdata:cadence>
     <gpxdata:speed>4.914</gpxdata:speed>
    </extensions>
   </trkpt>
   <trkpt lat="46.0320665" lon="4.0780235">
    <ele>282</ele>
    <time>2026-05-29T19:07:01Z</time>
    <extensions>
     <gpxdata:hr>176</gpxdata:hr>
     <gpxdata:distance>1872.00</gpxdata:distance>
     <gpxdata:cadence>89</gpxdata:cadence>
     <gpxdata:speed>4.911</gpxdata:speed>
    </extensions>
   </trkpt>
   <trkpt lat="46.0320302" lon="4.0779959">
    <ele>282</ele>
    <time>2026-05-29T19:07:02Z</time>
    <extensions>
     <gpxdata:hr>176</gpxdata:hr>
     <gpxdata:distance>1876.50</gpxdata:distance>
     <gpxdata:cadence>89</gpxdata:cadence>
     <gpxdata:speed>4.900</gpxdata:speed>
    </extensions>
   </trkpt>
   <trkpt lat="46.0319939" lon="4.0779683">
    <ele>282</ele>
    <time>2026-05-29T19:07:03Z</time>
    <extensions>
     <gpxdata:hr>176</gpxdata:hr>
     <gpxdata:distance>1881.00</gpxdata:distance>
     <gpxdata:cadence>89</gpxdata:cadence>
     <gpxdata:speed>4.892</gpxdata:speed>
    </extensions>
   </trkpt>
   <trkpt lat="46.0319569" lon="4.0779409">
    <ele>282</ele>
    <time>2026-05-29T19:07:04Z</time>
    <extensions>
     <gpxdata:hr>176</gpxdata:hr>
     <gpxdata:distance>1885.50</gpxdata:distance>
     <gpxdata:cadence>89</gpxdata:cadence>
     <gpxdata:speed>4.886</gpxdata:speed>
    </extensions>
   </trkpt>
   <trkpt lat="46.0319200" lon="4.0779136">
    <ele>282</ele>
    <time>2026-05-29T19:07:05Z</time>
    <extensions>
     <gpxdata:hr>176</gpxdata:hr>
     <gpxdata:distance>1890.00</gpxdata:distance>
     <gpxdata:cadence>89</gpxdata:cadence>
     <gpxdata:speed>4.881</gpxdata:speed>
    </extensions>
   </trkpt>
   <trkpt lat="46.0318816" lon="4.0778841">
    <ele>282</ele>
    <time>2026-05-29T19:07:06Z</time>
    <extensions>
     <gpxdata:hr>176</gpxdata:hr>
     <gpxdata:distance>1895.00</gpxdata:distance>
     <gpxdata:cadence>89</gpxdata:cadence>
     <gpxdata:speed>4.872</gpxdata:speed>
    </extensions>
   </trkpt>
   <trkpt lat="46.0318433" lon="4.0778546">
    <ele>282</ele>
    <time>2026-05-29T19:07:07Z</time>
    <extensions>
     <gpxdata:hr>176</gpxdata:hr>
     <gpxdata:distance>1900.00</gpxdata:distance>
     <gpxdata:cadence>89</gpxdata:cadence>
     <gpxdata:speed>4.867</gpxdata:speed>
    </extensions>
   </trkpt>
   <trkpt lat="46.0318043" lon="4.0778259">
    <ele>282</ele>
    <time>2026-05-29T19:07:08Z</time>
    <extensions>
     <gpxdata:hr>175</gpxdata:hr>
     <gpxdata:distance>1905.00</gpxdata:distance>
     <gpxdata:cadence>89</gpxdata:cadence>
     <gpxdata:speed>4.861</gpxdata:speed>
    </extensions>
   </trkpt>
   <trkpt lat="46.0317653" lon="4.0777972">
    <ele>282</ele>
    <time>2026-05-29T19:07:09Z</time>
    <extensions>
     <gpxdata:hr>175</gpxdata:hr>
     <gpxdata:distance>1910.00</gpxdata:distance>
     <gpxdata:cadence>89</gpxdata:cadence>
     <gpxdata:speed>4.858</gpxdata:speed>
    </extensions>
   </trkpt>
   <trkpt lat="46.0317268" lon="4.0777685">
    <ele>282</ele>
    <time>2026-05-29T19:07:10Z</time>
    <extensions>
     <gpxdata:hr>176</gpxdata:hr>
     <gpxdata:distance>1914.50</gpxdata:distance>
     <gpxdata:cadence>89</gpxdata:cadence>
     <gpxdata:speed>4.853</gpxdata:speed>
    </extensions>
   </trkpt>
   <trkpt lat="46.0316883" lon="4.0777398">
    <ele>282</ele>
    <time>2026-05-29T19:07:11Z</time>
    <extensions>
     <gpxdata:hr>176</gpxdata:hr>
     <gpxdata:distance>1919.00</gpxdata:distance>
     <gpxdata:cadence>89</gpxdata:cadence>
     <gpxdata:speed>4.850</gpxdata:speed>
    </extensions>
   </trkpt>
   <trkpt lat="46.0316507" lon="4.0777118">
    <ele>282</ele>
    <time>2026-05-29T19:07:12Z</time>
    <extensions>
     <gpxdata:hr>176</gpxdata:hr>
     <gpxdata:distance>1923.50</gpxdata:distance>
     <gpxdata:cadence>89</gpxdata:cadence>
     <gpxdata:speed>4.847</gpxdata:speed>
    </extensions>
   </trkpt>
   <trkpt lat="46.0316131" lon="4.0776838">
    <ele>282</ele>
    <time>2026-05-29T19:07:13Z</time>
    <extensions>
     <gpxdata:hr>176</gpxdata:hr>
     <gpxdata:distance>1928.00</gpxdata:distance>
     <gpxdata:cadence>89</gpxdata:cadence>
     <gpxdata:speed>4.847</gpxdata:speed>
    </extensions>
   </trkpt>
   <trkpt lat="46.0315765" lon="4.0776550">
    <ele>282</ele>
    <time>2026-05-29T19:07:14Z</time>
    <extensions>
     <gpxdata:hr>177</gpxdata:hr>
     <gpxdata:distance>1933.00</gpxdata:distance>
     <gpxdata:cadence>89</gpxdata:cadence>
     <gpxdata:speed>4.839</gpxdata:speed>
    </extensions>
   </trkpt>
   <trkpt lat="46.0315399" lon="4.0776262">
    <ele>282</ele>
    <time>2026-05-29T19:07:15Z</time>
    <extensions>
     <gpxdata:hr>177</gpxdata:hr>
     <gpxdata:distance>1938.00</gpxdata:distance>
     <gpxdata:cadence>89</gpxdata:cadence>
     <gpxdata:speed>4.831</gpxdata:speed>
    </extensions>
   </trkpt>
   <trkpt lat="46.0315033" lon="4.0775970">
    <ele>282</ele>
    <time>2026-05-29T19:07:16Z</time>
    <extensions>
     <gpxdata:hr>178</gpxdata:hr>
     <gpxdata:distance>1942.50</gpxdata:distance>
     <gpxdata:cadence>89</gpxdata:cadence>
     <gpxdata:speed>4.822</gpxdata:speed>
    </extensions>
   </trkpt>
   <trkpt lat="46.0314667" lon="4.0775678">
    <ele>282</ele>
    <time>2026-05-29T19:07:17Z</time>
    <extensions>
     <gpxdata:hr>179</gpxdata:hr>
     <gpxdata:distance>1947.00</gpxdata:distance>
     <gpxdata:cadence>89</gpxdata:cadence>
     <gpxdata:speed>4.814</gpxdata:speed>
    </extensions>
   </trkpt>
   <trkpt lat="46.0314299" lon="4.0775387">
    <ele>282</ele>
    <time>2026-05-29T19:07:18Z</time>
    <extensions>
     <gpxdata:hr>179</gpxdata:hr>
     <gpxdata:distance>1952.00</gpxdata:distance>
     <gpxdata:cadence>89</gpxdata:cadence>
     <gpxdata:speed>4.808</gpxdata:speed>
    </extensions>
   </trkpt>
   <trkpt lat="46.0313931" lon="4.0775096">
    <ele>282</ele>
    <time>2026-05-29T19:07:19Z</time>
    <extensions>
     <gpxdata:hr>179</gpxdata:hr>
     <gpxdata:distance>1957.00</gpxdata:distance>
     <gpxdata:cadence>89</gpxdata:cadence>
     <gpxdata:speed>4.803</gpxdata:speed>
    </extensions>
   </trkpt>
   <trkpt lat="46.0313551" lon="4.0774804">
    <ele>282</ele>
    <time>2026-05-29T19:07:20Z</time>
    <extensions>
     <gpxdata:hr>180</gpxdata:hr>
     <gpxdata:distance>1962.00</gpxdata:distance>
     <gpxdata:cadence>89</gpxdata:cadence>
     <gpxdata:speed>4.800</gpxdata:speed>
    </extensions>
   </trkpt>
   <trkpt lat="46.0313172" lon="4.0774512">
    <ele>282</ele>
    <time>2026-05-29T19:07:21Z</time>
    <extensions>
     <gpxdata:hr>180</gpxdata:hr>
     <gpxdata:distance>1967.00</gpxdata:distance>
     <gpxdata:cadence>89</gpxdata:cadence>
     <gpxdata:speed>4.797</gpxdata:speed>
    </extensions>
   </trkpt>
   <trkpt lat="46.0312780" lon="4.0774242">
    <ele>282</ele>
    <time>2026-05-29T19:07:22Z</time>
    <extensions>
     <gpxdata:hr>180</gpxdata:hr>
     <gpxdata:distance>1971.50</gpxdata:distance>
     <gpxdata:cadence>89</gpxdata:cadence>
     <gpxdata:speed>4.794</gpxdata:speed>
    </extensions>
   </trkpt>
   <trkpt lat="46.0312389" lon="4.0773973">
    <ele>282</ele>
    <time>2026-05-29T19:07:23Z</time>
    <extensions>
     <gpxdata:hr>180</gpxdata:hr>
     <gpxdata:distance>1976.00</gpxdata:distance>
     <gpxdata:cadence>90</gpxdata:cadence>
     <gpxdata:speed>4.794</gpxdata:speed>
    </extensions>
   </trkpt>
   <trkpt lat="46.0311992" lon="4.0773846">
    <ele>282</ele>
    <time>2026-05-29T19:07:24Z</time>
    <extensions>
     <gpxdata:hr>181</gpxdata:hr>
     <gpxdata:distance>1980.00</gpxdata:distance>
     <gpxdata:cadence>90</gpxdata:cadence>
     <gpxdata:speed>4.789</gpxdata:speed>
    </extensions>
   </trkpt>
   <trkpt lat="46.0311595" lon="4.0773720">
    <ele>282</ele>
    <time>2026-05-29T19:07:25Z</time>
    <extensions>
     <gpxdata:hr>180</gpxdata:hr>
     <gpxdata:distance>1984.00</gpxdata:distance>
     <gpxdata:cadence>90</gpxdata:cadence>
     <gpxdata:speed>4.783</gpxdata:speed>
    </extensions>
   </trkpt>
   <trkpt lat="46.0311241" lon="4.0773903">
    <ele>282</ele>
    <time>2026-05-29T19:07:26Z</time>
    <extensions>
     <gpxdata:hr>180</gpxdata:hr>
     <gpxdata:distance>1989.00</gpxdata:distance>
     <gpxdata:cadence>90</gpxdata:cadence>
     <gpxdata:speed>4.775</gpxdata:speed>
    </extensions>
   </trkpt>
   <trkpt lat="46.0310888" lon="4.0774086">
    <ele>282</ele>
    <time>2026-05-29T19:07:27Z</time>
    <extensions>
     <gpxdata:hr>180</gpxdata:hr>
     <gpxdata:distance>1994.00</gpxdata:distance>
     <gpxdata:cadence>90</gpxdata:cadence>
     <gpxdata:speed>4.767</gpxdata:speed>
    </extensions>
   </trkpt>
   <trkpt lat="46.0310570" lon="4.0774459">
    <ele>282</ele>
    <time>2026-05-29T19:07:28Z</time>
    <extensions>
     <gpxdata:hr>180</gpxdata:hr>
     <gpxdata:distance>1998.50</gpxdata:distance>
     <gpxdata:cadence>90</gpxdata:cadence>
     <gpxdata:speed>4.758</gpxdata:speed>
    </extensions>
   </trkpt>
   <trkpt lat="46.0310252" lon="4.0774833">
    <ele>282</ele>
    <time>2026-05-29T19:07:29Z</time>
    <extensions>
     <gpxdata:hr>181</gpxdata:hr>
     <gpxdata:distance>2003.00</gpxdata:distance>
     <gpxdata:cadence>90</gpxdata:cadence>
     <gpxdata:speed>4.750</gpxdata:speed>
    </extensions>
   </trkpt>
   <trkpt lat="46.0309865" lon="4.0775079">
    <ele>282</ele>
    <time>2026-05-29T19:07:30Z</time>
    <extensions>
     <gpxdata:hr>181</gpxdata:hr>
     <gpxdata:distance>2008.00</gpxdata:distance>
     <gpxdata:cadence>90</gpxdata:cadence>
     <gpxdata:speed>4.747</gpxdata:speed>
    </extensions>
   </trkpt>
   <trkpt lat="46.0309479" lon="4.0775325">
    <ele>282</ele>
    <time>2026-05-29T19:07:31Z</time>
    <extensions>
     <gpxdata:hr>181</gpxdata:hr>
     <gpxdata:distance>2013.00</gpxdata:distance>
     <gpxdata:cadence>90</gpxdata:cadence>
     <gpxdata:speed>4.744</gpxdata:speed>
    </extensions>
   </trkpt>
   <trkpt lat="46.0309058" lon="4.0775360">
    <ele>282</ele>
    <time>2026-05-29T19:07:32Z</time>
    <extensions>
     <gpxdata:hr>181</gpxdata:hr>
     <gpxdata:distance>2017.50</gpxdata:distance>
     <gpxdata:cadence>90</gpxdata:cadence>
     <gpxdata:speed>4.742</gpxdata:speed>
    </extensions>
   </trkpt>
   <trkpt lat="46.0308637" lon="4.0775396">
    <ele>282</ele>
    <time>2026-05-29T19:07:33Z</time>
    <extensions>
     <gpxdata:hr>180</gpxdata:hr>
     <gpxdata:distance>2022.00</gpxdata:distance>
     <gpxdata:cadence>90</gpxdata:cadence>
     <gpxdata:speed>4.742</gpxdata:speed>
    </extensions>
   </trkpt>
   <trkpt lat="46.0308206" lon="4.0775300">
    <ele>282</ele>
    <time>2026-05-29T19:07:34Z</time>
    <extensions>
     <gpxdata:hr>180</gpxdata:hr>
     <gpxdata:distance>2027.00</gpxdata:distance>
     <gpxdata:cadence>90</gpxdata:cadence>
     <gpxdata:speed>4.742</gpxdata:speed>
    </extensions>
   </trkpt>
   <trkpt lat="46.0307775" lon="4.0775204">
    <ele>282</ele>
    <time>2026-05-29T19:07:35Z</time>
    <extensions>
     <gpxdata:hr>180</gpxdata:hr>
     <gpxdata:distance>2032.00</gpxdata:distance>
     <gpxdata:cadence>90</gpxdata:cadence>
     <gpxdata:speed>4.742</gpxdata:speed>
    </extensions>
   </trkpt>
   <trkpt lat="46.0307342" lon="4.0775071">
    <ele>282</ele>
    <time>2026-05-29T19:07:36Z</time>
    <extensions>
     <gpxdata:hr>180</gpxdata:hr>
     <gpxdata:distance>2037.00</gpxdata:distance>
     <gpxdata:cadence>90</gpxdata:cadence>
     <gpxdata:speed>4.742</gpxdata:speed>
    </extensions>
   </trkpt>
   <trkpt lat="46.0306909" lon="4.0774938">
    <ele>282</ele>
    <time>2026-05-29T19:07:37Z</time>
    <extensions>
     <gpxdata:hr>180</gpxdata:hr>
     <gpxdata:distance>2042.00</gpxdata:distance>
     <gpxdata:cadence>90</gpxdata:cadence>
     <gpxdata:speed>4.744</gpxdata:speed>
    </extensions>
   </trkpt>
   <trkpt lat="46.0306470" lon="4.0774823">
    <ele>282</ele>
    <time>2026-05-29T19:07:38Z</time>
    <extensions>
     <gpxdata:hr>179</gpxdata:hr>
     <gpxdata:distance>2046.50</gpxdata:distance>
     <gpxdata:cadence>90</gpxdata:cadence>
     <gpxdata:speed>4.747</gpxdata:speed>
    </extensions>
   </trkpt>
   <trkpt lat="46.0306031" lon="4.0774708">
    <ele>282</ele>
    <time>2026-05-29T19:07:39Z</time>
    <extensions>
     <gpxdata:hr>180</gpxdata:hr>
     <gpxdata:distance>2051.00</gpxdata:distance>
     <gpxdata:cadence>90</gpxdata:cadence>
     <gpxdata:speed>4.750</gpxdata:speed>
    </extensions>
   </trkpt>
   <trkpt lat="46.0305612" lon="4.0774663">
    <ele>282</ele>
    <time>2026-05-29T19:07:40Z</time>
    <extensions>
     <gpxdata:hr>180</gpxdata:hr>
     <gpxdata:distance>2055.00</gpxdata:distance>
     <gpxdata:cadence>90</gpxdata:cadence>
     <gpxdata:speed>4.756</gpxdata:speed>
    </extensions>
   </trkpt>
   <trkpt lat="46.0305193" lon="4.0774618">
    <ele>282</ele>
    <time>2026-05-29T19:07:41Z</time>
    <extensions>
     <gpxdata:hr>181</gpxdata:hr>
     <gpxdata:distance>2059.00</gpxdata:distance>
     <gpxdata:cadence>90</gpxdata:cadence>
     <gpxdata:speed>4.764</gpxdata:speed>
    </extensions>
   </trkpt>
   <trkpt lat="46.0304937" lon="4.0774816">
    <ele>282</ele>
    <time>2026-05-29T19:07:42Z</time>
    <extensions>
     <gpxdata:hr>181</gpxdata:hr>
     <gpxdata:distance>2060.50</gpxdata:distance>
     <gpxdata:cadence>91</gpxdata:cadence>
     <gpxdata:speed>4.758</gpxdata:speed>
    </extensions>
   </trkpt>
   <trkpt lat="46.0304682" lon="4.0775015">
    <ele>281</ele>
    <time>2026-05-29T19:07:43Z</time>
    <extensions>
     <gpxdata:hr>181</gpxdata:hr>
     <gpxdata:distance>2062.00</gpxdata:distance>
     <gpxdata:cadence>91</gpxdata:cadence>
     <gpxdata:speed>4.756</gpxdata:speed>
    </extensions>
   </trkpt>
   <trkpt lat="46.0304766" lon="4.0775376">
    <ele>281</ele>
    <time>2026-05-29T19:07:44Z</time>
    <extensions>
     <gpxdata:hr>181</gpxdata:hr>
     <gpxdata:distance>2068.50</gpxdata:distance>
     <gpxdata:cadence>91</gpxdata:cadence>
     <gpxdata:speed>4.747</gpxdata:speed>
    </extensions>
   </trkpt>
   <trkpt lat="46.0304850" lon="4.0775738">
    <ele>281</ele>
    <time>2026-05-29T19:07:45Z</time>
    <extensions>
     <gpxdata:hr>181</gpxdata:hr>
     <gpxdata:distance>2075.00</gpxdata:distance>
     <gpxdata:cadence>92</gpxdata:cadence>
     <gpxdata:speed>4.739</gpxdata:speed>
    </extensions>
   </trkpt>
   <trkpt lat="46.0305151" lon="4.0776149">
    <ele>281</ele>
    <time>2026-05-29T19:07:46Z</time>
    <extensions>
     <gpxdata:hr>181</gpxdata:hr>
     <gpxdata:distance>2080.00</gpxdata:distance>
     <gpxdata:cadence>92</gpxdata:cadence>
     <gpxdata:speed>4.731</gpxdata:speed>
    </extensions>
   </trkpt>
   <trkpt lat="46.0305452" lon="4.0776561">
    <ele>281</ele>
    <time>2026-05-29T19:07:47Z</time>
    <extensions>
     <gpxdata:hr>181</gpxdata:hr>
     <gpxdata:distance>2085.00</gpxdata:distance>
     <gpxdata:cadence>92</gpxdata:cadence>
     <gpxdata:speed>4.722</gpxdata:speed>
    </extensions>
   </trkpt>
   <trkpt lat="46.0305848" lon="4.0776965">
    <ele>281</ele>
    <time>2026-05-29T19:07:48Z</time>
    <extensions>
     <gpxdata:hr>180</gpxdata:hr>
     <gpxdata:distance>2090.00</gpxdata:distance>
     <gpxdata:cadence>91</gpxdata:cadence>
     <gpxdata:speed>4.719</gpxdata:speed>
    </extensions>
   </trkpt>
   <trkpt lat="46.0306245" lon="4.0777369">
    <ele>281</ele>
    <time>2026-05-29T19:07:49Z</time>
    <extensions>
     <gpxdata:hr>181</gpxdata:hr>
     <gpxdata:distance>2095.00</gpxdata:distance>
     <gpxdata:cadence>91</gpxdata:cadence>
     <gpxdata:speed>4.717</gpxdata:speed>
    </extensions>
   </trkpt>
   <trkpt lat="46.0306646" lon="4.0777744">
    <ele>281</ele>
    <time>2026-05-29T19:07:50Z</time>
    <extensions>
     <gpxdata:hr>182</gpxdata:hr>
     <gpxdata:distance>2100.00</gpxdata:distance>
     <gpxdata:cadence>90</gpxdata:cadence>
     <gpxdata:speed>4.717</gpxdata:speed>
    </extensions>
   </trkpt>
   <trkpt lat="46.0307048" lon="4.0778120">
    <ele>281</ele>
    <time>2026-05-29T19:07:51Z</time>
    <extensions>
     <gpxdata:hr>182</gpxdata:hr>
     <gpxdata:distance>2105.00</gpxdata:distance>
     <gpxdata:cadence>90</gpxdata:cadence>
     <gpxdata:speed>4.717</gpxdata:speed>
    </extensions>
   </trkpt>
   <trkpt lat="46.0307438" lon="4.0778458">
    <ele>281</ele>
    <time>2026-05-29T19:07:52Z</time>
    <extensions>
     <gpxdata:hr>181</gpxdata:hr>
     <gpxdata:distance>2110.00</gpxdata:distance>
     <gpxdata:cadence>90</gpxdata:cadence>
     <gpxdata:speed>4.725</gpxdata:speed>
    </extensions>
   </trkpt>
   <trkpt lat="46.0307829" lon="4.0778796">
    <ele>281</ele>
    <time>2026-05-29T19:07:53Z</time>
    <extensions>
     <gpxdata:hr>181</gpxdata:hr>
     <gpxdata:distance>2115.00</gpxdata:distance>
     <gpxdata:cadence>90</gpxdata:cadence>
     <gpxdata:speed>4.733</gpxdata:speed>
    </extensions>
   </trkpt>
   <trkpt lat="46.0308214" lon="4.0779122">
    <ele>281</ele>
    <time>2026-05-29T19:07:54Z</time>
    <extensions>
     <gpxdata:hr>182</gpxdata:hr>
     <gpxdata:distance>2119.50</gpxdata:distance>
     <gpxdata:cadence>90</gpxdata:cadence>
     <gpxdata:speed>4.742</gpxdata:speed>
    </extensions>
   </trkpt>
   <trkpt lat="46.0308600" lon="4.0779448">
    <ele>281</ele>
    <time>2026-05-29T19:07:55Z</time>
    <extensions>
     <gpxdata:hr>182</gpxdata:hr>
     <gpxdata:distance>2124.00</gpxdata:distance>
     <gpxdata:cadence>90</gpxdata:cadence>
     <gpxdata:speed>4.753</gpxdata:speed>
    </extensions>
   </trkpt>
   <trkpt lat="46.0308982" lon="4.0779763">
    <ele>281</ele>
    <time>2026-05-29T19:07:56Z</time>
    <extensions>
     <gpxdata:hr>182</gpxdata:hr>
     <gpxdata:distance>2129.00</gpxdata:distance>
     <gpxdata:cadence>90</gpxdata:cadence>
     <gpxdata:speed>4.764</gpxdata:speed>
    </extensions>
   </trkpt>
   <trkpt lat="46.0309364" lon="4.0780079">
    <ele>281</ele>
    <time>2026-05-29T19:07:57Z</time>
    <extensions>
     <gpxdata:hr>182</gpxdata:hr>
     <gpxdata:distance>2134.00</gpxdata:distance>
     <gpxdata:cadence>90</gpxdata:cadence>
     <gpxdata:speed>4.775</gpxdata:speed>
    </extensions>
   </trkpt>
   <trkpt lat="46.0309742" lon="4.0780380">
    <ele>281</ele>
    <time>2026-05-29T19:07:58Z</time>
    <extensions>
     <gpxdata:hr>183</gpxdata:hr>
     <gpxdata:distance>2138.50</gpxdata:distance>
     <gpxdata:cadence>90</gpxdata:cadence>
     <gpxdata:speed>4.786</gpxdata:speed>
    </extensions>
   </trkpt>
   <trkpt lat="46.0310120" lon="4.0780681">
    <ele>281</ele>
    <time>2026-05-29T19:07:59Z</time>
    <extensions>
     <gpxdata:hr>183</gpxdata:hr>
     <gpxdata:distance>2143.00</gpxdata:distance>
     <gpxdata:cadence>90</gpxdata:cadence>
     <gpxdata:speed>4.800</gpxdata:speed>
    </extensions>
   </trkpt>
   <trkpt lat="46.0310481" lon="4.0780959">
    <ele>281</ele>
    <time>2026-05-29T19:08:00Z</time>
    <extensions>
     <gpxdata:hr>183</gpxdata:hr>
     <gpxdata:distance>2147.50</gpxdata:distance>
     <gpxdata:cadence>90</gpxdata:cadence>
     <gpxdata:speed>4.808</gpxdata:speed>
    </extensions>
   </trkpt>
   <trkpt lat="46.0310842" lon="4.0781237">
    <ele>281</ele>
    <time>2026-05-29T19:08:01Z</time>
    <extensions>
     <gpxdata:hr>182</gpxdata:hr>
     <gpxdata:distance>2152.00</gpxdata:distance>
     <gpxdata:cadence>90</gpxdata:cadence>
     <gpxdata:speed>4.817</gpxdata:speed>
    </extensions>
   </trkpt>
   <trkpt lat="46.0311196" lon="4.0781520">
    <ele>281</ele>
    <time>2026-05-29T19:08:02Z</time>
    <extensions>
     <gpxdata:hr>182</gpxdata:hr>
     <gpxdata:distance>2156.50</gpxdata:distance>
     <gpxdata:cadence>89</gpxdata:cadence>
     <gpxdata:speed>4.817</gpxdata:speed>
    </extensions>
   </trkpt>
   <trkpt lat="46.0311551" lon="4.0781803">
    <ele>281</ele>
    <time>2026-05-29T19:08:03Z</time>
    <extensions>
     <gpxdata:hr>182</gpxdata:hr>
     <gpxdata:distance>2161.00</gpxdata:distance>
     <gpxdata:cadence>89</gpxdata:cadence>
     <gpxdata:speed>4.819</gpxdata:speed>
    </extensions>
   </trkpt>
   <trkpt lat="46.0311908" lon="4.0782102">
    <ele>281</ele>
    <time>2026-05-29T19:08:04Z</time>
    <extensions>
     <gpxdata:hr>182</gpxdata:hr>
     <gpxdata:distance>2166.00</gpxdata:distance>
     <gpxdata:cadence>89</gpxdata:cadence>
     <gpxdata:speed>4.814</gpxdata:speed>
    </extensions>
   </trkpt>
   <trkpt lat="46.0312266" lon="4.0782401">
    <ele>281</ele>
    <time>2026-05-29T19:08:05Z</time>
    <extensions>
     <gpxdata:hr>183</gpxdata:hr>
     <gpxdata:distance>2171.00</gpxdata:distance>
     <gpxdata:cadence>89</gpxdata:cadence>
     <gpxdata:speed>4.811</gpxdata:speed>
    </extensions>
   </trkpt>
   <trkpt lat="46.0312625" lon="4.0782715">
    <ele>281</ele>
    <time>2026-05-29T19:08:06Z</time>
    <extensions>
     <gpxdata:hr>183</gpxdata:hr>
     <gpxdata:distance>2175.50</gpxdata:distance>
     <gpxdata:cadence>89</gpxdata:cadence>
     <gpxdata:speed>4.808</gpxdata:speed>
    </extensions>
   </trkpt>
   <trkpt lat="46.0312985" lon="4.0783029">
    <ele>281</ele>
    <time>2026-05-29T19:08:07Z</time>
    <extensions>
     <gpxdata:hr>184</gpxdata:hr>
     <gpxdata:distance>2180.00</gpxdata:distance>
     <gpxdata:cadence>89</gpxdata:cadence>
     <gpxdata:speed>4.808</gpxdata:speed>
    </extensions>
   </trkpt>
   <trkpt lat="46.0313358" lon="4.0783332">
    <ele>281</ele>
    <time>2026-05-29T19:08:08Z</time>
    <extensions>
     <gpxdata:hr>186</gpxdata:hr>
     <gpxdata:distance>2185.00</gpxdata:distance>
     <gpxdata:cadence>89</gpxdata:cadence>
     <gpxdata:speed>4.808</gpxdata:speed>
    </extensions>
   </trkpt>
   <trkpt lat="46.0313732" lon="4.0783636">
    <ele>281</ele>
    <time>2026-05-29T19:08:09Z</time>
    <extensions>
     <gpxdata:hr>186</gpxdata:hr>
     <gpxdata:distance>2190.00</gpxdata:distance>
     <gpxdata:cadence>89</gpxdata:cadence>
     <gpxdata:speed>4.808</gpxdata:speed>
    </extensions>
   </trkpt>
   <trkpt lat="46.0314109" lon="4.0783922">
    <ele>281</ele>
    <time>2026-05-29T19:08:10Z</time>
    <extensions>
     <gpxdata:hr>187</gpxdata:hr>
     <gpxdata:distance>2194.50</gpxdata:distance>
     <gpxdata:cadence>89</gpxdata:cadence>
     <gpxdata:speed>4.806</gpxdata:speed>
    </extensions>
   </trkpt>
   <trkpt lat="46.0314487" lon="4.0784209">
    <ele>281</ele>
    <time>2026-05-29T19:08:11Z</time>
    <extensions>
     <gpxdata:hr>187</gpxdata:hr>
     <gpxdata:distance>2199.00</gpxdata:distance>
     <gpxdata:cadence>89</gpxdata:cadence>
     <gpxdata:speed>4.806</gpxdata:speed>
    </extensions>
   </trkpt>
   <trkpt lat="46.0314849" lon="4.0784465">
    <ele>281</ele>
    <time>2026-05-29T19:08:12Z</time>
    <extensions>
     <gpxdata:hr>188</gpxdata:hr>
     <gpxdata:distance>2203.00</gpxdata:distance>
     <gpxdata:cadence>89</gpxdata:cadence>
     <gpxdata:speed>4.806</gpxdata:speed>
    </extensions>
   </trkpt>
   <trkpt lat="46.0315211" lon="4.0784722">
    <ele>281</ele>
    <time>2026-05-29T19:08:13Z</time>
    <extensions>
     <gpxdata:hr>188</gpxdata:hr>
     <gpxdata:distance>2207.00</gpxdata:distance>
     <gpxdata:cadence>90</gpxdata:cadence>
     <gpxdata:speed>4.806</gpxdata:speed>
    </extensions>
   </trkpt>
   <trkpt lat="46.0315581" lon="4.0784974">
    <ele>281</ele>
    <time>2026-05-29T19:08:14Z</time>
    <extensions>
     <gpxdata:hr>189</gpxdata:hr>
     <gpxdata:distance>2212.00</gpxdata:distance>
     <gpxdata:cadence>89</gpxdata:cadence>
     <gpxdata:speed>4.800</gpxdata:speed>
    </extensions>
   </trkpt>
   <trkpt lat="46.0315952" lon="4.0785226">
    <ele>281</ele>
    <time>2026-05-29T19:08:15Z</time>
    <extensions>
     <gpxdata:hr>189</gpxdata:hr>
     <gpxdata:distance>2217.00</gpxdata:distance>
     <gpxdata:cadence>89</gpxdata:cadence>
     <gpxdata:speed>4.794</gpxdata:speed>
    </extensions>
   </trkpt>
   <trkpt lat="46.0316340" lon="4.0785492">
    <ele>281</ele>
    <time>2026-05-29T19:08:16Z</time>
    <extensions>
     <gpxdata:hr>188</gpxdata:hr>
     <gpxdata:distance>2222.00</gpxdata:distance>
     <gpxdata:cadence>89</gpxdata:cadence>
     <gpxdata:speed>4.789</gpxdata:speed>
    </extensions>
   </trkpt>
   <trkpt lat="46.0316728" lon="4.0785759">
    <ele>281</ele>
    <time>2026-05-29T19:08:17Z</time>
    <extensions>
     <gpxdata:hr>188</gpxdata:hr>
     <gpxdata:distance>2227.00</gpxdata:distance>
     <gpxdata:cadence>90</gpxdata:cadence>
     <gpxdata:speed>4.783</gpxdata:speed>
    </extensions>
   </trkpt>
   <trkpt lat="46.0317121" lon="4.0786049">
    <ele>281</ele>
    <time>2026-05-29T19:08:18Z</time>
    <extensions>
     <gpxdata:hr>187</gpxdata:hr>
     <gpxdata:distance>2232.00</gpxdata:distance>
     <gpxdata:cadence>90</gpxdata:cadence>
     <gpxdata:speed>4.781</gpxdata:speed>
    </extensions>
   </trkpt>
   <trkpt lat="46.0317514" lon="4.0786339">
    <ele>281</ele>
    <time>2026-05-29T19:08:19Z</time>
    <extensions>
     <gpxdata:hr>187</gpxdata:hr>
     <gpxdata:distance>2237.00</gpxdata:distance>
     <gpxdata:cadence>90</gpxdata:cadence>
     <gpxdata:speed>4.778</gpxdata:speed>
    </extensions>
   </trkpt>
   <trkpt lat="46.0317899" lon="4.0786636">
    <ele>281</ele>
    <time>2026-05-29T19:08:20Z</time>
    <extensions>
     <gpxdata:hr>187</gpxdata:hr>
     <gpxdata:distance>2241.50</gpxdata:distance>
     <gpxdata:cadence>90</gpxdata:cadence>
     <gpxdata:speed>4.775</gpxdata:speed>
    </extensions>
   </trkpt>
   <trkpt lat="46.0318285" lon="4.0786933">
    <ele>281</ele>
    <time>2026-05-29T19:08:21Z</time>
    <extensions>
     <gpxdata:hr>187</gpxdata:hr>
     <gpxdata:distance>2246.00</gpxdata:distance>
     <gpxdata:cadence>90</gpxdata:cadence>
     <gpxdata:speed>4.775</gpxdata:speed>
    </extensions>
   </trkpt>
   <trkpt lat="46.0318672" lon="4.0787207">
    <ele>281</ele>
    <time>2026-05-29T19:08:22Z</time>
    <extensions>
     <gpxdata:hr>187</gpxdata:hr>
     <gpxdata:distance>2251.00</gpxdata:distance>
     <gpxdata:cadence>90</gpxdata:cadence>
     <gpxdata:speed>4.772</gpxdata:speed>
    </extensions>
   </trkpt>
   <trkpt lat="46.0319060" lon="4.0787482">
    <ele>281</ele>
    <time>2026-05-29T19:08:23Z</time>
    <extensions>
     <gpxdata:hr>187</gpxdata:hr>
     <gpxdata:distance>2256.00</gpxdata:distance>
     <gpxdata:cadence>90</gpxdata:cadence>
     <gpxdata:speed>4.769</gpxdata:speed>
    </extensions>
   </trkpt>
   <trkpt lat="46.0319448" lon="4.0787765">
    <ele>281</ele>
    <time>2026-05-29T19:08:24Z</time>
    <extensions>
     <gpxdata:hr>188</gpxdata:hr>
     <gpxdata:distance>2261.00</gpxdata:distance>
     <gpxdata:cadence>89</gpxdata:cadence>
     <gpxdata:speed>4.767</gpxdata:speed>
    </extensions>
   </trkpt>
   <trkpt lat="46.0319837" lon="4.0788048">
    <ele>281</ele>
    <time>2026-05-29T19:08:25Z</time>
    <extensions>
     <gpxdata:hr>189</gpxdata:hr>
     <gpxdata:distance>2266.00</gpxdata:distance>
     <gpxdata:cadence>89</gpxdata:cadence>
     <gpxdata:speed>4.767</gpxdata:speed>
    </extensions>
   </trkpt>
   <trkpt lat="46.0320221" lon="4.0788353">
    <ele>281</ele>
    <time>2026-05-29T19:08:26Z</time>
    <extensions>
     <gpxdata:hr>190</gpxdata:hr>
     <gpxdata:distance>2271.00</gpxdata:distance>
     <gpxdata:cadence>89</gpxdata:cadence>
     <gpxdata:speed>4.769</gpxdata:speed>
    </extensions>
   </trkpt>
   <trkpt lat="46.0320606" lon="4.0788659">
    <ele>281</ele>
    <time>2026-05-29T19:08:27Z</time>
    <extensions>
     <gpxdata:hr>190</gpxdata:hr>
     <gpxdata:distance>2276.00</gpxdata:distance>
     <gpxdata:cadence>89</gpxdata:cadence>
     <gpxdata:speed>4.772</gpxdata:speed>
    </extensions>
   </trkpt>
   <trkpt lat="46.0320980" lon="4.0788966">
    <ele>281</ele>
    <time>2026-05-29T19:08:28Z</time>
    <extensions>
     <gpxdata:hr>190</gpxdata:hr>
     <gpxdata:distance>2280.50</gpxdata:distance>
     <gpxdata:cadence>89</gpxdata:cadence>
     <gpxdata:speed>4.775</gpxdata:speed>
    </extensions>
   </trkpt>
   <trkpt lat="46.0321355" lon="4.0789273">
    <ele>281</ele>
    <time>2026-05-29T19:08:29Z</time>
    <extensions>
     <gpxdata:hr>191</gpxdata:hr>
     <gpxdata:distance>2285.00</gpxdata:distance>
     <gpxdata:cadence>89</gpxdata:cadence>
     <gpxdata:speed>4.778</gpxdata:speed>
    </extensions>
   </trkpt>
   <trkpt lat="46.0321714" lon="4.0789558">
    <ele>281</ele>
    <time>2026-05-29T19:08:30Z</time>
    <extensions>
     <gpxdata:hr>192</gpxdata:hr>
     <gpxdata:distance>2289.50</gpxdata:distance>
     <gpxdata:cadence>89</gpxdata:cadence>
     <gpxdata:speed>4.781</gpxdata:speed>
    </extensions>
   </trkpt>
   <trkpt lat="46.0322074" lon="4.0789844">
    <ele>281</ele>
    <time>2026-05-29T19:08:31Z</time>
    <extensions>
     <gpxdata:hr>193</gpxdata:hr>
     <gpxdata:distance>2294.00</gpxdata:distance>
     <gpxdata:cadence>89</gpxdata:cadence>
     <gpxdata:speed>4.783</gpxdata:speed>
    </extensions>
   </trkpt>
   <trkpt lat="46.0322439" lon="4.0790103">
    <ele>281</ele>
    <time>2026-05-29T19:08:32Z</time>
    <extensions>
     <gpxdata:hr>193</gpxdata:hr>
     <gpxdata:distance>2296.00</gpxdata:distance>
     <gpxdata:cadence>89</gpxdata:cadence>
     <gpxdata:speed>4.786</gpxdata:speed>
    </extensions>
   </trkpt>
   <trkpt lat="46.0322804" lon="4.0790362">
    <ele>281</ele>
    <time>2026-05-29T19:08:33Z</time>
    <extensions>
     <gpxdata:hr>191</gpxdata:hr>
     <gpxdata:distance>2298.00</gpxdata:distance>
     <gpxdata:cadence>90</gpxdata:cadence>
     <gpxdata:speed>4.792</gpxdata:speed>
    </extensions>
   </trkpt>
   <trkpt lat="46.0323168" lon="4.0790621">
    <ele>281</ele>
    <time>2026-05-29T19:08:34Z</time>
    <extensions>
     <gpxdata:hr>191</gpxdata:hr>
     <gpxdata:distance>2305.00</gpxdata:distance>
     <gpxdata:cadence>90</gpxdata:cadence>
     <gpxdata:speed>4.789</gpxdata:speed>
    </extensions>
   </trkpt>
   <trkpt lat="46.0323532" lon="4.0790881">
    <ele>281</ele>
    <time>2026-05-29T19:08:35Z</time>
    <extensions>
     <gpxdata:hr>191</gpxdata:hr>
     <gpxdata:distance>2312.00</gpxdata:distance>
     <gpxdata:cadence>90</gpxdata:cadence>
     <gpxdata:speed>4.789</gpxdata:speed>
    </extensions>
   </trkpt>
   <trkpt lat="46.0323899" lon="4.0791165">
    <ele>281</ele>
    <time>2026-05-29T19:08:36Z</time>
    <extensions>
     <gpxdata:hr>190</gpxdata:hr>
     <gpxdata:distance>2317.00</gpxdata:distance>
     <gpxdata:cadence>90</gpxdata:cadence>
     <gpxdata:speed>4.786</gpxdata:speed>
    </extensions>
   </trkpt>
   <trkpt lat="46.0324267" lon="4.0791450">
    <ele>281</ele>
    <time>2026-05-29T19:08:37Z</time>
    <extensions>
     <gpxdata:hr>190</gpxdata:hr>
     <gpxdata:distance>2322.00</gpxdata:distance>
     <gpxdata:cadence>90</gpxdata:cadence>
     <gpxdata:speed>4.783</gpxdata:speed>
    </extensions>
   </trkpt>
   <trkpt lat="46.0324649" lon="4.0791741">
    <ele>281</ele>
    <time>2026-05-29T19:08:38Z</time>
    <extensions>
     <gpxdata:hr>190</gpxdata:hr>
     <gpxdata:distance>2327.00</gpxdata:distance>
     <gpxdata:cadence>90</gpxdata:cadence>
     <gpxdata:speed>4.781</gpxdata:speed>
    </extensions>
   </trkpt>
   <trkpt lat="46.0325032" lon="4.0792032">
    <ele>281</ele>
    <time>2026-05-29T19:08:39Z</time>
    <extensions>
     <gpxdata:hr>190</gpxdata:hr>
     <gpxdata:distance>2332.00</gpxdata:distance>
     <gpxdata:cadence>90</gpxdata:cadence>
     <gpxdata:speed>4.778</gpxdata:speed>
    </extensions>
   </trkpt>
   <trkpt lat="46.0325403" lon="4.0792323">
    <ele>281</ele>
    <time>2026-05-29T19:08:40Z</time>
    <extensions>
     <gpxdata:hr>190</gpxdata:hr>
     <gpxdata:distance>2336.00</gpxdata:distance>
     <gpxdata:cadence>90</gpxdata:cadence>
     <gpxdata:speed>4.775</gpxdata:speed>
    </extensions>
   </trkpt>
   <trkpt lat="46.0325774" lon="4.0792614">
    <ele>281</ele>
    <time>2026-05-29T19:08:41Z</time>
    <extensions>
     <gpxdata:hr>190</gpxdata:hr>
     <gpxdata:distance>2340.00</gpxdata:distance>
     <gpxdata:cadence>90</gpxdata:cadence>
     <gpxdata:speed>4.775</gpxdata:speed>
    </extensions>
   </trkpt>
   <trkpt lat="46.0326108" lon="4.0792907">
    <ele>282</ele>
    <time>2026-05-29T19:08:42Z</time>
    <extensions>
     <gpxdata:hr>190</gpxdata:hr>
     <gpxdata:distance>2344.00</gpxdata:distance>
     <gpxdata:cadence>90</gpxdata:cadence>
     <gpxdata:speed>4.775</gpxdata:speed>
    </extensions>
   </trkpt>
   <trkpt lat="46.0326443" lon="4.0793200">
    <ele>282</ele>
    <time>2026-05-29T19:08:43Z</time>
    <extensions>
     <gpxdata:hr>191</gpxdata:hr>
     <gpxdata:distance>2348.00</gpxdata:distance>
     <gpxdata:cadence>90</gpxdata:cadence>
     <gpxdata:speed>4.778</gpxdata:speed>
    </extensions>
   </trkpt>
   <trkpt lat="46.0326727" lon="4.0793564">
    <ele>282</ele>
    <time>2026-05-29T19:08:44Z</time>
    <extensions>
     <gpxdata:hr>191</gpxdata:hr>
     <gpxdata:distance>2352.50</gpxdata:distance>
     <gpxdata:cadence>90</gpxdata:cadence>
     <gpxdata:speed>4.775</gpxdata:speed>
    </extensions>
   </trkpt>
   <trkpt lat="46.0327011" lon="4.0793928">
    <ele>282</ele>
    <time>2026-05-29T19:08:45Z</time>
    <extensions>
     <gpxdata:hr>191</gpxdata:hr>
     <gpxdata:distance>2357.00</gpxdata:distance>
     <gpxdata:cadence>90</gpxdata:cadence>
     <gpxdata:speed>4.775</gpxdata:speed>
    </extensions>
   </trkpt>
   <trkpt lat="46.0327110" lon="4.0794432">
    <ele>282</ele>
    <time>2026-05-29T19:08:46Z</time>
    <extensions>
     <gpxdata:hr>190</gpxdata:hr>
     <gpxdata:distance>2362.00</gpxdata:distance>
     <gpxdata:cadence>90</gpxdata:cadence>
     <gpxdata:speed>4.767</gpxdata:speed>
    </extensions>
   </trkpt>
   <trkpt lat="46.0327209" lon="4.0794937">
    <ele>282</ele>
    <time>2026-05-29T19:08:47Z</time>
    <extensions>
     <gpxdata:hr>190</gpxdata:hr>
     <gpxdata:distance>2367.00</gpxdata:distance>
     <gpxdata:cadence>91</gpxdata:cadence>
     <gpxdata:speed>4.761</gpxdata:speed>
    </extensions>
   </trkpt>
   <trkpt lat="46.0327091" lon="4.0795501">
    <ele>282</ele>
    <time>2026-05-29T19:08:48Z</time>
    <extensions>
     <gpxdata:hr>190</gpxdata:hr>
     <gpxdata:distance>2372.00</gpxdata:distance>
     <gpxdata:cadence>91</gpxdata:cadence>
     <gpxdata:speed>4.753</gpxdata:speed>
    </extensions>
   </trkpt>
   <trkpt lat="46.0326973" lon="4.0796065">
    <ele>282</ele>
    <time>2026-05-29T19:08:49Z</time>
    <extensions>
     <gpxdata:hr>189</gpxdata:hr>
     <gpxdata:distance>2377.00</gpxdata:distance>
     <gpxdata:cadence>91</gpxdata:cadence>
     <gpxdata:speed>4.747</gpxdata:speed>
    </extensions>
   </trkpt>
   <trkpt lat="46.0326754" lon="4.0796617">
    <ele>282</ele>
    <time>2026-05-29T19:08:50Z</time>
    <extensions>
     <gpxdata:hr>189</gpxdata:hr>
     <gpxdata:distance>2381.50</gpxdata:distance>
     <gpxdata:cadence>91</gpxdata:cadence>
     <gpxdata:speed>4.744</gpxdata:speed>
    </extensions>
   </trkpt>
   <trkpt lat="46.0326536" lon="4.0797169">
    <ele>282</ele>
    <time>2026-05-29T19:08:51Z</time>
    <extensions>
     <gpxdata:hr>189</gpxdata:hr>
     <gpxdata:distance>2386.00</gpxdata:distance>
     <gpxdata:cadence>91</gpxdata:cadence>
     <gpxdata:speed>4.742</gpxdata:speed>
    </extensions>
   </trkpt>
   <trkpt lat="46.0326291" lon="4.0797689">
    <ele>282</ele>
    <time>2026-05-29T19:08:52Z</time>
    <extensions>
     <gpxdata:hr>189</gpxdata:hr>
     <gpxdata:distance>2390.50</gpxdata:distance>
     <gpxdata:cadence>90</gpxdata:cadence>
     <gpxdata:speed>4.742</gpxdata:speed>
    </extensions>
   </trkpt>
   <trkpt lat="46.0326046" lon="4.0798210">
    <ele>282</ele>
    <time>2026-05-29T19:08:53Z</time>
    <extensions>
     <gpxdata:hr>189</gpxdata:hr>
     <gpxdata:distance>2395.00</gpxdata:distance>
     <gpxdata:cadence>90</gpxdata:cadence>
     <gpxdata:speed>4.744</gpxdata:speed>
    </extensions>
   </trkpt>
   <trkpt lat="46.0325811" lon="4.0798713">
    <ele>282</ele>
    <time>2026-05-29T19:08:54Z</time>
    <extensions>
     <gpxdata:hr>188</gpxdata:hr>
     <gpxdata:distance>2399.50</gpxdata:distance>
     <gpxdata:cadence>89</gpxdata:cadence>
     <gpxdata:speed>4.744</gpxdata:speed>
    </extensions>
   </trkpt>
   <trkpt lat="46.0325576" lon="4.0799216">
    <ele>282</ele>
    <time>2026-05-29T19:08:55Z</time>
    <extensions>
     <gpxdata:hr>188</gpxdata:hr>
     <gpxdata:distance>2404.00</gpxdata:distance>
     <gpxdata:cadence>89</gpxdata:cadence>
     <gpxdata:speed>4.747</gpxdata:speed>
    </extensions>
   </trkpt>
   <trkpt lat="46.0325374" lon="4.0799728">
    <ele>282</ele>
    <time>2026-05-29T19:08:56Z</time>
    <extensions>
     <gpxdata:hr>188</gpxdata:hr>
     <gpxdata:distance>2408.50</gpxdata:distance>
     <gpxdata:cadence>89</gpxdata:cadence>
     <gpxdata:speed>4.747</gpxdata:speed>
    </extensions>
   </trkpt>
   <trkpt lat="46.0325172" lon="4.0800240">
    <ele>282</ele>
    <time>2026-05-29T19:08:57Z</time>
    <extensions>
     <gpxdata:hr>188</gpxdata:hr>
     <gpxdata:distance>2413.00</gpxdata:distance>
     <gpxdata:cadence>89</gpxdata:cadence>
     <gpxdata:speed>4.747</gpxdata:speed>
    </extensions>
   </trkpt>
   <trkpt lat="46.0324983" lon="4.0800769">
    <ele>282</ele>
    <time>2026-05-29T19:08:58Z</time>
    <extensions>
     <gpxdata:hr>187</gpxdata:hr>
     <gpxdata:distance>2418.00</gpxdata:distance>
     <gpxdata:cadence>89</gpxdata:cadence>
     <gpxdata:speed>4.747</gpxdata:speed>
    </extensions>
   </trkpt>
   <trkpt lat="46.0324795" lon="4.0801298">
    <ele>282</ele>
    <time>2026-05-29T19:08:59Z</time>
    <extensions>
     <gpxdata:hr>187</gpxdata:hr>
     <gpxdata:distance>2423.00</gpxdata:distance>
     <gpxdata:cadence>89</gpxdata:cadence>
     <gpxdata:speed>4.747</gpxdata:speed>
    </extensions>
   </trkpt>
   <trkpt lat="46.0324605" lon="4.0801834">
    <ele>282</ele>
    <time>2026-05-29T19:09:00Z</time>
    <extensions>
     <gpxdata:hr>186</gpxdata:hr>
     <gpxdata:distance>2427.50</gpxdata:distance>
     <gpxdata:cadence>89</gpxdata:cadence>
     <gpxdata:speed>4.744</gpxdata:speed>
    </extensions>
   </trkpt>
   <trkpt lat="46.0324415" lon="4.0802371">
    <ele>282</ele>
    <time>2026-05-29T19:09:01Z</time>
    <extensions>
     <gpxdata:hr>186</gpxdata:hr>
     <gpxdata:distance>2432.00</gpxdata:distance>
     <gpxdata:cadence>89</gpxdata:cadence>
     <gpxdata:speed>4.744</gpxdata:speed>
    </extensions>
   </trkpt>
   <trkpt lat="46.0324219" lon="4.0802902">
    <ele>282</ele>
    <time>2026-05-29T19:09:02Z</time>
    <extensions>
     <gpxdata:hr>186</gpxdata:hr>
     <gpxdata:distance>2436.50</gpxdata:distance>
     <gpxdata:cadence>89</gpxdata:cadence>
     <gpxdata:speed>4.742</gpxdata:speed>
    </extensions>
   </trkpt>
   <trkpt lat="46.0324024" lon="4.0803434">
    <ele>282</ele>
    <time>2026-05-29T19:09:03Z</time>
    <extensions>
     <gpxdata:hr>187</gpxdata:hr>
     <gpxdata:distance>2441.00</gpxdata:distance>
     <gpxdata:cadence>89</gpxdata:cadence>
     <gpxdata:speed>4.742</gpxdata:speed>
    </extensions>
   </trkpt>
   <trkpt lat="46.0323825" lon="4.0803958">
    <ele>282</ele>
    <time>2026-05-29T19:09:04Z</time>
    <extensions>
     <gpxdata:hr>188</gpxdata:hr>
     <gpxdata:distance>2445.50</gpxdata:distance>
     <gpxdata:cadence>89</gpxdata:cadence>
     <gpxdata:speed>4.739</gpxdata:speed>
    </extensions>
   </trkpt>
   <trkpt lat="46.0323626" lon="4.0804482">
    <ele>282</ele>
    <time>2026-05-29T19:09:05Z</time>
    <extensions>
     <gpxdata:hr>188</gpxdata:hr>
     <gpxdata:distance>2450.00</gpxdata:distance>
     <gpxdata:cadence>89</gpxdata:cadence>
     <gpxdata:speed>4.739</gpxdata:speed>
    </extensions>
   </trkpt>
   <trkpt lat="46.0323433" lon="4.0804985">
    <ele>282</ele>
    <time>2026-05-29T19:09:06Z</time>
    <extensions>
     <gpxdata:hr>189</gpxdata:hr>
     <gpxdata:distance>2454.50</gpxdata:distance>
     <gpxdata:cadence>89</gpxdata:cadence>
     <gpxdata:speed>4.736</gpxdata:speed>
    </extensions>
   </trkpt>
   <trkpt lat="46.0323240" lon="4.0805489">
    <ele>282</ele>
    <time>2026-05-29T19:09:07Z</time>
    <extensions>
     <gpxdata:hr>190</gpxdata:hr>
     <gpxdata:distance>2459.00</gpxdata:distance>
     <gpxdata:cadence>89</gpxdata:cadence>
     <gpxdata:speed>4.736</gpxdata:speed>
    </extensions>
   </trkpt>
   <trkpt lat="46.0323049" lon="4.0805975">
    <ele>282</ele>
    <time>2026-05-29T19:09:08Z</time>
    <extensions>
     <gpxdata:hr>191</gpxdata:hr>
     <gpxdata:distance>2463.00</gpxdata:distance>
     <gpxdata:cadence>88</gpxdata:cadence>
     <gpxdata:speed>4.733</gpxdata:speed>
    </extensions>
   </trkpt>
   <trkpt lat="46.0322859" lon="4.0806462">
    <ele>282</ele>
    <time>2026-05-29T19:09:09Z</time>
    <extensions>
     <gpxdata:hr>191</gpxdata:hr>
     <gpxdata:distance>2467.00</gpxdata:distance>
     <gpxdata:cadence>88</gpxdata:cadence>
     <gpxdata:speed>4.733</gpxdata:speed>
    </extensions>
   </trkpt>
   <trkpt lat="46.0322680" lon="4.0806959">
    <ele>282</ele>
    <time>2026-05-29T19:09:10Z</time>
    <extensions>
     <gpxdata:hr>192</gpxdata:hr>
     <gpxdata:distance>2471.50</gpxdata:distance>
     <gpxdata:cadence>88</gpxdata:cadence>
     <gpxdata:speed>4.725</gpxdata:speed>
    </extensions>
   </trkpt>
   <trkpt lat="46.0322501" lon="4.0807456">
    <ele>282</ele>
    <time>2026-05-29T19:09:11Z</time>
    <extensions>
     <gpxdata:hr>192</gpxdata:hr>
     <gpxdata:distance>2476.00</gpxdata:distance>
     <gpxdata:cadence>88</gpxdata:cadence>
     <gpxdata:speed>4.719</gpxdata:speed>
    </extensions>
   </trkpt>
   <trkpt lat="46.0322320" lon="4.0807973">
    <ele>282</ele>
    <time>2026-05-29T19:09:12Z</time>
    <extensions>
     <gpxdata:hr>191</gpxdata:hr>
     <gpxdata:distance>2478.50</gpxdata:distance>
     <gpxdata:cadence>88</gpxdata:cadence>
     <gpxdata:speed>4.708</gpxdata:speed>
    </extensions>
   </trkpt>
   <trkpt lat="46.0322140" lon="4.0808491">
    <ele>282</ele>
    <time>2026-05-29T19:09:13Z</time>
    <extensions>
     <gpxdata:hr>191</gpxdata:hr>
     <gpxdata:distance>2481.00</gpxdata:distance>
     <gpxdata:cadence>87</gpxdata:cadence>
     <gpxdata:speed>4.700</gpxdata:speed>
    </extensions>
   </trkpt>
   <trkpt lat="46.0321938" lon="4.0809026">
    <ele>282</ele>
    <time>2026-05-29T19:09:14Z</time>
    <extensions>
     <gpxdata:hr>191</gpxdata:hr>
     <gpxdata:distance>2486.00</gpxdata:distance>
     <gpxdata:cadence>86</gpxdata:cadence>
     <gpxdata:speed>4.689</gpxdata:speed>
    </extensions>
   </trkpt>
   <trkpt lat="46.0321736" lon="4.0809561">
    <ele>282</ele>
    <time>2026-05-29T19:09:15Z</time>
    <extensions>
     <gpxdata:hr>191</gpxdata:hr>
     <gpxdata:distance>2491.00</gpxdata:distance>
     <gpxdata:cadence>86</gpxdata:cadence>
     <gpxdata:speed>4.678</gpxdata:speed>
    </extensions>
   </trkpt>
   <trkpt lat="46.0321522" lon="4.0810088">
    <ele>282</ele>
    <time>2026-05-29T19:09:16Z</time>
    <extensions>
     <gpxdata:hr>191</gpxdata:hr>
     <gpxdata:distance>2497.50</gpxdata:distance>
     <gpxdata:cadence>86</gpxdata:cadence>
     <gpxdata:speed>4.678</gpxdata:speed>
    </extensions>
   </trkpt>
   <trkpt lat="46.0321308" lon="4.0810615">
    <ele>282</ele>
    <time>2026-05-29T19:09:17Z</time>
    <extensions>
     <gpxdata:hr>191</gpxdata:hr>
     <gpxdata:distance>2504.00</gpxdata:distance>
     <gpxdata:cadence>86</gpxdata:cadence>
     <gpxdata:speed>4.678</gpxdata:speed>
    </extensions>
   </trkpt>
   <trkpt lat="46.0321101" lon="4.0811131">
    <ele>282</ele>
    <time>2026-05-29T19:09:18Z</time>
    <extensions>
     <gpxdata:hr>190</gpxdata:hr>
     <gpxdata:distance>2508.50</gpxdata:distance>
     <gpxdata:cadence>86</gpxdata:cadence>
     <gpxdata:speed>4.681</gpxdata:speed>
    </extensions>
   </trkpt>
   <trkpt lat="46.0320894" lon="4.0811647">
    <ele>282</ele>
    <time>2026-05-29T19:09:19Z</time>
    <extensions>
     <gpxdata:hr>190</gpxdata:hr>
     <gpxdata:distance>2513.00</gpxdata:distance>
     <gpxdata:cadence>87</gpxdata:cadence>
     <gpxdata:speed>4.686</gpxdata:speed>
    </extensions>
   </trkpt>
   <trkpt lat="46.0320702" lon="4.0812154">
    <ele>282</ele>
    <time>2026-05-29T19:09:20Z</time>
    <extensions>
     <gpxdata:hr>189</gpxdata:hr>
     <gpxdata:distance>2517.50</gpxdata:distance>
     <gpxdata:cadence>88</gpxdata:cadence>
     <gpxdata:speed>4.689</gpxdata:speed>
    </extensions>
   </trkpt>
   <trkpt lat="46.0320511" lon="4.0812662">
    <ele>282</ele>
    <time>2026-05-29T19:09:21Z</time>
    <extensions>
     <gpxdata:hr>189</gpxdata:hr>
     <gpxdata:distance>2522.00</gpxdata:distance>
     <gpxdata:cadence>89</gpxdata:cadence>
     <gpxdata:speed>4.692</gpxdata:speed>
    </extensions>
   </trkpt>
   <trkpt lat="46.0320326" lon="4.0813176">
    <ele>282</ele>
    <time>2026-05-29T19:09:22Z</time>
    <extensions>
     <gpxdata:hr>190</gpxdata:hr>
     <gpxdata:distance>2526.50</gpxdata:distance>
     <gpxdata:cadence>89</gpxdata:cadence>
     <gpxdata:speed>4.692</gpxdata:speed>
    </extensions>
   </trkpt>
   <trkpt lat="46.0320142" lon="4.0813691">
    <ele>282</ele>
    <time>2026-05-29T19:09:23Z</time>
    <extensions>
     <gpxdata:hr>189</gpxdata:hr>
     <gpxdata:distance>2531.00</gpxdata:distance>
     <gpxdata:cadence>89</gpxdata:cadence>
     <gpxdata:speed>4.694</gpxdata:speed>
    </extensions>
   </trkpt>
   <trkpt lat="46.0319954" lon="4.0814217">
    <ele>282</ele>
    <time>2026-05-29T19:09:24Z</time>
    <extensions>
     <gpxdata:hr>189</gpxdata:hr>
     <gpxdata:distance>2535.50</gpxdata:distance>
     <gpxdata:cadence>89</gpxdata:cadence>
     <gpxdata:speed>4.694</gpxdata:speed>
    </extensions>
   </trkpt>
   <trkpt lat="46.0319767" lon="4.0814743">
    <ele>282</ele>
    <time>2026-05-29T19:09:25Z</time>
    <extensions>
     <gpxdata:hr>188</gpxdata:hr>
     <gpxdata:distance>2540.00</gpxdata:distance>
     <gpxdata:cadence>89</gpxdata:cadence>
     <gpxdata:speed>4.694</gpxdata:speed>
    </extensions>
   </trkpt>
   <trkpt lat="46.0319584" lon="4.0815265">
    <ele>282</ele>
    <time>2026-05-29T19:09:26Z</time>
    <extensions>
     <gpxdata:hr>188</gpxdata:hr>
     <gpxdata:distance>2544.50</gpxdata:distance>
     <gpxdata:cadence>89</gpxdata:cadence>
     <gpxdata:speed>4.694</gpxdata:speed>
    </extensions>
   </trkpt>
   <trkpt lat="46.0319401" lon="4.0815787">
    <ele>282</ele>
    <time>2026-05-29T19:09:27Z</time>
    <extensions>
     <gpxdata:hr>187</gpxdata:hr>
     <gpxdata:distance>2549.00</gpxdata:distance>
     <gpxdata:cadence>89</gpxdata:cadence>
     <gpxdata:speed>4.694</gpxdata:speed>
    </extensions>
   </trkpt>
   <trkpt lat="46.0319209" lon="4.0816302">
    <ele>282</ele>
    <time>2026-05-29T19:09:28Z</time>
    <extensions>
     <gpxdata:hr>187</gpxdata:hr>
     <gpxdata:distance>2553.50</gpxdata:distance>
     <gpxdata:cadence>89</gpxdata:cadence>
     <gpxdata:speed>4.692</gpxdata:speed>
    </extensions>
   </trkpt>
   <trkpt lat="46.0319017" lon="4.0816817">
    <ele>282</ele>
    <time>2026-05-29T19:09:29Z</time>
    <extensions>
     <gpxdata:hr>186</gpxdata:hr>
     <gpxdata:distance>2558.00</gpxdata:distance>
     <gpxdata:cadence>89</gpxdata:cadence>
     <gpxdata:speed>4.692</gpxdata:speed>
    </extensions>
   </trkpt>
   <trkpt lat="46.0318813" lon="4.0817333">
    <ele>282</ele>
    <time>2026-05-29T19:09:30Z</time>
    <extensions>
     <gpxdata:hr>186</gpxdata:hr>
     <gpxdata:distance>2563.00</gpxdata:distance>
     <gpxdata:cadence>89</gpxdata:cadence>
     <gpxdata:speed>4.692</gpxdata:speed>
    </extensions>
   </trkpt>
   <trkpt lat="46.0318610" lon="4.0817850">
    <ele>282</ele>
    <time>2026-05-29T19:09:31Z</time>
    <extensions>
     <gpxdata:hr>185</gpxdata:hr>
     <gpxdata:distance>2568.00</gpxdata:distance>
     <gpxdata:cadence>89</gpxdata:cadence>
     <gpxdata:speed>4.692</gpxdata:speed>
    </extensions>
   </trkpt>
   <trkpt lat="46.0318411" lon="4.0818367">
    <ele>282</ele>
    <time>2026-05-29T19:09:32Z</time>
    <extensions>
     <gpxdata:hr>185</gpxdata:hr>
     <gpxdata:distance>2572.50</gpxdata:distance>
     <gpxdata:cadence>88</gpxdata:cadence>
     <gpxdata:speed>4.692</gpxdata:speed>
    </extensions>
   </trkpt>
   <trkpt lat="46.0318212" lon="4.0818885">
    <ele>282</ele>
    <time>2026-05-29T19:09:33Z</time>
    <extensions>
     <gpxdata:hr>184</gpxdata:hr>
     <gpxdata:distance>2577.00</gpxdata:distance>
     <gpxdata:cadence>88</gpxdata:cadence>
     <gpxdata:speed>4.692</gpxdata:speed>
    </extensions>
   </trkpt>
   <trkpt lat="46.0318013" lon="4.0819408">
    <ele>282</ele>
    <time>2026-05-29T19:09:34Z</time>
    <extensions>
     <gpxdata:hr>183</gpxdata:hr>
     <gpxdata:distance>2581.50</gpxdata:distance>
     <gpxdata:cadence>88</gpxdata:cadence>
     <gpxdata:speed>4.692</gpxdata:speed>
    </extensions>
   </trkpt>
   <trkpt lat="46.0317815" lon="4.0819931">
    <ele>282</ele>
    <time>2026-05-29T19:09:35Z</time>
    <extensions>
     <gpxdata:hr>182</gpxdata:hr>
     <gpxdata:distance>2586.00</gpxdata:distance>
     <gpxdata:cadence>88</gpxdata:cadence>
     <gpxdata:speed>4.692</gpxdata:speed>
    </extensions>
   </trkpt>
   <trkpt lat="46.0317602" lon="4.0820460">
    <ele>282</ele>
    <time>2026-05-29T19:09:36Z</time>
    <extensions>
     <gpxdata:hr>181</gpxdata:hr>
     <gpxdata:distance>2591.00</gpxdata:distance>
     <gpxdata:cadence>88</gpxdata:cadence>
     <gpxdata:speed>4.692</gpxdata:speed>
    </extensions>
   </trkpt>
   <trkpt lat="46.0317390" lon="4.0820989">
    <ele>282</ele>
    <time>2026-05-29T19:09:37Z</time>
    <extensions>
     <gpxdata:hr>181</gpxdata:hr>
     <gpxdata:distance>2596.00</gpxdata:distance>
     <gpxdata:cadence>89</gpxdata:cadence>
     <gpxdata:speed>4.692</gpxdata:speed>
    </extensions>
   </trkpt>
   <trkpt lat="46.0317161" lon="4.0821490">
    <ele>282</ele>
    <time>2026-05-29T19:09:38Z</time>
    <extensions>
     <gpxdata:hr>180</gpxdata:hr>
     <gpxdata:distance>2600.00</gpxdata:distance>
     <gpxdata:cadence>89</gpxdata:cadence>
     <gpxdata:speed>4.697</gpxdata:speed>
    </extensions>
   </trkpt>
   <trkpt lat="46.0316932" lon="4.0821992">
    <ele>282</ele>
    <time>2026-05-29T19:09:39Z</time>
    <extensions>
     <gpxdata:hr>180</gpxdata:hr>
     <gpxdata:distance>2604.00</gpxdata:distance>
     <gpxdata:cadence>89</gpxdata:cadence>
     <gpxdata:speed>4.703</gpxdata:speed>
    </extensions>
   </trkpt>
   <trkpt lat="46.0316676" lon="4.0822464">
    <ele>282</ele>
    <time>2026-05-29T19:09:40Z</time>
    <extensions>
     <gpxdata:hr>180</gpxdata:hr>
     <gpxdata:distance>2609.00</gpxdata:distance>
     <gpxdata:cadence>89</gpxdata:cadence>
     <gpxdata:speed>4.708</gpxdata:speed>
    </extensions>
   </trkpt>
   <trkpt lat="46.0316421" lon="4.0822936">
    <ele>282</ele>
    <time>2026-05-29T19:09:41Z</time>
    <extensions>
     <gpxdata:hr>180</gpxdata:hr>
     <gpxdata:distance>2614.00</gpxdata:distance>
     <gpxdata:cadence>89</gpxdata:cadence>
     <gpxdata:speed>4.717</gpxdata:speed>
    </extensions>
   </trkpt>
   <trkpt lat="46.0316156" lon="4.0823395">
    <ele>282</ele>
    <time>2026-05-29T19:09:42Z</time>
    <extensions>
     <gpxdata:hr>180</gpxdata:hr>
     <gpxdata:distance>2618.50</gpxdata:distance>
     <gpxdata:cadence>90</gpxdata:cadence>
     <gpxdata:speed>4.731</gpxdata:speed>
    </extensions>
   </trkpt>
   <trkpt lat="46.0315892" lon="4.0823855">
    <ele>282</ele>
    <time>2026-05-29T19:09:43Z</time>
    <extensions>
     <gpxdata:hr>180</gpxdata:hr>
     <gpxdata:distance>2623.00</gpxdata:distance>
     <gpxdata:cadence>90</gpxdata:cadence>
     <gpxdata:speed>4.744</gpxdata:speed>
    </extensions>
   </trkpt>
   <trkpt lat="46.0315624" lon="4.0824316">
    <ele>282</ele>
    <time>2026-05-29T19:09:44Z</time>
    <extensions>
     <gpxdata:hr>180</gpxdata:hr>
     <gpxdata:distance>2628.00</gpxdata:distance>
     <gpxdata:cadence>90</gpxdata:cadence>
     <gpxdata:speed>4.747</gpxdata:speed>
    </extensions>
   </trkpt>
   <trkpt lat="46.0315357" lon="4.0824778">
    <ele>282</ele>
    <time>2026-05-29T19:09:45Z</time>
    <extensions>
     <gpxdata:hr>180</gpxdata:hr>
     <gpxdata:distance>2633.00</gpxdata:distance>
     <gpxdata:cadence>90</gpxdata:cadence>
     <gpxdata:speed>4.750</gpxdata:speed>
    </extensions>
   </trkpt>
   <trkpt lat="46.0315070" lon="4.0825230">
    <ele>282</ele>
    <time>2026-05-29T19:09:46Z</time>
    <extensions>
     <gpxdata:hr>180</gpxdata:hr>
     <gpxdata:distance>2637.50</gpxdata:distance>
     <gpxdata:cadence>90</gpxdata:cadence>
     <gpxdata:speed>4.747</gpxdata:speed>
    </extensions>
   </trkpt>
   <trkpt lat="46.0314783" lon="4.0825682">
    <ele>282</ele>
    <time>2026-05-29T19:09:47Z</time>
    <extensions>
     <gpxdata:hr>180</gpxdata:hr>
     <gpxdata:distance>2642.00</gpxdata:distance>
     <gpxdata:cadence>90</gpxdata:cadence>
     <gpxdata:speed>4.744</gpxdata:speed>
    </extensions>
   </trkpt>
   <trkpt lat="46.0314451" lon="4.0826041">
    <ele>282</ele>
    <time>2026-05-29T19:09:48Z</time>
    <extensions>
     <gpxdata:hr>180</gpxdata:hr>
     <gpxdata:distance>2646.50</gpxdata:distance>
     <gpxdata:cadence>89</gpxdata:cadence>
     <gpxdata:speed>4.739</gpxdata:speed>
    </extensions>
   </trkpt>
   <trkpt lat="46.0314120" lon="4.0826401">
    <ele>282</ele>
    <time>2026-05-29T19:09:49Z</time>
    <extensions>
     <gpxdata:hr>179</gpxdata:hr>
     <gpxdata:distance>2651.00</gpxdata:distance>
     <gpxdata:cadence>89</gpxdata:cadence>
     <gpxdata:speed>4.733</gpxdata:speed>
    </extensions>
   </trkpt>
   <trkpt lat="46.0313748" lon="4.0826669">
    <ele>282</ele>
    <time>2026-05-29T19:09:50Z</time>
    <extensions>
     <gpxdata:hr>179</gpxdata:hr>
     <gpxdata:distance>2656.00</gpxdata:distance>
     <gpxdata:cadence>89</gpxdata:cadence>
     <gpxdata:speed>4.728</gpxdata:speed>
    </extensions>
   </trkpt>
   <trkpt lat="46.0313376" lon="4.0826937">
    <ele>282</ele>
    <time>2026-05-29T19:09:51Z</time>
    <extensions>
     <gpxdata:hr>179</gpxdata:hr>
     <gpxdata:distance>2661.00</gpxdata:distance>
     <gpxdata:cadence>89</gpxdata:cadence>
     <gpxdata:speed>4.725</gpxdata:speed>
    </extensions>
   </trkpt>
   <trkpt lat="46.0312993" lon="4.0827199">
    <ele>282</ele>
    <time>2026-05-29T19:09:52Z</time>
    <extensions>
     <gpxdata:hr>179</gpxdata:hr>
     <gpxdata:distance>2665.50</gpxdata:distance>
     <gpxdata:cadence>89</gpxdata:cadence>
     <gpxdata:speed>4.719</gpxdata:speed>
    </extensions>
   </trkpt>
   <trkpt lat="46.0312611" lon="4.0827461">
    <ele>282</ele>
    <time>2026-05-29T19:09:53Z</time>
    <extensions>
     <gpxdata:hr>179</gpxdata:hr>
     <gpxdata:distance>2670.00</gpxdata:distance>
     <gpxdata:cadence>89</gpxdata:cadence>
     <gpxdata:speed>4.717</gpxdata:speed>
    </extensions>
   </trkpt>
   <trkpt lat="46.0312234" lon="4.0827734">
    <ele>282</ele>
    <time>2026-05-29T19:09:54Z</time>
    <extensions>
     <gpxdata:hr>180</gpxdata:hr>
     <gpxdata:distance>2674.50</gpxdata:distance>
     <gpxdata:cadence>89</gpxdata:cadence>
     <gpxdata:speed>4.711</gpxdata:speed>
    </extensions>
   </trkpt>
   <trkpt lat="46.0311858" lon="4.0828007">
    <ele>282</ele>
    <time>2026-05-29T19:09:55Z</time>
    <extensions>
     <gpxdata:hr>180</gpxdata:hr>
     <gpxdata:distance>2679.00</gpxdata:distance>
     <gpxdata:cadence>89</gpxdata:cadence>
     <gpxdata:speed>4.708</gpxdata:speed>
    </extensions>
   </trkpt>
   <trkpt lat="46.0311485" lon="4.0828280">
    <ele>282</ele>
    <time>2026-05-29T19:09:56Z</time>
    <extensions>
     <gpxdata:hr>180</gpxdata:hr>
     <gpxdata:distance>2684.00</gpxdata:distance>
     <gpxdata:cadence>89</gpxdata:cadence>
     <gpxdata:speed>4.703</gpxdata:speed>
    </extensions>
   </trkpt>
   <trkpt lat="46.0311113" lon="4.0828554">
    <ele>282</ele>
    <time>2026-05-29T19:09:57Z</time>
    <extensions>
     <gpxdata:hr>180</gpxdata:hr>
     <gpxdata:distance>2689.00</gpxdata:distance>
     <gpxdata:cadence>89</gpxdata:cadence>
     <gpxdata:speed>4.697</gpxdata:speed>
    </extensions>
   </trkpt>
   <trkpt lat="46.0310734" lon="4.0828804">
    <ele>282</ele>
    <time>2026-05-29T19:09:58Z</time>
    <extensions>
     <gpxdata:hr>181</gpxdata:hr>
     <gpxdata:distance>2693.50</gpxdata:distance>
     <gpxdata:cadence>89</gpxdata:cadence>
     <gpxdata:speed>4.683</gpxdata:speed>
    </extensions>
   </trkpt>
   <trkpt lat="46.0310356" lon="4.0829054">
    <ele>282</ele>
    <time>2026-05-29T19:09:59Z</time>
    <extensions>
     <gpxdata:hr>181</gpxdata:hr>
     <gpxdata:distance>2698.00</gpxdata:distance>
     <gpxdata:cadence>88</gpxdata:cadence>
     <gpxdata:speed>4.669</gpxdata:speed>
    </extensions>
   </trkpt>
   <trkpt lat="46.0309959" lon="4.0829258">
    <ele>282</ele>
    <time>2026-05-29T19:10:00Z</time>
    <extensions>
     <gpxdata:hr>181</gpxdata:hr>
     <gpxdata:distance>2703.00</gpxdata:distance>
     <gpxdata:cadence>88</gpxdata:cadence>
     <gpxdata:speed>4.658</gpxdata:speed>
    </extensions>
   </trkpt>
   <trkpt lat="46.0309562" lon="4.0829463">
    <ele>282</ele>
    <time>2026-05-29T19:10:01Z</time>
    <extensions>
     <gpxdata:hr>180</gpxdata:hr>
     <gpxdata:distance>2708.00</gpxdata:distance>
     <gpxdata:cadence>88</gpxdata:cadence>
     <gpxdata:speed>4.647</gpxdata:speed>
    </extensions>
   </trkpt>
   <trkpt lat="46.0309154" lon="4.0829667">
    <ele>282</ele>
    <time>2026-05-29T19:10:02Z</time>
    <extensions>
     <gpxdata:hr>181</gpxdata:hr>
     <gpxdata:distance>2712.50</gpxdata:distance>
     <gpxdata:cadence>88</gpxdata:cadence>
     <gpxdata:speed>4.642</gpxdata:speed>
    </extensions>
   </trkpt>
   <trkpt lat="46.0308746" lon="4.0829872">
    <ele>282</ele>
    <time>2026-05-29T19:10:03Z</time>
    <extensions>
     <gpxdata:hr>182</gpxdata:hr>
     <gpxdata:distance>2717.00</gpxdata:distance>
     <gpxdata:cadence>88</gpxdata:cadence>
     <gpxdata:speed>4.639</gpxdata:speed>
    </extensions>
   </trkpt>
   <trkpt lat="46.0308341" lon="4.0830083">
    <ele>282</ele>
    <time>2026-05-29T19:10:04Z</time>
    <extensions>
     <gpxdata:hr>182</gpxdata:hr>
     <gpxdata:distance>2722.00</gpxdata:distance>
     <gpxdata:cadence>88</gpxdata:cadence>
     <gpxdata:speed>4.636</gpxdata:speed>
    </extensions>
   </trkpt>
   <trkpt lat="46.0307936" lon="4.0830294">
    <ele>282</ele>
    <time>2026-05-29T19:10:05Z</time>
    <extensions>
     <gpxdata:hr>182</gpxdata:hr>
     <gpxdata:distance>2727.00</gpxdata:distance>
     <gpxdata:cadence>88</gpxdata:cadence>
     <gpxdata:speed>4.636</gpxdata:speed>
    </extensions>
   </trkpt>
   <trkpt lat="46.0307548" lon="4.0830521">
    <ele>282</ele>
    <time>2026-05-29T19:10:06Z</time>
    <extensions>
     <gpxdata:hr>183</gpxdata:hr>
     <gpxdata:distance>2731.00</gpxdata:distance>
     <gpxdata:cadence>88</gpxdata:cadence>
     <gpxdata:speed>4.636</gpxdata:speed>
    </extensions>
   </trkpt>
   <trkpt lat="46.0307161" lon="4.0830749">
    <ele>282</ele>
    <time>2026-05-29T19:10:07Z</time>
    <extensions>
     <gpxdata:hr>185</gpxdata:hr>
     <gpxdata:distance>2735.00</gpxdata:distance>
     <gpxdata:cadence>89</gpxdata:cadence>
     <gpxdata:speed>4.636</gpxdata:speed>
    </extensions>
   </trkpt>
   <trkpt lat="46.0306813" lon="4.0830996">
    <ele>282</ele>
    <time>2026-05-29T19:10:08Z</time>
    <extensions>
     <gpxdata:hr>186</gpxdata:hr>
     <gpxdata:distance>2739.00</gpxdata:distance>
     <gpxdata:cadence>89</gpxdata:cadence>
     <gpxdata:speed>4.636</gpxdata:speed>
    </extensions>
   </trkpt>
   <trkpt lat="46.0306466" lon="4.0831244">
    <ele>282</ele>
    <time>2026-05-29T19:10:09Z</time>
    <extensions>
     <gpxdata:hr>188</gpxdata:hr>
     <gpxdata:distance>2743.00</gpxdata:distance>
     <gpxdata:cadence>90</gpxdata:cadence>
     <gpxdata:speed>4.636</gpxdata:speed>
    </extensions>
   </trkpt>
   <trkpt lat="46.0306150" lon="4.0831515">
    <ele>282</ele>
    <time>2026-05-29T19:10:10Z</time>
    <extensions>
     <gpxdata:hr>190</gpxdata:hr>
     <gpxdata:distance>2747.50</gpxdata:distance>
     <gpxdata:cadence>90</gpxdata:cadence>
     <gpxdata:speed>4.633</gpxdata:speed>
    </extensions>
   </trkpt>
   <trkpt lat="46.0305835" lon="4.0831787">
    <ele>282</ele>
    <time>2026-05-29T19:10:11Z</time>
    <extensions>
     <gpxdata:hr>191</gpxdata:hr>
     <gpxdata:distance>2752.00</gpxdata:distance>
     <gpxdata:cadence>91</gpxdata:cadence>
     <gpxdata:speed>4.631</gpxdata:speed>
    </extensions>
   </trkpt>
   <trkpt lat="46.0305504" lon="4.0832036">
    <ele>282</ele>
    <time>2026-05-29T19:10:12Z</time>
    <extensions>
     <gpxdata:hr>191</gpxdata:hr>
     <gpxdata:distance>2756.00</gpxdata:distance>
     <gpxdata:cadence>92</gpxdata:cadence>
     <gpxdata:speed>4.625</gpxdata:speed>
    </extensions>
   </trkpt>
   <trkpt lat="46.0305174" lon="4.0832285">
    <ele>282</ele>
    <time>2026-05-29T19:10:13Z</time>
    <extensions>
     <gpxdata:hr>191</gpxdata:hr>
     <gpxdata:distance>2760.00</gpxdata:distance>
     <gpxdata:cadence>94</gpxdata:cadence>
     <gpxdata:speed>4.622</gpxdata:speed>
    </extensions>
   </trkpt>
   <trkpt lat="46.0304800" lon="4.0832477">
    <ele>282</ele>
    <time>2026-05-29T19:10:14Z</time>
    <extensions>
     <gpxdata:hr>190</gpxdata:hr>
     <gpxdata:distance>2765.00</gpxdata:distance>
     <gpxdata:cadence>94</gpxdata:cadence>
     <gpxdata:speed>4.619</gpxdata:speed>
    </extensions>
   </trkpt>
   <trkpt lat="46.0304427" lon="4.0832669">
    <ele>282</ele>
    <time>2026-05-29T19:10:15Z</time>
    <extensions>
     <gpxdata:hr>190</gpxdata:hr>
     <gpxdata:distance>2770.00</gpxdata:distance>
     <gpxdata:cadence>94</gpxdata:cadence>
     <gpxdata:speed>4.617</gpxdata:speed>
    </extensions>
   </trkpt>
   <trkpt lat="46.0304025" lon="4.0832870">
    <ele>282</ele>
    <time>2026-05-29T19:10:16Z</time>
    <extensions>
     <gpxdata:hr>190</gpxdata:hr>
     <gpxdata:distance>2775.00</gpxdata:distance>
     <gpxdata:cadence>94</gpxdata:cadence>
     <gpxdata:speed>4.614</gpxdata:speed>
    </extensions>
   </trkpt>
   <trkpt lat="46.0303624" lon="4.0833072">
    <ele>282</ele>
    <time>2026-05-29T19:10:17Z</time>
    <extensions>
     <gpxdata:hr>189</gpxdata:hr>
     <gpxdata:distance>2780.00</gpxdata:distance>
     <gpxdata:cadence>95</gpxdata:cadence>
     <gpxdata:speed>4.611</gpxdata:speed>
    </extensions>
   </trkpt>
   <trkpt lat="46.0303217" lon="4.0833310">
    <ele>282</ele>
    <time>2026-05-29T19:10:18Z</time>
    <extensions>
     <gpxdata:hr>189</gpxdata:hr>
     <gpxdata:distance>2785.00</gpxdata:distance>
     <gpxdata:cadence>95</gpxdata:cadence>
     <gpxdata:speed>4.603</gpxdata:speed>
    </extensions>
   </trkpt>
   <trkpt lat="46.0302811" lon="4.0833548">
    <ele>282</ele>
    <time>2026-05-29T19:10:19Z</time>
    <extensions>
     <gpxdata:hr>188</gpxdata:hr>
     <gpxdata:distance>2790.00</gpxdata:distance>
     <gpxdata:cadence>95</gpxdata:cadence>
     <gpxdata:speed>4.597</gpxdata:speed>
    </extensions>
   </trkpt>
   <trkpt lat="46.0302417" lon="4.0833808">
    <ele>282</ele>
    <time>2026-05-29T19:10:20Z</time>
    <extensions>
     <gpxdata:hr>188</gpxdata:hr>
     <gpxdata:distance>2794.50</gpxdata:distance>
     <gpxdata:cadence>94</gpxdata:cadence>
     <gpxdata:speed>4.600</gpxdata:speed>
    </extensions>
   </trkpt>
   <trkpt lat="46.0302024" lon="4.0834068">
    <ele>282</ele>
    <time>2026-05-29T19:10:21Z</time>
    <extensions>
     <gpxdata:hr>188</gpxdata:hr>
     <gpxdata:distance>2799.00</gpxdata:distance>
     <gpxdata:cadence>93</gpxdata:cadence>
     <gpxdata:speed>4.603</gpxdata:speed>
    </extensions>
   </trkpt>
   <trkpt lat="46.0301643" lon="4.0834328">
    <ele>282</ele>
    <time>2026-05-29T19:10:22Z</time>
    <extensions>
     <gpxdata:hr>188</gpxdata:hr>
     <gpxdata:distance>2803.50</gpxdata:distance>
     <gpxdata:cadence>92</gpxdata:cadence>
     <gpxdata:speed>4.606</gpxdata:speed>
    </extensions>
   </trkpt>
   <trkpt lat="46.0301263" lon="4.0834589">
    <ele>282</ele>
    <time>2026-05-29T19:10:23Z</time>
    <extensions>
     <gpxdata:hr>188</gpxdata:hr>
     <gpxdata:distance>2808.00</gpxdata:distance>
     <gpxdata:cadence>91</gpxdata:cadence>
     <gpxdata:speed>4.611</gpxdata:speed>
    </extensions>
   </trkpt>
   <trkpt lat="46.0300887" lon="4.0834841">
    <ele>282</ele>
    <time>2026-05-29T19:10:24Z</time>
    <extensions>
     <gpxdata:hr>188</gpxdata:hr>
     <gpxdata:distance>2812.50</gpxdata:distance>
     <gpxdata:cadence>90</gpxdata:cadence>
     <gpxdata:speed>4.611</gpxdata:speed>
    </extensions>
   </trkpt>
   <trkpt lat="46.0300512" lon="4.0835093">
    <ele>282</ele>
    <time>2026-05-29T19:10:25Z</time>
    <extensions>
     <gpxdata:hr>188</gpxdata:hr>
     <gpxdata:distance>2817.00</gpxdata:distance>
     <gpxdata:cadence>89</gpxdata:cadence>
     <gpxdata:speed>4.614</gpxdata:speed>
    </extensions>
   </trkpt>
   <trkpt lat="46.0300133" lon="4.0835333">
    <ele>282</ele>
    <time>2026-05-29T19:10:26Z</time>
    <extensions>
     <gpxdata:hr>188</gpxdata:hr>
     <gpxdata:distance>2819.50</gpxdata:distance>
     <gpxdata:cadence>89</gpxdata:cadence>
     <gpxdata:speed>4.614</gpxdata:speed>
    </extensions>
   </trkpt>
   <trkpt lat="46.0299754" lon="4.0835574">
    <ele>282</ele>
    <time>2026-05-29T19:10:27Z</time>
    <extensions>
     <gpxdata:hr>188</gpxdata:hr>
     <gpxdata:distance>2822.00</gpxdata:distance>
     <gpxdata:cadence>88</gpxdata:cadence>
     <gpxdata:speed>4.614</gpxdata:speed>
    </extensions>
   </trkpt>
   <trkpt lat="46.0299369" lon="4.0835805">
    <ele>282</ele>
    <time>2026-05-29T19:10:28Z</time>
    <extensions>
     <gpxdata:hr>188</gpxdata:hr>
     <gpxdata:distance>2829.00</gpxdata:distance>
     <gpxdata:cadence>88</gpxdata:cadence>
     <gpxdata:speed>4.617</gpxdata:speed>
    </extensions>
   </trkpt>
   <trkpt lat="46.0298985" lon="4.0836037">
    <ele>282</ele>
    <time>2026-05-29T19:10:29Z</time>
    <extensions>
     <gpxdata:hr>189</gpxdata:hr>
     <gpxdata:distance>2836.00</gpxdata:distance>
     <gpxdata:cadence>88</gpxdata:cadence>
     <gpxdata:speed>4.619</gpxdata:speed>
    </extensions>
   </trkpt>
   <trkpt lat="46.0298619" lon="4.0836251">
    <ele>282</ele>
    <time>2026-05-29T19:10:30Z</time>
    <extensions>
     <gpxdata:hr>190</gpxdata:hr>
     <gpxdata:distance>2840.00</gpxdata:distance>
     <gpxdata:cadence>88</gpxdata:cadence>
     <gpxdata:speed>4.619</gpxdata:speed>
    </extensions>
   </trkpt>
   <trkpt lat="46.0298254" lon="4.0836465">
    <ele>282</ele>
    <time>2026-05-29T19:10:31Z</time>
    <extensions>
     <gpxdata:hr>189</gpxdata:hr>
     <gpxdata:distance>2844.00</gpxdata:distance>
     <gpxdata:cadence>88</gpxdata:cadence>
     <gpxdata:speed>4.619</gpxdata:speed>
    </extensions>
   </trkpt>
   <trkpt lat="46.0297890" lon="4.0836646">
    <ele>282</ele>
    <time>2026-05-29T19:10:32Z</time>
    <extensions>
     <gpxdata:hr>189</gpxdata:hr>
     <gpxdata:distance>2848.00</gpxdata:distance>
     <gpxdata:cadence>88</gpxdata:cadence>
     <gpxdata:speed>4.617</gpxdata:speed>
    </extensions>
   </trkpt>
   <trkpt lat="46.0297526" lon="4.0836828">
    <ele>282</ele>
    <time>2026-05-29T19:10:33Z</time>
    <extensions>
     <gpxdata:hr>189</gpxdata:hr>
     <gpxdata:distance>2852.00</gpxdata:distance>
     <gpxdata:cadence>88</gpxdata:cadence>
     <gpxdata:speed>4.614</gpxdata:speed>
    </extensions>
   </trkpt>
   <trkpt lat="46.0297149" lon="4.0837029">
    <ele>282</ele>
    <time>2026-05-29T19:10:34Z</time>
    <extensions>
     <gpxdata:hr>189</gpxdata:hr>
     <gpxdata:distance>2857.50</gpxdata:distance>
     <gpxdata:cadence>88</gpxdata:cadence>
     <gpxdata:speed>4.606</gpxdata:speed>
    </extensions>
   </trkpt>
   <trkpt lat="46.0296772" lon="4.0837230">
    <ele>282</ele>
    <time>2026-05-29T19:10:35Z</time>
    <extensions>
     <gpxdata:hr>189</gpxdata:hr>
     <gpxdata:distance>2863.00</gpxdata:distance>
     <gpxdata:cadence>87</gpxdata:cadence>
     <gpxdata:speed>4.597</gpxdata:speed>
    </extensions>
   </trkpt>
   <trkpt lat="46.0296393" lon="4.0837469">
    <ele>282</ele>
    <time>2026-05-29T19:10:36Z</time>
    <extensions>
     <gpxdata:hr>189</gpxdata:hr>
     <gpxdata:distance>2867.00</gpxdata:distance>
     <gpxdata:cadence>87</gpxdata:cadence>
     <gpxdata:speed>4.592</gpxdata:speed>
    </extensions>
   </trkpt>
   <trkpt lat="46.0296015" lon="4.0837708">
    <ele>282</ele>
    <time>2026-05-29T19:10:37Z</time>
    <extensions>
     <gpxdata:hr>189</gpxdata:hr>
     <gpxdata:distance>2871.00</gpxdata:distance>
     <gpxdata:cadence>88</gpxdata:cadence>
     <gpxdata:speed>4.589</gpxdata:speed>
    </extensions>
   </trkpt>
   <trkpt lat="46.0295644" lon="4.0837939">
    <ele>282</ele>
    <time>2026-05-29T19:10:38Z</time>
    <extensions>
     <gpxdata:hr>188</gpxdata:hr>
     <gpxdata:distance>2875.50</gpxdata:distance>
     <gpxdata:cadence>88</gpxdata:cadence>
     <gpxdata:speed>4.583</gpxdata:speed>
    </extensions>
   </trkpt>
   <trkpt lat="46.0295274" lon="4.0838170">
    <ele>282</ele>
    <time>2026-05-29T19:10:39Z</time>
    <extensions>
     <gpxdata:hr>188</gpxdata:hr>
     <gpxdata:distance>2880.00</gpxdata:distance>
     <gpxdata:cadence>89</gpxdata:cadence>
     <gpxdata:speed>4.581</gpxdata:speed>
    </extensions>
   </trkpt>
   <trkpt lat="46.0294892" lon="4.0838376">
    <ele>282</ele>
    <time>2026-05-29T19:10:40Z</time>
    <extensions>
     <gpxdata:hr>188</gpxdata:hr>
     <gpxdata:distance>2885.00</gpxdata:distance>
     <gpxdata:cadence>89</gpxdata:cadence>
     <gpxdata:speed>4.575</gpxdata:speed>
    </extensions>
   </trkpt>
   <trkpt lat="46.0294510" lon="4.0838582">
    <ele>282</ele>
    <time>2026-05-29T19:10:41Z</time>
    <extensions>
     <gpxdata:hr>188</gpxdata:hr>
     <gpxdata:distance>2890.00</gpxdata:distance>
     <gpxdata:cadence>89</gpxdata:cadence>
     <gpxdata:speed>4.572</gpxdata:speed>
    </extensions>
   </trkpt>
   <trkpt lat="46.0294109" lon="4.0838802">
    <ele>282</ele>
    <time>2026-05-29T19:10:42Z</time>
    <extensions>
     <gpxdata:hr>188</gpxdata:hr>
     <gpxdata:distance>2895.00</gpxdata:distance>
     <gpxdata:cadence>89</gpxdata:cadence>
     <gpxdata:speed>4.569</gpxdata:speed>
    </extensions>
   </trkpt>
   <trkpt lat="46.0293708" lon="4.0839023">
    <ele>282</ele>
    <time>2026-05-29T19:10:43Z</time>
    <extensions>
     <gpxdata:hr>188</gpxdata:hr>
     <gpxdata:distance>2900.00</gpxdata:distance>
     <gpxdata:cadence>90</gpxdata:cadence>
     <gpxdata:speed>4.567</gpxdata:speed>
    </extensions>
   </trkpt>
   <trkpt lat="46.0293294" lon="4.0839258">
    <ele>282</ele>
    <time>2026-05-29T19:10:44Z</time>
    <extensions>
     <gpxdata:hr>188</gpxdata:hr>
     <gpxdata:distance>2905.00</gpxdata:distance>
     <gpxdata:cadence>90</gpxdata:cadence>
     <gpxdata:speed>4.564</gpxdata:speed>
    </extensions>
   </trkpt>
   <trkpt lat="46.0292881" lon="4.0839494">
    <ele>282</ele>
    <time>2026-05-29T19:10:45Z</time>
    <extensions>
     <gpxdata:hr>189</gpxdata:hr>
     <gpxdata:distance>2910.00</gpxdata:distance>
     <gpxdata:cadence>90</gpxdata:cadence>
     <gpxdata:speed>4.561</gpxdata:speed>
    </extensions>
   </trkpt>
   <trkpt lat="46.0292481" lon="4.0839752">
    <ele>282</ele>
    <time>2026-05-29T19:10:46Z</time>
    <extensions>
     <gpxdata:hr>189</gpxdata:hr>
     <gpxdata:distance>2914.50</gpxdata:distance>
     <gpxdata:cadence>90</gpxdata:cadence>
     <gpxdata:speed>4.561</gpxdata:speed>
    </extensions>
   </trkpt>
   <trkpt lat="46.0292081" lon="4.0840011">
    <ele>282</ele>
    <time>2026-05-29T19:10:47Z</time>
    <extensions>
     <gpxdata:hr>189</gpxdata:hr>
     <gpxdata:distance>2919.00</gpxdata:distance>
     <gpxdata:cadence>90</gpxdata:cadence>
     <gpxdata:speed>4.564</gpxdata:speed>
    </extensions>
   </trkpt>
   <trkpt lat="46.0291695" lon="4.0840284">
    <ele>282</ele>
    <time>2026-05-29T19:10:48Z</time>
    <extensions>
     <gpxdata:hr>188</gpxdata:hr>
     <gpxdata:distance>2923.50</gpxdata:distance>
     <gpxdata:cadence>89</gpxdata:cadence>
     <gpxdata:speed>4.567</gpxdata:speed>
    </extensions>
   </trkpt>
   <trkpt lat="46.0291309" lon="4.0840557">
    <ele>282</ele>
    <time>2026-05-29T19:10:49Z</time>
    <extensions>
     <gpxdata:hr>187</gpxdata:hr>
     <gpxdata:distance>2928.00</gpxdata:distance>
     <gpxdata:cadence>89</gpxdata:cadence>
     <gpxdata:speed>4.572</gpxdata:speed>
    </extensions>
   </trkpt>
   <trkpt lat="46.0290944" lon="4.0840828">
    <ele>282</ele>
    <time>2026-05-29T19:10:50Z</time>
    <extensions>
     <gpxdata:hr>187</gpxdata:hr>
     <gpxdata:distance>2932.50</gpxdata:distance>
     <gpxdata:cadence>89</gpxdata:cadence>
     <gpxdata:speed>4.575</gpxdata:speed>
    </extensions>
   </trkpt>
   <trkpt lat="46.0290579" lon="4.0841099">
    <ele>282</ele>
    <time>2026-05-29T19:10:51Z</time>
    <extensions>
     <gpxdata:hr>186</gpxdata:hr>
     <gpxdata:distance>2937.00</gpxdata:distance>
     <gpxdata:cadence>89</gpxdata:cadence>
     <gpxdata:speed>4.581</gpxdata:speed>
    </extensions>
   </trkpt>
   <trkpt lat="46.0290218" lon="4.0841369">
    <ele>282</ele>
    <time>2026-05-29T19:10:52Z</time>
    <extensions>
     <gpxdata:hr>185</gpxdata:hr>
     <gpxdata:distance>2941.50</gpxdata:distance>
     <gpxdata:cadence>89</gpxdata:cadence>
     <gpxdata:speed>4.583</gpxdata:speed>
    </extensions>
   </trkpt>
   <trkpt lat="46.0289857" lon="4.0841639">
    <ele>282</ele>
    <time>2026-05-29T19:10:53Z</time>
    <extensions>
     <gpxdata:hr>184</gpxdata:hr>
     <gpxdata:distance>2946.00</gpxdata:distance>
     <gpxdata:cadence>89</gpxdata:cadence>
     <gpxdata:speed>4.589</gpxdata:speed>
    </extensions>
   </trkpt>
   <trkpt lat="46.0289487" lon="4.0841905">
    <ele>282</ele>
    <time>2026-05-29T19:10:54Z</time>
    <extensions>
     <gpxdata:hr>184</gpxdata:hr>
     <gpxdata:distance>2951.00</gpxdata:distance>
     <gpxdata:cadence>89</gpxdata:cadence>
     <gpxdata:speed>4.592</gpxdata:speed>
    </extensions>
   </trkpt>
   <trkpt lat="46.0289118" lon="4.0842171">
    <ele>282</ele>
    <time>2026-05-29T19:10:55Z</time>
    <extensions>
     <gpxdata:hr>183</gpxdata:hr>
     <gpxdata:distance>2956.00</gpxdata:distance>
     <gpxdata:cadence>89</gpxdata:cadence>
     <gpxdata:speed>4.594</gpxdata:speed>
    </extensions>
   </trkpt>
   <trkpt lat="46.0288745" lon="4.0842446">
    <ele>282</ele>
    <time>2026-05-29T19:10:56Z</time>
    <extensions>
     <gpxdata:hr>183</gpxdata:hr>
     <gpxdata:distance>2960.50</gpxdata:distance>
     <gpxdata:cadence>89</gpxdata:cadence>
     <gpxdata:speed>4.600</gpxdata:speed>
    </extensions>
   </trkpt>
   <trkpt lat="46.0288373" lon="4.0842721">
    <ele>282</ele>
    <time>2026-05-29T19:10:57Z</time>
    <extensions>
     <gpxdata:hr>183</gpxdata:hr>
     <gpxdata:distance>2965.00</gpxdata:distance>
     <gpxdata:cadence>89</gpxdata:cadence>
     <gpxdata:speed>4.606</gpxdata:speed>
    </extensions>
   </trkpt>
   <trkpt lat="46.0288015" lon="4.0842957">
    <ele>282</ele>
    <time>2026-05-29T19:10:58Z</time>
    <extensions>
     <gpxdata:hr>182</gpxdata:hr>
     <gpxdata:distance>2969.00</gpxdata:distance>
     <gpxdata:cadence>89</gpxdata:cadence>
     <gpxdata:speed>4.611</gpxdata:speed>
    </extensions>
   </trkpt>
   <trkpt lat="46.0287658" lon="4.0843194">
    <ele>282</ele>
    <time>2026-05-29T19:10:59Z</time>
    <extensions>
     <gpxdata:hr>182</gpxdata:hr>
     <gpxdata:distance>2973.00</gpxdata:distance>
     <gpxdata:cadence>89</gpxdata:cadence>
     <gpxdata:speed>4.617</gpxdata:speed>
    </extensions>
   </trkpt>
   <trkpt lat="46.0287292" lon="4.0843400">
    <ele>282</ele>
    <time>2026-05-29T19:11:00Z</time>
    <extensions>
     <gpxdata:hr>181</gpxdata:hr>
     <gpxdata:distance>2975.00</gpxdata:distance>
     <gpxdata:cadence>89</gpxdata:cadence>
     <gpxdata:speed>4.617</gpxdata:speed>
    </extensions>
   </trkpt>
   <trkpt lat="46.0286926" lon="4.0843606">
    <ele>282</ele>
    <time>2026-05-29T19:11:01Z</time>
    <extensions>
     <gpxdata:hr>181</gpxdata:hr>
     <gpxdata:distance>2977.00</gpxdata:distance>
     <gpxdata:cadence>89</gpxdata:cadence>
     <gpxdata:speed>4.617</gpxdata:speed>
    </extensions>
   </trkpt>
   <trkpt lat="46.0286533" lon="4.0843811">
    <ele>282</ele>
    <time>2026-05-29T19:11:02Z</time>
    <extensions>
     <gpxdata:hr>181</gpxdata:hr>
     <gpxdata:distance>2984.50</gpxdata:distance>
     <gpxdata:cadence>89</gpxdata:cadence>
     <gpxdata:speed>4.611</gpxdata:speed>
    </extensions>
   </trkpt>
   <trkpt lat="46.0286141" lon="4.0844016">
    <ele>282</ele>
    <time>2026-05-29T19:11:03Z</time>
    <extensions>
     <gpxdata:hr>181</gpxdata:hr>
     <gpxdata:distance>2992.00</gpxdata:distance>
     <gpxdata:cadence>90</gpxdata:cadence>
     <gpxdata:speed>4.608</gpxdata:speed>
    </extensions>
   </trkpt>
   <trkpt lat="46.0285744" lon="4.0844231">
    <ele>282</ele>
    <time>2026-05-29T19:11:04Z</time>
    <extensions>
     <gpxdata:hr>181</gpxdata:hr>
     <gpxdata:distance>2996.50</gpxdata:distance>
     <gpxdata:cadence>90</gpxdata:cadence>
     <gpxdata:speed>4.606</gpxdata:speed>
    </extensions>
   </trkpt>
   <trkpt lat="46.0285347" lon="4.0844446">
    <ele>282</ele>
    <time>2026-05-29T19:11:05Z</time>
    <extensions>
     <gpxdata:hr>180</gpxdata:hr>
     <gpxdata:distance>3001.00</gpxdata:distance>
     <gpxdata:cadence>90</gpxdata:cadence>
     <gpxdata:speed>4.606</gpxdata:speed>
    </extensions>
   </trkpt>
   <trkpt lat="46.0284968" lon="4.0844694">
    <ele>282</ele>
    <time>2026-05-29T19:11:06Z</time>
    <extensions>
     <gpxdata:hr>180</gpxdata:hr>
     <gpxdata:distance>3005.50</gpxdata:distance>
     <gpxdata:cadence>90</gpxdata:cadence>
     <gpxdata:speed>4.603</gpxdata:speed>
    </extensions>
   </trkpt>
   <trkpt lat="46.0284590" lon="4.0844943">
    <ele>282</ele>
    <time>2026-05-29T19:11:07Z</time>
    <extensions>
     <gpxdata:hr>180</gpxdata:hr>
     <gpxdata:distance>3010.00</gpxdata:distance>
     <gpxdata:cadence>90</gpxdata:cadence>
     <gpxdata:speed>4.603</gpxdata:speed>
    </extensions>
   </trkpt>
   <trkpt lat="46.0284221" lon="4.0845209">
    <ele>282</ele>
    <time>2026-05-29T19:11:08Z</time>
    <extensions>
     <gpxdata:hr>179</gpxdata:hr>
     <gpxdata:distance>3015.00</gpxdata:distance>
     <gpxdata:cadence>90</gpxdata:cadence>
     <gpxdata:speed>4.603</gpxdata:speed>
    </extensions>
   </trkpt>
   <trkpt lat="46.0283852" lon="4.0845475">
    <ele>282</ele>
    <time>2026-05-29T19:11:09Z</time>
    <extensions>
     <gpxdata:hr>179</gpxdata:hr>
     <gpxdata:distance>3020.00</gpxdata:distance>
     <gpxdata:cadence>90</gpxdata:cadence>
     <gpxdata:speed>4.603</gpxdata:speed>
    </extensions>
   </trkpt>
   <trkpt lat="46.0283482" lon="4.0845745">
    <ele>282</ele>
    <time>2026-05-29T19:11:10Z</time>
    <extensions>
     <gpxdata:hr>179</gpxdata:hr>
     <gpxdata:distance>3024.50</gpxdata:distance>
     <gpxdata:cadence>90</gpxdata:cadence>
     <gpxdata:speed>4.603</gpxdata:speed>
    </extensions>
   </trkpt>
   <trkpt lat="46.0283113" lon="4.0846016">
    <ele>282</ele>
    <time>2026-05-29T19:11:11Z</time>
    <extensions>
     <gpxdata:hr>179</gpxdata:hr>
     <gpxdata:distance>3029.00</gpxdata:distance>
     <gpxdata:cadence>90</gpxdata:cadence>
     <gpxdata:speed>4.603</gpxdata:speed>
    </extensions>
   </trkpt>
   <trkpt lat="46.0282760" lon="4.0846279">
    <ele>282</ele>
    <time>2026-05-29T19:11:12Z</time>
    <extensions>
     <gpxdata:hr>178</gpxdata:hr>
     <gpxdata:distance>3033.00</gpxdata:distance>
     <gpxdata:cadence>89</gpxdata:cadence>
     <gpxdata:speed>4.600</gpxdata:speed>
    </extensions>
   </trkpt>
   <trkpt lat="46.0282407" lon="4.0846543">
    <ele>282</ele>
    <time>2026-05-29T19:11:13Z</time>
    <extensions>
     <gpxdata:hr>178</gpxdata:hr>
     <gpxdata:distance>3037.00</gpxdata:distance>
     <gpxdata:cadence>89</gpxdata:cadence>
     <gpxdata:speed>4.600</gpxdata:speed>
    </extensions>
   </trkpt>
   <trkpt lat="46.0282049" lon="4.0846793">
    <ele>282</ele>
    <time>2026-05-29T19:11:14Z</time>
    <extensions>
     <gpxdata:hr>178</gpxdata:hr>
     <gpxdata:distance>3041.50</gpxdata:distance>
     <gpxdata:cadence>89</gpxdata:cadence>
     <gpxdata:speed>4.594</gpxdata:speed>
    </extensions>
   </trkpt>
   <trkpt lat="46.0281692" lon="4.0847044">
    <ele>282</ele>
    <time>2026-05-29T19:11:15Z</time>
    <extensions>
     <gpxdata:hr>178</gpxdata:hr>
     <gpxdata:distance>3046.00</gpxdata:distance>
     <gpxdata:cadence>89</gpxdata:cadence>
     <gpxdata:speed>4.589</gpxdata:speed>
    </extensions>
   </trkpt>
   <trkpt lat="46.0281342" lon="4.0847293">
    <ele>282</ele>
    <time>2026-05-29T19:11:16Z</time>
    <extensions>
     <gpxdata:hr>178</gpxdata:hr>
     <gpxdata:distance>3050.50</gpxdata:distance>
     <gpxdata:cadence>89</gpxdata:cadence>
     <gpxdata:speed>4.581</gpxdata:speed>
    </extensions>
   </trkpt>
   <trkpt lat="46.0280993" lon="4.0847543">
    <ele>282</ele>
    <time>2026-05-29T19:11:17Z</time>
    <extensions>
     <gpxdata:hr>177</gpxdata:hr>
     <gpxdata:distance>3055.00</gpxdata:distance>
     <gpxdata:cadence>89</gpxdata:cadence>
     <gpxdata:speed>4.575</gpxdata:speed>
    </extensions>
   </trkpt>
   <trkpt lat="46.0280635" lon="4.0847795">
    <ele>282</ele>
    <time>2026-05-29T19:11:18Z</time>
    <extensions>
     <gpxdata:hr>177</gpxdata:hr>
     <gpxdata:distance>3059.50</gpxdata:distance>
     <gpxdata:cadence>89</gpxdata:cadence>
     <gpxdata:speed>4.569</gpxdata:speed>
    </extensions>
   </trkpt>
   <trkpt lat="46.0280277" lon="4.0848047">
    <ele>282</ele>
    <time>2026-05-29T19:11:19Z</time>
    <extensions>
     <gpxdata:hr>177</gpxdata:hr>
     <gpxdata:distance>3064.00</gpxdata:distance>
     <gpxdata:cadence>89</gpxdata:cadence>
     <gpxdata:speed>4.564</gpxdata:speed>
    </extensions>
   </trkpt>
   <trkpt lat="46.0279913" lon="4.0848273">
    <ele>282</ele>
    <time>2026-05-29T19:11:20Z</time>
    <extensions>
     <gpxdata:hr>176</gpxdata:hr>
     <gpxdata:distance>3068.00</gpxdata:distance>
     <gpxdata:cadence>89</gpxdata:cadence>
     <gpxdata:speed>4.558</gpxdata:speed>
    </extensions>
   </trkpt>
   <trkpt lat="46.0279549" lon="4.0848499">
    <ele>282</ele>
    <time>2026-05-29T19:11:21Z</time>
    <extensions>
     <gpxdata:hr>177</gpxdata:hr>
     <gpxdata:distance>3072.00</gpxdata:distance>
     <gpxdata:cadence>89</gpxdata:cadence>
     <gpxdata:speed>4.556</gpxdata:speed>
    </extensions>
   </trkpt>
   <trkpt lat="46.0279172" lon="4.0848713">
    <ele>282</ele>
    <time>2026-05-29T19:11:22Z</time>
    <extensions>
     <gpxdata:hr>177</gpxdata:hr>
     <gpxdata:distance>3077.00</gpxdata:distance>
     <gpxdata:cadence>89</gpxdata:cadence>
     <gpxdata:speed>4.553</gpxdata:speed>
    </extensions>
   </trkpt>
   <trkpt lat="46.0278796" lon="4.0848928">
    <ele>282</ele>
    <time>2026-05-29T19:11:23Z</time>
    <extensions>
     <gpxdata:hr>176</gpxdata:hr>
     <gpxdata:distance>3082.00</gpxdata:distance>
     <gpxdata:cadence>89</gpxdata:cadence>
     <gpxdata:speed>4.550</gpxdata:speed>
    </extensions>
   </trkpt>
   <trkpt lat="46.0278419" lon="4.0849141">
    <ele>282</ele>
    <time>2026-05-29T19:11:24Z</time>
    <extensions>
     <gpxdata:hr>176</gpxdata:hr>
     <gpxdata:distance>3086.50</gpxdata:distance>
     <gpxdata:cadence>89</gpxdata:cadence>
     <gpxdata:speed>4.547</gpxdata:speed>
    </extensions>
   </trkpt>
   <trkpt lat="46.0278043" lon="4.0849355">
    <ele>282</ele>
    <time>2026-05-29T19:11:25Z</time>
    <extensions>
     <gpxdata:hr>176</gpxdata:hr>
     <gpxdata:distance>3091.00</gpxdata:distance>
     <gpxdata:cadence>89</gpxdata:cadence>
     <gpxdata:speed>4.547</gpxdata:speed>
    </extensions>
   </trkpt>
   <trkpt lat="46.0277683" lon="4.0849580">
    <ele>282</ele>
    <time>2026-05-29T19:11:26Z</time>
    <extensions>
     <gpxdata:hr>176</gpxdata:hr>
     <gpxdata:distance>3095.00</gpxdata:distance>
     <gpxdata:cadence>88</gpxdata:cadence>
     <gpxdata:speed>4.539</gpxdata:speed>
    </extensions>
   </trkpt>
   <trkpt lat="46.0277323" lon="4.0849805">
    <ele>282</ele>
    <time>2026-05-29T19:11:27Z</time>
    <extensions>
     <gpxdata:hr>177</gpxdata:hr>
     <gpxdata:distance>3099.00</gpxdata:distance>
     <gpxdata:cadence>88</gpxdata:cadence>
     <gpxdata:speed>4.531</gpxdata:speed>
    </extensions>
   </trkpt>
   <trkpt lat="46.0276956" lon="4.0850042">
    <ele>282</ele>
    <time>2026-05-29T19:11:28Z</time>
    <extensions>
     <gpxdata:hr>177</gpxdata:hr>
     <gpxdata:distance>3104.00</gpxdata:distance>
     <gpxdata:cadence>88</gpxdata:cadence>
     <gpxdata:speed>4.528</gpxdata:speed>
    </extensions>
   </trkpt>
   <trkpt lat="46.0276590" lon="4.0850280">
    <ele>282</ele>
    <time>2026-05-29T19:11:29Z</time>
    <extensions>
     <gpxdata:hr>177</gpxdata:hr>
     <gpxdata:distance>3109.00</gpxdata:distance>
     <gpxdata:cadence>89</gpxdata:cadence>
     <gpxdata:speed>4.528</gpxdata:speed>
    </extensions>
   </trkpt>
   <trkpt lat="46.0276213" lon="4.0850527">
    <ele>282</ele>
    <time>2026-05-29T19:11:30Z</time>
    <extensions>
     <gpxdata:hr>177</gpxdata:hr>
     <gpxdata:distance>3113.50</gpxdata:distance>
     <gpxdata:cadence>89</gpxdata:cadence>
     <gpxdata:speed>4.528</gpxdata:speed>
    </extensions>
   </trkpt>
   <trkpt lat="46.0275837" lon="4.0850775">
    <ele>282</ele>
    <time>2026-05-29T19:11:31Z</time>
    <extensions>
     <gpxdata:hr>179</gpxdata:hr>
     <gpxdata:distance>3118.00</gpxdata:distance>
     <gpxdata:cadence>89</gpxdata:cadence>
     <gpxdata:speed>4.531</gpxdata:speed>
    </extensions>
   </trkpt>
   <trkpt lat="46.0275455" lon="4.0851020">
    <ele>282</ele>
    <time>2026-05-29T19:11:32Z</time>
    <extensions>
     <gpxdata:hr>179</gpxdata:hr>
     <gpxdata:distance>3122.50</gpxdata:distance>
     <gpxdata:cadence>89</gpxdata:cadence>
     <gpxdata:speed>4.533</gpxdata:speed>
    </extensions>
   </trkpt>
   <trkpt lat="46.0275074" lon="4.0851266">
    <ele>282</ele>
    <time>2026-05-29T19:11:33Z</time>
    <extensions>
     <gpxdata:hr>180</gpxdata:hr>
     <gpxdata:distance>3127.00</gpxdata:distance>
     <gpxdata:cadence>90</gpxdata:cadence>
     <gpxdata:speed>4.539</gpxdata:speed>
    </extensions>
   </trkpt>
   <trkpt lat="46.0274681" lon="4.0851510">
    <ele>282</ele>
    <time>2026-05-29T19:11:34Z</time>
    <extensions>
     <gpxdata:hr>180</gpxdata:hr>
     <gpxdata:distance>3132.00</gpxdata:distance>
     <gpxdata:cadence>89</gpxdata:cadence>
     <gpxdata:speed>4.542</gpxdata:speed>
    </extensions>
   </trkpt>
   <trkpt lat="46.0274289" lon="4.0851754">
    <ele>282</ele>
    <time>2026-05-29T19:11:35Z</time>
    <extensions>
     <gpxdata:hr>180</gpxdata:hr>
     <gpxdata:distance>3137.00</gpxdata:distance>
     <gpxdata:cadence>89</gpxdata:cadence>
     <gpxdata:speed>4.544</gpxdata:speed>
    </extensions>
   </trkpt>
   <trkpt lat="46.0273898" lon="4.0851988">
    <ele>282</ele>
    <time>2026-05-29T19:11:36Z</time>
    <extensions>
     <gpxdata:hr>181</gpxdata:hr>
     <gpxdata:distance>3141.50</gpxdata:distance>
     <gpxdata:cadence>89</gpxdata:cadence>
     <gpxdata:speed>4.547</gpxdata:speed>
    </extensions>
   </trkpt>
   <trkpt lat="46.0273508" lon="4.0852223">
    <ele>282</ele>
    <time>2026-05-29T19:11:37Z</time>
    <extensions>
     <gpxdata:hr>181</gpxdata:hr>
     <gpxdata:distance>3146.00</gpxdata:distance>
     <gpxdata:cadence>88</gpxdata:cadence>
     <gpxdata:speed>4.550</gpxdata:speed>
    </extensions>
   </trkpt>
   <trkpt lat="46.0273124" lon="4.0852441">
    <ele>282</ele>
    <time>2026-05-29T19:11:38Z</time>
    <extensions>
     <gpxdata:hr>182</gpxdata:hr>
     <gpxdata:distance>3150.50</gpxdata:distance>
     <gpxdata:cadence>88</gpxdata:cadence>
     <gpxdata:speed>4.553</gpxdata:speed>
    </extensions>
   </trkpt>
   <trkpt lat="46.0272740" lon="4.0852659">
    <ele>282</ele>
    <time>2026-05-29T19:11:39Z</time>
    <extensions>
     <gpxdata:hr>182</gpxdata:hr>
     <gpxdata:distance>3155.00</gpxdata:distance>
     <gpxdata:cadence>88</gpxdata:cadence>
     <gpxdata:speed>4.556</gpxdata:speed>
    </extensions>
   </trkpt>
   <trkpt lat="46.0272362" lon="4.0852878">
    <ele>282</ele>
    <time>2026-05-29T19:11:40Z</time>
    <extensions>
     <gpxdata:hr>184</gpxdata:hr>
     <gpxdata:distance>3159.50</gpxdata:distance>
     <gpxdata:cadence>87</gpxdata:cadence>
     <gpxdata:speed>4.558</gpxdata:speed>
    </extensions>
   </trkpt>
   <trkpt lat="46.0271985" lon="4.0853098">
    <ele>282</ele>
    <time>2026-05-29T19:11:41Z</time>
    <extensions>
     <gpxdata:hr>186</gpxdata:hr>
     <gpxdata:distance>3164.00</gpxdata:distance>
     <gpxdata:cadence>87</gpxdata:cadence>
     <gpxdata:speed>4.561</gpxdata:speed>
    </extensions>
   </trkpt>
   <trkpt lat="46.0271619" lon="4.0853298">
    <ele>282</ele>
    <time>2026-05-29T19:11:42Z</time>
    <extensions>
     <gpxdata:hr>186</gpxdata:hr>
     <gpxdata:distance>3168.00</gpxdata:distance>
     <gpxdata:cadence>87</gpxdata:cadence>
     <gpxdata:speed>4.561</gpxdata:speed>
    </extensions>
   </trkpt>
   <trkpt lat="46.0271254" lon="4.0853499">
    <ele>282</ele>
    <time>2026-05-29T19:11:43Z</time>
    <extensions>
     <gpxdata:hr>186</gpxdata:hr>
     <gpxdata:distance>3172.00</gpxdata:distance>
     <gpxdata:cadence>88</gpxdata:cadence>
     <gpxdata:speed>4.561</gpxdata:speed>
    </extensions>
   </trkpt>
   <trkpt lat="46.0270888" lon="4.0853694">
    <ele>282</ele>
    <time>2026-05-29T19:11:44Z</time>
    <extensions>
     <gpxdata:hr>185</gpxdata:hr>
     <gpxdata:distance>3176.50</gpxdata:distance>
     <gpxdata:cadence>88</gpxdata:cadence>
     <gpxdata:speed>4.564</gpxdata:speed>
    </extensions>
   </trkpt>
   <trkpt lat="46.0270522" lon="4.0853889">
    <ele>282</ele>
    <time>2026-05-29T19:11:45Z</time>
    <extensions>
     <gpxdata:hr>186</gpxdata:hr>
     <gpxdata:distance>3181.00</gpxdata:distance>
     <gpxdata:cadence>88</gpxdata:cadence>
     <gpxdata:speed>4.567</gpxdata:speed>
    </extensions>
   </trkpt>
   <trkpt lat="46.0270151" lon="4.0854093">
    <ele>282</ele>
    <time>2026-05-29T19:11:46Z</time>
    <extensions>
     <gpxdata:hr>186</gpxdata:hr>
     <gpxdata:distance>3185.50</gpxdata:distance>
     <gpxdata:cadence>88</gpxdata:cadence>
     <gpxdata:speed>4.561</gpxdata:speed>
    </extensions>
   </trkpt>
   <trkpt lat="46.0269780" lon="4.0854298">
    <ele>282</ele>
    <time>2026-05-29T19:11:47Z</time>
    <extensions>
     <gpxdata:hr>185</gpxdata:hr>
     <gpxdata:distance>3190.00</gpxdata:distance>
     <gpxdata:cadence>88</gpxdata:cadence>
     <gpxdata:speed>4.558</gpxdata:speed>
    </extensions>
   </trkpt>
   <trkpt lat="46.0269406" lon="4.0854543">
    <ele>282</ele>
    <time>2026-05-29T19:11:48Z</time>
    <extensions>
     <gpxdata:hr>185</gpxdata:hr>
     <gpxdata:distance>3195.00</gpxdata:distance>
     <gpxdata:cadence>88</gpxdata:cadence>
     <gpxdata:speed>4.556</gpxdata:speed>
    </extensions>
   </trkpt>
   <trkpt lat="46.0269033" lon="4.0854789">
    <ele>282</ele>
    <time>2026-05-29T19:11:49Z</time>
    <extensions>
     <gpxdata:hr>184</gpxdata:hr>
     <gpxdata:distance>3200.00</gpxdata:distance>
     <gpxdata:cadence>88</gpxdata:cadence>
     <gpxdata:speed>4.556</gpxdata:speed>
    </extensions>
   </trkpt>
   <trkpt lat="46.0268647" lon="4.0855051">
    <ele>282</ele>
    <time>2026-05-29T19:11:50Z</time>
    <extensions>
     <gpxdata:hr>185</gpxdata:hr>
     <gpxdata:distance>3205.00</gpxdata:distance>
     <gpxdata:cadence>89</gpxdata:cadence>
     <gpxdata:speed>4.553</gpxdata:speed>
    </extensions>
   </trkpt>
   <trkpt lat="46.0268261" lon="4.0855313">
    <ele>282</ele>
    <time>2026-05-29T19:11:51Z</time>
    <extensions>
     <gpxdata:hr>186</gpxdata:hr>
     <gpxdata:distance>3210.00</gpxdata:distance>
     <gpxdata:cadence>89</gpxdata:cadence>
     <gpxdata:speed>4.553</gpxdata:speed>
    </extensions>
   </trkpt>
   <trkpt lat="46.0267866" lon="4.0855566">
    <ele>282</ele>
    <time>2026-05-29T19:11:52Z</time>
    <extensions>
     <gpxdata:hr>186</gpxdata:hr>
     <gpxdata:distance>3214.50</gpxdata:distance>
     <gpxdata:cadence>89</gpxdata:cadence>
     <gpxdata:speed>4.556</gpxdata:speed>
    </extensions>
   </trkpt>
   <trkpt lat="46.0267471" lon="4.0855819">
    <ele>282</ele>
    <time>2026-05-29T19:11:53Z</time>
    <extensions>
     <gpxdata:hr>187</gpxdata:hr>
     <gpxdata:distance>3219.00</gpxdata:distance>
     <gpxdata:cadence>89</gpxdata:cadence>
     <gpxdata:speed>4.561</gpxdata:speed>
    </extensions>
   </trkpt>
   <trkpt lat="46.0267080" lon="4.0856063">
    <ele>282</ele>
    <time>2026-05-29T19:11:54Z</time>
    <extensions>
     <gpxdata:hr>188</gpxdata:hr>
     <gpxdata:distance>3223.50</gpxdata:distance>
     <gpxdata:cadence>89</gpxdata:cadence>
     <gpxdata:speed>4.564</gpxdata:speed>
    </extensions>
   </trkpt>
   <trkpt lat="46.0266689" lon="4.0856308">
    <ele>282</ele>
    <time>2026-05-29T19:11:55Z</time>
    <extensions>
     <gpxdata:hr>189</gpxdata:hr>
     <gpxdata:distance>3228.00</gpxdata:distance>
     <gpxdata:cadence>89</gpxdata:cadence>
     <gpxdata:speed>4.569</gpxdata:speed>
    </extensions>
   </trkpt>
   <trkpt lat="46.0266303" lon="4.0856535">
    <ele>282</ele>
    <time>2026-05-29T19:11:56Z</time>
    <extensions>
     <gpxdata:hr>188</gpxdata:hr>
     <gpxdata:distance>3232.50</gpxdata:distance>
     <gpxdata:cadence>89</gpxdata:cadence>
     <gpxdata:speed>4.572</gpxdata:speed>
    </extensions>
   </trkpt>
   <trkpt lat="46.0265917" lon="4.0856762">
    <ele>282</ele>
    <time>2026-05-29T19:11:57Z</time>
    <extensions>
     <gpxdata:hr>189</gpxdata:hr>
     <gpxdata:distance>3237.00</gpxdata:distance>
     <gpxdata:cadence>89</gpxdata:cadence>
     <gpxdata:speed>4.575</gpxdata:speed>
    </extensions>
   </trkpt>
   <trkpt lat="46.0265541" lon="4.0856981">
    <ele>282</ele>
    <time>2026-05-29T19:11:58Z</time>
    <extensions>
     <gpxdata:hr>190</gpxdata:hr>
     <gpxdata:distance>3241.50</gpxdata:distance>
     <gpxdata:cadence>89</gpxdata:cadence>
     <gpxdata:speed>4.578</gpxdata:speed>
    </extensions>
   </trkpt>
   <trkpt lat="46.0265166" lon="4.0857201">
    <ele>282</ele>
    <time>2026-05-29T19:11:59Z</time>
    <extensions>
     <gpxdata:hr>190</gpxdata:hr>
     <gpxdata:distance>3246.00</gpxdata:distance>
     <gpxdata:cadence>89</gpxdata:cadence>
     <gpxdata:speed>4.581</gpxdata:speed>
    </extensions>
   </trkpt>
   <trkpt lat="46.0264795" lon="4.0857421">
    <ele>282</ele>
    <time>2026-05-29T19:12:00Z</time>
    <extensions>
     <gpxdata:hr>189</gpxdata:hr>
     <gpxdata:distance>3250.50</gpxdata:distance>
     <gpxdata:cadence>89</gpxdata:cadence>
     <gpxdata:speed>4.583</gpxdata:speed>
    </extensions>
   </trkpt>
   <trkpt lat="46.0264424" lon="4.0857641">
    <ele>282</ele>
    <time>2026-05-29T19:12:01Z</time>
    <extensions>
     <gpxdata:hr>190</gpxdata:hr>
     <gpxdata:distance>3255.00</gpxdata:distance>
     <gpxdata:cadence>89</gpxdata:cadence>
     <gpxdata:speed>4.586</gpxdata:speed>
    </extensions>
   </trkpt>
   <trkpt lat="46.0264062" lon="4.0857879">
    <ele>282</ele>
    <time>2026-05-29T19:12:02Z</time>
    <extensions>
     <gpxdata:hr>190</gpxdata:hr>
     <gpxdata:distance>3259.50</gpxdata:distance>
     <gpxdata:cadence>89</gpxdata:cadence>
     <gpxdata:speed>4.586</gpxdata:speed>
    </extensions>
   </trkpt>
   <trkpt lat="46.0263701" lon="4.0858118">
    <ele>282</ele>
    <time>2026-05-29T19:12:03Z</time>
    <extensions>
     <gpxdata:hr>191</gpxdata:hr>
     <gpxdata:distance>3264.00</gpxdata:distance>
     <gpxdata:cadence>89</gpxdata:cadence>
     <gpxdata:speed>4.586</gpxdata:speed>
    </extensions>
   </trkpt>
   <trkpt lat="46.0263338" lon="4.0858373">
    <ele>282</ele>
    <time>2026-05-29T19:12:04Z</time>
    <extensions>
     <gpxdata:hr>192</gpxdata:hr>
     <gpxdata:distance>3268.50</gpxdata:distance>
     <gpxdata:cadence>89</gpxdata:cadence>
     <gpxdata:speed>4.589</gpxdata:speed>
    </extensions>
   </trkpt>
   <trkpt lat="46.0262975" lon="4.0858629">
    <ele>282</ele>
    <time>2026-05-29T19:12:05Z</time>
    <extensions>
     <gpxdata:hr>192</gpxdata:hr>
     <gpxdata:distance>3273.00</gpxdata:distance>
     <gpxdata:cadence>89</gpxdata:cadence>
     <gpxdata:speed>4.592</gpxdata:speed>
    </extensions>
   </trkpt>
   <trkpt lat="46.0262605" lon="4.0858890">
    <ele>282</ele>
    <time>2026-05-29T19:12:06Z</time>
    <extensions>
     <gpxdata:hr>193</gpxdata:hr>
     <gpxdata:distance>3277.50</gpxdata:distance>
     <gpxdata:cadence>89</gpxdata:cadence>
     <gpxdata:speed>4.592</gpxdata:speed>
    </extensions>
   </trkpt>
   <trkpt lat="46.0262235" lon="4.0859151">
    <ele>282</ele>
    <time>2026-05-29T19:12:07Z</time>
    <extensions>
     <gpxdata:hr>193</gpxdata:hr>
     <gpxdata:distance>3282.00</gpxdata:distance>
     <gpxdata:cadence>89</gpxdata:cadence>
     <gpxdata:speed>4.594</gpxdata:speed>
    </extensions>
   </trkpt>
   <trkpt lat="46.0261863" lon="4.0859405">
    <ele>282</ele>
    <time>2026-05-29T19:12:08Z</time>
    <extensions>
     <gpxdata:hr>194</gpxdata:hr>
     <gpxdata:distance>3287.00</gpxdata:distance>
     <gpxdata:cadence>89</gpxdata:cadence>
     <gpxdata:speed>4.592</gpxdata:speed>
    </extensions>
   </trkpt>
   <trkpt lat="46.0261492" lon="4.0859659">
    <ele>282</ele>
    <time>2026-05-29T19:12:09Z</time>
    <extensions>
     <gpxdata:hr>194</gpxdata:hr>
     <gpxdata:distance>3292.00</gpxdata:distance>
     <gpxdata:cadence>89</gpxdata:cadence>
     <gpxdata:speed>4.592</gpxdata:speed>
    </extensions>
   </trkpt>
   <trkpt lat="46.0261114" lon="4.0859912">
    <ele>282</ele>
    <time>2026-05-29T19:12:10Z</time>
    <extensions>
     <gpxdata:hr>194</gpxdata:hr>
     <gpxdata:distance>3296.50</gpxdata:distance>
     <gpxdata:cadence>89</gpxdata:cadence>
     <gpxdata:speed>4.592</gpxdata:speed>
    </extensions>
   </trkpt>
   <trkpt lat="46.0260737" lon="4.0860166">
    <ele>282</ele>
    <time>2026-05-29T19:12:11Z</time>
    <extensions>
     <gpxdata:hr>194</gpxdata:hr>
     <gpxdata:distance>3301.00</gpxdata:distance>
     <gpxdata:cadence>89</gpxdata:cadence>
     <gpxdata:speed>4.592</gpxdata:speed>
    </extensions>
   </trkpt>
   <trkpt lat="46.0260357" lon="4.0860410">
    <ele>282</ele>
    <time>2026-05-29T19:12:12Z</time>
    <extensions>
     <gpxdata:hr>193</gpxdata:hr>
     <gpxdata:distance>3305.50</gpxdata:distance>
     <gpxdata:cadence>89</gpxdata:cadence>
     <gpxdata:speed>4.592</gpxdata:speed>
    </extensions>
   </trkpt>
   <trkpt lat="46.0259978" lon="4.0860654">
    <ele>282</ele>
    <time>2026-05-29T19:12:13Z</time>
    <extensions>
     <gpxdata:hr>192</gpxdata:hr>
     <gpxdata:distance>3310.00</gpxdata:distance>
     <gpxdata:cadence>89</gpxdata:cadence>
     <gpxdata:speed>4.592</gpxdata:speed>
    </extensions>
   </trkpt>
   <trkpt lat="46.0259596" lon="4.0860871">
    <ele>282</ele>
    <time>2026-05-29T19:12:14Z</time>
    <extensions>
     <gpxdata:hr>192</gpxdata:hr>
     <gpxdata:distance>3314.50</gpxdata:distance>
     <gpxdata:cadence>89</gpxdata:cadence>
     <gpxdata:speed>4.592</gpxdata:speed>
    </extensions>
   </trkpt>
   <trkpt lat="46.0259214" lon="4.0861088">
    <ele>282</ele>
    <time>2026-05-29T19:12:15Z</time>
    <extensions>
     <gpxdata:hr>192</gpxdata:hr>
     <gpxdata:distance>3319.00</gpxdata:distance>
     <gpxdata:cadence>89</gpxdata:cadence>
     <gpxdata:speed>4.592</gpxdata:speed>
    </extensions>
   </trkpt>
   <trkpt lat="46.0258835" lon="4.0861304">
    <ele>282</ele>
    <time>2026-05-29T19:12:16Z</time>
    <extensions>
     <gpxdata:hr>191</gpxdata:hr>
     <gpxdata:distance>3323.50</gpxdata:distance>
     <gpxdata:cadence>89</gpxdata:cadence>
     <gpxdata:speed>4.592</gpxdata:speed>
    </extensions>
   </trkpt>
   <trkpt lat="46.0258457" lon="4.0861521">
    <ele>282</ele>
    <time>2026-05-29T19:12:17Z</time>
    <extensions>
     <gpxdata:hr>191</gpxdata:hr>
     <gpxdata:distance>3328.00</gpxdata:distance>
     <gpxdata:cadence>89</gpxdata:cadence>
     <gpxdata:speed>4.594</gpxdata:speed>
    </extensions>
   </trkpt>
   <trkpt lat="46.0258077" lon="4.0861747">
    <ele>282</ele>
    <time>2026-05-29T19:12:18Z</time>
    <extensions>
     <gpxdata:hr>190</gpxdata:hr>
     <gpxdata:distance>3333.00</gpxdata:distance>
     <gpxdata:cadence>89</gpxdata:cadence>
     <gpxdata:speed>4.594</gpxdata:speed>
    </extensions>
   </trkpt>
   <trkpt lat="46.0257698" lon="4.0861974">
    <ele>282</ele>
    <time>2026-05-29T19:12:19Z</time>
    <extensions>
     <gpxdata:hr>189</gpxdata:hr>
     <gpxdata:distance>3338.00</gpxdata:distance>
     <gpxdata:cadence>89</gpxdata:cadence>
     <gpxdata:speed>4.594</gpxdata:speed>
    </extensions>
   </trkpt>
   <trkpt lat="46.0257310" lon="4.0862190">
    <ele>282</ele>
    <time>2026-05-29T19:12:20Z</time>
    <extensions>
     <gpxdata:hr>189</gpxdata:hr>
     <gpxdata:distance>3342.50</gpxdata:distance>
     <gpxdata:cadence>89</gpxdata:cadence>
     <gpxdata:speed>4.597</gpxdata:speed>
    </extensions>
   </trkpt>
   <trkpt lat="46.0256923" lon="4.0862406">
    <ele>282</ele>
    <time>2026-05-29T19:12:21Z</time>
    <extensions>
     <gpxdata:hr>191</gpxdata:hr>
     <gpxdata:distance>3347.00</gpxdata:distance>
     <gpxdata:cadence>89</gpxdata:cadence>
     <gpxdata:speed>4.600</gpxdata:speed>
    </extensions>
   </trkpt>
   <trkpt lat="46.0256531" lon="4.0862616">
    <ele>282</ele>
    <time>2026-05-29T19:12:22Z</time>
    <extensions>
     <gpxdata:hr>192</gpxdata:hr>
     <gpxdata:distance>3351.50</gpxdata:distance>
     <gpxdata:cadence>89</gpxdata:cadence>
     <gpxdata:speed>4.600</gpxdata:speed>
    </extensions>
   </trkpt>
   <trkpt lat="46.0256139" lon="4.0862827">
    <ele>282</ele>
    <time>2026-05-29T19:12:23Z</time>
    <extensions>
     <gpxdata:hr>191</gpxdata:hr>
     <gpxdata:distance>3356.00</gpxdata:distance>
     <gpxdata:cadence>89</gpxdata:cadence>
     <gpxdata:speed>4.603</gpxdata:speed>
    </extensions>
   </trkpt>
   <trkpt lat="46.0255761" lon="4.0863050">
    <ele>282</ele>
    <time>2026-05-29T19:12:24Z</time>
    <extensions>
     <gpxdata:hr>192</gpxdata:hr>
     <gpxdata:distance>3360.50</gpxdata:distance>
     <gpxdata:cadence>88</gpxdata:cadence>
     <gpxdata:speed>4.603</gpxdata:speed>
    </extensions>
   </trkpt>
   <trkpt lat="46.0255383" lon="4.0863274">
    <ele>282</ele>
    <time>2026-05-29T19:12:25Z</time>
    <extensions>
     <gpxdata:hr>194</gpxdata:hr>
     <gpxdata:distance>3365.00</gpxdata:distance>
     <gpxdata:cadence>88</gpxdata:cadence>
     <gpxdata:speed>4.603</gpxdata:speed>
    </extensions>
   </trkpt>
   <trkpt lat="46.0255024" lon="4.0863505">
    <ele>282</ele>
    <time>2026-05-29T19:12:26Z</time>
    <extensions>
     <gpxdata:hr>195</gpxdata:hr>
     <gpxdata:distance>3369.00</gpxdata:distance>
     <gpxdata:cadence>88</gpxdata:cadence>
     <gpxdata:speed>4.603</gpxdata:speed>
    </extensions>
   </trkpt>
   <trkpt lat="46.0254665" lon="4.0863737">
    <ele>282</ele>
    <time>2026-05-29T19:12:27Z</time>
    <extensions>
     <gpxdata:hr>197</gpxdata:hr>
     <gpxdata:distance>3373.00</gpxdata:distance>
     <gpxdata:cadence>88</gpxdata:cadence>
     <gpxdata:speed>4.603</gpxdata:speed>
    </extensions>
   </trkpt>
   <trkpt lat="46.0254303" lon="4.0863986">
    <ele>282</ele>
    <time>2026-05-29T19:12:28Z</time>
    <extensions>
     <gpxdata:hr>197</gpxdata:hr>
     <gpxdata:distance>3378.00</gpxdata:distance>
     <gpxdata:cadence>88</gpxdata:cadence>
     <gpxdata:speed>4.600</gpxdata:speed>
    </extensions>
   </trkpt>
   <trkpt lat="46.0253942" lon="4.0864236">
    <ele>282</ele>
    <time>2026-05-29T19:12:29Z</time>
    <extensions>
     <gpxdata:hr>197</gpxdata:hr>
     <gpxdata:distance>3383.00</gpxdata:distance>
     <gpxdata:cadence>89</gpxdata:cadence>
     <gpxdata:speed>4.597</gpxdata:speed>
    </extensions>
   </trkpt>
   <trkpt lat="46.0253570" lon="4.0864489">
    <ele>282</ele>
    <time>2026-05-29T19:12:30Z</time>
    <extensions>
     <gpxdata:hr>197</gpxdata:hr>
     <gpxdata:distance>3387.50</gpxdata:distance>
     <gpxdata:cadence>89</gpxdata:cadence>
     <gpxdata:speed>4.594</gpxdata:speed>
    </extensions>
   </trkpt>
   <trkpt lat="46.0253199" lon="4.0864742">
    <ele>282</ele>
    <time>2026-05-29T19:12:31Z</time>
    <extensions>
     <gpxdata:hr>198</gpxdata:hr>
     <gpxdata:distance>3392.00</gpxdata:distance>
     <gpxdata:cadence>89</gpxdata:cadence>
     <gpxdata:speed>4.592</gpxdata:speed>
    </extensions>
   </trkpt>
   <trkpt lat="46.0252816" lon="4.0864982">
    <ele>282</ele>
    <time>2026-05-29T19:12:32Z</time>
    <extensions>
     <gpxdata:hr>197</gpxdata:hr>
     <gpxdata:distance>3397.00</gpxdata:distance>
     <gpxdata:cadence>89</gpxdata:cadence>
     <gpxdata:speed>4.589</gpxdata:speed>
    </extensions>
   </trkpt>
   <trkpt lat="46.0252433" lon="4.0865223">
    <ele>282</ele>
    <time>2026-05-29T19:12:33Z</time>
    <extensions>
     <gpxdata:hr>197</gpxdata:hr>
     <gpxdata:distance>3402.00</gpxdata:distance>
     <gpxdata:cadence>90</gpxdata:cadence>
     <gpxdata:speed>4.589</gpxdata:speed>
    </extensions>
   </trkpt>
   <trkpt lat="46.0252041" lon="4.0865458">
    <ele>282</ele>
    <time>2026-05-29T19:12:34Z</time>
    <extensions>
     <gpxdata:hr>196</gpxdata:hr>
     <gpxdata:distance>3406.50</gpxdata:distance>
     <gpxdata:cadence>90</gpxdata:cadence>
     <gpxdata:speed>4.589</gpxdata:speed>
    </extensions>
   </trkpt>
   <trkpt lat="46.0251650" lon="4.0865693">
    <ele>282</ele>
    <time>2026-05-29T19:12:35Z</time>
    <extensions>
     <gpxdata:hr>195</gpxdata:hr>
     <gpxdata:distance>3411.00</gpxdata:distance>
     <gpxdata:cadence>90</gpxdata:cadence>
     <gpxdata:speed>4.589</gpxdata:speed>
    </extensions>
   </trkpt>
   <trkpt lat="46.0251255" lon="4.0865921">
    <ele>282</ele>
    <time>2026-05-29T19:12:36Z</time>
    <extensions>
     <gpxdata:hr>196</gpxdata:hr>
     <gpxdata:distance>3415.50</gpxdata:distance>
     <gpxdata:cadence>89</gpxdata:cadence>
     <gpxdata:speed>4.589</gpxdata:speed>
    </extensions>
   </trkpt>
   <trkpt lat="46.0250860" lon="4.0866150">
    <ele>282</ele>
    <time>2026-05-29T19:12:37Z</time>
    <extensions>
     <gpxdata:hr>195</gpxdata:hr>
     <gpxdata:distance>3420.00</gpxdata:distance>
     <gpxdata:cadence>89</gpxdata:cadence>
     <gpxdata:speed>4.589</gpxdata:speed>
    </extensions>
   </trkpt>
   <trkpt lat="46.0250471" lon="4.0866400">
    <ele>282</ele>
    <time>2026-05-29T19:12:38Z</time>
    <extensions>
     <gpxdata:hr>194</gpxdata:hr>
     <gpxdata:distance>3425.00</gpxdata:distance>
     <gpxdata:cadence>89</gpxdata:cadence>
     <gpxdata:speed>4.589</gpxdata:speed>
    </extensions>
   </trkpt>
   <trkpt lat="46.0250082" lon="4.0866650">
    <ele>282</ele>
    <time>2026-05-29T19:12:39Z</time>
    <extensions>
     <gpxdata:hr>194</gpxdata:hr>
     <gpxdata:distance>3430.00</gpxdata:distance>
     <gpxdata:cadence>89</gpxdata:cadence>
     <gpxdata:speed>4.592</gpxdata:speed>
    </extensions>
   </trkpt>
   <trkpt lat="46.0249732" lon="4.0866998">
    <ele>282</ele>
    <time>2026-05-29T19:12:40Z</time>
    <extensions>
     <gpxdata:hr>194</gpxdata:hr>
     <gpxdata:distance>3435.00</gpxdata:distance>
     <gpxdata:cadence>89</gpxdata:cadence>
     <gpxdata:speed>4.594</gpxdata:speed>
    </extensions>
   </trkpt>
   <trkpt lat="46.0249383" lon="4.0867347">
    <ele>282</ele>
    <time>2026-05-29T19:12:41Z</time>
    <extensions>
     <gpxdata:hr>194</gpxdata:hr>
     <gpxdata:distance>3440.00</gpxdata:distance>
     <gpxdata:cadence>89</gpxdata:cadence>
     <gpxdata:speed>4.597</gpxdata:speed>
    </extensions>
   </trkpt>
   <trkpt lat="46.0249175" lon="4.0867830">
    <ele>282</ele>
    <time>2026-05-29T19:12:42Z</time>
    <extensions>
     <gpxdata:hr>194</gpxdata:hr>
     <gpxdata:distance>3444.00</gpxdata:distance>
     <gpxdata:cadence>89</gpxdata:cadence>
     <gpxdata:speed>4.611</gpxdata:speed>
    </extensions>
   </trkpt>
   <trkpt lat="46.0248967" lon="4.0868313">
    <ele>282</ele>
    <time>2026-05-29T19:12:43Z</time>
    <extensions>
     <gpxdata:hr>194</gpxdata:hr>
     <gpxdata:distance>3448.00</gpxdata:distance>
     <gpxdata:cadence>90</gpxdata:cadence>
     <gpxdata:speed>4.625</gpxdata:speed>
    </extensions>
   </trkpt>
   <trkpt lat="46.0248974" lon="4.0868845">
    <ele>282</ele>
    <time>2026-05-29T19:12:44Z</time>
    <extensions>
     <gpxdata:hr>194</gpxdata:hr>
     <gpxdata:distance>3452.50</gpxdata:distance>
     <gpxdata:cadence>90</gpxdata:cadence>
     <gpxdata:speed>4.644</gpxdata:speed>
    </extensions>
   </trkpt>
   <trkpt lat="46.0248981" lon="4.0869378">
    <ele>282</ele>
    <time>2026-05-29T19:12:45Z</time>
    <extensions>
     <gpxdata:hr>195</gpxdata:hr>
     <gpxdata:distance>3457.00</gpxdata:distance>
     <gpxdata:cadence>91</gpxdata:cadence>
     <gpxdata:speed>4.664</gpxdata:speed>
    </extensions>
   </trkpt>
   <trkpt lat="46.0249158" lon="4.0869924">
    <ele>282</ele>
    <time>2026-05-29T19:12:46Z</time>
    <extensions>
     <gpxdata:hr>195</gpxdata:hr>
     <gpxdata:distance>3462.00</gpxdata:distance>
     <gpxdata:cadence>91</gpxdata:cadence>
     <gpxdata:speed>4.667</gpxdata:speed>
    </extensions>
   </trkpt>
   <trkpt lat="46.0249336" lon="4.0870471">
    <ele>282</ele>
    <time>2026-05-29T19:12:47Z</time>
    <extensions>
     <gpxdata:hr>196</gpxdata:hr>
     <gpxdata:distance>3467.00</gpxdata:distance>
     <gpxdata:cadence>91</gpxdata:cadence>
     <gpxdata:speed>4.672</gpxdata:speed>
    </extensions>
   </trkpt>
   <trkpt lat="46.0249587" lon="4.0871013">
    <ele>282</ele>
    <time>2026-05-29T19:12:48Z</time>
    <extensions>
     <gpxdata:hr>197</gpxdata:hr>
     <gpxdata:distance>3472.00</gpxdata:distance>
     <gpxdata:cadence>91</gpxdata:cadence>
     <gpxdata:speed>4.672</gpxdata:speed>
    </extensions>
   </trkpt>
   <trkpt lat="46.0249839" lon="4.0871555">
    <ele>282</ele>
    <time>2026-05-29T19:12:49Z</time>
    <extensions>
     <gpxdata:hr>197</gpxdata:hr>
     <gpxdata:distance>3477.00</gpxdata:distance>
     <gpxdata:cadence>91</gpxdata:cadence>
     <gpxdata:speed>4.675</gpxdata:speed>
    </extensions>
   </trkpt>
   <trkpt lat="46.0250096" lon="4.0872074">
    <ele>282</ele>
    <time>2026-05-29T19:12:50Z</time>
    <extensions>
     <gpxdata:hr>197</gpxdata:hr>
     <gpxdata:distance>3481.50</gpxdata:distance>
     <gpxdata:cadence>91</gpxdata:cadence>
     <gpxdata:speed>4.678</gpxdata:speed>
    </extensions>
   </trkpt>
   <trkpt lat="46.0250353" lon="4.0872593">
    <ele>282</ele>
    <time>2026-05-29T19:12:51Z</time>
    <extensions>
     <gpxdata:hr>197</gpxdata:hr>
     <gpxdata:distance>3486.00</gpxdata:distance>
     <gpxdata:cadence>91</gpxdata:cadence>
     <gpxdata:speed>4.681</gpxdata:speed>
    </extensions>
   </trkpt>
   <trkpt lat="46.0250595" lon="4.0873069">
    <ele>283</ele>
    <time>2026-05-29T19:12:52Z</time>
    <extensions>
     <gpxdata:hr>197</gpxdata:hr>
     <gpxdata:distance>3490.00</gpxdata:distance>
     <gpxdata:cadence>91</gpxdata:cadence>
     <gpxdata:speed>4.681</gpxdata:speed>
    </extensions>
   </trkpt>
   <trkpt lat="46.0250838" lon="4.0873546">
    <ele>283</ele>
    <time>2026-05-29T19:12:53Z</time>
    <extensions>
     <gpxdata:hr>197</gpxdata:hr>
     <gpxdata:distance>3494.00</gpxdata:distance>
     <gpxdata:cadence>90</gpxdata:cadence>
     <gpxdata:speed>4.683</gpxdata:speed>
    </extensions>
   </trkpt>
   <trkpt lat="46.0251073" lon="4.0874002">
    <ele>283</ele>
    <time>2026-05-29T19:12:54Z</time>
    <extensions>
     <gpxdata:hr>197</gpxdata:hr>
     <gpxdata:distance>3498.50</gpxdata:distance>
     <gpxdata:cadence>90</gpxdata:cadence>
     <gpxdata:speed>4.675</gpxdata:speed>
    </extensions>
   </trkpt>
   <trkpt lat="46.0251309" lon="4.0874458">
    <ele>283</ele>
    <time>2026-05-29T19:12:55Z</time>
    <extensions>
     <gpxdata:hr>196</gpxdata:hr>
     <gpxdata:distance>3503.00</gpxdata:distance>
     <gpxdata:cadence>90</gpxdata:cadence>
     <gpxdata:speed>4.667</gpxdata:speed>
    </extensions>
   </trkpt>
   <trkpt lat="46.0251555" lon="4.0874921">
    <ele>283</ele>
    <time>2026-05-29T19:12:56Z</time>
    <extensions>
     <gpxdata:hr>197</gpxdata:hr>
     <gpxdata:distance>3508.00</gpxdata:distance>
     <gpxdata:cadence>90</gpxdata:cadence>
     <gpxdata:speed>4.658</gpxdata:speed>
    </extensions>
   </trkpt>
   <trkpt lat="46.0251801" lon="4.0875384">
    <ele>283</ele>
    <time>2026-05-29T19:12:57Z</time>
    <extensions>
     <gpxdata:hr>198</gpxdata:hr>
     <gpxdata:distance>3513.00</gpxdata:distance>
     <gpxdata:cadence>90</gpxdata:cadence>
     <gpxdata:speed>4.653</gpxdata:speed>
    </extensions>
   </trkpt>
   <trkpt lat="46.0252045" lon="4.0875854">
    <ele>283</ele>
    <time>2026-05-29T19:12:58Z</time>
    <extensions>
     <gpxdata:hr>199</gpxdata:hr>
     <gpxdata:distance>3517.50</gpxdata:distance>
     <gpxdata:cadence>90</gpxdata:cadence>
     <gpxdata:speed>4.650</gpxdata:speed>
    </extensions>
   </trkpt>
   <trkpt lat="46.0252289" lon="4.0876325">
    <ele>283</ele>
    <time>2026-05-29T19:12:59Z</time>
    <extensions>
     <gpxdata:hr>199</gpxdata:hr>
     <gpxdata:distance>3522.00</gpxdata:distance>
     <gpxdata:cadence>90</gpxdata:cadence>
     <gpxdata:speed>4.647</gpxdata:speed>
    </extensions>
   </trkpt>
   <trkpt lat="46.0252527" lon="4.0876821">
    <ele>283</ele>
    <time>2026-05-29T19:13:00Z</time>
    <extensions>
     <gpxdata:hr>199</gpxdata:hr>
     <gpxdata:distance>3526.50</gpxdata:distance>
     <gpxdata:cadence>90</gpxdata:cadence>
     <gpxdata:speed>4.644</gpxdata:speed>
    </extensions>
   </trkpt>
   <trkpt lat="46.0252766" lon="4.0877317">
    <ele>283</ele>
    <time>2026-05-29T19:13:01Z</time>
    <extensions>
     <gpxdata:hr>199</gpxdata:hr>
     <gpxdata:distance>3531.00</gpxdata:distance>
     <gpxdata:cadence>90</gpxdata:cadence>
     <gpxdata:speed>4.644</gpxdata:speed>
    </extensions>
   </trkpt>
   <trkpt lat="46.0253000" lon="4.0877819">
    <ele>283</ele>
    <time>2026-05-29T19:13:02Z</time>
    <extensions>
     <gpxdata:hr>199</gpxdata:hr>
     <gpxdata:distance>3536.00</gpxdata:distance>
     <gpxdata:cadence>90</gpxdata:cadence>
     <gpxdata:speed>4.642</gpxdata:speed>
    </extensions>
   </trkpt>
   <trkpt lat="46.0253234" lon="4.0878321">
    <ele>283</ele>
    <time>2026-05-29T19:13:03Z</time>
    <extensions>
     <gpxdata:hr>199</gpxdata:hr>
     <gpxdata:distance>3541.00</gpxdata:distance>
     <gpxdata:cadence>90</gpxdata:cadence>
     <gpxdata:speed>4.642</gpxdata:speed>
    </extensions>
   </trkpt>
   <trkpt lat="46.0253457" lon="4.0878808">
    <ele>283</ele>
    <time>2026-05-29T19:13:04Z</time>
    <extensions>
     <gpxdata:hr>199</gpxdata:hr>
     <gpxdata:distance>3545.00</gpxdata:distance>
     <gpxdata:cadence>90</gpxdata:cadence>
     <gpxdata:speed>4.642</gpxdata:speed>
    </extensions>
   </trkpt>
   <trkpt lat="46.0253680" lon="4.0879296">
    <ele>283</ele>
    <time>2026-05-29T19:13:05Z</time>
    <extensions>
     <gpxdata:hr>199</gpxdata:hr>
     <gpxdata:distance>3549.00</gpxdata:distance>
     <gpxdata:cadence>89</gpxdata:cadence>
     <gpxdata:speed>4.642</gpxdata:speed>
    </extensions>
   </trkpt>
   <trkpt lat="46.0253889" lon="4.0879786">
    <ele>283</ele>
    <time>2026-05-29T19:13:06Z</time>
    <extensions>
     <gpxdata:hr>200</gpxdata:hr>
     <gpxdata:distance>3553.50</gpxdata:distance>
     <gpxdata:cadence>89</gpxdata:cadence>
     <gpxdata:speed>4.642</gpxdata:speed>
    </extensions>
   </trkpt>
   <trkpt lat="46.0254099" lon="4.0880277">
    <ele>283</ele>
    <time>2026-05-29T19:13:07Z</time>
    <extensions>
     <gpxdata:hr>199</gpxdata:hr>
     <gpxdata:distance>3558.00</gpxdata:distance>
     <gpxdata:cadence>89</gpxdata:cadence>
     <gpxdata:speed>4.642</gpxdata:speed>
    </extensions>
   </trkpt>
   <trkpt lat="46.0254306" lon="4.0880776">
    <ele>283</ele>
    <time>2026-05-29T19:13:08Z</time>
    <extensions>
     <gpxdata:hr>199</gpxdata:hr>
     <gpxdata:distance>3560.50</gpxdata:distance>
     <gpxdata:cadence>89</gpxdata:cadence>
     <gpxdata:speed>4.639</gpxdata:speed>
    </extensions>
   </trkpt>
   <trkpt lat="46.0254514" lon="4.0881276">
    <ele>283</ele>
    <time>2026-05-29T19:13:09Z</time>
    <extensions>
     <gpxdata:hr>199</gpxdata:hr>
     <gpxdata:distance>3563.00</gpxdata:distance>
     <gpxdata:cadence>89</gpxdata:cadence>
     <gpxdata:speed>4.639</gpxdata:speed>
    </extensions>
   </trkpt>
   <trkpt lat="46.0254734" lon="4.0881780">
    <ele>283</ele>
    <time>2026-05-29T19:13:10Z</time>
    <extensions>
     <gpxdata:hr>199</gpxdata:hr>
     <gpxdata:distance>3570.00</gpxdata:distance>
     <gpxdata:cadence>89</gpxdata:cadence>
     <gpxdata:speed>4.636</gpxdata:speed>
    </extensions>
   </trkpt>
   <trkpt lat="46.0254955" lon="4.0882285">
    <ele>283</ele>
    <time>2026-05-29T19:13:11Z</time>
    <extensions>
     <gpxdata:hr>199</gpxdata:hr>
     <gpxdata:distance>3577.00</gpxdata:distance>
     <gpxdata:cadence>89</gpxdata:cadence>
     <gpxdata:speed>4.633</gpxdata:speed>
    </extensions>
   </trkpt>
   <trkpt lat="46.0255181" lon="4.0882801">
    <ele>283</ele>
    <time>2026-05-29T19:13:12Z</time>
    <extensions>
     <gpxdata:hr>198</gpxdata:hr>
     <gpxdata:distance>3581.50</gpxdata:distance>
     <gpxdata:cadence>89</gpxdata:cadence>
     <gpxdata:speed>4.631</gpxdata:speed>
    </extensions>
   </trkpt>
   <trkpt lat="46.0255408" lon="4.0883317">
    <ele>283</ele>
    <time>2026-05-29T19:13:13Z</time>
    <extensions>
     <gpxdata:hr>198</gpxdata:hr>
     <gpxdata:distance>3586.00</gpxdata:distance>
     <gpxdata:cadence>89</gpxdata:cadence>
     <gpxdata:speed>4.631</gpxdata:speed>
    </extensions>
   </trkpt>
   <trkpt lat="46.0255635" lon="4.0883830">
    <ele>283</ele>
    <time>2026-05-29T19:13:14Z</time>
    <extensions>
     <gpxdata:hr>197</gpxdata:hr>
     <gpxdata:distance>3591.00</gpxdata:distance>
     <gpxdata:cadence>89</gpxdata:cadence>
     <gpxdata:speed>4.631</gpxdata:speed>
    </extensions>
   </trkpt>
   <trkpt lat="46.0255862" lon="4.0884344">
    <ele>283</ele>
    <time>2026-05-29T19:13:15Z</time>
    <extensions>
     <gpxdata:hr>197</gpxdata:hr>
     <gpxdata:distance>3596.00</gpxdata:distance>
     <gpxdata:cadence>90</gpxdata:cadence>
     <gpxdata:speed>4.631</gpxdata:speed>
    </extensions>
   </trkpt>
   <trkpt lat="46.0256102" lon="4.0884846">
    <ele>283</ele>
    <time>2026-05-29T19:13:16Z</time>
    <extensions>
     <gpxdata:hr>197</gpxdata:hr>
     <gpxdata:distance>3600.50</gpxdata:distance>
     <gpxdata:cadence>90</gpxdata:cadence>
     <gpxdata:speed>4.631</gpxdata:speed>
    </extensions>
   </trkpt>
   <trkpt lat="46.0256342" lon="4.0885349">
    <ele>283</ele>
    <time>2026-05-29T19:13:17Z</time>
    <extensions>
     <gpxdata:hr>198</gpxdata:hr>
     <gpxdata:distance>3605.00</gpxdata:distance>
     <gpxdata:cadence>90</gpxdata:cadence>
     <gpxdata:speed>4.631</gpxdata:speed>
    </extensions>
   </trkpt>
   <trkpt lat="46.0256580" lon="4.0885841">
    <ele>283</ele>
    <time>2026-05-29T19:13:18Z</time>
    <extensions>
     <gpxdata:hr>197</gpxdata:hr>
     <gpxdata:distance>3609.50</gpxdata:distance>
     <gpxdata:cadence>90</gpxdata:cadence>
     <gpxdata:speed>4.631</gpxdata:speed>
    </extensions>
   </trkpt>
   <trkpt lat="46.0256818" lon="4.0886334">
    <ele>283</ele>
    <time>2026-05-29T19:13:19Z</time>
    <extensions>
     <gpxdata:hr>197</gpxdata:hr>
     <gpxdata:distance>3614.00</gpxdata:distance>
     <gpxdata:cadence>90</gpxdata:cadence>
     <gpxdata:speed>4.631</gpxdata:speed>
    </extensions>
   </trkpt>
   <trkpt lat="46.0257047" lon="4.0886834">
    <ele>283</ele>
    <time>2026-05-29T19:13:20Z</time>
    <extensions>
     <gpxdata:hr>197</gpxdata:hr>
     <gpxdata:distance>3618.50</gpxdata:distance>
     <gpxdata:cadence>89</gpxdata:cadence>
     <gpxdata:speed>4.631</gpxdata:speed>
    </extensions>
   </trkpt>
   <trkpt lat="46.0257277" lon="4.0887334">
    <ele>283</ele>
    <time>2026-05-29T19:13:21Z</time>
    <extensions>
     <gpxdata:hr>197</gpxdata:hr>
     <gpxdata:distance>3623.00</gpxdata:distance>
     <gpxdata:cadence>89</gpxdata:cadence>
     <gpxdata:speed>4.633</gpxdata:speed>
    </extensions>
   </trkpt>
   <trkpt lat="46.0257497" lon="4.0887831">
    <ele>283</ele>
    <time>2026-05-29T19:13:22Z</time>
    <extensions>
     <gpxdata:hr>197</gpxdata:hr>
     <gpxdata:distance>3627.50</gpxdata:distance>
     <gpxdata:cadence>89</gpxdata:cadence>
     <gpxdata:speed>4.633</gpxdata:speed>
    </extensions>
   </trkpt>
   <trkpt lat="46.0257717" lon="4.0888329">
    <ele>282</ele>
    <time>2026-05-29T19:13:23Z</time>
    <extensions>
     <gpxdata:hr>196</gpxdata:hr>
     <gpxdata:distance>3632.00</gpxdata:distance>
     <gpxdata:cadence>89</gpxdata:cadence>
     <gpxdata:speed>4.633</gpxdata:speed>
    </extensions>
   </trkpt>
   <trkpt lat="46.0257937" lon="4.0888828">
    <ele>282</ele>
    <time>2026-05-29T19:13:24Z</time>
    <extensions>
     <gpxdata:hr>196</gpxdata:hr>
     <gpxdata:distance>3637.00</gpxdata:distance>
     <gpxdata:cadence>89</gpxdata:cadence>
     <gpxdata:speed>4.631</gpxdata:speed>
    </extensions>
   </trkpt>
   <trkpt lat="46.0258158" lon="4.0889327">
    <ele>282</ele>
    <time>2026-05-29T19:13:25Z</time>
    <extensions>
     <gpxdata:hr>195</gpxdata:hr>
     <gpxdata:distance>3642.00</gpxdata:distance>
     <gpxdata:cadence>89</gpxdata:cadence>
     <gpxdata:speed>4.631</gpxdata:speed>
    </extensions>
   </trkpt>
   <trkpt lat="46.0258366" lon="4.0889836">
    <ele>282</ele>
    <time>2026-05-29T19:13:26Z</time>
    <extensions>
     <gpxdata:hr>194</gpxdata:hr>
     <gpxdata:distance>3646.50</gpxdata:distance>
     <gpxdata:cadence>89</gpxdata:cadence>
     <gpxdata:speed>4.628</gpxdata:speed>
    </extensions>
   </trkpt>
   <trkpt lat="46.0258575" lon="4.0890346">
    <ele>282</ele>
    <time>2026-05-29T19:13:27Z</time>
    <extensions>
     <gpxdata:hr>195</gpxdata:hr>
     <gpxdata:distance>3651.00</gpxdata:distance>
     <gpxdata:cadence>89</gpxdata:cadence>
     <gpxdata:speed>4.628</gpxdata:speed>
    </extensions>
   </trkpt>
   <trkpt lat="46.0258800" lon="4.0890845">
    <ele>282</ele>
    <time>2026-05-29T19:13:28Z</time>
    <extensions>
     <gpxdata:hr>195</gpxdata:hr>
     <gpxdata:distance>3655.50</gpxdata:distance>
     <gpxdata:cadence>89</gpxdata:cadence>
     <gpxdata:speed>4.625</gpxdata:speed>
    </extensions>
   </trkpt>
   <trkpt lat="46.0259026" lon="4.0891345">
    <ele>282</ele>
    <time>2026-05-29T19:13:29Z</time>
    <extensions>
     <gpxdata:hr>195</gpxdata:hr>
     <gpxdata:distance>3660.00</gpxdata:distance>
     <gpxdata:cadence>89</gpxdata:cadence>
     <gpxdata:speed>4.625</gpxdata:speed>
    </extensions>
   </trkpt>
   <trkpt lat="46.0259287" lon="4.0891791">
    <ele>282</ele>
    <time>2026-05-29T19:13:30Z</time>
    <extensions>
     <gpxdata:hr>194</gpxdata:hr>
     <gpxdata:distance>3664.50</gpxdata:distance>
     <gpxdata:cadence>90</gpxdata:cadence>
     <gpxdata:speed>4.625</gpxdata:speed>
    </extensions>
   </trkpt>
   <trkpt lat="46.0259548" lon="4.0892238">
    <ele>282</ele>
    <time>2026-05-29T19:13:31Z</time>
    <extensions>
     <gpxdata:hr>194</gpxdata:hr>
     <gpxdata:distance>3669.00</gpxdata:distance>
     <gpxdata:cadence>90</gpxdata:cadence>
     <gpxdata:speed>4.628</gpxdata:speed>
    </extensions>
   </trkpt>
   <trkpt lat="46.0259854" lon="4.0892420">
    <ele>282</ele>
    <time>2026-05-29T19:13:32Z</time>
    <extensions>
     <gpxdata:hr>195</gpxdata:hr>
     <gpxdata:distance>3672.50</gpxdata:distance>
     <gpxdata:cadence>90</gpxdata:cadence>
     <gpxdata:speed>4.628</gpxdata:speed>
    </extensions>
   </trkpt>
   <trkpt lat="46.0260160" lon="4.0892603">
    <ele>282</ele>
    <time>2026-05-29T19:13:33Z</time>
    <extensions>
     <gpxdata:hr>194</gpxdata:hr>
     <gpxdata:distance>3676.00</gpxdata:distance>
     <gpxdata:cadence>90</gpxdata:cadence>
     <gpxdata:speed>4.628</gpxdata:speed>
    </extensions>
   </trkpt>
   <trkpt lat="46.0260463" lon="4.0892412">
    <ele>282</ele>
    <time>2026-05-29T19:13:34Z</time>
    <extensions>
     <gpxdata:hr>194</gpxdata:hr>
     <gpxdata:distance>3680.50</gpxdata:distance>
     <gpxdata:cadence>90</gpxdata:cadence>
     <gpxdata:speed>4.628</gpxdata:speed>
    </extensions>
   </trkpt>
   <trkpt lat="46.0260767" lon="4.0892221">
    <ele>282</ele>
    <time>2026-05-29T19:13:35Z</time>
    <extensions>
     <gpxdata:hr>193</gpxdata:hr>
     <gpxdata:distance>3685.00</gpxdata:distance>
     <gpxdata:cadence>90</gpxdata:cadence>
     <gpxdata:speed>4.631</gpxdata:speed>
    </extensions>
   </trkpt>
   <trkpt lat="46.0261058" lon="4.0891821">
    <ele>282</ele>
    <time>2026-05-29T19:13:36Z</time>
    <extensions>
     <gpxdata:hr>194</gpxdata:hr>
     <gpxdata:distance>3687.50</gpxdata:distance>
     <gpxdata:cadence>90</gpxdata:cadence>
     <gpxdata:speed>4.631</gpxdata:speed>
    </extensions>
   </trkpt>
   <trkpt lat="46.0261350" lon="4.0891421">
    <ele>282</ele>
    <time>2026-05-29T19:13:37Z</time>
    <extensions>
     <gpxdata:hr>194</gpxdata:hr>
     <gpxdata:distance>3690.00</gpxdata:distance>
     <gpxdata:cadence>90</gpxdata:cadence>
     <gpxdata:speed>4.631</gpxdata:speed>
    </extensions>
   </trkpt>
   <trkpt lat="46.0261625" lon="4.0890953">
    <ele>281</ele>
    <time>2026-05-29T19:13:38Z</time>
    <extensions>
     <gpxdata:hr>194</gpxdata:hr>
     <gpxdata:distance>3696.50</gpxdata:distance>
     <gpxdata:cadence>89</gpxdata:cadence>
     <gpxdata:speed>4.631</gpxdata:speed>
    </extensions>
   </trkpt>
   <trkpt lat="46.0261900" lon="4.0890486">
    <ele>281</ele>
    <time>2026-05-29T19:13:39Z</time>
    <extensions>
     <gpxdata:hr>195</gpxdata:hr>
     <gpxdata:distance>3703.00</gpxdata:distance>
     <gpxdata:cadence>89</gpxdata:cadence>
     <gpxdata:speed>4.633</gpxdata:speed>
    </extensions>
   </trkpt>
   <trkpt lat="46.0262167" lon="4.0890013">
    <ele>281</ele>
    <time>2026-05-29T19:13:40Z</time>
    <extensions>
     <gpxdata:hr>196</gpxdata:hr>
     <gpxdata:distance>3705.00</gpxdata:distance>
     <gpxdata:cadence>88</gpxdata:cadence>
     <gpxdata:speed>4.633</gpxdata:speed>
    </extensions>
   </trkpt>
   <trkpt lat="46.0262434" lon="4.0889540">
    <ele>281</ele>
    <time>2026-05-29T19:13:41Z</time>
    <extensions>
     <gpxdata:hr>196</gpxdata:hr>
     <gpxdata:distance>3707.00</gpxdata:distance>
     <gpxdata:cadence>88</gpxdata:cadence>
     <gpxdata:speed>4.633</gpxdata:speed>
    </extensions>
   </trkpt>
   <trkpt lat="46.0262687" lon="4.0889043">
    <ele>281</ele>
    <time>2026-05-29T19:13:42Z</time>
    <extensions>
     <gpxdata:hr>197</gpxdata:hr>
     <gpxdata:distance>3714.50</gpxdata:distance>
     <gpxdata:cadence>88</gpxdata:cadence>
     <gpxdata:speed>4.631</gpxdata:speed>
    </extensions>
   </trkpt>
   <trkpt lat="46.0262940" lon="4.0888547">
    <ele>281</ele>
    <time>2026-05-29T19:13:43Z</time>
    <extensions>
     <gpxdata:hr>197</gpxdata:hr>
     <gpxdata:distance>3722.00</gpxdata:distance>
     <gpxdata:cadence>88</gpxdata:cadence>
     <gpxdata:speed>4.631</gpxdata:speed>
    </extensions>
   </trkpt>
   <trkpt lat="46.0263181" lon="4.0888057">
    <ele>281</ele>
    <time>2026-05-29T19:13:44Z</time>
    <extensions>
     <gpxdata:hr>197</gpxdata:hr>
     <gpxdata:distance>3726.00</gpxdata:distance>
     <gpxdata:cadence>88</gpxdata:cadence>
     <gpxdata:speed>4.628</gpxdata:speed>
    </extensions>
   </trkpt>
   <trkpt lat="46.0263423" lon="4.0887568">
    <ele>281</ele>
    <time>2026-05-29T19:13:45Z</time>
    <extensions>
     <gpxdata:hr>196</gpxdata:hr>
     <gpxdata:distance>3730.00</gpxdata:distance>
     <gpxdata:cadence>88</gpxdata:cadence>
     <gpxdata:speed>4.628</gpxdata:speed>
    </extensions>
   </trkpt>
   <trkpt lat="46.0263650" lon="4.0887085">
    <ele>281</ele>
    <time>2026-05-29T19:13:46Z</time>
    <extensions>
     <gpxdata:hr>196</gpxdata:hr>
     <gpxdata:distance>3734.50</gpxdata:distance>
     <gpxdata:cadence>88</gpxdata:cadence>
     <gpxdata:speed>4.628</gpxdata:speed>
    </extensions>
   </trkpt>
   <trkpt lat="46.0263877" lon="4.0886602">
    <ele>281</ele>
    <time>2026-05-29T19:13:47Z</time>
    <extensions>
     <gpxdata:hr>196</gpxdata:hr>
     <gpxdata:distance>3739.00</gpxdata:distance>
     <gpxdata:cadence>89</gpxdata:cadence>
     <gpxdata:speed>4.628</gpxdata:speed>
    </extensions>
   </trkpt>
   <trkpt lat="46.0264083" lon="4.0886082">
    <ele>280</ele>
    <time>2026-05-29T19:13:48Z</time>
    <extensions>
     <gpxdata:hr>196</gpxdata:hr>
     <gpxdata:distance>3744.50</gpxdata:distance>
     <gpxdata:cadence>89</gpxdata:cadence>
     <gpxdata:speed>4.628</gpxdata:speed>
    </extensions>
   </trkpt>
   <trkpt lat="46.0264290" lon="4.0885563">
    <ele>280</ele>
    <time>2026-05-29T19:13:49Z</time>
    <extensions>
     <gpxdata:hr>196</gpxdata:hr>
     <gpxdata:distance>3750.00</gpxdata:distance>
     <gpxdata:cadence>89</gpxdata:cadence>
     <gpxdata:speed>4.628</gpxdata:speed>
    </extensions>
   </trkpt>
   <trkpt lat="46.0264504" lon="4.0885039">
    <ele>280</ele>
    <time>2026-05-29T19:13:50Z</time>
    <extensions>
     <gpxdata:hr>196</gpxdata:hr>
     <gpxdata:distance>3754.00</gpxdata:distance>
     <gpxdata:cadence>89</gpxdata:cadence>
     <gpxdata:speed>4.625</gpxdata:speed>
    </extensions>
   </trkpt>
   <trkpt lat="46.0264719" lon="4.0884515">
    <ele>280</ele>
    <time>2026-05-29T19:13:51Z</time>
    <extensions>
     <gpxdata:hr>196</gpxdata:hr>
     <gpxdata:distance>3758.00</gpxdata:distance>
     <gpxdata:cadence>89</gpxdata:cadence>
     <gpxdata:speed>4.625</gpxdata:speed>
    </extensions>
   </trkpt>
   <trkpt lat="46.0264949" lon="4.0884011">
    <ele>280</ele>
    <time>2026-05-29T19:13:52Z</time>
    <extensions>
     <gpxdata:hr>195</gpxdata:hr>
     <gpxdata:distance>3763.00</gpxdata:distance>
     <gpxdata:cadence>89</gpxdata:cadence>
     <gpxdata:speed>4.622</gpxdata:speed>
    </extensions>
   </trkpt>
   <trkpt lat="46.0265179" lon="4.0883508">
    <ele>280</ele>
    <time>2026-05-29T19:13:53Z</time>
    <extensions>
     <gpxdata:hr>194</gpxdata:hr>
     <gpxdata:distance>3768.00</gpxdata:distance>
     <gpxdata:cadence>89</gpxdata:cadence>
     <gpxdata:speed>4.622</gpxdata:speed>
    </extensions>
   </trkpt>
   <trkpt lat="46.0265416" lon="4.0883034">
    <ele>280</ele>
    <time>2026-05-29T19:13:54Z</time>
    <extensions>
     <gpxdata:hr>194</gpxdata:hr>
     <gpxdata:distance>3772.00</gpxdata:distance>
     <gpxdata:cadence>89</gpxdata:cadence>
     <gpxdata:speed>4.619</gpxdata:speed>
    </extensions>
   </trkpt>
   <trkpt lat="46.0265653" lon="4.0882561">
    <ele>280</ele>
    <time>2026-05-29T19:13:55Z</time>
    <extensions>
     <gpxdata:hr>194</gpxdata:hr>
     <gpxdata:distance>3776.00</gpxdata:distance>
     <gpxdata:cadence>89</gpxdata:cadence>
     <gpxdata:speed>4.617</gpxdata:speed>
    </extensions>
   </trkpt>
   <trkpt lat="46.0265857" lon="4.0882128">
    <ele>280</ele>
    <time>2026-05-29T19:13:56Z</time>
    <extensions>
     <gpxdata:hr>195</gpxdata:hr>
     <gpxdata:distance>3779.50</gpxdata:distance>
     <gpxdata:cadence>89</gpxdata:cadence>
     <gpxdata:speed>4.608</gpxdata:speed>
    </extensions>
   </trkpt>
   <trkpt lat="46.0266062" lon="4.0881696">
    <ele>280</ele>
    <time>2026-05-29T19:13:57Z</time>
    <extensions>
     <gpxdata:hr>196</gpxdata:hr>
     <gpxdata:distance>3783.00</gpxdata:distance>
     <gpxdata:cadence>90</gpxdata:cadence>
     <gpxdata:speed>4.603</gpxdata:speed>
    </extensions>
   </trkpt>
   <trkpt lat="46.0266080" lon="4.0881230">
    <ele>280</ele>
    <time>2026-05-29T19:13:58Z</time>
    <extensions>
     <gpxdata:hr>195</gpxdata:hr>
     <gpxdata:distance>3788.00</gpxdata:distance>
     <gpxdata:cadence>90</gpxdata:cadence>
     <gpxdata:speed>4.594</gpxdata:speed>
    </extensions>
   </trkpt>
   <trkpt lat="46.0266098" lon="4.0880765">
    <ele>280</ele>
    <time>2026-05-29T19:13:59Z</time>
    <extensions>
     <gpxdata:hr>195</gpxdata:hr>
     <gpxdata:distance>3793.00</gpxdata:distance>
     <gpxdata:cadence>90</gpxdata:cadence>
     <gpxdata:speed>4.586</gpxdata:speed>
    </extensions>
   </trkpt>
   <trkpt lat="46.0265951" lon="4.0880235">
    <ele>280</ele>
    <time>2026-05-29T19:14:00Z</time>
    <extensions>
     <gpxdata:hr>195</gpxdata:hr>
     <gpxdata:distance>3797.50</gpxdata:distance>
     <gpxdata:cadence>90</gpxdata:cadence>
     <gpxdata:speed>4.581</gpxdata:speed>
    </extensions>
   </trkpt>
   <trkpt lat="46.0265804" lon="4.0879705">
    <ele>280</ele>
    <time>2026-05-29T19:14:01Z</time>
    <extensions>
     <gpxdata:hr>195</gpxdata:hr>
     <gpxdata:distance>3802.00</gpxdata:distance>
     <gpxdata:cadence>90</gpxdata:cadence>
     <gpxdata:speed>4.575</gpxdata:speed>
    </extensions>
   </trkpt>
   <trkpt lat="46.0265597" lon="4.0879152">
    <ele>280</ele>
    <time>2026-05-29T19:14:02Z</time>
    <extensions>
     <gpxdata:hr>194</gpxdata:hr>
     <gpxdata:distance>3807.00</gpxdata:distance>
     <gpxdata:cadence>89</gpxdata:cadence>
     <gpxdata:speed>4.569</gpxdata:speed>
    </extensions>
   </trkpt>
   <trkpt lat="46.0265390" lon="4.0878600">
    <ele>280</ele>
    <time>2026-05-29T19:14:03Z</time>
    <extensions>
     <gpxdata:hr>194</gpxdata:hr>
     <gpxdata:distance>3812.00</gpxdata:distance>
     <gpxdata:cadence>89</gpxdata:cadence>
     <gpxdata:speed>4.567</gpxdata:speed>
    </extensions>
   </trkpt>
   <trkpt lat="46.0265177" lon="4.0878085">
    <ele>280</ele>
    <time>2026-05-29T19:14:04Z</time>
    <extensions>
     <gpxdata:hr>194</gpxdata:hr>
     <gpxdata:distance>3815.50</gpxdata:distance>
     <gpxdata:cadence>89</gpxdata:cadence>
     <gpxdata:speed>4.564</gpxdata:speed>
    </extensions>
   </trkpt>
   <trkpt lat="46.0264965" lon="4.0877570">
    <ele>280</ele>
    <time>2026-05-29T19:14:05Z</time>
    <extensions>
     <gpxdata:hr>193</gpxdata:hr>
     <gpxdata:distance>3819.00</gpxdata:distance>
     <gpxdata:cadence>89</gpxdata:cadence>
     <gpxdata:speed>4.564</gpxdata:speed>
    </extensions>
   </trkpt>
   <trkpt lat="46.0264749" lon="4.0877091">
    <ele>280</ele>
    <time>2026-05-29T19:14:06Z</time>
    <extensions>
     <gpxdata:hr>193</gpxdata:hr>
     <gpxdata:distance>3821.50</gpxdata:distance>
     <gpxdata:cadence>88</gpxdata:cadence>
     <gpxdata:speed>4.564</gpxdata:speed>
    </extensions>
   </trkpt>
   <trkpt lat="46.0264533" lon="4.0876612">
    <ele>280</ele>
    <time>2026-05-29T19:14:07Z</time>
    <extensions>
     <gpxdata:hr>194</gpxdata:hr>
     <gpxdata:distance>3824.00</gpxdata:distance>
     <gpxdata:cadence>88</gpxdata:cadence>
     <gpxdata:speed>4.564</gpxdata:speed>
    </extensions>
   </trkpt>
   <trkpt lat="46.0264301" lon="4.0876122">
    <ele>280</ele>
    <time>2026-05-29T19:14:08Z</time>
    <extensions>
     <gpxdata:hr>193</gpxdata:hr>
     <gpxdata:distance>3831.00</gpxdata:distance>
     <gpxdata:cadence>88</gpxdata:cadence>
     <gpxdata:speed>4.561</gpxdata:speed>
    </extensions>
   </trkpt>
   <trkpt lat="46.0264069" lon="4.0875633">
    <ele>280</ele>
    <time>2026-05-29T19:14:09Z</time>
    <extensions>
     <gpxdata:hr>193</gpxdata:hr>
     <gpxdata:distance>3838.00</gpxdata:distance>
     <gpxdata:cadence>89</gpxdata:cadence>
     <gpxdata:speed>4.561</gpxdata:speed>
    </extensions>
   </trkpt>
   <trkpt lat="46.0263832" lon="4.0875135">
    <ele>280</ele>
    <time>2026-05-29T19:14:10Z</time>
    <extensions>
     <gpxdata:hr>193</gpxdata:hr>
     <gpxdata:distance>3842.50</gpxdata:distance>
     <gpxdata:cadence>89</gpxdata:cadence>
     <gpxdata:speed>4.561</gpxdata:speed>
    </extensions>
   </trkpt>
   <trkpt lat="46.0263595" lon="4.0874637">
    <ele>280</ele>
    <time>2026-05-29T19:14:11Z</time>
    <extensions>
     <gpxdata:hr>193</gpxdata:hr>
     <gpxdata:distance>3847.00</gpxdata:distance>
     <gpxdata:cadence>89</gpxdata:cadence>
     <gpxdata:speed>4.561</gpxdata:speed>
    </extensions>
   </trkpt>
   <trkpt lat="46.0263361" lon="4.0874143">
    <ele>280</ele>
    <time>2026-05-29T19:14:12Z</time>
    <extensions>
     <gpxdata:hr>192</gpxdata:hr>
     <gpxdata:distance>3852.00</gpxdata:distance>
     <gpxdata:cadence>89</gpxdata:cadence>
     <gpxdata:speed>4.561</gpxdata:speed>
    </extensions>
   </trkpt>
   <trkpt lat="46.0263127" lon="4.0873650">
    <ele>280</ele>
    <time>2026-05-29T19:14:13Z</time>
    <extensions>
     <gpxdata:hr>192</gpxdata:hr>
     <gpxdata:distance>3857.00</gpxdata:distance>
     <gpxdata:cadence>89</gpxdata:cadence>
     <gpxdata:speed>4.564</gpxdata:speed>
    </extensions>
   </trkpt>
   <trkpt lat="46.0262890" lon="4.0873160">
    <ele>280</ele>
    <time>2026-05-29T19:14:14Z</time>
    <extensions>
     <gpxdata:hr>193</gpxdata:hr>
     <gpxdata:distance>3861.50</gpxdata:distance>
     <gpxdata:cadence>89</gpxdata:cadence>
     <gpxdata:speed>4.564</gpxdata:speed>
    </extensions>
   </trkpt>
   <trkpt lat="46.0262654" lon="4.0872671">
    <ele>280</ele>
    <time>2026-05-29T19:14:15Z</time>
    <extensions>
     <gpxdata:hr>194</gpxdata:hr>
     <gpxdata:distance>3866.00</gpxdata:distance>
     <gpxdata:cadence>89</gpxdata:cadence>
     <gpxdata:speed>4.567</gpxdata:speed>
    </extensions>
   </trkpt>
   <trkpt lat="46.0262426" lon="4.0872178">
    <ele>280</ele>
    <time>2026-05-29T19:14:16Z</time>
    <extensions>
     <gpxdata:hr>194</gpxdata:hr>
     <gpxdata:distance>3870.50</gpxdata:distance>
     <gpxdata:cadence>89</gpxdata:cadence>
     <gpxdata:speed>4.572</gpxdata:speed>
    </extensions>
   </trkpt>
   <trkpt lat="46.0262199" lon="4.0871686">
    <ele>281</ele>
    <time>2026-05-29T19:14:17Z</time>
    <extensions>
     <gpxdata:hr>194</gpxdata:hr>
     <gpxdata:distance>3875.00</gpxdata:distance>
     <gpxdata:cadence>89</gpxdata:cadence>
     <gpxdata:speed>4.578</gpxdata:speed>
    </extensions>
   </trkpt>
   <trkpt lat="46.0261973" lon="4.0871198">
    <ele>281</ele>
    <time>2026-05-29T19:14:18Z</time>
    <extensions>
     <gpxdata:hr>194</gpxdata:hr>
     <gpxdata:distance>3879.50</gpxdata:distance>
     <gpxdata:cadence>89</gpxdata:cadence>
     <gpxdata:speed>4.578</gpxdata:speed>
    </extensions>
   </trkpt>
   <trkpt lat="46.0261748" lon="4.0870710">
    <ele>281</ele>
    <time>2026-05-29T19:14:19Z</time>
    <extensions>
     <gpxdata:hr>194</gpxdata:hr>
     <gpxdata:distance>3884.00</gpxdata:distance>
     <gpxdata:cadence>89</gpxdata:cadence>
     <gpxdata:speed>4.581</gpxdata:speed>
    </extensions>
   </trkpt>
   <trkpt lat="46.0261512" lon="4.0870217">
    <ele>281</ele>
    <time>2026-05-29T19:14:20Z</time>
    <extensions>
     <gpxdata:hr>194</gpxdata:hr>
     <gpxdata:distance>3889.00</gpxdata:distance>
     <gpxdata:cadence>90</gpxdata:cadence>
     <gpxdata:speed>4.581</gpxdata:speed>
    </extensions>
   </trkpt>
   <trkpt lat="46.0261276" lon="4.0869724">
    <ele>281</ele>
    <time>2026-05-29T19:14:21Z</time>
    <extensions>
     <gpxdata:hr>194</gpxdata:hr>
     <gpxdata:distance>3894.00</gpxdata:distance>
     <gpxdata:cadence>90</gpxdata:cadence>
     <gpxdata:speed>4.583</gpxdata:speed>
    </extensions>
   </trkpt>
   <trkpt lat="46.0261033" lon="4.0869218">
    <ele>281</ele>
    <time>2026-05-29T19:14:22Z</time>
    <extensions>
     <gpxdata:hr>194</gpxdata:hr>
     <gpxdata:distance>3898.50</gpxdata:distance>
     <gpxdata:cadence>90</gpxdata:cadence>
     <gpxdata:speed>4.583</gpxdata:speed>
    </extensions>
   </trkpt>
   <trkpt lat="46.0260791" lon="4.0868713">
    <ele>281</ele>
    <time>2026-05-29T19:14:23Z</time>
    <extensions>
     <gpxdata:hr>194</gpxdata:hr>
     <gpxdata:distance>3903.00</gpxdata:distance>
     <gpxdata:cadence>90</gpxdata:cadence>
     <gpxdata:speed>4.586</gpxdata:speed>
    </extensions>
   </trkpt>
   <trkpt lat="46.0260543" lon="4.0868206">
    <ele>281</ele>
    <time>2026-05-29T19:14:24Z</time>
    <extensions>
     <gpxdata:hr>194</gpxdata:hr>
     <gpxdata:distance>3908.00</gpxdata:distance>
     <gpxdata:cadence>90</gpxdata:cadence>
     <gpxdata:speed>4.594</gpxdata:speed>
    </extensions>
   </trkpt>
   <trkpt lat="46.0260295" lon="4.0867699">
    <ele>281</ele>
    <time>2026-05-29T19:14:25Z</time>
    <extensions>
     <gpxdata:hr>194</gpxdata:hr>
     <gpxdata:distance>3913.00</gpxdata:distance>
     <gpxdata:cadence>91</gpxdata:cadence>
     <gpxdata:speed>4.606</gpxdata:speed>
    </extensions>
   </trkpt>
   <trkpt lat="46.0260048" lon="4.0867207">
    <ele>281</ele>
    <time>2026-05-29T19:14:26Z</time>
    <extensions>
     <gpxdata:hr>193</gpxdata:hr>
     <gpxdata:distance>3917.50</gpxdata:distance>
     <gpxdata:cadence>90</gpxdata:cadence>
     <gpxdata:speed>4.611</gpxdata:speed>
    </extensions>
   </trkpt>
   <trkpt lat="46.0259801" lon="4.0866716">
    <ele>281</ele>
    <time>2026-05-29T19:14:27Z</time>
    <extensions>
     <gpxdata:hr>195</gpxdata:hr>
     <gpxdata:distance>3922.00</gpxdata:distance>
     <gpxdata:cadence>90</gpxdata:cadence>
     <gpxdata:speed>4.617</gpxdata:speed>
    </extensions>
   </trkpt>
   <trkpt lat="46.0259562" lon="4.0866229">
    <ele>281</ele>
    <time>2026-05-29T19:14:28Z</time>
    <extensions>
     <gpxdata:hr>194</gpxdata:hr>
     <gpxdata:distance>3926.50</gpxdata:distance>
     <gpxdata:cadence>90</gpxdata:cadence>
     <gpxdata:speed>4.619</gpxdata:speed>
    </extensions>
   </trkpt>
   <trkpt lat="46.0259323" lon="4.0865742">
    <ele>281</ele>
    <time>2026-05-29T19:14:29Z</time>
    <extensions>
     <gpxdata:hr>195</gpxdata:hr>
     <gpxdata:distance>3931.00</gpxdata:distance>
     <gpxdata:cadence>89</gpxdata:cadence>
     <gpxdata:speed>4.622</gpxdata:speed>
    </extensions>
   </trkpt>
   <trkpt lat="46.0259095" lon="4.0865232">
    <ele>281</ele>
    <time>2026-05-29T19:14:30Z</time>
    <extensions>
     <gpxdata:hr>195</gpxdata:hr>
     <gpxdata:distance>3936.00</gpxdata:distance>
     <gpxdata:cadence>89</gpxdata:cadence>
     <gpxdata:speed>4.622</gpxdata:speed>
    </extensions>
   </trkpt>
   <trkpt lat="46.0258868" lon="4.0864722">
    <ele>281</ele>
    <time>2026-05-29T19:14:31Z</time>
    <extensions>
     <gpxdata:hr>195</gpxdata:hr>
     <gpxdata:distance>3941.00</gpxdata:distance>
     <gpxdata:cadence>89</gpxdata:cadence>
     <gpxdata:speed>4.622</gpxdata:speed>
    </extensions>
   </trkpt>
   <trkpt lat="46.0258657" lon="4.0864188">
    <ele>281</ele>
    <time>2026-05-29T19:14:32Z</time>
    <extensions>
     <gpxdata:hr>196</gpxdata:hr>
     <gpxdata:distance>3945.50</gpxdata:distance>
     <gpxdata:cadence>89</gpxdata:cadence>
     <gpxdata:speed>4.625</gpxdata:speed>
    </extensions>
   </trkpt>
   <trkpt lat="46.0258447" lon="4.0863654">
    <ele>281</ele>
    <time>2026-05-29T19:14:33Z</time>
    <extensions>
     <gpxdata:hr>197</gpxdata:hr>
     <gpxdata:distance>3950.00</gpxdata:distance>
     <gpxdata:cadence>89</gpxdata:cadence>
     <gpxdata:speed>4.631</gpxdata:speed>
    </extensions>
   </trkpt>
   <trkpt lat="46.0258388" lon="4.0863103">
    <ele>281</ele>
    <time>2026-05-29T19:14:34Z</time>
    <extensions>
     <gpxdata:hr>197</gpxdata:hr>
     <gpxdata:distance>3954.50</gpxdata:distance>
     <gpxdata:cadence>89</gpxdata:cadence>
     <gpxdata:speed>4.633</gpxdata:speed>
    </extensions>
   </trkpt>
   <trkpt lat="46.0258330" lon="4.0862553">
    <ele>281</ele>
    <time>2026-05-29T19:14:35Z</time>
    <extensions>
     <gpxdata:hr>197</gpxdata:hr>
     <gpxdata:distance>3959.00</gpxdata:distance>
     <gpxdata:cadence>90</gpxdata:cadence>
     <gpxdata:speed>4.639</gpxdata:speed>
    </extensions>
   </trkpt>
   <trkpt lat="46.0258547" lon="4.0862071">
    <ele>281</ele>
    <time>2026-05-29T19:14:36Z</time>
    <extensions>
     <gpxdata:hr>197</gpxdata:hr>
     <gpxdata:distance>3964.50</gpxdata:distance>
     <gpxdata:cadence>90</gpxdata:cadence>
     <gpxdata:speed>4.644</gpxdata:speed>
    </extensions>
   </trkpt>
   <trkpt lat="46.0258764" lon="4.0861589">
    <ele>281</ele>
    <time>2026-05-29T19:14:37Z</time>
    <extensions>
     <gpxdata:hr>196</gpxdata:hr>
     <gpxdata:distance>3970.00</gpxdata:distance>
     <gpxdata:cadence>90</gpxdata:cadence>
     <gpxdata:speed>4.653</gpxdata:speed>
    </extensions>
   </trkpt>
   <trkpt lat="46.0259137" lon="4.0861215">
    <ele>281</ele>
    <time>2026-05-29T19:14:38Z</time>
    <extensions>
     <gpxdata:hr>195</gpxdata:hr>
     <gpxdata:distance>3975.00</gpxdata:distance>
     <gpxdata:cadence>90</gpxdata:cadence>
     <gpxdata:speed>4.658</gpxdata:speed>
    </extensions>
   </trkpt>
   <trkpt lat="46.0259510" lon="4.0860842">
    <ele>281</ele>
    <time>2026-05-29T19:14:39Z</time>
    <extensions>
     <gpxdata:hr>194</gpxdata:hr>
     <gpxdata:distance>3980.00</gpxdata:distance>
     <gpxdata:cadence>90</gpxdata:cadence>
     <gpxdata:speed>4.667</gpxdata:speed>
    </extensions>
   </trkpt>
   <trkpt lat="46.0259922" lon="4.0860550">
    <ele>281</ele>
    <time>2026-05-29T19:14:40Z</time>
    <extensions>
     <gpxdata:hr>195</gpxdata:hr>
     <gpxdata:distance>3984.50</gpxdata:distance>
     <gpxdata:cadence>90</gpxdata:cadence>
     <gpxdata:speed>4.683</gpxdata:speed>
    </extensions>
   </trkpt>
   <trkpt lat="46.0260335" lon="4.0860258">
    <ele>281</ele>
    <time>2026-05-29T19:14:41Z</time>
    <extensions>
     <gpxdata:hr>195</gpxdata:hr>
     <gpxdata:distance>3989.00</gpxdata:distance>
     <gpxdata:cadence>90</gpxdata:cadence>
     <gpxdata:speed>4.700</gpxdata:speed>
    </extensions>
   </trkpt>
   <trkpt lat="46.0260742" lon="4.0860013">
    <ele>281</ele>
    <time>2026-05-29T19:14:42Z</time>
    <extensions>
     <gpxdata:hr>195</gpxdata:hr>
     <gpxdata:distance>3993.50</gpxdata:distance>
     <gpxdata:cadence>89</gpxdata:cadence>
     <gpxdata:speed>4.706</gpxdata:speed>
    </extensions>
   </trkpt>
   <trkpt lat="46.0261149" lon="4.0859769">
    <ele>281</ele>
    <time>2026-05-29T19:14:43Z</time>
    <extensions>
     <gpxdata:hr>195</gpxdata:hr>
     <gpxdata:distance>3998.00</gpxdata:distance>
     <gpxdata:cadence>89</gpxdata:cadence>
     <gpxdata:speed>4.714</gpxdata:speed>
    </extensions>
   </trkpt>
   <trkpt lat="46.0261547" lon="4.0859552">
    <ele>281</ele>
    <time>2026-05-29T19:14:44Z</time>
    <extensions>
     <gpxdata:hr>195</gpxdata:hr>
     <gpxdata:distance>4002.50</gpxdata:distance>
     <gpxdata:cadence>89</gpxdata:cadence>
     <gpxdata:speed>4.714</gpxdata:speed>
    </extensions>
   </trkpt>
   <trkpt lat="46.0261946" lon="4.0859335">
    <ele>281</ele>
    <time>2026-05-29T19:14:45Z</time>
    <extensions>
     <gpxdata:hr>195</gpxdata:hr>
     <gpxdata:distance>4007.00</gpxdata:distance>
     <gpxdata:cadence>89</gpxdata:cadence>
     <gpxdata:speed>4.714</gpxdata:speed>
    </extensions>
   </trkpt>
   <trkpt lat="46.0262333" lon="4.0859097">
    <ele>281</ele>
    <time>2026-05-29T19:14:46Z</time>
    <extensions>
     <gpxdata:hr>195</gpxdata:hr>
     <gpxdata:distance>4011.50</gpxdata:distance>
     <gpxdata:cadence>89</gpxdata:cadence>
     <gpxdata:speed>4.714</gpxdata:speed>
    </extensions>
   </trkpt>
   <trkpt lat="46.0262721" lon="4.0858860">
    <ele>282</ele>
    <time>2026-05-29T19:14:47Z</time>
    <extensions>
     <gpxdata:hr>194</gpxdata:hr>
     <gpxdata:distance>4016.00</gpxdata:distance>
     <gpxdata:cadence>90</gpxdata:cadence>
     <gpxdata:speed>4.714</gpxdata:speed>
    </extensions>
   </trkpt>
   <trkpt lat="46.0263094" lon="4.0858614">
    <ele>282</ele>
    <time>2026-05-29T19:14:48Z</time>
    <extensions>
     <gpxdata:hr>194</gpxdata:hr>
     <gpxdata:distance>4020.50</gpxdata:distance>
     <gpxdata:cadence>90</gpxdata:cadence>
     <gpxdata:speed>4.714</gpxdata:speed>
    </extensions>
   </trkpt>
   <trkpt lat="46.0263468" lon="4.0858369">
    <ele>282</ele>
    <time>2026-05-29T19:14:49Z</time>
    <extensions>
     <gpxdata:hr>194</gpxdata:hr>
     <gpxdata:distance>4025.00</gpxdata:distance>
     <gpxdata:cadence>90</gpxdata:cadence>
     <gpxdata:speed>4.714</gpxdata:speed>
    </extensions>
   </trkpt>
   <trkpt lat="46.0263823" lon="4.0858107">
    <ele>282</ele>
    <time>2026-05-29T19:14:50Z</time>
    <extensions>
     <gpxdata:hr>195</gpxdata:hr>
     <gpxdata:distance>4029.50</gpxdata:distance>
     <gpxdata:cadence>90</gpxdata:cadence>
     <gpxdata:speed>4.711</gpxdata:speed>
    </extensions>
   </trkpt>
   <trkpt lat="46.0264178" lon="4.0857845">
    <ele>282</ele>
    <time>2026-05-29T19:14:51Z</time>
    <extensions>
     <gpxdata:hr>195</gpxdata:hr>
     <gpxdata:distance>4034.00</gpxdata:distance>
     <gpxdata:cadence>90</gpxdata:cadence>
     <gpxdata:speed>4.708</gpxdata:speed>
    </extensions>
   </trkpt>
   <trkpt lat="46.0264542" lon="4.0857600">
    <ele>282</ele>
    <time>2026-05-29T19:14:52Z</time>
    <extensions>
     <gpxdata:hr>194</gpxdata:hr>
     <gpxdata:distance>4038.50</gpxdata:distance>
     <gpxdata:cadence>90</gpxdata:cadence>
     <gpxdata:speed>4.703</gpxdata:speed>
    </extensions>
   </trkpt>
   <trkpt lat="46.0264906" lon="4.0857356">
    <ele>282</ele>
    <time>2026-05-29T19:14:53Z</time>
    <extensions>
     <gpxdata:hr>193</gpxdata:hr>
     <gpxdata:distance>4043.00</gpxdata:distance>
     <gpxdata:cadence>90</gpxdata:cadence>
     <gpxdata:speed>4.700</gpxdata:speed>
    </extensions>
   </trkpt>
   <trkpt lat="46.0265275" lon="4.0857117">
    <ele>282</ele>
    <time>2026-05-29T19:14:54Z</time>
    <extensions>
     <gpxdata:hr>194</gpxdata:hr>
     <gpxdata:distance>4047.50</gpxdata:distance>
     <gpxdata:cadence>90</gpxdata:cadence>
     <gpxdata:speed>4.692</gpxdata:speed>
    </extensions>
   </trkpt>
   <trkpt lat="46.0265645" lon="4.0856879">
    <ele>282</ele>
    <time>2026-05-29T19:14:55Z</time>
    <extensions>
     <gpxdata:hr>194</gpxdata:hr>
     <gpxdata:distance>4052.00</gpxdata:distance>
     <gpxdata:cadence>90</gpxdata:cadence>
     <gpxdata:speed>4.683</gpxdata:speed>
    </extensions>
   </trkpt>
   <trkpt lat="46.0266004" lon="4.0856617">
    <ele>282</ele>
    <time>2026-05-29T19:14:56Z</time>
    <extensions>
     <gpxdata:hr>194</gpxdata:hr>
     <gpxdata:distance>4056.50</gpxdata:distance>
     <gpxdata:cadence>90</gpxdata:cadence>
     <gpxdata:speed>4.669</gpxdata:speed>
    </extensions>
   </trkpt>
   <trkpt lat="46.0266364" lon="4.0856356">
    <ele>282</ele>
    <time>2026-05-29T19:14:57Z</time>
    <extensions>
     <gpxdata:hr>196</gpxdata:hr>
     <gpxdata:distance>4061.00</gpxdata:distance>
     <gpxdata:cadence>90</gpxdata:cadence>
     <gpxdata:speed>4.658</gpxdata:speed>
    </extensions>
   </trkpt>
   <trkpt lat="46.0266727" lon="4.0856099">
    <ele>282</ele>
    <time>2026-05-29T19:14:58Z</time>
    <extensions>
     <gpxdata:hr>197</gpxdata:hr>
     <gpxdata:distance>4065.50</gpxdata:distance>
     <gpxdata:cadence>90</gpxdata:cadence>
     <gpxdata:speed>4.647</gpxdata:speed>
    </extensions>
   </trkpt>
   <trkpt lat="46.0267090" lon="4.0855842">
    <ele>282</ele>
    <time>2026-05-29T19:14:59Z</time>
    <extensions>
     <gpxdata:hr>196</gpxdata:hr>
     <gpxdata:distance>4070.00</gpxdata:distance>
     <gpxdata:cadence>91</gpxdata:cadence>
     <gpxdata:speed>4.639</gpxdata:speed>
    </extensions>
   </trkpt>
   <trkpt lat="46.0267455" lon="4.0855595">
    <ele>282</ele>
    <time>2026-05-29T19:15:00Z</time>
    <extensions>
     <gpxdata:hr>197</gpxdata:hr>
     <gpxdata:distance>4074.50</gpxdata:distance>
     <gpxdata:cadence>91</gpxdata:cadence>
     <gpxdata:speed>4.633</gpxdata:speed>
    </extensions>
   </trkpt>
   <trkpt lat="46.0267820" lon="4.0855349">
    <ele>282</ele>
    <time>2026-05-29T19:15:01Z</time>
    <extensions>
     <gpxdata:hr>196</gpxdata:hr>
     <gpxdata:distance>4079.00</gpxdata:distance>
     <gpxdata:cadence>91</gpxdata:cadence>
     <gpxdata:speed>4.628</gpxdata:speed>
    </extensions>
   </trkpt>
   <trkpt lat="46.0268184" lon="4.0855112">
    <ele>282</ele>
    <time>2026-05-29T19:15:02Z</time>
    <extensions>
     <gpxdata:hr>196</gpxdata:hr>
     <gpxdata:distance>4083.50</gpxdata:distance>
     <gpxdata:cadence>90</gpxdata:cadence>
     <gpxdata:speed>4.622</gpxdata:speed>
    </extensions>
   </trkpt>
   <trkpt lat="46.0268549" lon="4.0854875">
    <ele>282</ele>
    <time>2026-05-29T19:15:03Z</time>
    <extensions>
     <gpxdata:hr>197</gpxdata:hr>
     <gpxdata:distance>4088.00</gpxdata:distance>
     <gpxdata:cadence>90</gpxdata:cadence>
     <gpxdata:speed>4.619</gpxdata:speed>
    </extensions>
   </trkpt>
   <trkpt lat="46.0268916" lon="4.0854644">
    <ele>282</ele>
    <time>2026-05-29T19:15:04Z</time>
    <extensions>
     <gpxdata:hr>197</gpxdata:hr>
     <gpxdata:distance>4092.50</gpxdata:distance>
     <gpxdata:cadence>89</gpxdata:cadence>
     <gpxdata:speed>4.606</gpxdata:speed>
    </extensions>
   </trkpt>
   <trkpt lat="46.0269284" lon="4.0854413">
    <ele>282</ele>
    <time>2026-05-29T19:15:05Z</time>
    <extensions>
     <gpxdata:hr>197</gpxdata:hr>
     <gpxdata:distance>4097.00</gpxdata:distance>
     <gpxdata:cadence>89</gpxdata:cadence>
     <gpxdata:speed>4.592</gpxdata:speed>
    </extensions>
   </trkpt>
   <trkpt lat="46.0269651" lon="4.0854165">
    <ele>282</ele>
    <time>2026-05-29T19:15:06Z</time>
    <extensions>
     <gpxdata:hr>197</gpxdata:hr>
     <gpxdata:distance>4101.50</gpxdata:distance>
     <gpxdata:cadence>88</gpxdata:cadence>
     <gpxdata:speed>4.586</gpxdata:speed>
    </extensions>
   </trkpt>
   <trkpt lat="46.0270019" lon="4.0853917">
    <ele>282</ele>
    <time>2026-05-29T19:15:07Z</time>
    <extensions>
     <gpxdata:hr>198</gpxdata:hr>
     <gpxdata:distance>4106.00</gpxdata:distance>
     <gpxdata:cadence>88</gpxdata:cadence>
     <gpxdata:speed>4.583</gpxdata:speed>
    </extensions>
   </trkpt>
   <trkpt lat="46.0270397" lon="4.0853675">
    <ele>282</ele>
    <time>2026-05-29T19:15:08Z</time>
    <extensions>
     <gpxdata:hr>198</gpxdata:hr>
     <gpxdata:distance>4111.00</gpxdata:distance>
     <gpxdata:cadence>88</gpxdata:cadence>
     <gpxdata:speed>4.583</gpxdata:speed>
    </extensions>
   </trkpt>
   <trkpt lat="46.0270776" lon="4.0853433">
    <ele>282</ele>
    <time>2026-05-29T19:15:09Z</time>
    <extensions>
     <gpxdata:hr>198</gpxdata:hr>
     <gpxdata:distance>4116.00</gpxdata:distance>
     <gpxdata:cadence>88</gpxdata:cadence>
     <gpxdata:speed>4.583</gpxdata:speed>
    </extensions>
   </trkpt>
   <trkpt lat="46.0271153" lon="4.0853201">
    <ele>282</ele>
    <time>2026-05-29T19:15:10Z</time>
    <extensions>
     <gpxdata:hr>198</gpxdata:hr>
     <gpxdata:distance>4120.50</gpxdata:distance>
     <gpxdata:cadence>88</gpxdata:cadence>
     <gpxdata:speed>4.583</gpxdata:speed>
    </extensions>
   </trkpt>
   <trkpt lat="46.0271530" lon="4.0852969">
    <ele>282</ele>
    <time>2026-05-29T19:15:11Z</time>
    <extensions>
     <gpxdata:hr>198</gpxdata:hr>
     <gpxdata:distance>4125.00</gpxdata:distance>
     <gpxdata:cadence>89</gpxdata:cadence>
     <gpxdata:speed>4.586</gpxdata:speed>
    </extensions>
   </trkpt>
   <trkpt lat="46.0271911" lon="4.0852740">
    <ele>282</ele>
    <time>2026-05-29T19:15:12Z</time>
    <extensions>
     <gpxdata:hr>198</gpxdata:hr>
     <gpxdata:distance>4129.50</gpxdata:distance>
     <gpxdata:cadence>89</gpxdata:cadence>
     <gpxdata:speed>4.586</gpxdata:speed>
    </extensions>
   </trkpt>
   <trkpt lat="46.0272293" lon="4.0852512">
    <ele>282</ele>
    <time>2026-05-29T19:15:13Z</time>
    <extensions>
     <gpxdata:hr>198</gpxdata:hr>
     <gpxdata:distance>4134.00</gpxdata:distance>
     <gpxdata:cadence>89</gpxdata:cadence>
     <gpxdata:speed>4.589</gpxdata:speed>
    </extensions>
   </trkpt>
   <trkpt lat="46.0272662" lon="4.0852283">
    <ele>282</ele>
    <time>2026-05-29T19:15:14Z</time>
    <extensions>
     <gpxdata:hr>197</gpxdata:hr>
     <gpxdata:distance>4138.00</gpxdata:distance>
     <gpxdata:cadence>89</gpxdata:cadence>
     <gpxdata:speed>4.589</gpxdata:speed>
    </extensions>
   </trkpt>
   <trkpt lat="46.0273032" lon="4.0852054">
    <ele>282</ele>
    <time>2026-05-29T19:15:15Z</time>
    <extensions>
     <gpxdata:hr>197</gpxdata:hr>
     <gpxdata:distance>4142.00</gpxdata:distance>
     <gpxdata:cadence>89</gpxdata:cadence>
     <gpxdata:speed>4.589</gpxdata:speed>
    </extensions>
   </trkpt>
   <trkpt lat="46.0273394" lon="4.0851830">
    <ele>282</ele>
    <time>2026-05-29T19:15:16Z</time>
    <extensions>
     <gpxdata:hr>197</gpxdata:hr>
     <gpxdata:distance>4146.50</gpxdata:distance>
     <gpxdata:cadence>88</gpxdata:cadence>
     <gpxdata:speed>4.589</gpxdata:speed>
    </extensions>
   </trkpt>
   <trkpt lat="46.0273757" lon="4.0851607">
    <ele>282</ele>
    <time>2026-05-29T19:15:17Z</time>
    <extensions>
     <gpxdata:hr>197</gpxdata:hr>
     <gpxdata:distance>4151.00</gpxdata:distance>
     <gpxdata:cadence>88</gpxdata:cadence>
     <gpxdata:speed>4.589</gpxdata:speed>
    </extensions>
   </trkpt>
   <trkpt lat="46.0274098" lon="4.0851339">
    <ele>282</ele>
    <time>2026-05-29T19:15:18Z</time>
    <extensions>
     <gpxdata:hr>196</gpxdata:hr>
     <gpxdata:distance>4155.50</gpxdata:distance>
     <gpxdata:cadence>88</gpxdata:cadence>
     <gpxdata:speed>4.589</gpxdata:speed>
    </extensions>
   </trkpt>
   <trkpt lat="46.0274439" lon="4.0851072">
    <ele>282</ele>
    <time>2026-05-29T19:15:19Z</time>
    <extensions>
     <gpxdata:hr>196</gpxdata:hr>
     <gpxdata:distance>4160.00</gpxdata:distance>
     <gpxdata:cadence>88</gpxdata:cadence>
     <gpxdata:speed>4.592</gpxdata:speed>
    </extensions>
   </trkpt>
   <trkpt lat="46.0274779" lon="4.0850793">
    <ele>282</ele>
    <time>2026-05-29T19:15:20Z</time>
    <extensions>
     <gpxdata:hr>196</gpxdata:hr>
     <gpxdata:distance>4164.50</gpxdata:distance>
     <gpxdata:cadence>88</gpxdata:cadence>
     <gpxdata:speed>4.589</gpxdata:speed>
    </extensions>
   </trkpt>
   <trkpt lat="46.0275120" lon="4.0850515">
    <ele>282</ele>
    <time>2026-05-29T19:15:21Z</time>
    <extensions>
     <gpxdata:hr>196</gpxdata:hr>
     <gpxdata:distance>4169.00</gpxdata:distance>
     <gpxdata:cadence>88</gpxdata:cadence>
     <gpxdata:speed>4.589</gpxdata:speed>
    </extensions>
   </trkpt>
   <trkpt lat="46.0275509" lon="4.0850303">
    <ele>282</ele>
    <time>2026-05-29T19:15:22Z</time>
    <extensions>
     <gpxdata:hr>195</gpxdata:hr>
     <gpxdata:distance>4174.00</gpxdata:distance>
     <gpxdata:cadence>88</gpxdata:cadence>
     <gpxdata:speed>4.589</gpxdata:speed>
    </extensions>
   </trkpt>
   <trkpt lat="46.0275898" lon="4.0850091">
    <ele>282</ele>
    <time>2026-05-29T19:15:23Z</time>
    <extensions>
     <gpxdata:hr>195</gpxdata:hr>
     <gpxdata:distance>4179.00</gpxdata:distance>
     <gpxdata:cadence>88</gpxdata:cadence>
     <gpxdata:speed>4.592</gpxdata:speed>
    </extensions>
   </trkpt>
   <trkpt lat="46.0276283" lon="4.0849891">
    <ele>282</ele>
    <time>2026-05-29T19:15:24Z</time>
    <extensions>
     <gpxdata:hr>195</gpxdata:hr>
     <gpxdata:distance>4183.00</gpxdata:distance>
     <gpxdata:cadence>88</gpxdata:cadence>
     <gpxdata:speed>4.594</gpxdata:speed>
    </extensions>
   </trkpt>
   <trkpt lat="46.0276668" lon="4.0849691">
    <ele>282</ele>
    <time>2026-05-29T19:15:25Z</time>
    <extensions>
     <gpxdata:hr>195</gpxdata:hr>
     <gpxdata:distance>4187.00</gpxdata:distance>
     <gpxdata:cadence>88</gpxdata:cadence>
     <gpxdata:speed>4.597</gpxdata:speed>
    </extensions>
   </trkpt>
   <trkpt lat="46.0277048" lon="4.0849499">
    <ele>282</ele>
    <time>2026-05-29T19:15:26Z</time>
    <extensions>
     <gpxdata:hr>195</gpxdata:hr>
     <gpxdata:distance>4191.50</gpxdata:distance>
     <gpxdata:cadence>88</gpxdata:cadence>
     <gpxdata:speed>4.600</gpxdata:speed>
    </extensions>
   </trkpt>
   <trkpt lat="46.0277429" lon="4.0849308">
    <ele>282</ele>
    <time>2026-05-29T19:15:27Z</time>
    <extensions>
     <gpxdata:hr>194</gpxdata:hr>
     <gpxdata:distance>4196.00</gpxdata:distance>
     <gpxdata:cadence>88</gpxdata:cadence>
     <gpxdata:speed>4.603</gpxdata:speed>
    </extensions>
   </trkpt>
   <trkpt lat="46.0277813" lon="4.0849108">
    <ele>282</ele>
    <time>2026-05-29T19:15:28Z</time>
    <extensions>
     <gpxdata:hr>194</gpxdata:hr>
     <gpxdata:distance>4200.50</gpxdata:distance>
     <gpxdata:cadence>88</gpxdata:cadence>
     <gpxdata:speed>4.603</gpxdata:speed>
    </extensions>
   </trkpt>
   <trkpt lat="46.0278197" lon="4.0848909">
    <ele>282</ele>
    <time>2026-05-29T19:15:29Z</time>
    <extensions>
     <gpxdata:hr>194</gpxdata:hr>
     <gpxdata:distance>4205.00</gpxdata:distance>
     <gpxdata:cadence>88</gpxdata:cadence>
     <gpxdata:speed>4.606</gpxdata:speed>
    </extensions>
   </trkpt>
   <trkpt lat="46.0278547" lon="4.0848629">
    <ele>282</ele>
    <time>2026-05-29T19:15:30Z</time>
    <extensions>
     <gpxdata:hr>194</gpxdata:hr>
     <gpxdata:distance>4209.50</gpxdata:distance>
     <gpxdata:cadence>88</gpxdata:cadence>
     <gpxdata:speed>4.606</gpxdata:speed>
    </extensions>
   </trkpt>
   <trkpt lat="46.0278897" lon="4.0848350">
    <ele>282</ele>
    <time>2026-05-29T19:15:31Z</time>
    <extensions>
     <gpxdata:hr>193</gpxdata:hr>
     <gpxdata:distance>4214.00</gpxdata:distance>
     <gpxdata:cadence>89</gpxdata:cadence>
     <gpxdata:speed>4.608</gpxdata:speed>
    </extensions>
   </trkpt>
   <trkpt lat="46.0279223" lon="4.0848031">
    <ele>282</ele>
    <time>2026-05-29T19:15:32Z</time>
    <extensions>
     <gpxdata:hr>194</gpxdata:hr>
     <gpxdata:distance>4218.00</gpxdata:distance>
     <gpxdata:cadence>88</gpxdata:cadence>
     <gpxdata:speed>4.606</gpxdata:speed>
    </extensions>
   </trkpt>
   <trkpt lat="46.0279549" lon="4.0847712">
    <ele>282</ele>
    <time>2026-05-29T19:15:33Z</time>
    <extensions>
     <gpxdata:hr>194</gpxdata:hr>
     <gpxdata:distance>4222.00</gpxdata:distance>
     <gpxdata:cadence>88</gpxdata:cadence>
     <gpxdata:speed>4.603</gpxdata:speed>
    </extensions>
   </trkpt>
   <trkpt lat="46.0279869" lon="4.0847398">
    <ele>282</ele>
    <time>2026-05-29T19:15:34Z</time>
    <extensions>
     <gpxdata:hr>194</gpxdata:hr>
     <gpxdata:distance>4226.50</gpxdata:distance>
     <gpxdata:cadence>88</gpxdata:cadence>
     <gpxdata:speed>4.597</gpxdata:speed>
    </extensions>
   </trkpt>
   <trkpt lat="46.0280189" lon="4.0847084">
    <ele>282</ele>
    <time>2026-05-29T19:15:35Z</time>
    <extensions>
     <gpxdata:hr>194</gpxdata:hr>
     <gpxdata:distance>4231.00</gpxdata:distance>
     <gpxdata:cadence>88</gpxdata:cadence>
     <gpxdata:speed>4.594</gpxdata:speed>
    </extensions>
   </trkpt>
   <trkpt lat="46.0280510" lon="4.0846787">
    <ele>282</ele>
    <time>2026-05-29T19:15:36Z</time>
    <extensions>
     <gpxdata:hr>194</gpxdata:hr>
     <gpxdata:distance>4235.50</gpxdata:distance>
     <gpxdata:cadence>88</gpxdata:cadence>
     <gpxdata:speed>4.589</gpxdata:speed>
    </extensions>
   </trkpt>
   <trkpt lat="46.0280831" lon="4.0846490">
    <ele>282</ele>
    <time>2026-05-29T19:15:37Z</time>
    <extensions>
     <gpxdata:hr>194</gpxdata:hr>
     <gpxdata:distance>4240.00</gpxdata:distance>
     <gpxdata:cadence>88</gpxdata:cadence>
     <gpxdata:speed>4.583</gpxdata:speed>
    </extensions>
   </trkpt>
   <trkpt lat="46.0281193" lon="4.0846265">
    <ele>282</ele>
    <time>2026-05-29T19:15:38Z</time>
    <extensions>
     <gpxdata:hr>194</gpxdata:hr>
     <gpxdata:distance>4244.50</gpxdata:distance>
     <gpxdata:cadence>88</gpxdata:cadence>
     <gpxdata:speed>4.569</gpxdata:speed>
    </extensions>
   </trkpt>
   <trkpt lat="46.0281555" lon="4.0846041">
    <ele>282</ele>
    <time>2026-05-29T19:15:39Z</time>
    <extensions>
     <gpxdata:hr>194</gpxdata:hr>
     <gpxdata:distance>4249.00</gpxdata:distance>
     <gpxdata:cadence>88</gpxdata:cadence>
     <gpxdata:speed>4.556</gpxdata:speed>
    </extensions>
   </trkpt>
   <trkpt lat="46.0281952" lon="4.0845840">
    <ele>282</ele>
    <time>2026-05-29T19:15:40Z</time>
    <extensions>
     <gpxdata:hr>195</gpxdata:hr>
     <gpxdata:distance>4254.00</gpxdata:distance>
     <gpxdata:cadence>88</gpxdata:cadence>
     <gpxdata:speed>4.550</gpxdata:speed>
    </extensions>
   </trkpt>
   <trkpt lat="46.0282349" lon="4.0845639">
    <ele>282</ele>
    <time>2026-05-29T19:15:41Z</time>
    <extensions>
     <gpxdata:hr>194</gpxdata:hr>
     <gpxdata:distance>4259.00</gpxdata:distance>
     <gpxdata:cadence>88</gpxdata:cadence>
     <gpxdata:speed>4.547</gpxdata:speed>
    </extensions>
   </trkpt>
   <trkpt lat="46.0282754" lon="4.0845440">
    <ele>282</ele>
    <time>2026-05-29T19:15:42Z</time>
    <extensions>
     <gpxdata:hr>195</gpxdata:hr>
     <gpxdata:distance>4263.50</gpxdata:distance>
     <gpxdata:cadence>88</gpxdata:cadence>
     <gpxdata:speed>4.544</gpxdata:speed>
    </extensions>
   </trkpt>
   <trkpt lat="46.0283159" lon="4.0845242">
    <ele>281</ele>
    <time>2026-05-29T19:15:43Z</time>
    <extensions>
     <gpxdata:hr>195</gpxdata:hr>
     <gpxdata:distance>4268.00</gpxdata:distance>
     <gpxdata:cadence>88</gpxdata:cadence>
     <gpxdata:speed>4.544</gpxdata:speed>
    </extensions>
   </trkpt>
   <trkpt lat="46.0283549" lon="4.0845033">
    <ele>281</ele>
    <time>2026-05-29T19:15:44Z</time>
    <extensions>
     <gpxdata:hr>195</gpxdata:hr>
     <gpxdata:distance>4272.50</gpxdata:distance>
     <gpxdata:cadence>88</gpxdata:cadence>
     <gpxdata:speed>4.544</gpxdata:speed>
    </extensions>
   </trkpt>
   <trkpt lat="46.0283940" lon="4.0844824">
    <ele>281</ele>
    <time>2026-05-29T19:15:45Z</time>
    <extensions>
     <gpxdata:hr>196</gpxdata:hr>
     <gpxdata:distance>4277.00</gpxdata:distance>
     <gpxdata:cadence>89</gpxdata:cadence>
     <gpxdata:speed>4.547</gpxdata:speed>
    </extensions>
   </trkpt>
   <trkpt lat="46.0284293" lon="4.0844574">
    <ele>281</ele>
    <time>2026-05-29T19:15:46Z</time>
    <extensions>
     <gpxdata:hr>196</gpxdata:hr>
     <gpxdata:distance>4281.00</gpxdata:distance>
     <gpxdata:cadence>88</gpxdata:cadence>
     <gpxdata:speed>4.547</gpxdata:speed>
    </extensions>
   </trkpt>
   <trkpt lat="46.0284646" lon="4.0844324">
    <ele>281</ele>
    <time>2026-05-29T19:15:47Z</time>
    <extensions>
     <gpxdata:hr>195</gpxdata:hr>
     <gpxdata:distance>4285.00</gpxdata:distance>
     <gpxdata:cadence>88</gpxdata:cadence>
     <gpxdata:speed>4.550</gpxdata:speed>
    </extensions>
   </trkpt>
   <trkpt lat="46.0284963" lon="4.0844022">
    <ele>281</ele>
    <time>2026-05-29T19:15:48Z</time>
    <extensions>
     <gpxdata:hr>196</gpxdata:hr>
     <gpxdata:distance>4289.50</gpxdata:distance>
     <gpxdata:cadence>88</gpxdata:cadence>
     <gpxdata:speed>4.550</gpxdata:speed>
    </extensions>
   </trkpt>
   <trkpt lat="46.0285281" lon="4.0843721">
    <ele>281</ele>
    <time>2026-05-29T19:15:49Z</time>
    <extensions>
     <gpxdata:hr>195</gpxdata:hr>
     <gpxdata:distance>4294.00</gpxdata:distance>
     <gpxdata:cadence>89</gpxdata:cadence>
     <gpxdata:speed>4.550</gpxdata:speed>
    </extensions>
   </trkpt>
   <trkpt lat="46.0285605" lon="4.0843447">
    <ele>281</ele>
    <time>2026-05-29T19:15:50Z</time>
    <extensions>
     <gpxdata:hr>195</gpxdata:hr>
     <gpxdata:distance>4298.00</gpxdata:distance>
     <gpxdata:cadence>89</gpxdata:cadence>
     <gpxdata:speed>4.547</gpxdata:speed>
    </extensions>
   </trkpt>
   <trkpt lat="46.0285930" lon="4.0843174">
    <ele>281</ele>
    <time>2026-05-29T19:15:51Z</time>
    <extensions>
     <gpxdata:hr>195</gpxdata:hr>
     <gpxdata:distance>4302.00</gpxdata:distance>
     <gpxdata:cadence>89</gpxdata:cadence>
     <gpxdata:speed>4.544</gpxdata:speed>
    </extensions>
   </trkpt>
   <trkpt lat="46.0286276" lon="4.0842936">
    <ele>281</ele>
    <time>2026-05-29T19:15:52Z</time>
    <extensions>
     <gpxdata:hr>195</gpxdata:hr>
     <gpxdata:distance>4306.50</gpxdata:distance>
     <gpxdata:cadence>89</gpxdata:cadence>
     <gpxdata:speed>4.542</gpxdata:speed>
    </extensions>
   </trkpt>
   <trkpt lat="46.0286623" lon="4.0842699">
    <ele>281</ele>
    <time>2026-05-29T19:15:53Z</time>
    <extensions>
     <gpxdata:hr>194</gpxdata:hr>
     <gpxdata:distance>4311.00</gpxdata:distance>
     <gpxdata:cadence>90</gpxdata:cadence>
     <gpxdata:speed>4.539</gpxdata:speed>
    </extensions>
   </trkpt>
   <trkpt lat="46.0287015" lon="4.0842496">
    <ele>281</ele>
    <time>2026-05-29T19:15:54Z</time>
    <extensions>
     <gpxdata:hr>194</gpxdata:hr>
     <gpxdata:distance>4316.50</gpxdata:distance>
     <gpxdata:cadence>90</gpxdata:cadence>
     <gpxdata:speed>4.533</gpxdata:speed>
    </extensions>
   </trkpt>
   <trkpt lat="46.0287407" lon="4.0842294">
    <ele>281</ele>
    <time>2026-05-29T19:15:55Z</time>
    <extensions>
     <gpxdata:hr>195</gpxdata:hr>
     <gpxdata:distance>4322.00</gpxdata:distance>
     <gpxdata:cadence>91</gpxdata:cadence>
     <gpxdata:speed>4.531</gpxdata:speed>
    </extensions>
   </trkpt>
   <trkpt lat="46.0287808" lon="4.0842148">
    <ele>281</ele>
    <time>2026-05-29T19:15:56Z</time>
    <extensions>
     <gpxdata:hr>195</gpxdata:hr>
     <gpxdata:distance>4325.50</gpxdata:distance>
     <gpxdata:cadence>90</gpxdata:cadence>
     <gpxdata:speed>4.528</gpxdata:speed>
    </extensions>
   </trkpt>
   <trkpt lat="46.0288210" lon="4.0842003">
    <ele>282</ele>
    <time>2026-05-29T19:15:57Z</time>
    <extensions>
     <gpxdata:hr>195</gpxdata:hr>
     <gpxdata:distance>4329.00</gpxdata:distance>
     <gpxdata:cadence>90</gpxdata:cadence>
     <gpxdata:speed>4.528</gpxdata:speed>
    </extensions>
   </trkpt>
   <trkpt lat="46.0288581" lon="4.0841817">
    <ele>282</ele>
    <time>2026-05-29T19:15:58Z</time>
    <extensions>
     <gpxdata:hr>195</gpxdata:hr>
     <gpxdata:distance>4333.50</gpxdata:distance>
     <gpxdata:cadence>90</gpxdata:cadence>
     <gpxdata:speed>4.525</gpxdata:speed>
    </extensions>
   </trkpt>
   <trkpt lat="46.0288953" lon="4.0841632">
    <ele>282</ele>
    <time>2026-05-29T19:15:59Z</time>
    <extensions>
     <gpxdata:hr>194</gpxdata:hr>
     <gpxdata:distance>4338.00</gpxdata:distance>
     <gpxdata:cadence>90</gpxdata:cadence>
     <gpxdata:speed>4.522</gpxdata:speed>
    </extensions>
   </trkpt>
   <trkpt lat="46.0289297" lon="4.0841380">
    <ele>282</ele>
    <time>2026-05-29T19:16:00Z</time>
    <extensions>
     <gpxdata:hr>194</gpxdata:hr>
     <gpxdata:distance>4340.00</gpxdata:distance>
     <gpxdata:cadence>89</gpxdata:cadence>
     <gpxdata:speed>4.522</gpxdata:speed>
    </extensions>
   </trkpt>
   <trkpt lat="46.0289641" lon="4.0841128">
    <ele>282</ele>
    <time>2026-05-29T19:16:01Z</time>
    <extensions>
     <gpxdata:hr>194</gpxdata:hr>
     <gpxdata:distance>4342.00</gpxdata:distance>
     <gpxdata:cadence>89</gpxdata:cadence>
     <gpxdata:speed>4.522</gpxdata:speed>
    </extensions>
   </trkpt>
   <trkpt lat="46.0290000" lon="4.0840858">
    <ele>282</ele>
    <time>2026-05-29T19:16:02Z</time>
    <extensions>
     <gpxdata:hr>194</gpxdata:hr>
     <gpxdata:distance>4349.00</gpxdata:distance>
     <gpxdata:cadence>89</gpxdata:cadence>
     <gpxdata:speed>4.522</gpxdata:speed>
    </extensions>
   </trkpt>
   <trkpt lat="46.0290360" lon="4.0840589">
    <ele>282</ele>
    <time>2026-05-29T19:16:03Z</time>
    <extensions>
     <gpxdata:hr>194</gpxdata:hr>
     <gpxdata:distance>4356.00</gpxdata:distance>
     <gpxdata:cadence>89</gpxdata:cadence>
     <gpxdata:speed>4.522</gpxdata:speed>
    </extensions>
   </trkpt>
   <trkpt lat="46.0290724" lon="4.0840343">
    <ele>282</ele>
    <time>2026-05-29T19:16:04Z</time>
    <extensions>
     <gpxdata:hr>194</gpxdata:hr>
     <gpxdata:distance>4360.50</gpxdata:distance>
     <gpxdata:cadence>89</gpxdata:cadence>
     <gpxdata:speed>4.522</gpxdata:speed>
    </extensions>
   </trkpt>
   <trkpt lat="46.0291089" lon="4.0840097">
    <ele>282</ele>
    <time>2026-05-29T19:16:05Z</time>
    <extensions>
     <gpxdata:hr>194</gpxdata:hr>
     <gpxdata:distance>4365.00</gpxdata:distance>
     <gpxdata:cadence>89</gpxdata:cadence>
     <gpxdata:speed>4.525</gpxdata:speed>
    </extensions>
   </trkpt>
   <trkpt lat="46.0291463" lon="4.0839925">
    <ele>282</ele>
    <time>2026-05-29T19:16:06Z</time>
    <extensions>
     <gpxdata:hr>194</gpxdata:hr>
     <gpxdata:distance>4369.00</gpxdata:distance>
     <gpxdata:cadence>89</gpxdata:cadence>
     <gpxdata:speed>4.525</gpxdata:speed>
    </extensions>
   </trkpt>
   <trkpt lat="46.0291838" lon="4.0839753">
    <ele>282</ele>
    <time>2026-05-29T19:16:07Z</time>
    <extensions>
     <gpxdata:hr>194</gpxdata:hr>
     <gpxdata:distance>4373.00</gpxdata:distance>
     <gpxdata:cadence>89</gpxdata:cadence>
     <gpxdata:speed>4.525</gpxdata:speed>
    </extensions>
   </trkpt>
   <trkpt lat="46.0292209" lon="4.0839565">
    <ele>282</ele>
    <time>2026-05-29T19:16:08Z</time>
    <extensions>
     <gpxdata:hr>195</gpxdata:hr>
     <gpxdata:distance>4377.50</gpxdata:distance>
     <gpxdata:cadence>89</gpxdata:cadence>
     <gpxdata:speed>4.525</gpxdata:speed>
    </extensions>
   </trkpt>
   <trkpt lat="46.0292580" lon="4.0839378">
    <ele>282</ele>
    <time>2026-05-29T19:16:09Z</time>
    <extensions>
     <gpxdata:hr>195</gpxdata:hr>
     <gpxdata:distance>4382.00</gpxdata:distance>
     <gpxdata:cadence>89</gpxdata:cadence>
     <gpxdata:speed>4.528</gpxdata:speed>
    </extensions>
   </trkpt>
   <trkpt lat="46.0292952" lon="4.0839138">
    <ele>282</ele>
    <time>2026-05-29T19:16:10Z</time>
    <extensions>
     <gpxdata:hr>194</gpxdata:hr>
     <gpxdata:distance>4387.00</gpxdata:distance>
     <gpxdata:cadence>89</gpxdata:cadence>
     <gpxdata:speed>4.528</gpxdata:speed>
    </extensions>
   </trkpt>
   <trkpt lat="46.0293325" lon="4.0838898">
    <ele>282</ele>
    <time>2026-05-29T19:16:11Z</time>
    <extensions>
     <gpxdata:hr>195</gpxdata:hr>
     <gpxdata:distance>4392.00</gpxdata:distance>
     <gpxdata:cadence>89</gpxdata:cadence>
     <gpxdata:speed>4.528</gpxdata:speed>
    </extensions>
   </trkpt>
   <trkpt lat="46.0293698" lon="4.0838654">
    <ele>282</ele>
    <time>2026-05-29T19:16:12Z</time>
    <extensions>
     <gpxdata:hr>195</gpxdata:hr>
     <gpxdata:distance>4396.50</gpxdata:distance>
     <gpxdata:cadence>89</gpxdata:cadence>
     <gpxdata:speed>4.528</gpxdata:speed>
    </extensions>
   </trkpt>
   <trkpt lat="46.0294072" lon="4.0838410">
    <ele>282</ele>
    <time>2026-05-29T19:16:13Z</time>
    <extensions>
     <gpxdata:hr>195</gpxdata:hr>
     <gpxdata:distance>4401.00</gpxdata:distance>
     <gpxdata:cadence>89</gpxdata:cadence>
     <gpxdata:speed>4.531</gpxdata:speed>
    </extensions>
   </trkpt>
   <trkpt lat="46.0294443" lon="4.0838155">
    <ele>282</ele>
    <time>2026-05-29T19:16:14Z</time>
    <extensions>
     <gpxdata:hr>195</gpxdata:hr>
     <gpxdata:distance>4405.50</gpxdata:distance>
     <gpxdata:cadence>89</gpxdata:cadence>
     <gpxdata:speed>4.533</gpxdata:speed>
    </extensions>
   </trkpt>
   <trkpt lat="46.0294814" lon="4.0837900">
    <ele>282</ele>
    <time>2026-05-29T19:16:15Z</time>
    <extensions>
     <gpxdata:hr>194</gpxdata:hr>
     <gpxdata:distance>4410.00</gpxdata:distance>
     <gpxdata:cadence>89</gpxdata:cadence>
     <gpxdata:speed>4.536</gpxdata:speed>
    </extensions>
   </trkpt>
   <trkpt lat="46.0295202" lon="4.0837666">
    <ele>282</ele>
    <time>2026-05-29T19:16:16Z</time>
    <extensions>
     <gpxdata:hr>193</gpxdata:hr>
     <gpxdata:distance>4415.00</gpxdata:distance>
     <gpxdata:cadence>89</gpxdata:cadence>
     <gpxdata:speed>4.539</gpxdata:speed>
    </extensions>
   </trkpt>
   <trkpt lat="46.0295590" lon="4.0837432">
    <ele>282</ele>
    <time>2026-05-29T19:16:17Z</time>
    <extensions>
     <gpxdata:hr>192</gpxdata:hr>
     <gpxdata:distance>4420.00</gpxdata:distance>
     <gpxdata:cadence>89</gpxdata:cadence>
     <gpxdata:speed>4.542</gpxdata:speed>
    </extensions>
   </trkpt>
   <trkpt lat="46.0295985" lon="4.0837221">
    <ele>282</ele>
    <time>2026-05-29T19:16:18Z</time>
    <extensions>
     <gpxdata:hr>193</gpxdata:hr>
     <gpxdata:distance>4424.50</gpxdata:distance>
     <gpxdata:cadence>89</gpxdata:cadence>
     <gpxdata:speed>4.544</gpxdata:speed>
    </extensions>
   </trkpt>
   <trkpt lat="46.0296380" lon="4.0837011">
    <ele>282</ele>
    <time>2026-05-29T19:16:19Z</time>
    <extensions>
     <gpxdata:hr>194</gpxdata:hr>
     <gpxdata:distance>4429.00</gpxdata:distance>
     <gpxdata:cadence>89</gpxdata:cadence>
     <gpxdata:speed>4.547</gpxdata:speed>
    </extensions>
   </trkpt>
   <trkpt lat="46.0296770" lon="4.0836801">
    <ele>282</ele>
    <time>2026-05-29T19:16:20Z</time>
    <extensions>
     <gpxdata:hr>192</gpxdata:hr>
     <gpxdata:distance>4433.50</gpxdata:distance>
     <gpxdata:cadence>89</gpxdata:cadence>
     <gpxdata:speed>4.547</gpxdata:speed>
    </extensions>
   </trkpt>
   <trkpt lat="46.0297160" lon="4.0836592">
    <ele>282</ele>
    <time>2026-05-29T19:16:21Z</time>
    <extensions>
     <gpxdata:hr>191</gpxdata:hr>
     <gpxdata:distance>4438.00</gpxdata:distance>
     <gpxdata:cadence>89</gpxdata:cadence>
     <gpxdata:speed>4.550</gpxdata:speed>
    </extensions>
   </trkpt>
   <trkpt lat="46.0297534" lon="4.0836334">
    <ele>282</ele>
    <time>2026-05-29T19:16:22Z</time>
    <extensions>
     <gpxdata:hr>191</gpxdata:hr>
     <gpxdata:distance>4442.50</gpxdata:distance>
     <gpxdata:cadence>89</gpxdata:cadence>
     <gpxdata:speed>4.550</gpxdata:speed>
    </extensions>
   </trkpt>
   <trkpt lat="46.0297908" lon="4.0836076">
    <ele>282</ele>
    <time>2026-05-29T19:16:23Z</time>
    <extensions>
     <gpxdata:hr>192</gpxdata:hr>
     <gpxdata:distance>4447.00</gpxdata:distance>
     <gpxdata:cadence>89</gpxdata:cadence>
     <gpxdata:speed>4.553</gpxdata:speed>
    </extensions>
   </trkpt>
   <trkpt lat="46.0298268" lon="4.0835813">
    <ele>282</ele>
    <time>2026-05-29T19:16:24Z</time>
    <extensions>
     <gpxdata:hr>193</gpxdata:hr>
     <gpxdata:distance>4451.50</gpxdata:distance>
     <gpxdata:cadence>90</gpxdata:cadence>
     <gpxdata:speed>4.561</gpxdata:speed>
    </extensions>
   </trkpt>
   <trkpt lat="46.0298629" lon="4.0835550">
    <ele>282</ele>
    <time>2026-05-29T19:16:25Z</time>
    <extensions>
     <gpxdata:hr>193</gpxdata:hr>
     <gpxdata:distance>4456.00</gpxdata:distance>
     <gpxdata:cadence>90</gpxdata:cadence>
     <gpxdata:speed>4.569</gpxdata:speed>
    </extensions>
   </trkpt>
   <trkpt lat="46.0298987" lon="4.0835299">
    <ele>282</ele>
    <time>2026-05-29T19:16:26Z</time>
    <extensions>
     <gpxdata:hr>193</gpxdata:hr>
     <gpxdata:distance>4460.50</gpxdata:distance>
     <gpxdata:cadence>90</gpxdata:cadence>
     <gpxdata:speed>4.569</gpxdata:speed>
    </extensions>
   </trkpt>
   <trkpt lat="46.0299346" lon="4.0835049">
    <ele>282</ele>
    <time>2026-05-29T19:16:27Z</time>
    <extensions>
     <gpxdata:hr>193</gpxdata:hr>
     <gpxdata:distance>4465.00</gpxdata:distance>
     <gpxdata:cadence>90</gpxdata:cadence>
     <gpxdata:speed>4.572</gpxdata:speed>
    </extensions>
   </trkpt>
   <trkpt lat="46.0299707" lon="4.0834807">
    <ele>282</ele>
    <time>2026-05-29T19:16:28Z</time>
    <extensions>
     <gpxdata:hr>193</gpxdata:hr>
     <gpxdata:distance>4469.50</gpxdata:distance>
     <gpxdata:cadence>90</gpxdata:cadence>
     <gpxdata:speed>4.569</gpxdata:speed>
    </extensions>
   </trkpt>
   <trkpt lat="46.0300068" lon="4.0834565">
    <ele>282</ele>
    <time>2026-05-29T19:16:29Z</time>
    <extensions>
     <gpxdata:hr>194</gpxdata:hr>
     <gpxdata:distance>4474.00</gpxdata:distance>
     <gpxdata:cadence>90</gpxdata:cadence>
     <gpxdata:speed>4.567</gpxdata:speed>
    </extensions>
   </trkpt>
   <trkpt lat="46.0300440" lon="4.0834350">
    <ele>282</ele>
    <time>2026-05-29T19:16:30Z</time>
    <extensions>
     <gpxdata:hr>193</gpxdata:hr>
     <gpxdata:distance>4478.50</gpxdata:distance>
     <gpxdata:cadence>89</gpxdata:cadence>
     <gpxdata:speed>4.564</gpxdata:speed>
    </extensions>
   </trkpt>
   <trkpt lat="46.0300812" lon="4.0834135">
    <ele>282</ele>
    <time>2026-05-29T19:16:31Z</time>
    <extensions>
     <gpxdata:hr>194</gpxdata:hr>
     <gpxdata:distance>4483.00</gpxdata:distance>
     <gpxdata:cadence>89</gpxdata:cadence>
     <gpxdata:speed>4.561</gpxdata:speed>
    </extensions>
   </trkpt>
   <trkpt lat="46.0301182" lon="4.0833926">
    <ele>282</ele>
    <time>2026-05-29T19:16:32Z</time>
    <extensions>
     <gpxdata:hr>194</gpxdata:hr>
     <gpxdata:distance>4487.50</gpxdata:distance>
     <gpxdata:cadence>89</gpxdata:cadence>
     <gpxdata:speed>4.558</gpxdata:speed>
    </extensions>
   </trkpt>
   <trkpt lat="46.0301553" lon="4.0833717">
    <ele>282</ele>
    <time>2026-05-29T19:16:33Z</time>
    <extensions>
     <gpxdata:hr>194</gpxdata:hr>
     <gpxdata:distance>4492.00</gpxdata:distance>
     <gpxdata:cadence>89</gpxdata:cadence>
     <gpxdata:speed>4.558</gpxdata:speed>
    </extensions>
   </trkpt>
   <trkpt lat="46.0301937" lon="4.0833523">
    <ele>282</ele>
    <time>2026-05-29T19:16:34Z</time>
    <extensions>
     <gpxdata:hr>194</gpxdata:hr>
     <gpxdata:distance>4496.50</gpxdata:distance>
     <gpxdata:cadence>89</gpxdata:cadence>
     <gpxdata:speed>4.556</gpxdata:speed>
    </extensions>
   </trkpt>
   <trkpt lat="46.0302322" lon="4.0833329">
    <ele>282</ele>
    <time>2026-05-29T19:16:35Z</time>
    <extensions>
     <gpxdata:hr>194</gpxdata:hr>
     <gpxdata:distance>4501.00</gpxdata:distance>
     <gpxdata:cadence>89</gpxdata:cadence>
     <gpxdata:speed>4.556</gpxdata:speed>
    </extensions>
   </trkpt>
   <trkpt lat="46.0302702" lon="4.0833127">
    <ele>282</ele>
    <time>2026-05-29T19:16:36Z</time>
    <extensions>
     <gpxdata:hr>194</gpxdata:hr>
     <gpxdata:distance>4505.50</gpxdata:distance>
     <gpxdata:cadence>89</gpxdata:cadence>
     <gpxdata:speed>4.556</gpxdata:speed>
    </extensions>
   </trkpt>
   <trkpt lat="46.0303082" lon="4.0832926">
    <ele>282</ele>
    <time>2026-05-29T19:16:37Z</time>
    <extensions>
     <gpxdata:hr>194</gpxdata:hr>
     <gpxdata:distance>4510.00</gpxdata:distance>
     <gpxdata:cadence>89</gpxdata:cadence>
     <gpxdata:speed>4.556</gpxdata:speed>
    </extensions>
   </trkpt>
   <trkpt lat="46.0303456" lon="4.0832721">
    <ele>282</ele>
    <time>2026-05-29T19:16:38Z</time>
    <extensions>
     <gpxdata:hr>193</gpxdata:hr>
     <gpxdata:distance>4514.50</gpxdata:distance>
     <gpxdata:cadence>89</gpxdata:cadence>
     <gpxdata:speed>4.556</gpxdata:speed>
    </extensions>
   </trkpt>
   <trkpt lat="46.0303831" lon="4.0832517">
    <ele>282</ele>
    <time>2026-05-29T19:16:39Z</time>
    <extensions>
     <gpxdata:hr>194</gpxdata:hr>
     <gpxdata:distance>4519.00</gpxdata:distance>
     <gpxdata:cadence>89</gpxdata:cadence>
     <gpxdata:speed>4.556</gpxdata:speed>
    </extensions>
   </trkpt>
   <trkpt lat="46.0304218" lon="4.0832320">
    <ele>282</ele>
    <time>2026-05-29T19:16:40Z</time>
    <extensions>
     <gpxdata:hr>194</gpxdata:hr>
     <gpxdata:distance>4523.50</gpxdata:distance>
     <gpxdata:cadence>89</gpxdata:cadence>
     <gpxdata:speed>4.556</gpxdata:speed>
    </extensions>
   </trkpt>
   <trkpt lat="46.0304605" lon="4.0832124">
    <ele>282</ele>
    <time>2026-05-29T19:16:41Z</time>
    <extensions>
     <gpxdata:hr>194</gpxdata:hr>
     <gpxdata:distance>4528.00</gpxdata:distance>
     <gpxdata:cadence>89</gpxdata:cadence>
     <gpxdata:speed>4.558</gpxdata:speed>
    </extensions>
   </trkpt>
   <trkpt lat="46.0305001" lon="4.0831920">
    <ele>282</ele>
    <time>2026-05-29T19:16:42Z</time>
    <extensions>
     <gpxdata:hr>193</gpxdata:hr>
     <gpxdata:distance>4533.00</gpxdata:distance>
     <gpxdata:cadence>89</gpxdata:cadence>
     <gpxdata:speed>4.561</gpxdata:speed>
    </extensions>
   </trkpt>
   <trkpt lat="46.0305397" lon="4.0831717">
    <ele>282</ele>
    <time>2026-05-29T19:16:43Z</time>
    <extensions>
     <gpxdata:hr>193</gpxdata:hr>
     <gpxdata:distance>4538.00</gpxdata:distance>
     <gpxdata:cadence>89</gpxdata:cadence>
     <gpxdata:speed>4.564</gpxdata:speed>
    </extensions>
   </trkpt>
   <trkpt lat="46.0305792" lon="4.0831503">
    <ele>282</ele>
    <time>2026-05-29T19:16:44Z</time>
    <extensions>
     <gpxdata:hr>193</gpxdata:hr>
     <gpxdata:distance>4542.50</gpxdata:distance>
     <gpxdata:cadence>89</gpxdata:cadence>
     <gpxdata:speed>4.569</gpxdata:speed>
    </extensions>
   </trkpt>
   <trkpt lat="46.0306188" lon="4.0831289">
    <ele>282</ele>
    <time>2026-05-29T19:16:45Z</time>
    <extensions>
     <gpxdata:hr>193</gpxdata:hr>
     <gpxdata:distance>4547.00</gpxdata:distance>
     <gpxdata:cadence>90</gpxdata:cadence>
     <gpxdata:speed>4.575</gpxdata:speed>
    </extensions>
   </trkpt>
   <trkpt lat="46.0306573" lon="4.0831062">
    <ele>282</ele>
    <time>2026-05-29T19:16:46Z</time>
    <extensions>
     <gpxdata:hr>194</gpxdata:hr>
     <gpxdata:distance>4551.50</gpxdata:distance>
     <gpxdata:cadence>89</gpxdata:cadence>
     <gpxdata:speed>4.578</gpxdata:speed>
    </extensions>
   </trkpt>
   <trkpt lat="46.0306958" lon="4.0830835">
    <ele>282</ele>
    <time>2026-05-29T19:16:47Z</time>
    <extensions>
     <gpxdata:hr>194</gpxdata:hr>
     <gpxdata:distance>4556.00</gpxdata:distance>
     <gpxdata:cadence>89</gpxdata:cadence>
     <gpxdata:speed>4.583</gpxdata:speed>
    </extensions>
   </trkpt>
   <trkpt lat="46.0307347" lon="4.0830628">
    <ele>282</ele>
    <time>2026-05-29T19:16:48Z</time>
    <extensions>
     <gpxdata:hr>194</gpxdata:hr>
     <gpxdata:distance>4560.50</gpxdata:distance>
     <gpxdata:cadence>89</gpxdata:cadence>
     <gpxdata:speed>4.583</gpxdata:speed>
    </extensions>
   </trkpt>
   <trkpt lat="46.0307736" lon="4.0830422">
    <ele>282</ele>
    <time>2026-05-29T19:16:49Z</time>
    <extensions>
     <gpxdata:hr>194</gpxdata:hr>
     <gpxdata:distance>4565.00</gpxdata:distance>
     <gpxdata:cadence>89</gpxdata:cadence>
     <gpxdata:speed>4.583</gpxdata:speed>
    </extensions>
   </trkpt>
   <trkpt lat="46.0308111" lon="4.0830198">
    <ele>282</ele>
    <time>2026-05-29T19:16:50Z</time>
    <extensions>
     <gpxdata:hr>194</gpxdata:hr>
     <gpxdata:distance>4569.50</gpxdata:distance>
     <gpxdata:cadence>89</gpxdata:cadence>
     <gpxdata:speed>4.583</gpxdata:speed>
    </extensions>
   </trkpt>
   <trkpt lat="46.0308486" lon="4.0829974">
    <ele>282</ele>
    <time>2026-05-29T19:16:51Z</time>
    <extensions>
     <gpxdata:hr>194</gpxdata:hr>
     <gpxdata:distance>4574.00</gpxdata:distance>
     <gpxdata:cadence>89</gpxdata:cadence>
     <gpxdata:speed>4.586</gpxdata:speed>
    </extensions>
   </trkpt>
   <trkpt lat="46.0308848" lon="4.0829720">
    <ele>282</ele>
    <time>2026-05-29T19:16:52Z</time>
    <extensions>
     <gpxdata:hr>193</gpxdata:hr>
     <gpxdata:distance>4578.50</gpxdata:distance>
     <gpxdata:cadence>88</gpxdata:cadence>
     <gpxdata:speed>4.586</gpxdata:speed>
    </extensions>
   </trkpt>
   <trkpt lat="46.0309210" lon="4.0829467">
    <ele>282</ele>
    <time>2026-05-29T19:16:53Z</time>
    <extensions>
     <gpxdata:hr>192</gpxdata:hr>
     <gpxdata:distance>4583.00</gpxdata:distance>
     <gpxdata:cadence>88</gpxdata:cadence>
     <gpxdata:speed>4.589</gpxdata:speed>
    </extensions>
   </trkpt>
   <trkpt lat="46.0309560" lon="4.0829198">
    <ele>282</ele>
    <time>2026-05-29T19:16:54Z</time>
    <extensions>
     <gpxdata:hr>192</gpxdata:hr>
     <gpxdata:distance>4587.50</gpxdata:distance>
     <gpxdata:cadence>88</gpxdata:cadence>
     <gpxdata:speed>4.589</gpxdata:speed>
    </extensions>
   </trkpt>
   <trkpt lat="46.0309910" lon="4.0828929">
    <ele>282</ele>
    <time>2026-05-29T19:16:55Z</time>
    <extensions>
     <gpxdata:hr>193</gpxdata:hr>
     <gpxdata:distance>4592.00</gpxdata:distance>
     <gpxdata:cadence>89</gpxdata:cadence>
     <gpxdata:speed>4.592</gpxdata:speed>
    </extensions>
   </trkpt>
   <trkpt lat="46.0310271" lon="4.0828675">
    <ele>282</ele>
    <time>2026-05-29T19:16:56Z</time>
    <extensions>
     <gpxdata:hr>194</gpxdata:hr>
     <gpxdata:distance>4596.50</gpxdata:distance>
     <gpxdata:cadence>89</gpxdata:cadence>
     <gpxdata:speed>4.592</gpxdata:speed>
    </extensions>
   </trkpt>
   <trkpt lat="46.0310632" lon="4.0828422">
    <ele>282</ele>
    <time>2026-05-29T19:16:57Z</time>
    <extensions>
     <gpxdata:hr>194</gpxdata:hr>
     <gpxdata:distance>4601.00</gpxdata:distance>
     <gpxdata:cadence>89</gpxdata:cadence>
     <gpxdata:speed>4.592</gpxdata:speed>
    </extensions>
   </trkpt>
   <trkpt lat="46.0310994" lon="4.0828166">
    <ele>282</ele>
    <time>2026-05-29T19:16:58Z</time>
    <extensions>
     <gpxdata:hr>194</gpxdata:hr>
     <gpxdata:distance>4605.50</gpxdata:distance>
     <gpxdata:cadence>89</gpxdata:cadence>
     <gpxdata:speed>4.592</gpxdata:speed>
    </extensions>
   </trkpt>
   <trkpt lat="46.0311357" lon="4.0827911">
    <ele>282</ele>
    <time>2026-05-29T19:16:59Z</time>
    <extensions>
     <gpxdata:hr>194</gpxdata:hr>
     <gpxdata:distance>4610.00</gpxdata:distance>
     <gpxdata:cadence>89</gpxdata:cadence>
     <gpxdata:speed>4.592</gpxdata:speed>
    </extensions>
   </trkpt>
   <trkpt lat="46.0311694" lon="4.0827612">
    <ele>282</ele>
    <time>2026-05-29T19:17:00Z</time>
    <extensions>
     <gpxdata:hr>193</gpxdata:hr>
     <gpxdata:distance>4614.00</gpxdata:distance>
     <gpxdata:cadence>89</gpxdata:cadence>
     <gpxdata:speed>4.589</gpxdata:speed>
    </extensions>
   </trkpt>
   <trkpt lat="46.0312031" lon="4.0827313">
    <ele>282</ele>
    <time>2026-05-29T19:17:01Z</time>
    <extensions>
     <gpxdata:hr>192</gpxdata:hr>
     <gpxdata:distance>4618.00</gpxdata:distance>
     <gpxdata:cadence>89</gpxdata:cadence>
     <gpxdata:speed>4.589</gpxdata:speed>
    </extensions>
   </trkpt>
   <trkpt lat="46.0312376" lon="4.0827019">
    <ele>282</ele>
    <time>2026-05-29T19:17:02Z</time>
    <extensions>
     <gpxdata:hr>192</gpxdata:hr>
     <gpxdata:distance>4623.00</gpxdata:distance>
     <gpxdata:cadence>89</gpxdata:cadence>
     <gpxdata:speed>4.586</gpxdata:speed>
    </extensions>
   </trkpt>
   <trkpt lat="46.0312721" lon="4.0826726">
    <ele>281</ele>
    <time>2026-05-29T19:17:03Z</time>
    <extensions>
     <gpxdata:hr>192</gpxdata:hr>
     <gpxdata:distance>4628.00</gpxdata:distance>
     <gpxdata:cadence>89</gpxdata:cadence>
     <gpxdata:speed>4.586</gpxdata:speed>
    </extensions>
   </trkpt>
   <trkpt lat="46.0313090" lon="4.0826474">
    <ele>281</ele>
    <time>2026-05-29T19:17:04Z</time>
    <extensions>
     <gpxdata:hr>192</gpxdata:hr>
     <gpxdata:distance>4632.50</gpxdata:distance>
     <gpxdata:cadence>89</gpxdata:cadence>
     <gpxdata:speed>4.583</gpxdata:speed>
    </extensions>
   </trkpt>
   <trkpt lat="46.0313459" lon="4.0826222">
    <ele>281</ele>
    <time>2026-05-29T19:17:05Z</time>
    <extensions>
     <gpxdata:hr>191</gpxdata:hr>
     <gpxdata:distance>4637.00</gpxdata:distance>
     <gpxdata:cadence>89</gpxdata:cadence>
     <gpxdata:speed>4.583</gpxdata:speed>
    </extensions>
   </trkpt>
   <trkpt lat="46.0313844" lon="4.0826010">
    <ele>281</ele>
    <time>2026-05-29T19:17:06Z</time>
    <extensions>
     <gpxdata:hr>191</gpxdata:hr>
     <gpxdata:distance>4641.50</gpxdata:distance>
     <gpxdata:cadence>89</gpxdata:cadence>
     <gpxdata:speed>4.583</gpxdata:speed>
    </extensions>
   </trkpt>
   <trkpt lat="46.0314229" lon="4.0825799">
    <ele>281</ele>
    <time>2026-05-29T19:17:07Z</time>
    <extensions>
     <gpxdata:hr>191</gpxdata:hr>
     <gpxdata:distance>4646.00</gpxdata:distance>
     <gpxdata:cadence>89</gpxdata:cadence>
     <gpxdata:speed>4.583</gpxdata:speed>
    </extensions>
   </trkpt>
   <trkpt lat="46.0314614" lon="4.0825588">
    <ele>281</ele>
    <time>2026-05-29T19:17:08Z</time>
    <extensions>
     <gpxdata:hr>192</gpxdata:hr>
     <gpxdata:distance>4650.50</gpxdata:distance>
     <gpxdata:cadence>89</gpxdata:cadence>
     <gpxdata:speed>4.583</gpxdata:speed>
    </extensions>
   </trkpt>
   <trkpt lat="46.0315000" lon="4.0825377">
    <ele>281</ele>
    <time>2026-05-29T19:17:09Z</time>
    <extensions>
     <gpxdata:hr>193</gpxdata:hr>
     <gpxdata:distance>4655.00</gpxdata:distance>
     <gpxdata:cadence>89</gpxdata:cadence>
     <gpxdata:speed>4.583</gpxdata:speed>
    </extensions>
   </trkpt>
   <trkpt lat="46.0315342" lon="4.0825064">
    <ele>281</ele>
    <time>2026-05-29T19:17:10Z</time>
    <extensions>
     <gpxdata:hr>193</gpxdata:hr>
     <gpxdata:distance>4659.50</gpxdata:distance>
     <gpxdata:cadence>89</gpxdata:cadence>
     <gpxdata:speed>4.581</gpxdata:speed>
    </extensions>
   </trkpt>
   <trkpt lat="46.0315685" lon="4.0824751">
    <ele>281</ele>
    <time>2026-05-29T19:17:11Z</time>
    <extensions>
     <gpxdata:hr>193</gpxdata:hr>
     <gpxdata:distance>4664.00</gpxdata:distance>
     <gpxdata:cadence>89</gpxdata:cadence>
     <gpxdata:speed>4.581</gpxdata:speed>
    </extensions>
   </trkpt>
   <trkpt lat="46.0315980" lon="4.0824333">
    <ele>281</ele>
    <time>2026-05-29T19:17:12Z</time>
    <extensions>
     <gpxdata:hr>194</gpxdata:hr>
     <gpxdata:distance>4669.00</gpxdata:distance>
     <gpxdata:cadence>89</gpxdata:cadence>
     <gpxdata:speed>4.581</gpxdata:speed>
    </extensions>
   </trkpt>
   <trkpt lat="46.0316276" lon="4.0823916">
    <ele>281</ele>
    <time>2026-05-29T19:17:13Z</time>
    <extensions>
     <gpxdata:hr>194</gpxdata:hr>
     <gpxdata:distance>4674.00</gpxdata:distance>
     <gpxdata:cadence>89</gpxdata:cadence>
     <gpxdata:speed>4.581</gpxdata:speed>
    </extensions>
   </trkpt>
   <trkpt lat="46.0316537" lon="4.0823455">
    <ele>281</ele>
    <time>2026-05-29T19:17:14Z</time>
    <extensions>
     <gpxdata:hr>194</gpxdata:hr>
     <gpxdata:distance>4678.50</gpxdata:distance>
     <gpxdata:cadence>89</gpxdata:cadence>
     <gpxdata:speed>4.581</gpxdata:speed>
    </extensions>
   </trkpt>
   <trkpt lat="46.0316798" lon="4.0822994">
    <ele>281</ele>
    <time>2026-05-29T19:17:15Z</time>
    <extensions>
     <gpxdata:hr>194</gpxdata:hr>
     <gpxdata:distance>4683.00</gpxdata:distance>
     <gpxdata:cadence>89</gpxdata:cadence>
     <gpxdata:speed>4.581</gpxdata:speed>
    </extensions>
   </trkpt>
   <trkpt lat="46.0317027" lon="4.0822496">
    <ele>281</ele>
    <time>2026-05-29T19:17:16Z</time>
    <extensions>
     <gpxdata:hr>194</gpxdata:hr>
     <gpxdata:distance>4687.50</gpxdata:distance>
     <gpxdata:cadence>89</gpxdata:cadence>
     <gpxdata:speed>4.581</gpxdata:speed>
    </extensions>
   </trkpt>
   <trkpt lat="46.0317256" lon="4.0821999">
    <ele>281</ele>
    <time>2026-05-29T19:17:17Z</time>
    <extensions>
     <gpxdata:hr>194</gpxdata:hr>
     <gpxdata:distance>4692.00</gpxdata:distance>
     <gpxdata:cadence>89</gpxdata:cadence>
     <gpxdata:speed>4.581</gpxdata:speed>
    </extensions>
   </trkpt>
   <trkpt lat="46.0317466" lon="4.0821493">
    <ele>281</ele>
    <time>2026-05-29T19:17:18Z</time>
    <extensions>
     <gpxdata:hr>193</gpxdata:hr>
     <gpxdata:distance>4694.00</gpxdata:distance>
     <gpxdata:cadence>89</gpxdata:cadence>
     <gpxdata:speed>4.581</gpxdata:speed>
    </extensions>
   </trkpt>
   <trkpt lat="46.0317677" lon="4.0820988">
    <ele>281</ele>
    <time>2026-05-29T19:17:19Z</time>
    <extensions>
     <gpxdata:hr>193</gpxdata:hr>
     <gpxdata:distance>4696.00</gpxdata:distance>
     <gpxdata:cadence>90</gpxdata:cadence>
     <gpxdata:speed>4.581</gpxdata:speed>
    </extensions>
   </trkpt>
   <trkpt lat="46.0317883" lon="4.0820477">
    <ele>281</ele>
    <time>2026-05-29T19:17:20Z</time>
    <extensions>
     <gpxdata:hr>193</gpxdata:hr>
     <gpxdata:distance>4703.00</gpxdata:distance>
     <gpxdata:cadence>90</gpxdata:cadence>
     <gpxdata:speed>4.583</gpxdata:speed>
    </extensions>
   </trkpt>
   <trkpt lat="46.0318089" lon="4.0819967">
    <ele>281</ele>
    <time>2026-05-29T19:17:21Z</time>
    <extensions>
     <gpxdata:hr>193</gpxdata:hr>
     <gpxdata:distance>4710.00</gpxdata:distance>
     <gpxdata:cadence>90</gpxdata:cadence>
     <gpxdata:speed>4.586</gpxdata:speed>
    </extensions>
   </trkpt>
   <trkpt lat="46.0318289" lon="4.0819456">
    <ele>281</ele>
    <time>2026-05-29T19:17:22Z</time>
    <extensions>
     <gpxdata:hr>193</gpxdata:hr>
     <gpxdata:distance>4714.50</gpxdata:distance>
     <gpxdata:cadence>90</gpxdata:cadence>
     <gpxdata:speed>4.586</gpxdata:speed>
    </extensions>
   </trkpt>
   <trkpt lat="46.0318489" lon="4.0818946">
    <ele>281</ele>
    <time>2026-05-29T19:17:23Z</time>
    <extensions>
     <gpxdata:hr>193</gpxdata:hr>
     <gpxdata:distance>4719.00</gpxdata:distance>
     <gpxdata:cadence>90</gpxdata:cadence>
     <gpxdata:speed>4.589</gpxdata:speed>
    </extensions>
   </trkpt>
   <trkpt lat="46.0318679" lon="4.0818434">
    <ele>281</ele>
    <time>2026-05-29T19:17:24Z</time>
    <extensions>
     <gpxdata:hr>194</gpxdata:hr>
     <gpxdata:distance>4723.50</gpxdata:distance>
     <gpxdata:cadence>89</gpxdata:cadence>
     <gpxdata:speed>4.586</gpxdata:speed>
    </extensions>
   </trkpt>
   <trkpt lat="46.0318870" lon="4.0817922">
    <ele>281</ele>
    <time>2026-05-29T19:17:25Z</time>
    <extensions>
     <gpxdata:hr>194</gpxdata:hr>
     <gpxdata:distance>4728.00</gpxdata:distance>
     <gpxdata:cadence>89</gpxdata:cadence>
     <gpxdata:speed>4.586</gpxdata:speed>
    </extensions>
   </trkpt>
   <trkpt lat="46.0319058" lon="4.0817401">
    <ele>281</ele>
    <time>2026-05-29T19:17:26Z</time>
    <extensions>
     <gpxdata:hr>194</gpxdata:hr>
     <gpxdata:distance>4732.50</gpxdata:distance>
     <gpxdata:cadence>89</gpxdata:cadence>
     <gpxdata:speed>4.586</gpxdata:speed>
    </extensions>
   </trkpt>
   <trkpt lat="46.0319247" lon="4.0816880">
    <ele>281</ele>
    <time>2026-05-29T19:17:27Z</time>
    <extensions>
     <gpxdata:hr>194</gpxdata:hr>
     <gpxdata:distance>4737.00</gpxdata:distance>
     <gpxdata:cadence>89</gpxdata:cadence>
     <gpxdata:speed>4.586</gpxdata:speed>
    </extensions>
   </trkpt>
   <trkpt lat="46.0319438" lon="4.0816353">
    <ele>281</ele>
    <time>2026-05-29T19:17:28Z</time>
    <extensions>
     <gpxdata:hr>194</gpxdata:hr>
     <gpxdata:distance>4742.00</gpxdata:distance>
     <gpxdata:cadence>89</gpxdata:cadence>
     <gpxdata:speed>4.586</gpxdata:speed>
    </extensions>
   </trkpt>
   <trkpt lat="46.0319630" lon="4.0815827">
    <ele>281</ele>
    <time>2026-05-29T19:17:29Z</time>
    <extensions>
     <gpxdata:hr>194</gpxdata:hr>
     <gpxdata:distance>4747.00</gpxdata:distance>
     <gpxdata:cadence>89</gpxdata:cadence>
     <gpxdata:speed>4.586</gpxdata:speed>
    </extensions>
   </trkpt>
   <trkpt lat="46.0319825" lon="4.0815303">
    <ele>281</ele>
    <time>2026-05-29T19:17:30Z</time>
    <extensions>
     <gpxdata:hr>193</gpxdata:hr>
     <gpxdata:distance>4751.50</gpxdata:distance>
     <gpxdata:cadence>89</gpxdata:cadence>
     <gpxdata:speed>4.586</gpxdata:speed>
    </extensions>
   </trkpt>
   <trkpt lat="46.0320021" lon="4.0814780">
    <ele>281</ele>
    <time>2026-05-29T19:17:31Z</time>
    <extensions>
     <gpxdata:hr>193</gpxdata:hr>
     <gpxdata:distance>4756.00</gpxdata:distance>
     <gpxdata:cadence>89</gpxdata:cadence>
     <gpxdata:speed>4.589</gpxdata:speed>
    </extensions>
   </trkpt>
   <trkpt lat="46.0320219" lon="4.0814258">
    <ele>282</ele>
    <time>2026-05-29T19:17:32Z</time>
    <extensions>
     <gpxdata:hr>193</gpxdata:hr>
     <gpxdata:distance>4760.50</gpxdata:distance>
     <gpxdata:cadence>89</gpxdata:cadence>
     <gpxdata:speed>4.589</gpxdata:speed>
    </extensions>
   </trkpt>
   <trkpt lat="46.0320418" lon="4.0813737">
    <ele>282</ele>
    <time>2026-05-29T19:17:33Z</time>
    <extensions>
     <gpxdata:hr>194</gpxdata:hr>
     <gpxdata:distance>4765.00</gpxdata:distance>
     <gpxdata:cadence>89</gpxdata:cadence>
     <gpxdata:speed>4.592</gpxdata:speed>
    </extensions>
   </trkpt>
   <trkpt lat="46.0320614" lon="4.0813213">
    <ele>282</ele>
    <time>2026-05-29T19:17:34Z</time>
    <extensions>
     <gpxdata:hr>193</gpxdata:hr>
     <gpxdata:distance>4769.50</gpxdata:distance>
     <gpxdata:cadence>89</gpxdata:cadence>
     <gpxdata:speed>4.597</gpxdata:speed>
    </extensions>
   </trkpt>
   <trkpt lat="46.0320811" lon="4.0812689">
    <ele>282</ele>
    <time>2026-05-29T19:17:35Z</time>
    <extensions>
     <gpxdata:hr>194</gpxdata:hr>
     <gpxdata:distance>4774.00</gpxdata:distance>
     <gpxdata:cadence>89</gpxdata:cadence>
     <gpxdata:speed>4.606</gpxdata:speed>
    </extensions>
   </trkpt>
   <trkpt lat="46.0320999" lon="4.0812163">
    <ele>282</ele>
    <time>2026-05-29T19:17:36Z</time>
    <extensions>
     <gpxdata:hr>194</gpxdata:hr>
     <gpxdata:distance>4778.50</gpxdata:distance>
     <gpxdata:cadence>89</gpxdata:cadence>
     <gpxdata:speed>4.608</gpxdata:speed>
    </extensions>
   </trkpt>
   <trkpt lat="46.0321187" lon="4.0811637">
    <ele>282</ele>
    <time>2026-05-29T19:17:37Z</time>
    <extensions>
     <gpxdata:hr>194</gpxdata:hr>
     <gpxdata:distance>4783.00</gpxdata:distance>
     <gpxdata:cadence>89</gpxdata:cadence>
     <gpxdata:speed>4.611</gpxdata:speed>
    </extensions>
   </trkpt>
   <trkpt lat="46.0321371" lon="4.0811118">
    <ele>282</ele>
    <time>2026-05-29T19:17:38Z</time>
    <extensions>
     <gpxdata:hr>193</gpxdata:hr>
     <gpxdata:distance>4787.50</gpxdata:distance>
     <gpxdata:cadence>89</gpxdata:cadence>
     <gpxdata:speed>4.611</gpxdata:speed>
    </extensions>
   </trkpt>
   <trkpt lat="46.0321556" lon="4.0810599">
    <ele>282</ele>
    <time>2026-05-29T19:17:39Z</time>
    <extensions>
     <gpxdata:hr>194</gpxdata:hr>
     <gpxdata:distance>4792.00</gpxdata:distance>
     <gpxdata:cadence>89</gpxdata:cadence>
     <gpxdata:speed>4.611</gpxdata:speed>
    </extensions>
   </trkpt>
   <trkpt lat="46.0321747" lon="4.0810091">
    <ele>282</ele>
    <time>2026-05-29T19:17:40Z</time>
    <extensions>
     <gpxdata:hr>194</gpxdata:hr>
     <gpxdata:distance>4796.50</gpxdata:distance>
     <gpxdata:cadence>89</gpxdata:cadence>
     <gpxdata:speed>4.608</gpxdata:speed>
    </extensions>
   </trkpt>
   <trkpt lat="46.0321939" lon="4.0809583">
    <ele>282</ele>
    <time>2026-05-29T19:17:41Z</time>
    <extensions>
     <gpxdata:hr>194</gpxdata:hr>
     <gpxdata:distance>4801.00</gpxdata:distance>
     <gpxdata:cadence>89</gpxdata:cadence>
     <gpxdata:speed>4.606</gpxdata:speed>
    </extensions>
   </trkpt>
   <trkpt lat="46.0322138" lon="4.0809082">
    <ele>282</ele>
    <time>2026-05-29T19:17:42Z</time>
    <extensions>
     <gpxdata:hr>195</gpxdata:hr>
     <gpxdata:distance>4805.50</gpxdata:distance>
     <gpxdata:cadence>88</gpxdata:cadence>
     <gpxdata:speed>4.600</gpxdata:speed>
    </extensions>
   </trkpt>
   <trkpt lat="46.0322338" lon="4.0808582">
    <ele>282</ele>
    <time>2026-05-29T19:17:43Z</time>
    <extensions>
     <gpxdata:hr>195</gpxdata:hr>
     <gpxdata:distance>4810.00</gpxdata:distance>
     <gpxdata:cadence>88</gpxdata:cadence>
     <gpxdata:speed>4.594</gpxdata:speed>
    </extensions>
   </trkpt>
   <trkpt lat="46.0322546" lon="4.0808083">
    <ele>282</ele>
    <time>2026-05-29T19:17:44Z</time>
    <extensions>
     <gpxdata:hr>195</gpxdata:hr>
     <gpxdata:distance>4814.50</gpxdata:distance>
     <gpxdata:cadence>88</gpxdata:cadence>
     <gpxdata:speed>4.586</gpxdata:speed>
    </extensions>
   </trkpt>
   <trkpt lat="46.0322754" lon="4.0807585">
    <ele>282</ele>
    <time>2026-05-29T19:17:45Z</time>
    <extensions>
     <gpxdata:hr>194</gpxdata:hr>
     <gpxdata:distance>4819.00</gpxdata:distance>
     <gpxdata:cadence>88</gpxdata:cadence>
     <gpxdata:speed>4.581</gpxdata:speed>
    </extensions>
   </trkpt>
   <trkpt lat="46.0322960" lon="4.0807075">
    <ele>282</ele>
    <time>2026-05-29T19:17:46Z</time>
    <extensions>
     <gpxdata:hr>194</gpxdata:hr>
     <gpxdata:distance>4823.50</gpxdata:distance>
     <gpxdata:cadence>87</gpxdata:cadence>
     <gpxdata:speed>4.572</gpxdata:speed>
    </extensions>
   </trkpt>
   <trkpt lat="46.0323167" lon="4.0806566">
    <ele>282</ele>
    <time>2026-05-29T19:17:47Z</time>
    <extensions>
     <gpxdata:hr>194</gpxdata:hr>
     <gpxdata:distance>4828.00</gpxdata:distance>
     <gpxdata:cadence>87</gpxdata:cadence>
     <gpxdata:speed>4.564</gpxdata:speed>
    </extensions>
   </trkpt>
   <trkpt lat="46.0323360" lon="4.0806049">
    <ele>281</ele>
    <time>2026-05-29T19:17:48Z</time>
    <extensions>
     <gpxdata:hr>194</gpxdata:hr>
     <gpxdata:distance>4832.50</gpxdata:distance>
     <gpxdata:cadence>87</gpxdata:cadence>
     <gpxdata:speed>4.561</gpxdata:speed>
    </extensions>
   </trkpt>
   <trkpt lat="46.0323554" lon="4.0805533">
    <ele>281</ele>
    <time>2026-05-29T19:17:49Z</time>
    <extensions>
     <gpxdata:hr>194</gpxdata:hr>
     <gpxdata:distance>4837.00</gpxdata:distance>
     <gpxdata:cadence>88</gpxdata:cadence>
     <gpxdata:speed>4.558</gpxdata:speed>
    </extensions>
   </trkpt>
   <trkpt lat="46.0323746" lon="4.0805012">
    <ele>281</ele>
    <time>2026-05-29T19:17:50Z</time>
    <extensions>
     <gpxdata:hr>194</gpxdata:hr>
     <gpxdata:distance>4841.50</gpxdata:distance>
     <gpxdata:cadence>88</gpxdata:cadence>
     <gpxdata:speed>4.558</gpxdata:speed>
    </extensions>
   </trkpt>
   <trkpt lat="46.0323939" lon="4.0804492">
    <ele>281</ele>
    <time>2026-05-29T19:17:51Z</time>
    <extensions>
     <gpxdata:hr>194</gpxdata:hr>
     <gpxdata:distance>4846.00</gpxdata:distance>
     <gpxdata:cadence>88</gpxdata:cadence>
     <gpxdata:speed>4.558</gpxdata:speed>
    </extensions>
   </trkpt>
   <trkpt lat="46.0324129" lon="4.0803969">
    <ele>281</ele>
    <time>2026-05-29T19:17:52Z</time>
    <extensions>
     <gpxdata:hr>194</gpxdata:hr>
     <gpxdata:distance>4850.50</gpxdata:distance>
     <gpxdata:cadence>88</gpxdata:cadence>
     <gpxdata:speed>4.558</gpxdata:speed>
    </extensions>
   </trkpt>
   <trkpt lat="46.0324320" lon="4.0803447">
    <ele>281</ele>
    <time>2026-05-29T19:17:53Z</time>
    <extensions>
     <gpxdata:hr>194</gpxdata:hr>
     <gpxdata:distance>4855.00</gpxdata:distance>
     <gpxdata:cadence>88</gpxdata:cadence>
     <gpxdata:speed>4.561</gpxdata:speed>
    </extensions>
   </trkpt>
   <trkpt lat="46.0324510" lon="4.0802922">
    <ele>281</ele>
    <time>2026-05-29T19:17:54Z</time>
    <extensions>
     <gpxdata:hr>194</gpxdata:hr>
     <gpxdata:distance>4859.50</gpxdata:distance>
     <gpxdata:cadence>88</gpxdata:cadence>
     <gpxdata:speed>4.558</gpxdata:speed>
    </extensions>
   </trkpt>
   <trkpt lat="46.0324700" lon="4.0802397">
    <ele>281</ele>
    <time>2026-05-29T19:17:55Z</time>
    <extensions>
     <gpxdata:hr>194</gpxdata:hr>
     <gpxdata:distance>4864.00</gpxdata:distance>
     <gpxdata:cadence>88</gpxdata:cadence>
     <gpxdata:speed>4.558</gpxdata:speed>
    </extensions>
   </trkpt>
   <trkpt lat="46.0324891" lon="4.0801883">
    <ele>281</ele>
    <time>2026-05-29T19:17:56Z</time>
    <extensions>
     <gpxdata:hr>194</gpxdata:hr>
     <gpxdata:distance>4868.50</gpxdata:distance>
     <gpxdata:cadence>88</gpxdata:cadence>
     <gpxdata:speed>4.558</gpxdata:speed>
    </extensions>
   </trkpt>
   <trkpt lat="46.0325083" lon="4.0801369">
    <ele>281</ele>
    <time>2026-05-29T19:17:57Z</time>
    <extensions>
     <gpxdata:hr>194</gpxdata:hr>
     <gpxdata:distance>4873.00</gpxdata:distance>
     <gpxdata:cadence>88</gpxdata:cadence>
     <gpxdata:speed>4.558</gpxdata:speed>
    </extensions>
   </trkpt>
   <trkpt lat="46.0325274" lon="4.0800863">
    <ele>281</ele>
    <time>2026-05-29T19:17:58Z</time>
    <extensions>
     <gpxdata:hr>194</gpxdata:hr>
     <gpxdata:distance>4877.50</gpxdata:distance>
     <gpxdata:cadence>88</gpxdata:cadence>
     <gpxdata:speed>4.556</gpxdata:speed>
    </extensions>
   </trkpt>
   <trkpt lat="46.0325465" lon="4.0800358">
    <ele>281</ele>
    <time>2026-05-29T19:17:59Z</time>
    <extensions>
     <gpxdata:hr>194</gpxdata:hr>
     <gpxdata:distance>4882.00</gpxdata:distance>
     <gpxdata:cadence>88</gpxdata:cadence>
     <gpxdata:speed>4.556</gpxdata:speed>
    </extensions>
   </trkpt>
   <trkpt lat="46.0325654" lon="4.0799849">
    <ele>281</ele>
    <time>2026-05-29T19:18:00Z</time>
    <extensions>
     <gpxdata:hr>194</gpxdata:hr>
     <gpxdata:distance>4886.50</gpxdata:distance>
     <gpxdata:cadence>88</gpxdata:cadence>
     <gpxdata:speed>4.553</gpxdata:speed>
    </extensions>
   </trkpt>
   <trkpt lat="46.0325844" lon="4.0799341">
    <ele>281</ele>
    <time>2026-05-29T19:18:01Z</time>
    <extensions>
     <gpxdata:hr>193</gpxdata:hr>
     <gpxdata:distance>4891.00</gpxdata:distance>
     <gpxdata:cadence>89</gpxdata:cadence>
     <gpxdata:speed>4.553</gpxdata:speed>
    </extensions>
   </trkpt>
   <trkpt lat="46.0326035" lon="4.0798836">
    <ele>281</ele>
    <time>2026-05-29T19:18:02Z</time>
    <extensions>
     <gpxdata:hr>193</gpxdata:hr>
     <gpxdata:distance>4895.50</gpxdata:distance>
     <gpxdata:cadence>89</gpxdata:cadence>
     <gpxdata:speed>4.550</gpxdata:speed>
    </extensions>
   </trkpt>
   <trkpt lat="46.0326227" lon="4.0798331">
    <ele>281</ele>
    <time>2026-05-29T19:18:03Z</time>
    <extensions>
     <gpxdata:hr>194</gpxdata:hr>
     <gpxdata:distance>4900.00</gpxdata:distance>
     <gpxdata:cadence>89</gpxdata:cadence>
     <gpxdata:speed>4.547</gpxdata:speed>
    </extensions>
   </trkpt>
   <trkpt lat="46.0326425" lon="4.0797829">
    <ele>281</ele>
    <time>2026-05-29T19:18:04Z</time>
    <extensions>
     <gpxdata:hr>194</gpxdata:hr>
     <gpxdata:distance>4904.50</gpxdata:distance>
     <gpxdata:cadence>89</gpxdata:cadence>
     <gpxdata:speed>4.547</gpxdata:speed>
    </extensions>
   </trkpt>
   <trkpt lat="46.0326623" lon="4.0797328">
    <ele>281</ele>
    <time>2026-05-29T19:18:05Z</time>
    <extensions>
     <gpxdata:hr>194</gpxdata:hr>
     <gpxdata:distance>4909.00</gpxdata:distance>
     <gpxdata:cadence>89</gpxdata:cadence>
     <gpxdata:speed>4.547</gpxdata:speed>
    </extensions>
   </trkpt>
   <trkpt lat="46.0326820" lon="4.0796819">
    <ele>281</ele>
    <time>2026-05-29T19:18:06Z</time>
    <extensions>
     <gpxdata:hr>194</gpxdata:hr>
     <gpxdata:distance>4913.50</gpxdata:distance>
     <gpxdata:cadence>89</gpxdata:cadence>
     <gpxdata:speed>4.544</gpxdata:speed>
    </extensions>
   </trkpt>
   <trkpt lat="46.0327018" lon="4.0796310">
    <ele>281</ele>
    <time>2026-05-29T19:18:07Z</time>
    <extensions>
     <gpxdata:hr>194</gpxdata:hr>
     <gpxdata:distance>4918.00</gpxdata:distance>
     <gpxdata:cadence>89</gpxdata:cadence>
     <gpxdata:speed>4.544</gpxdata:speed>
    </extensions>
   </trkpt>
   <trkpt lat="46.0327219" lon="4.0795794">
    <ele>281</ele>
    <time>2026-05-29T19:18:08Z</time>
    <extensions>
     <gpxdata:hr>194</gpxdata:hr>
     <gpxdata:distance>4923.00</gpxdata:distance>
     <gpxdata:cadence>89</gpxdata:cadence>
     <gpxdata:speed>4.544</gpxdata:speed>
    </extensions>
   </trkpt>
   <trkpt lat="46.0327421" lon="4.0795279">
    <ele>281</ele>
    <time>2026-05-29T19:18:09Z</time>
    <extensions>
     <gpxdata:hr>194</gpxdata:hr>
     <gpxdata:distance>4928.00</gpxdata:distance>
     <gpxdata:cadence>89</gpxdata:cadence>
     <gpxdata:speed>4.544</gpxdata:speed>
    </extensions>
   </trkpt>
   <trkpt lat="46.0327640" lon="4.0794777">
    <ele>281</ele>
    <time>2026-05-29T19:18:10Z</time>
    <extensions>
     <gpxdata:hr>194</gpxdata:hr>
     <gpxdata:distance>4932.00</gpxdata:distance>
     <gpxdata:cadence>89</gpxdata:cadence>
     <gpxdata:speed>4.544</gpxdata:speed>
    </extensions>
   </trkpt>
   <trkpt lat="46.0327860" lon="4.0794275">
    <ele>281</ele>
    <time>2026-05-29T19:18:11Z</time>
    <extensions>
     <gpxdata:hr>194</gpxdata:hr>
     <gpxdata:distance>4936.00</gpxdata:distance>
     <gpxdata:cadence>89</gpxdata:cadence>
     <gpxdata:speed>4.547</gpxdata:speed>
    </extensions>
   </trkpt>
   <trkpt lat="46.0328085" lon="4.0793768">
    <ele>281</ele>
    <time>2026-05-29T19:18:12Z</time>
    <extensions>
     <gpxdata:hr>194</gpxdata:hr>
     <gpxdata:distance>4941.00</gpxdata:distance>
     <gpxdata:cadence>89</gpxdata:cadence>
     <gpxdata:speed>4.550</gpxdata:speed>
    </extensions>
   </trkpt>
   <trkpt lat="46.0328310" lon="4.0793262">
    <ele>281</ele>
    <time>2026-05-29T19:18:13Z</time>
    <extensions>
     <gpxdata:hr>194</gpxdata:hr>
     <gpxdata:distance>4946.00</gpxdata:distance>
     <gpxdata:cadence>89</gpxdata:cadence>
     <gpxdata:speed>4.553</gpxdata:speed>
    </extensions>
   </trkpt>
   <trkpt lat="46.0328521" lon="4.0792738">
    <ele>281</ele>
    <time>2026-05-29T19:18:14Z</time>
    <extensions>
     <gpxdata:hr>194</gpxdata:hr>
     <gpxdata:distance>4950.50</gpxdata:distance>
     <gpxdata:cadence>89</gpxdata:cadence>
     <gpxdata:speed>4.556</gpxdata:speed>
    </extensions>
   </trkpt>
   <trkpt lat="46.0328732" lon="4.0792215">
    <ele>281</ele>
    <time>2026-05-29T19:18:15Z</time>
    <extensions>
     <gpxdata:hr>194</gpxdata:hr>
     <gpxdata:distance>4955.00</gpxdata:distance>
     <gpxdata:cadence>89</gpxdata:cadence>
     <gpxdata:speed>4.558</gpxdata:speed>
    </extensions>
   </trkpt>
   <trkpt lat="46.0328920" lon="4.0791678">
    <ele>281</ele>
    <time>2026-05-29T19:18:16Z</time>
    <extensions>
     <gpxdata:hr>194</gpxdata:hr>
     <gpxdata:distance>4960.00</gpxdata:distance>
     <gpxdata:cadence>89</gpxdata:cadence>
     <gpxdata:speed>4.569</gpxdata:speed>
    </extensions>
   </trkpt>
   <trkpt lat="46.0329109" lon="4.0791142">
    <ele>281</ele>
    <time>2026-05-29T19:18:17Z</time>
    <extensions>
     <gpxdata:hr>194</gpxdata:hr>
     <gpxdata:distance>4965.00</gpxdata:distance>
     <gpxdata:cadence>90</gpxdata:cadence>
     <gpxdata:speed>4.581</gpxdata:speed>
    </extensions>
   </trkpt>
   <trkpt lat="46.0329282" lon="4.0790600">
    <ele>281</ele>
    <time>2026-05-29T19:18:18Z</time>
    <extensions>
     <gpxdata:hr>194</gpxdata:hr>
     <gpxdata:distance>4969.50</gpxdata:distance>
     <gpxdata:cadence>90</gpxdata:cadence>
     <gpxdata:speed>4.586</gpxdata:speed>
    </extensions>
   </trkpt>
   <trkpt lat="46.0329455" lon="4.0790059">
    <ele>281</ele>
    <time>2026-05-29T19:18:19Z</time>
    <extensions>
     <gpxdata:hr>194</gpxdata:hr>
     <gpxdata:distance>4974.00</gpxdata:distance>
     <gpxdata:cadence>90</gpxdata:cadence>
     <gpxdata:speed>4.594</gpxdata:speed>
    </extensions>
   </trkpt>
   <trkpt lat="46.0329599" lon="4.0789497">
    <ele>281</ele>
    <time>2026-05-29T19:18:20Z</time>
    <extensions>
     <gpxdata:hr>194</gpxdata:hr>
     <gpxdata:distance>4978.50</gpxdata:distance>
     <gpxdata:cadence>89</gpxdata:cadence>
     <gpxdata:speed>4.597</gpxdata:speed>
    </extensions>
   </trkpt>
   <trkpt lat="46.0329744" lon="4.0788936">
    <ele>281</ele>
    <time>2026-05-29T19:18:21Z</time>
    <extensions>
     <gpxdata:hr>195</gpxdata:hr>
     <gpxdata:distance>4983.00</gpxdata:distance>
     <gpxdata:cadence>89</gpxdata:cadence>
     <gpxdata:speed>4.600</gpxdata:speed>
    </extensions>
   </trkpt>
   <trkpt lat="46.0329795" lon="4.0788368">
    <ele>281</ele>
    <time>2026-05-29T19:18:22Z</time>
    <extensions>
     <gpxdata:hr>194</gpxdata:hr>
     <gpxdata:distance>4987.50</gpxdata:distance>
     <gpxdata:cadence>89</gpxdata:cadence>
     <gpxdata:speed>4.600</gpxdata:speed>
    </extensions>
   </trkpt>
   <trkpt lat="46.0329847" lon="4.0787801">
    <ele>280</ele>
    <time>2026-05-29T19:18:23Z</time>
    <extensions>
     <gpxdata:hr>193</gpxdata:hr>
     <gpxdata:distance>4992.00</gpxdata:distance>
     <gpxdata:cadence>89</gpxdata:cadence>
     <gpxdata:speed>4.603</gpxdata:speed>
    </extensions>
   </trkpt>
   <trkpt lat="46.0329731" lon="4.0787297">
    <ele>280</ele>
    <time>2026-05-29T19:18:24Z</time>
    <extensions>
     <gpxdata:hr>193</gpxdata:hr>
     <gpxdata:distance>4996.00</gpxdata:distance>
     <gpxdata:cadence>89</gpxdata:cadence>
     <gpxdata:speed>4.603</gpxdata:speed>
    </extensions>
   </trkpt>
   <trkpt lat="46.0329616" lon="4.0786793">
    <ele>280</ele>
    <time>2026-05-29T19:18:25Z</time>
    <extensions>
     <gpxdata:hr>193</gpxdata:hr>
     <gpxdata:distance>5000.00</gpxdata:distance>
     <gpxdata:cadence>90</gpxdata:cadence>
     <gpxdata:speed>4.603</gpxdata:speed>
    </extensions>
   </trkpt>
   <trkpt lat="46.0329333" lon="4.0786441">
    <ele>280</ele>
    <time>2026-05-29T19:18:26Z</time>
    <extensions>
     <gpxdata:hr>193</gpxdata:hr>
     <gpxdata:distance>5004.50</gpxdata:distance>
     <gpxdata:cadence>90</gpxdata:cadence>
     <gpxdata:speed>4.600</gpxdata:speed>
    </extensions>
   </trkpt>
   <trkpt lat="46.0329050" lon="4.0786089">
    <ele>280</ele>
    <time>2026-05-29T19:18:27Z</time>
    <extensions>
     <gpxdata:hr>193</gpxdata:hr>
     <gpxdata:distance>5009.00</gpxdata:distance>
     <gpxdata:cadence>90</gpxdata:cadence>
     <gpxdata:speed>4.600</gpxdata:speed>
    </extensions>
   </trkpt>
   <trkpt lat="46.0328698" lon="4.0785821">
    <ele>280</ele>
    <time>2026-05-29T19:18:28Z</time>
    <extensions>
     <gpxdata:hr>193</gpxdata:hr>
     <gpxdata:distance>5013.50</gpxdata:distance>
     <gpxdata:cadence>91</gpxdata:cadence>
     <gpxdata:speed>4.600</gpxdata:speed>
    </extensions>
   </trkpt>
   <trkpt lat="46.0328346" lon="4.0785554">
    <ele>280</ele>
    <time>2026-05-29T19:18:29Z</time>
    <extensions>
     <gpxdata:hr>193</gpxdata:hr>
     <gpxdata:distance>5018.00</gpxdata:distance>
     <gpxdata:cadence>91</gpxdata:cadence>
     <gpxdata:speed>4.600</gpxdata:speed>
    </extensions>
   </trkpt>
   <trkpt lat="46.0327975" lon="4.0785312">
    <ele>280</ele>
    <time>2026-05-29T19:18:30Z</time>
    <extensions>
     <gpxdata:hr>193</gpxdata:hr>
     <gpxdata:distance>5022.00</gpxdata:distance>
     <gpxdata:cadence>91</gpxdata:cadence>
     <gpxdata:speed>4.597</gpxdata:speed>
    </extensions>
   </trkpt>
   <trkpt lat="46.0327605" lon="4.0785071">
    <ele>280</ele>
    <time>2026-05-29T19:18:31Z</time>
    <extensions>
     <gpxdata:hr>193</gpxdata:hr>
     <gpxdata:distance>5026.00</gpxdata:distance>
     <gpxdata:cadence>91</gpxdata:cadence>
     <gpxdata:speed>4.597</gpxdata:speed>
    </extensions>
   </trkpt>
   <trkpt lat="46.0327236" lon="4.0784838">
    <ele>280</ele>
    <time>2026-05-29T19:18:32Z</time>
    <extensions>
     <gpxdata:hr>193</gpxdata:hr>
     <gpxdata:distance>5030.50</gpxdata:distance>
     <gpxdata:cadence>91</gpxdata:cadence>
     <gpxdata:speed>4.594</gpxdata:speed>
    </extensions>
   </trkpt>
   <trkpt lat="46.0326867" lon="4.0784605">
    <ele>280</ele>
    <time>2026-05-29T19:18:33Z</time>
    <extensions>
     <gpxdata:hr>193</gpxdata:hr>
     <gpxdata:distance>5035.00</gpxdata:distance>
     <gpxdata:cadence>90</gpxdata:cadence>
     <gpxdata:speed>4.592</gpxdata:speed>
    </extensions>
   </trkpt>
   <trkpt lat="46.0326483" lon="4.0784357">
    <ele>280</ele>
    <time>2026-05-29T19:18:34Z</time>
    <extensions>
     <gpxdata:hr>194</gpxdata:hr>
     <gpxdata:distance>5040.50</gpxdata:distance>
     <gpxdata:cadence>90</gpxdata:cadence>
     <gpxdata:speed>4.578</gpxdata:speed>
    </extensions>
   </trkpt>
   <trkpt lat="46.0326100" lon="4.0784110">
    <ele>280</ele>
    <time>2026-05-29T19:18:35Z</time>
    <extensions>
     <gpxdata:hr>194</gpxdata:hr>
     <gpxdata:distance>5046.00</gpxdata:distance>
     <gpxdata:cadence>89</gpxdata:cadence>
     <gpxdata:speed>4.567</gpxdata:speed>
    </extensions>
   </trkpt>
   <trkpt lat="46.0325711" lon="4.0783819">
    <ele>280</ele>
    <time>2026-05-29T19:18:36Z</time>
    <extensions>
     <gpxdata:hr>194</gpxdata:hr>
     <gpxdata:distance>5050.50</gpxdata:distance>
     <gpxdata:cadence>89</gpxdata:cadence>
     <gpxdata:speed>4.564</gpxdata:speed>
    </extensions>
   </trkpt>
   <trkpt lat="46.0325323" lon="4.0783528">
    <ele>280</ele>
    <time>2026-05-29T19:18:37Z</time>
    <extensions>
     <gpxdata:hr>194</gpxdata:hr>
     <gpxdata:distance>5055.00</gpxdata:distance>
     <gpxdata:cadence>89</gpxdata:cadence>
     <gpxdata:speed>4.564</gpxdata:speed>
    </extensions>
   </trkpt>
   <trkpt lat="46.0324947" lon="4.0783233">
    <ele>280</ele>
    <time>2026-05-29T19:18:38Z</time>
    <extensions>
     <gpxdata:hr>195</gpxdata:hr>
     <gpxdata:distance>5059.50</gpxdata:distance>
     <gpxdata:cadence>89</gpxdata:cadence>
     <gpxdata:speed>4.564</gpxdata:speed>
    </extensions>
   </trkpt>
   <trkpt lat="46.0324571" lon="4.0782938">
    <ele>280</ele>
    <time>2026-05-29T19:18:39Z</time>
    <extensions>
     <gpxdata:hr>195</gpxdata:hr>
     <gpxdata:distance>5064.00</gpxdata:distance>
     <gpxdata:cadence>89</gpxdata:cadence>
     <gpxdata:speed>4.567</gpxdata:speed>
    </extensions>
   </trkpt>
   <trkpt lat="46.0324199" lon="4.0782668">
    <ele>280</ele>
    <time>2026-05-29T19:18:40Z</time>
    <extensions>
     <gpxdata:hr>195</gpxdata:hr>
     <gpxdata:distance>5068.50</gpxdata:distance>
     <gpxdata:cadence>89</gpxdata:cadence>
     <gpxdata:speed>4.569</gpxdata:speed>
    </extensions>
   </trkpt>
   <trkpt lat="46.0323827" lon="4.0782398">
    <ele>280</ele>
    <time>2026-05-29T19:18:41Z</time>
    <extensions>
     <gpxdata:hr>195</gpxdata:hr>
     <gpxdata:distance>5073.00</gpxdata:distance>
     <gpxdata:cadence>89</gpxdata:cadence>
     <gpxdata:speed>4.575</gpxdata:speed>
    </extensions>
   </trkpt>
   <trkpt lat="46.0323457" lon="4.0782117">
    <ele>280</ele>
    <time>2026-05-29T19:18:42Z</time>
    <extensions>
     <gpxdata:hr>196</gpxdata:hr>
     <gpxdata:distance>5078.00</gpxdata:distance>
     <gpxdata:cadence>89</gpxdata:cadence>
     <gpxdata:speed>4.581</gpxdata:speed>
    </extensions>
   </trkpt>
   <trkpt lat="46.0323088" lon="4.0781837">
    <ele>280</ele>
    <time>2026-05-29T19:18:43Z</time>
    <extensions>
     <gpxdata:hr>196</gpxdata:hr>
     <gpxdata:distance>5083.00</gpxdata:distance>
     <gpxdata:cadence>90</gpxdata:cadence>
     <gpxdata:speed>4.589</gpxdata:speed>
    </extensions>
   </trkpt>
   <trkpt lat="46.0322716" lon="4.0781546">
    <ele>280</ele>
    <time>2026-05-29T19:18:44Z</time>
    <extensions>
     <gpxdata:hr>196</gpxdata:hr>
     <gpxdata:distance>5087.50</gpxdata:distance>
     <gpxdata:cadence>90</gpxdata:cadence>
     <gpxdata:speed>4.594</gpxdata:speed>
    </extensions>
   </trkpt>
   <trkpt lat="46.0322344" lon="4.0781256">
    <ele>280</ele>
    <time>2026-05-29T19:18:45Z</time>
    <extensions>
     <gpxdata:hr>195</gpxdata:hr>
     <gpxdata:distance>5092.00</gpxdata:distance>
     <gpxdata:cadence>90</gpxdata:cadence>
     <gpxdata:speed>4.600</gpxdata:speed>
    </extensions>
   </trkpt>
   <trkpt lat="46.0321975" lon="4.0780967">
    <ele>280</ele>
    <time>2026-05-29T19:18:46Z</time>
    <extensions>
     <gpxdata:hr>195</gpxdata:hr>
     <gpxdata:distance>5097.00</gpxdata:distance>
     <gpxdata:cadence>90</gpxdata:cadence>
     <gpxdata:speed>4.606</gpxdata:speed>
    </extensions>
   </trkpt>
   <trkpt lat="46.0321606" lon="4.0780679">
    <ele>280</ele>
    <time>2026-05-29T19:18:47Z</time>
    <extensions>
     <gpxdata:hr>195</gpxdata:hr>
     <gpxdata:distance>5102.00</gpxdata:distance>
     <gpxdata:cadence>90</gpxdata:cadence>
     <gpxdata:speed>4.611</gpxdata:speed>
    </extensions>
   </trkpt>
   <trkpt lat="46.0321261" lon="4.0780404">
    <ele>280</ele>
    <time>2026-05-29T19:18:48Z</time>
    <extensions>
     <gpxdata:hr>195</gpxdata:hr>
     <gpxdata:distance>5105.50</gpxdata:distance>
     <gpxdata:cadence>90</gpxdata:cadence>
     <gpxdata:speed>4.614</gpxdata:speed>
    </extensions>
   </trkpt>
   <trkpt lat="46.0320917" lon="4.0780129">
    <ele>280</ele>
    <time>2026-05-29T19:18:49Z</time>
    <extensions>
     <gpxdata:hr>195</gpxdata:hr>
     <gpxdata:distance>5109.00</gpxdata:distance>
     <gpxdata:cadence>90</gpxdata:cadence>
     <gpxdata:speed>4.617</gpxdata:speed>
    </extensions>
   </trkpt>
   <trkpt lat="46.0320571" lon="4.0779882">
    <ele>280</ele>
    <time>2026-05-29T19:18:50Z</time>
    <extensions>
     <gpxdata:hr>195</gpxdata:hr>
     <gpxdata:distance>5113.50</gpxdata:distance>
     <gpxdata:cadence>90</gpxdata:cadence>
     <gpxdata:speed>4.614</gpxdata:speed>
    </extensions>
   </trkpt>
   <trkpt lat="46.0320225" lon="4.0779636">
    <ele>280</ele>
    <time>2026-05-29T19:18:51Z</time>
    <extensions>
     <gpxdata:hr>195</gpxdata:hr>
     <gpxdata:distance>5118.00</gpxdata:distance>
     <gpxdata:cadence>90</gpxdata:cadence>
     <gpxdata:speed>4.611</gpxdata:speed>
    </extensions>
   </trkpt>
   <trkpt lat="46.0319863" lon="4.0779406">
    <ele>280</ele>
    <time>2026-05-29T19:18:52Z</time>
    <extensions>
     <gpxdata:hr>195</gpxdata:hr>
     <gpxdata:distance>5123.00</gpxdata:distance>
     <gpxdata:cadence>90</gpxdata:cadence>
     <gpxdata:speed>4.606</gpxdata:speed>
    </extensions>
   </trkpt>
   <trkpt lat="46.0319502" lon="4.0779177">
    <ele>280</ele>
    <time>2026-05-29T19:18:53Z</time>
    <extensions>
     <gpxdata:hr>195</gpxdata:hr>
     <gpxdata:distance>5128.00</gpxdata:distance>
     <gpxdata:cadence>90</gpxdata:cadence>
     <gpxdata:speed>4.603</gpxdata:speed>
    </extensions>
   </trkpt>
   <trkpt lat="46.0319127" lon="4.0778932">
    <ele>280</ele>
    <time>2026-05-29T19:18:54Z</time>
    <extensions>
     <gpxdata:hr>196</gpxdata:hr>
     <gpxdata:distance>5132.50</gpxdata:distance>
     <gpxdata:cadence>90</gpxdata:cadence>
     <gpxdata:speed>4.592</gpxdata:speed>
    </extensions>
   </trkpt>
   <trkpt lat="46.0318752" lon="4.0778687">
    <ele>280</ele>
    <time>2026-05-29T19:18:55Z</time>
    <extensions>
     <gpxdata:hr>196</gpxdata:hr>
     <gpxdata:distance>5137.00</gpxdata:distance>
     <gpxdata:cadence>90</gpxdata:cadence>
     <gpxdata:speed>4.581</gpxdata:speed>
    </extensions>
   </trkpt>
   <trkpt lat="46.0318389" lon="4.0778418">
    <ele>280</ele>
    <time>2026-05-29T19:18:56Z</time>
    <extensions>
     <gpxdata:hr>196</gpxdata:hr>
     <gpxdata:distance>5141.00</gpxdata:distance>
     <gpxdata:cadence>90</gpxdata:cadence>
     <gpxdata:speed>4.578</gpxdata:speed>
    </extensions>
   </trkpt>
   <trkpt lat="46.0318026" lon="4.0778150">
    <ele>280</ele>
    <time>2026-05-29T19:18:57Z</time>
    <extensions>
     <gpxdata:hr>196</gpxdata:hr>
     <gpxdata:distance>5145.00</gpxdata:distance>
     <gpxdata:cadence>90</gpxdata:cadence>
     <gpxdata:speed>4.575</gpxdata:speed>
    </extensions>
   </trkpt>
   <trkpt lat="46.0317675" lon="4.0777864">
    <ele>280</ele>
    <time>2026-05-29T19:18:58Z</time>
    <extensions>
     <gpxdata:hr>196</gpxdata:hr>
     <gpxdata:distance>5150.00</gpxdata:distance>
     <gpxdata:cadence>90</gpxdata:cadence>
     <gpxdata:speed>4.575</gpxdata:speed>
    </extensions>
   </trkpt>
   <trkpt lat="46.0317325" lon="4.0777579">
    <ele>280</ele>
    <time>2026-05-29T19:18:59Z</time>
    <extensions>
     <gpxdata:hr>196</gpxdata:hr>
     <gpxdata:distance>5155.00</gpxdata:distance>
     <gpxdata:cadence>90</gpxdata:cadence>
     <gpxdata:speed>4.575</gpxdata:speed>
    </extensions>
   </trkpt>
   <trkpt lat="46.0316978" lon="4.0777295">
    <ele>280</ele>
    <time>2026-05-29T19:19:00Z</time>
    <extensions>
     <gpxdata:hr>196</gpxdata:hr>
     <gpxdata:distance>5159.00</gpxdata:distance>
     <gpxdata:cadence>90</gpxdata:cadence>
     <gpxdata:speed>4.572</gpxdata:speed>
    </extensions>
   </trkpt>
   <trkpt lat="46.0316632" lon="4.0777012">
    <ele>280</ele>
    <time>2026-05-29T19:19:01Z</time>
    <extensions>
     <gpxdata:hr>196</gpxdata:hr>
     <gpxdata:distance>5163.00</gpxdata:distance>
     <gpxdata:cadence>90</gpxdata:cadence>
     <gpxdata:speed>4.569</gpxdata:speed>
    </extensions>
   </trkpt>
   <trkpt lat="46.0316292" lon="4.0776745">
    <ele>280</ele>
    <time>2026-05-29T19:19:02Z</time>
    <extensions>
     <gpxdata:hr>195</gpxdata:hr>
     <gpxdata:distance>5167.00</gpxdata:distance>
     <gpxdata:cadence>90</gpxdata:cadence>
     <gpxdata:speed>4.567</gpxdata:speed>
    </extensions>
   </trkpt>
   <trkpt lat="46.0315952" lon="4.0776479">
    <ele>280</ele>
    <time>2026-05-29T19:19:03Z</time>
    <extensions>
     <gpxdata:hr>195</gpxdata:hr>
     <gpxdata:distance>5171.00</gpxdata:distance>
     <gpxdata:cadence>90</gpxdata:cadence>
     <gpxdata:speed>4.564</gpxdata:speed>
    </extensions>
   </trkpt>
   <trkpt lat="46.0315603" lon="4.0776212">
    <ele>280</ele>
    <time>2026-05-29T19:19:04Z</time>
    <extensions>
     <gpxdata:hr>195</gpxdata:hr>
     <gpxdata:distance>5176.00</gpxdata:distance>
     <gpxdata:cadence>90</gpxdata:cadence>
     <gpxdata:speed>4.556</gpxdata:speed>
    </extensions>
   </trkpt>
   <trkpt lat="46.0315254" lon="4.0775945">
    <ele>280</ele>
    <time>2026-05-29T19:19:05Z</time>
    <extensions>
     <gpxdata:hr>195</gpxdata:hr>
     <gpxdata:distance>5181.00</gpxdata:distance>
     <gpxdata:cadence>90</gpxdata:cadence>
     <gpxdata:speed>4.550</gpxdata:speed>
    </extensions>
   </trkpt>
   <trkpt lat="46.0314893" lon="4.0775676">
    <ele>280</ele>
    <time>2026-05-29T19:19:06Z</time>
    <extensions>
     <gpxdata:hr>195</gpxdata:hr>
     <gpxdata:distance>5185.50</gpxdata:distance>
     <gpxdata:cadence>90</gpxdata:cadence>
     <gpxdata:speed>4.544</gpxdata:speed>
    </extensions>
   </trkpt>
   <trkpt lat="46.0314532" lon="4.0775407">
    <ele>281</ele>
    <time>2026-05-29T19:19:07Z</time>
    <extensions>
     <gpxdata:hr>195</gpxdata:hr>
     <gpxdata:distance>5190.00</gpxdata:distance>
     <gpxdata:cadence>90</gpxdata:cadence>
     <gpxdata:speed>4.542</gpxdata:speed>
    </extensions>
   </trkpt>
   <trkpt lat="46.0314159" lon="4.0775144">
    <ele>281</ele>
    <time>2026-05-29T19:19:08Z</time>
    <extensions>
     <gpxdata:hr>194</gpxdata:hr>
     <gpxdata:distance>5194.50</gpxdata:distance>
     <gpxdata:cadence>90</gpxdata:cadence>
     <gpxdata:speed>4.539</gpxdata:speed>
    </extensions>
   </trkpt>
   <trkpt lat="46.0313787" lon="4.0774882">
    <ele>281</ele>
    <time>2026-05-29T19:19:09Z</time>
    <extensions>
     <gpxdata:hr>194</gpxdata:hr>
     <gpxdata:distance>5199.00</gpxdata:distance>
     <gpxdata:cadence>90</gpxdata:cadence>
     <gpxdata:speed>4.536</gpxdata:speed>
    </extensions>
   </trkpt>
   <trkpt lat="46.0313422" lon="4.0774607">
    <ele>281</ele>
    <time>2026-05-29T19:19:10Z</time>
    <extensions>
     <gpxdata:hr>194</gpxdata:hr>
     <gpxdata:distance>5203.50</gpxdata:distance>
     <gpxdata:cadence>90</gpxdata:cadence>
     <gpxdata:speed>4.531</gpxdata:speed>
    </extensions>
   </trkpt>
   <trkpt lat="46.0313058" lon="4.0774333">
    <ele>281</ele>
    <time>2026-05-29T19:19:11Z</time>
    <extensions>
     <gpxdata:hr>194</gpxdata:hr>
     <gpxdata:distance>5208.00</gpxdata:distance>
     <gpxdata:cadence>90</gpxdata:cadence>
     <gpxdata:speed>4.528</gpxdata:speed>
    </extensions>
   </trkpt>
   <trkpt lat="46.0312691" lon="4.0774082">
    <ele>281</ele>
    <time>2026-05-29T19:19:12Z</time>
    <extensions>
     <gpxdata:hr>194</gpxdata:hr>
     <gpxdata:distance>5212.50</gpxdata:distance>
     <gpxdata:cadence>90</gpxdata:cadence>
     <gpxdata:speed>4.525</gpxdata:speed>
    </extensions>
   </trkpt>
   <trkpt lat="46.0312324" lon="4.0773831">
    <ele>280</ele>
    <time>2026-05-29T19:19:13Z</time>
    <extensions>
     <gpxdata:hr>193</gpxdata:hr>
     <gpxdata:distance>5217.00</gpxdata:distance>
     <gpxdata:cadence>90</gpxdata:cadence>
     <gpxdata:speed>4.522</gpxdata:speed>
    </extensions>
   </trkpt>
   <trkpt lat="46.0311959" lon="4.0773750">
    <ele>280</ele>
    <time>2026-05-29T19:19:14Z</time>
    <extensions>
     <gpxdata:hr>193</gpxdata:hr>
     <gpxdata:distance>5221.00</gpxdata:distance>
     <gpxdata:cadence>90</gpxdata:cadence>
     <gpxdata:speed>4.519</gpxdata:speed>
    </extensions>
   </trkpt>
   <trkpt lat="46.0311594" lon="4.0773670">
    <ele>280</ele>
    <time>2026-05-29T19:19:15Z</time>
    <extensions>
     <gpxdata:hr>192</gpxdata:hr>
     <gpxdata:distance>5225.00</gpxdata:distance>
     <gpxdata:cadence>90</gpxdata:cadence>
     <gpxdata:speed>4.519</gpxdata:speed>
    </extensions>
   </trkpt>
   <trkpt lat="46.0311272" lon="4.0773887">
    <ele>280</ele>
    <time>2026-05-29T19:19:16Z</time>
    <extensions>
     <gpxdata:hr>193</gpxdata:hr>
     <gpxdata:distance>5229.50</gpxdata:distance>
     <gpxdata:cadence>90</gpxdata:cadence>
     <gpxdata:speed>4.517</gpxdata:speed>
    </extensions>
   </trkpt>
   <trkpt lat="46.0310951" lon="4.0774104">
    <ele>280</ele>
    <time>2026-05-29T19:19:17Z</time>
    <extensions>
     <gpxdata:hr>194</gpxdata:hr>
     <gpxdata:distance>5234.00</gpxdata:distance>
     <gpxdata:cadence>91</gpxdata:cadence>
     <gpxdata:speed>4.514</gpxdata:speed>
    </extensions>
   </trkpt>
   <trkpt lat="46.0310635" lon="4.0774454">
    <ele>280</ele>
    <time>2026-05-29T19:19:18Z</time>
    <extensions>
     <gpxdata:hr>194</gpxdata:hr>
     <gpxdata:distance>5238.50</gpxdata:distance>
     <gpxdata:cadence>91</gpxdata:cadence>
     <gpxdata:speed>4.508</gpxdata:speed>
    </extensions>
   </trkpt>
   <trkpt lat="46.0310320" lon="4.0774805">
    <ele>280</ele>
    <time>2026-05-29T19:19:19Z</time>
    <extensions>
     <gpxdata:hr>194</gpxdata:hr>
     <gpxdata:distance>5243.00</gpxdata:distance>
     <gpxdata:cadence>91</gpxdata:cadence>
     <gpxdata:speed>4.506</gpxdata:speed>
    </extensions>
   </trkpt>
   <trkpt lat="46.0309959" lon="4.0775007">
    <ele>280</ele>
    <time>2026-05-29T19:19:20Z</time>
    <extensions>
     <gpxdata:hr>194</gpxdata:hr>
     <gpxdata:distance>5247.50</gpxdata:distance>
     <gpxdata:cadence>91</gpxdata:cadence>
     <gpxdata:speed>4.503</gpxdata:speed>
    </extensions>
   </trkpt>
   <trkpt lat="46.0309598" lon="4.0775210">
    <ele>280</ele>
    <time>2026-05-29T19:19:21Z</time>
    <extensions>
     <gpxdata:hr>194</gpxdata:hr>
     <gpxdata:distance>5252.00</gpxdata:distance>
     <gpxdata:cadence>92</gpxdata:cadence>
     <gpxdata:speed>4.500</gpxdata:speed>
    </extensions>
   </trkpt>
   <trkpt lat="46.0309192" lon="4.0775243">
    <ele>280</ele>
    <time>2026-05-29T19:19:22Z</time>
    <extensions>
     <gpxdata:hr>194</gpxdata:hr>
     <gpxdata:distance>5256.50</gpxdata:distance>
     <gpxdata:cadence>92</gpxdata:cadence>
     <gpxdata:speed>4.500</gpxdata:speed>
    </extensions>
   </trkpt>
   <trkpt lat="46.0308787" lon="4.0775276">
    <ele>280</ele>
    <time>2026-05-29T19:19:23Z</time>
    <extensions>
     <gpxdata:hr>194</gpxdata:hr>
     <gpxdata:distance>5261.00</gpxdata:distance>
     <gpxdata:cadence>92</gpxdata:cadence>
     <gpxdata:speed>4.500</gpxdata:speed>
    </extensions>
   </trkpt>
   <trkpt lat="46.0308378" lon="4.0775213">
    <ele>280</ele>
    <time>2026-05-29T19:19:24Z</time>
    <extensions>
     <gpxdata:hr>194</gpxdata:hr>
     <gpxdata:distance>5265.50</gpxdata:distance>
     <gpxdata:cadence>91</gpxdata:cadence>
     <gpxdata:speed>4.503</gpxdata:speed>
    </extensions>
   </trkpt>
   <trkpt lat="46.0307969" lon="4.0775151">
    <ele>280</ele>
    <time>2026-05-29T19:19:25Z</time>
    <extensions>
     <gpxdata:hr>194</gpxdata:hr>
     <gpxdata:distance>5270.00</gpxdata:distance>
     <gpxdata:cadence>91</gpxdata:cadence>
     <gpxdata:speed>4.508</gpxdata:speed>
    </extensions>
   </trkpt>
   <trkpt lat="46.0307548" lon="4.0775065">
    <ele>280</ele>
    <time>2026-05-29T19:19:26Z</time>
    <extensions>
     <gpxdata:hr>194</gpxdata:hr>
     <gpxdata:distance>5275.00</gpxdata:distance>
     <gpxdata:cadence>90</gpxdata:cadence>
     <gpxdata:speed>4.511</gpxdata:speed>
    </extensions>
   </trkpt>
   <trkpt lat="46.0307128" lon="4.0774980">
    <ele>280</ele>
    <time>2026-05-29T19:19:27Z</time>
    <extensions>
     <gpxdata:hr>194</gpxdata:hr>
     <gpxdata:distance>5280.00</gpxdata:distance>
     <gpxdata:cadence>90</gpxdata:cadence>
     <gpxdata:speed>4.517</gpxdata:speed>
    </extensions>
   </trkpt>
   <trkpt lat="46.0306686" lon="4.0774900">
    <ele>280</ele>
    <time>2026-05-29T19:19:28Z</time>
    <extensions>
     <gpxdata:hr>194</gpxdata:hr>
     <gpxdata:distance>5285.00</gpxdata:distance>
     <gpxdata:cadence>90</gpxdata:cadence>
     <gpxdata:speed>4.525</gpxdata:speed>
    </extensions>
   </trkpt>
   <trkpt lat="46.0306245" lon="4.0774820">
    <ele>280</ele>
    <time>2026-05-29T19:19:29Z</time>
    <extensions>
     <gpxdata:hr>194</gpxdata:hr>
     <gpxdata:distance>5290.00</gpxdata:distance>
     <gpxdata:cadence>90</gpxdata:cadence>
     <gpxdata:speed>4.533</gpxdata:speed>
    </extensions>
   </trkpt>
   <trkpt lat="46.0305803" lon="4.0774767">
    <ele>280</ele>
    <time>2026-05-29T19:19:30Z</time>
    <extensions>
     <gpxdata:hr>194</gpxdata:hr>
     <gpxdata:distance>5294.50</gpxdata:distance>
     <gpxdata:cadence>90</gpxdata:cadence>
     <gpxdata:speed>4.544</gpxdata:speed>
    </extensions>
   </trkpt>
   <trkpt lat="46.0305362" lon="4.0774715">
    <ele>280</ele>
    <time>2026-05-29T19:19:31Z</time>
    <extensions>
     <gpxdata:hr>194</gpxdata:hr>
     <gpxdata:distance>5299.00</gpxdata:distance>
     <gpxdata:cadence>91</gpxdata:cadence>
     <gpxdata:speed>4.556</gpxdata:speed>
    </extensions>
   </trkpt>
   <trkpt lat="46.0305037" lon="4.0774848">
    <ele>280</ele>
    <time>2026-05-29T19:19:32Z</time>
    <extensions>
     <gpxdata:hr>195</gpxdata:hr>
     <gpxdata:distance>5300.50</gpxdata:distance>
     <gpxdata:cadence>91</gpxdata:cadence>
     <gpxdata:speed>4.564</gpxdata:speed>
    </extensions>
   </trkpt>
   <trkpt lat="46.0304712" lon="4.0774982">
    <ele>280</ele>
    <time>2026-05-29T19:19:33Z</time>
    <extensions>
     <gpxdata:hr>193</gpxdata:hr>
     <gpxdata:distance>5302.00</gpxdata:distance>
     <gpxdata:cadence>91</gpxdata:cadence>
     <gpxdata:speed>4.572</gpxdata:speed>
    </extensions>
   </trkpt>
   <trkpt lat="46.0304717" lon="4.0775315">
    <ele>280</ele>
    <time>2026-05-29T19:19:34Z</time>
    <extensions>
     <gpxdata:hr>194</gpxdata:hr>
     <gpxdata:distance>5308.00</gpxdata:distance>
     <gpxdata:cadence>91</gpxdata:cadence>
     <gpxdata:speed>4.572</gpxdata:speed>
    </extensions>
   </trkpt>
   <trkpt lat="46.0304723" lon="4.0775649">
    <ele>280</ele>
    <time>2026-05-29T19:19:35Z</time>
    <extensions>
     <gpxdata:hr>195</gpxdata:hr>
     <gpxdata:distance>5314.00</gpxdata:distance>
     <gpxdata:cadence>91</gpxdata:cadence>
     <gpxdata:speed>4.575</gpxdata:speed>
    </extensions>
   </trkpt>
   <trkpt lat="46.0304970" lon="4.0776029">
    <ele>280</ele>
    <time>2026-05-29T19:19:36Z</time>
    <extensions>
     <gpxdata:hr>195</gpxdata:hr>
     <gpxdata:distance>5318.00</gpxdata:distance>
     <gpxdata:cadence>91</gpxdata:cadence>
     <gpxdata:speed>4.567</gpxdata:speed>
    </extensions>
   </trkpt>
   <trkpt lat="46.0305217" lon="4.0776410">
    <ele>280</ele>
    <time>2026-05-29T19:19:37Z</time>
    <extensions>
     <gpxdata:hr>195</gpxdata:hr>
     <gpxdata:distance>5322.00</gpxdata:distance>
     <gpxdata:cadence>91</gpxdata:cadence>
     <gpxdata:speed>4.561</gpxdata:speed>
    </extensions>
   </trkpt>
   <trkpt lat="46.0305559" lon="4.0776808">
    <ele>280</ele>
    <time>2026-05-29T19:19:38Z</time>
    <extensions>
     <gpxdata:hr>194</gpxdata:hr>
     <gpxdata:distance>5326.50</gpxdata:distance>
     <gpxdata:cadence>91</gpxdata:cadence>
     <gpxdata:speed>4.547</gpxdata:speed>
    </extensions>
   </trkpt>
   <trkpt lat="46.0305901" lon="4.0777206">
    <ele>280</ele>
    <time>2026-05-29T19:19:39Z</time>
    <extensions>
     <gpxdata:hr>194</gpxdata:hr>
     <gpxdata:distance>5331.00</gpxdata:distance>
     <gpxdata:cadence>91</gpxdata:cadence>
     <gpxdata:speed>4.536</gpxdata:speed>
    </extensions>
   </trkpt>
   <trkpt lat="46.0306259" lon="4.0777575">
    <ele>280</ele>
    <time>2026-05-29T19:19:40Z</time>
    <extensions>
     <gpxdata:hr>195</gpxdata:hr>
     <gpxdata:distance>5335.50</gpxdata:distance>
     <gpxdata:cadence>91</gpxdata:cadence>
     <gpxdata:speed>4.531</gpxdata:speed>
    </extensions>
   </trkpt>
   <trkpt lat="46.0306618" lon="4.0777944">
    <ele>280</ele>
    <time>2026-05-29T19:19:41Z</time>
    <extensions>
     <gpxdata:hr>196</gpxdata:hr>
     <gpxdata:distance>5340.00</gpxdata:distance>
     <gpxdata:cadence>91</gpxdata:cadence>
     <gpxdata:speed>4.525</gpxdata:speed>
    </extensions>
   </trkpt>
   <trkpt lat="46.0306972" lon="4.0778274">
    <ele>280</ele>
    <time>2026-05-29T19:19:42Z</time>
    <extensions>
     <gpxdata:hr>194</gpxdata:hr>
     <gpxdata:distance>5344.50</gpxdata:distance>
     <gpxdata:cadence>90</gpxdata:cadence>
     <gpxdata:speed>4.525</gpxdata:speed>
    </extensions>
   </trkpt>
   <trkpt lat="46.0307326" lon="4.0778605">
    <ele>280</ele>
    <time>2026-05-29T19:19:43Z</time>
    <extensions>
     <gpxdata:hr>195</gpxdata:hr>
     <gpxdata:distance>5349.00</gpxdata:distance>
     <gpxdata:cadence>90</gpxdata:cadence>
     <gpxdata:speed>4.528</gpxdata:speed>
    </extensions>
   </trkpt>
   <trkpt lat="46.0307677" lon="4.0778920">
    <ele>280</ele>
    <time>2026-05-29T19:19:44Z</time>
    <extensions>
     <gpxdata:hr>195</gpxdata:hr>
     <gpxdata:distance>5353.50</gpxdata:distance>
     <gpxdata:cadence>90</gpxdata:cadence>
     <gpxdata:speed>4.531</gpxdata:speed>
    </extensions>
   </trkpt>
   <trkpt lat="46.0308028" lon="4.0779236">
    <ele>280</ele>
    <time>2026-05-29T19:19:45Z</time>
    <extensions>
     <gpxdata:hr>195</gpxdata:hr>
     <gpxdata:distance>5358.00</gpxdata:distance>
     <gpxdata:cadence>90</gpxdata:cadence>
     <gpxdata:speed>4.533</gpxdata:speed>
    </extensions>
   </trkpt>
   <trkpt lat="46.0308376" lon="4.0779513">
    <ele>280</ele>
    <time>2026-05-29T19:19:46Z</time>
    <extensions>
     <gpxdata:hr>195</gpxdata:hr>
     <gpxdata:distance>5362.00</gpxdata:distance>
     <gpxdata:cadence>90</gpxdata:cadence>
     <gpxdata:speed>4.533</gpxdata:speed>
    </extensions>
   </trkpt>
   <trkpt lat="46.0308724" lon="4.0779791">
    <ele>280</ele>
    <time>2026-05-29T19:19:47Z</time>
    <extensions>
     <gpxdata:hr>195</gpxdata:hr>
     <gpxdata:distance>5366.00</gpxdata:distance>
     <gpxdata:cadence>90</gpxdata:cadence>
     <gpxdata:speed>4.536</gpxdata:speed>
    </extensions>
   </trkpt>
   <trkpt lat="46.0309062" lon="4.0780055">
    <ele>280</ele>
    <time>2026-05-29T19:19:48Z</time>
    <extensions>
     <gpxdata:hr>195</gpxdata:hr>
     <gpxdata:distance>5370.50</gpxdata:distance>
     <gpxdata:cadence>90</gpxdata:cadence>
     <gpxdata:speed>4.536</gpxdata:speed>
    </extensions>
   </trkpt>
   <trkpt lat="46.0309401" lon="4.0780319">
    <ele>280</ele>
    <time>2026-05-29T19:19:49Z</time>
    <extensions>
     <gpxdata:hr>195</gpxdata:hr>
     <gpxdata:distance>5375.00</gpxdata:distance>
     <gpxdata:cadence>90</gpxdata:cadence>
     <gpxdata:speed>4.536</gpxdata:speed>
    </extensions>
   </trkpt>
   <trkpt lat="46.0309736" lon="4.0780582">
    <ele>280</ele>
    <time>2026-05-29T19:19:50Z</time>
    <extensions>
     <gpxdata:hr>195</gpxdata:hr>
     <gpxdata:distance>5379.50</gpxdata:distance>
     <gpxdata:cadence>90</gpxdata:cadence>
     <gpxdata:speed>4.533</gpxdata:speed>
    </extensions>
   </trkpt>
   <trkpt lat="46.0310072" lon="4.0780845">
    <ele>280</ele>
    <time>2026-05-29T19:19:51Z</time>
    <extensions>
     <gpxdata:hr>195</gpxdata:hr>
     <gpxdata:distance>5384.00</gpxdata:distance>
     <gpxdata:cadence>91</gpxdata:cadence>
     <gpxdata:speed>4.533</gpxdata:speed>
    </extensions>
   </trkpt>
   <trkpt lat="46.0310423" lon="4.0781111">
    <ele>280</ele>
    <time>2026-05-29T19:19:52Z</time>
    <extensions>
     <gpxdata:hr>196</gpxdata:hr>
     <gpxdata:distance>5388.50</gpxdata:distance>
     <gpxdata:cadence>90</gpxdata:cadence>
     <gpxdata:speed>4.528</gpxdata:speed>
    </extensions>
   </trkpt>
   <trkpt lat="46.0310775" lon="4.0781377">
    <ele>280</ele>
    <time>2026-05-29T19:19:53Z</time>
    <extensions>
     <gpxdata:hr>196</gpxdata:hr>
     <gpxdata:distance>5393.00</gpxdata:distance>
     <gpxdata:cadence>90</gpxdata:cadence>
     <gpxdata:speed>4.522</gpxdata:speed>
    </extensions>
   </trkpt>
   <trkpt lat="46.0311132" lon="4.0781645">
    <ele>280</ele>
    <time>2026-05-29T19:19:54Z</time>
    <extensions>
     <gpxdata:hr>196</gpxdata:hr>
     <gpxdata:distance>5397.50</gpxdata:distance>
     <gpxdata:cadence>90</gpxdata:cadence>
     <gpxdata:speed>4.517</gpxdata:speed>
    </extensions>
   </trkpt>
   <trkpt lat="46.0311489" lon="4.0781914">
    <ele>280</ele>
    <time>2026-05-29T19:19:55Z</time>
    <extensions>
     <gpxdata:hr>196</gpxdata:hr>
     <gpxdata:distance>5402.00</gpxdata:distance>
     <gpxdata:cadence>90</gpxdata:cadence>
     <gpxdata:speed>4.514</gpxdata:speed>
    </extensions>
   </trkpt>
   <trkpt lat="46.0311838" lon="4.0782202">
    <ele>280</ele>
    <time>2026-05-29T19:19:56Z</time>
    <extensions>
     <gpxdata:hr>194</gpxdata:hr>
     <gpxdata:distance>5406.50</gpxdata:distance>
     <gpxdata:cadence>89</gpxdata:cadence>
     <gpxdata:speed>4.511</gpxdata:speed>
    </extensions>
   </trkpt>
   <trkpt lat="46.0312187" lon="4.0782491">
    <ele>280</ele>
    <time>2026-05-29T19:19:57Z</time>
    <extensions>
     <gpxdata:hr>195</gpxdata:hr>
     <gpxdata:distance>5411.00</gpxdata:distance>
     <gpxdata:cadence>89</gpxdata:cadence>
     <gpxdata:speed>4.511</gpxdata:speed>
    </extensions>
   </trkpt>
   <trkpt lat="46.0312542" lon="4.0782790">
    <ele>280</ele>
    <time>2026-05-29T19:19:58Z</time>
    <extensions>
     <gpxdata:hr>195</gpxdata:hr>
     <gpxdata:distance>5415.50</gpxdata:distance>
     <gpxdata:cadence>90</gpxdata:cadence>
     <gpxdata:speed>4.508</gpxdata:speed>
    </extensions>
   </trkpt>
   <trkpt lat="46.0312897" lon="4.0783089">
    <ele>280</ele>
    <time>2026-05-29T19:19:59Z</time>
    <extensions>
     <gpxdata:hr>195</gpxdata:hr>
     <gpxdata:distance>5420.00</gpxdata:distance>
     <gpxdata:cadence>91</gpxdata:cadence>
     <gpxdata:speed>4.508</gpxdata:speed>
    </extensions>
   </trkpt>
   <trkpt lat="46.0313264" lon="4.0783356">
    <ele>280</ele>
    <time>2026-05-29T19:20:00Z</time>
    <extensions>
     <gpxdata:hr>195</gpxdata:hr>
     <gpxdata:distance>5424.50</gpxdata:distance>
     <gpxdata:cadence>91</gpxdata:cadence>
     <gpxdata:speed>4.508</gpxdata:speed>
    </extensions>
   </trkpt>
   <trkpt lat="46.0313631" lon="4.0783624">
    <ele>280</ele>
    <time>2026-05-29T19:20:01Z</time>
    <extensions>
     <gpxdata:hr>195</gpxdata:hr>
     <gpxdata:distance>5429.00</gpxdata:distance>
     <gpxdata:cadence>91</gpxdata:cadence>
     <gpxdata:speed>4.511</gpxdata:speed>
    </extensions>
   </trkpt>
   <trkpt lat="46.0314007" lon="4.0783859">
    <ele>280</ele>
    <time>2026-05-29T19:20:02Z</time>
    <extensions>
     <gpxdata:hr>194</gpxdata:hr>
     <gpxdata:distance>5433.50</gpxdata:distance>
     <gpxdata:cadence>91</gpxdata:cadence>
     <gpxdata:speed>4.511</gpxdata:speed>
    </extensions>
   </trkpt>
   <trkpt lat="46.0314384" lon="4.0784094">
    <ele>280</ele>
    <time>2026-05-29T19:20:03Z</time>
    <extensions>
     <gpxdata:hr>194</gpxdata:hr>
     <gpxdata:distance>5438.00</gpxdata:distance>
     <gpxdata:cadence>91</gpxdata:cadence>
     <gpxdata:speed>4.514</gpxdata:speed>
    </extensions>
   </trkpt>
   <trkpt lat="46.0314738" lon="4.0784327">
    <ele>280</ele>
    <time>2026-05-29T19:20:04Z</time>
    <extensions>
     <gpxdata:hr>194</gpxdata:hr>
     <gpxdata:distance>5442.00</gpxdata:distance>
     <gpxdata:cadence>90</gpxdata:cadence>
     <gpxdata:speed>4.511</gpxdata:speed>
    </extensions>
   </trkpt>
   <trkpt lat="46.0315093" lon="4.0784560">
    <ele>280</ele>
    <time>2026-05-29T19:20:05Z</time>
    <extensions>
     <gpxdata:hr>194</gpxdata:hr>
     <gpxdata:distance>5446.00</gpxdata:distance>
     <gpxdata:cadence>90</gpxdata:cadence>
     <gpxdata:speed>4.508</gpxdata:speed>
    </extensions>
   </trkpt>
   <trkpt lat="46.0315447" lon="4.0784801">
    <ele>280</ele>
    <time>2026-05-29T19:20:06Z</time>
    <extensions>
     <gpxdata:hr>194</gpxdata:hr>
     <gpxdata:distance>5450.50</gpxdata:distance>
     <gpxdata:cadence>89</gpxdata:cadence>
     <gpxdata:speed>4.500</gpxdata:speed>
    </extensions>
   </trkpt>
   <trkpt lat="46.0315801" lon="4.0785043">
    <ele>280</ele>
    <time>2026-05-29T19:20:07Z</time>
    <extensions>
     <gpxdata:hr>194</gpxdata:hr>
     <gpxdata:distance>5455.00</gpxdata:distance>
     <gpxdata:cadence>89</gpxdata:cadence>
     <gpxdata:speed>4.492</gpxdata:speed>
    </extensions>
   </trkpt>
   <trkpt lat="46.0316153" lon="4.0785295">
    <ele>280</ele>
    <time>2026-05-29T19:20:08Z</time>
    <extensions>
     <gpxdata:hr>194</gpxdata:hr>
     <gpxdata:distance>5459.50</gpxdata:distance>
     <gpxdata:cadence>89</gpxdata:cadence>
     <gpxdata:speed>4.483</gpxdata:speed>
    </extensions>
   </trkpt>
   <trkpt lat="46.0316506" lon="4.0785548">
    <ele>280</ele>
    <time>2026-05-29T19:20:09Z</time>
    <extensions>
     <gpxdata:hr>194</gpxdata:hr>
     <gpxdata:distance>5464.00</gpxdata:distance>
     <gpxdata:cadence>89</gpxdata:cadence>
     <gpxdata:speed>4.475</gpxdata:speed>
    </extensions>
   </trkpt>
   <trkpt lat="46.0316859" lon="4.0785803">
    <ele>280</ele>
    <time>2026-05-29T19:20:10Z</time>
    <extensions>
     <gpxdata:hr>194</gpxdata:hr>
     <gpxdata:distance>5468.50</gpxdata:distance>
     <gpxdata:cadence>89</gpxdata:cadence>
     <gpxdata:speed>4.472</gpxdata:speed>
    </extensions>
   </trkpt>
   <trkpt lat="46.0317212" lon="4.0786058">
    <ele>280</ele>
    <time>2026-05-29T19:20:11Z</time>
    <extensions>
     <gpxdata:hr>194</gpxdata:hr>
     <gpxdata:distance>5473.00</gpxdata:distance>
     <gpxdata:cadence>89</gpxdata:cadence>
     <gpxdata:speed>4.469</gpxdata:speed>
    </extensions>
   </trkpt>
   <trkpt lat="46.0317571" lon="4.0786325">
    <ele>280</ele>
    <time>2026-05-29T19:20:12Z</time>
    <extensions>
     <gpxdata:hr>194</gpxdata:hr>
     <gpxdata:distance>5477.50</gpxdata:distance>
     <gpxdata:cadence>89</gpxdata:cadence>
     <gpxdata:speed>4.467</gpxdata:speed>
    </extensions>
   </trkpt>
   <trkpt lat="46.0317931" lon="4.0786592">
    <ele>280</ele>
    <time>2026-05-29T19:20:13Z</time>
    <extensions>
     <gpxdata:hr>194</gpxdata:hr>
     <gpxdata:distance>5482.00</gpxdata:distance>
     <gpxdata:cadence>89</gpxdata:cadence>
     <gpxdata:speed>4.467</gpxdata:speed>
    </extensions>
   </trkpt>
   <trkpt lat="46.0318293" lon="4.0786852">
    <ele>280</ele>
    <time>2026-05-29T19:20:14Z</time>
    <extensions>
     <gpxdata:hr>194</gpxdata:hr>
     <gpxdata:distance>5486.50</gpxdata:distance>
     <gpxdata:cadence>89</gpxdata:cadence>
     <gpxdata:speed>4.467</gpxdata:speed>
    </extensions>
   </trkpt>
   <trkpt lat="46.0318656" lon="4.0787113">
    <ele>280</ele>
    <time>2026-05-29T19:20:15Z</time>
    <extensions>
     <gpxdata:hr>193</gpxdata:hr>
     <gpxdata:distance>5491.00</gpxdata:distance>
     <gpxdata:cadence>90</gpxdata:cadence>
     <gpxdata:speed>4.467</gpxdata:speed>
    </extensions>
   </trkpt>
   <trkpt lat="46.0319017" lon="4.0787351">
    <ele>280</ele>
    <time>2026-05-29T19:20:16Z</time>
    <extensions>
     <gpxdata:hr>192</gpxdata:hr>
     <gpxdata:distance>5495.50</gpxdata:distance>
     <gpxdata:cadence>89</gpxdata:cadence>
     <gpxdata:speed>4.464</gpxdata:speed>
    </extensions>
   </trkpt>
   <trkpt lat="46.0319378" lon="4.0787590">
    <ele>280</ele>
    <time>2026-05-29T19:20:17Z</time>
    <extensions>
     <gpxdata:hr>192</gpxdata:hr>
     <gpxdata:distance>5500.00</gpxdata:distance>
     <gpxdata:cadence>89</gpxdata:cadence>
     <gpxdata:speed>4.461</gpxdata:speed>
    </extensions>
   </trkpt>
   <trkpt lat="46.0319736" lon="4.0787845">
    <ele>280</ele>
    <time>2026-05-29T19:20:18Z</time>
    <extensions>
     <gpxdata:hr>194</gpxdata:hr>
     <gpxdata:distance>5504.50</gpxdata:distance>
     <gpxdata:cadence>89</gpxdata:cadence>
     <gpxdata:speed>4.464</gpxdata:speed>
    </extensions>
   </trkpt>
   <trkpt lat="46.0320094" lon="4.0788100">
    <ele>280</ele>
    <time>2026-05-29T19:20:19Z</time>
    <extensions>
     <gpxdata:hr>194</gpxdata:hr>
     <gpxdata:distance>5509.00</gpxdata:distance>
     <gpxdata:cadence>90</gpxdata:cadence>
     <gpxdata:speed>4.469</gpxdata:speed>
    </extensions>
   </trkpt>
   <trkpt lat="46.0320438" lon="4.0788371">
    <ele>280</ele>
    <time>2026-05-29T19:20:20Z</time>
    <extensions>
     <gpxdata:hr>194</gpxdata:hr>
     <gpxdata:distance>5513.50</gpxdata:distance>
     <gpxdata:cadence>89</gpxdata:cadence>
     <gpxdata:speed>4.472</gpxdata:speed>
    </extensions>
   </trkpt>
   <trkpt lat="46.0320783" lon="4.0788642">
    <ele>280</ele>
    <time>2026-05-29T19:20:21Z</time>
    <extensions>
     <gpxdata:hr>194</gpxdata:hr>
     <gpxdata:distance>5518.00</gpxdata:distance>
     <gpxdata:cadence>89</gpxdata:cadence>
     <gpxdata:speed>4.475</gpxdata:speed>
    </extensions>
   </trkpt>
   <trkpt lat="46.0321133" lon="4.0788916">
    <ele>280</ele>
    <time>2026-05-29T19:20:22Z</time>
    <extensions>
     <gpxdata:hr>194</gpxdata:hr>
     <gpxdata:distance>5522.00</gpxdata:distance>
     <gpxdata:cadence>89</gpxdata:cadence>
     <gpxdata:speed>4.475</gpxdata:speed>
    </extensions>
   </trkpt>
   <trkpt lat="46.0321484" lon="4.0789190">
    <ele>280</ele>
    <time>2026-05-29T19:20:23Z</time>
    <extensions>
     <gpxdata:hr>194</gpxdata:hr>
     <gpxdata:distance>5526.00</gpxdata:distance>
     <gpxdata:cadence>89</gpxdata:cadence>
     <gpxdata:speed>4.478</gpxdata:speed>
    </extensions>
   </trkpt>
   <trkpt lat="46.0321835" lon="4.0789456">
    <ele>280</ele>
    <time>2026-05-29T19:20:24Z</time>
    <extensions>
     <gpxdata:hr>194</gpxdata:hr>
     <gpxdata:distance>5530.50</gpxdata:distance>
     <gpxdata:cadence>89</gpxdata:cadence>
     <gpxdata:speed>4.478</gpxdata:speed>
    </extensions>
   </trkpt>
   <trkpt lat="46.0322187" lon="4.0789723">
    <ele>280</ele>
    <time>2026-05-29T19:20:25Z</time>
    <extensions>
     <gpxdata:hr>195</gpxdata:hr>
     <gpxdata:distance>5535.00</gpxdata:distance>
     <gpxdata:cadence>89</gpxdata:cadence>
     <gpxdata:speed>4.478</gpxdata:speed>
    </extensions>
   </trkpt>
   <trkpt lat="46.0322539" lon="4.0789982">
    <ele>280</ele>
    <time>2026-05-29T19:20:26Z</time>
    <extensions>
     <gpxdata:hr>195</gpxdata:hr>
     <gpxdata:distance>5539.50</gpxdata:distance>
     <gpxdata:cadence>89</gpxdata:cadence>
     <gpxdata:speed>4.475</gpxdata:speed>
    </extensions>
   </trkpt>
   <trkpt lat="46.0322892" lon="4.0790242">
    <ele>280</ele>
    <time>2026-05-29T19:20:27Z</time>
    <extensions>
     <gpxdata:hr>195</gpxdata:hr>
     <gpxdata:distance>5544.00</gpxdata:distance>
     <gpxdata:cadence>89</gpxdata:cadence>
     <gpxdata:speed>4.472</gpxdata:speed>
    </extensions>
   </trkpt>
   <trkpt lat="46.0323245" lon="4.0790506">
    <ele>280</ele>
    <time>2026-05-29T19:20:28Z</time>
    <extensions>
     <gpxdata:hr>195</gpxdata:hr>
     <gpxdata:distance>5548.50</gpxdata:distance>
     <gpxdata:cadence>89</gpxdata:cadence>
     <gpxdata:speed>4.469</gpxdata:speed>
    </extensions>
   </trkpt>
   <trkpt lat="46.0323598" lon="4.0790771">
    <ele>280</ele>
    <time>2026-05-29T19:20:29Z</time>
    <extensions>
     <gpxdata:hr>195</gpxdata:hr>
     <gpxdata:distance>5553.00</gpxdata:distance>
     <gpxdata:cadence>90</gpxdata:cadence>
     <gpxdata:speed>4.467</gpxdata:speed>
    </extensions>
   </trkpt>
   <trkpt lat="46.0323950" lon="4.0791057">
    <ele>280</ele>
    <time>2026-05-29T19:20:30Z</time>
    <extensions>
     <gpxdata:hr>195</gpxdata:hr>
     <gpxdata:distance>5557.50</gpxdata:distance>
     <gpxdata:cadence>90</gpxdata:cadence>
     <gpxdata:speed>4.464</gpxdata:speed>
    </extensions>
   </trkpt>
   <trkpt lat="46.0324302" lon="4.0791343">
    <ele>280</ele>
    <time>2026-05-29T19:20:31Z</time>
    <extensions>
     <gpxdata:hr>195</gpxdata:hr>
     <gpxdata:distance>5562.00</gpxdata:distance>
     <gpxdata:cadence>91</gpxdata:cadence>
     <gpxdata:speed>4.464</gpxdata:speed>
    </extensions>
   </trkpt>
   <trkpt lat="46.0324639" lon="4.0791622">
    <ele>280</ele>
    <time>2026-05-29T19:20:32Z</time>
    <extensions>
     <gpxdata:hr>195</gpxdata:hr>
     <gpxdata:distance>5566.00</gpxdata:distance>
     <gpxdata:cadence>91</gpxdata:cadence>
     <gpxdata:speed>4.464</gpxdata:speed>
    </extensions>
   </trkpt>
   <trkpt lat="46.0324976" lon="4.0791901">
    <ele>280</ele>
    <time>2026-05-29T19:20:33Z</time>
    <extensions>
     <gpxdata:hr>195</gpxdata:hr>
     <gpxdata:distance>5570.00</gpxdata:distance>
     <gpxdata:cadence>91</gpxdata:cadence>
     <gpxdata:speed>4.464</gpxdata:speed>
    </extensions>
   </trkpt>
   <trkpt lat="46.0325293" lon="4.0792178">
    <ele>280</ele>
    <time>2026-05-29T19:20:34Z</time>
    <extensions>
     <gpxdata:hr>195</gpxdata:hr>
     <gpxdata:distance>5574.00</gpxdata:distance>
     <gpxdata:cadence>90</gpxdata:cadence>
     <gpxdata:speed>4.464</gpxdata:speed>
    </extensions>
   </trkpt>
   <trkpt lat="46.0325611" lon="4.0792456">
    <ele>280</ele>
    <time>2026-05-29T19:20:35Z</time>
    <extensions>
     <gpxdata:hr>195</gpxdata:hr>
     <gpxdata:distance>5578.00</gpxdata:distance>
     <gpxdata:cadence>90</gpxdata:cadence>
     <gpxdata:speed>4.464</gpxdata:speed>
    </extensions>
   </trkpt>
   <trkpt lat="46.0325935" lon="4.0792738">
    <ele>280</ele>
    <time>2026-05-29T19:20:36Z</time>
    <extensions>
     <gpxdata:hr>195</gpxdata:hr>
     <gpxdata:distance>5582.50</gpxdata:distance>
     <gpxdata:cadence>90</gpxdata:cadence>
     <gpxdata:speed>4.464</gpxdata:speed>
    </extensions>
   </trkpt>
   <trkpt lat="46.0326260" lon="4.0793021">
    <ele>280</ele>
    <time>2026-05-29T19:20:37Z</time>
    <extensions>
     <gpxdata:hr>194</gpxdata:hr>
     <gpxdata:distance>5587.00</gpxdata:distance>
     <gpxdata:cadence>90</gpxdata:cadence>
     <gpxdata:speed>4.464</gpxdata:speed>
    </extensions>
   </trkpt>
   <trkpt lat="46.0326588" lon="4.0793314">
    <ele>280</ele>
    <time>2026-05-29T19:20:38Z</time>
    <extensions>
     <gpxdata:hr>194</gpxdata:hr>
     <gpxdata:distance>5591.50</gpxdata:distance>
     <gpxdata:cadence>90</gpxdata:cadence>
     <gpxdata:speed>4.464</gpxdata:speed>
    </extensions>
   </trkpt>
   <trkpt lat="46.0326917" lon="4.0793607">
    <ele>280</ele>
    <time>2026-05-29T19:20:39Z</time>
    <extensions>
     <gpxdata:hr>194</gpxdata:hr>
     <gpxdata:distance>5596.00</gpxdata:distance>
     <gpxdata:cadence>90</gpxdata:cadence>
     <gpxdata:speed>4.464</gpxdata:speed>
    </extensions>
   </trkpt>
   <trkpt lat="46.0327119" lon="4.0794036">
    <ele>280</ele>
    <time>2026-05-29T19:20:40Z</time>
    <extensions>
     <gpxdata:hr>195</gpxdata:hr>
     <gpxdata:distance>5600.00</gpxdata:distance>
     <gpxdata:cadence>90</gpxdata:cadence>
     <gpxdata:speed>4.461</gpxdata:speed>
    </extensions>
   </trkpt>
   <trkpt lat="46.0327321" lon="4.0794465">
    <ele>280</ele>
    <time>2026-05-29T19:20:41Z</time>
    <extensions>
     <gpxdata:hr>195</gpxdata:hr>
     <gpxdata:distance>5604.00</gpxdata:distance>
     <gpxdata:cadence>90</gpxdata:cadence>
     <gpxdata:speed>4.458</gpxdata:speed>
    </extensions>
   </trkpt>
   <trkpt lat="46.0327283" lon="4.0794980">
    <ele>281</ele>
    <time>2026-05-29T19:20:42Z</time>
    <extensions>
     <gpxdata:hr>194</gpxdata:hr>
     <gpxdata:distance>5608.50</gpxdata:distance>
     <gpxdata:cadence>90</gpxdata:cadence>
     <gpxdata:speed>4.458</gpxdata:speed>
    </extensions>
   </trkpt>
   <trkpt lat="46.0327245" lon="4.0795496">
    <ele>281</ele>
    <time>2026-05-29T19:20:43Z</time>
    <extensions>
     <gpxdata:hr>195</gpxdata:hr>
     <gpxdata:distance>5613.00</gpxdata:distance>
     <gpxdata:cadence>90</gpxdata:cadence>
     <gpxdata:speed>4.458</gpxdata:speed>
    </extensions>
   </trkpt>
   <trkpt lat="46.0327058" lon="4.0796012">
    <ele>281</ele>
    <time>2026-05-29T19:20:44Z</time>
    <extensions>
     <gpxdata:hr>195</gpxdata:hr>
     <gpxdata:distance>5617.50</gpxdata:distance>
     <gpxdata:cadence>89</gpxdata:cadence>
     <gpxdata:speed>4.461</gpxdata:speed>
    </extensions>
   </trkpt>
   <trkpt lat="46.0326872" lon="4.0796528">
    <ele>281</ele>
    <time>2026-05-29T19:20:45Z</time>
    <extensions>
     <gpxdata:hr>195</gpxdata:hr>
     <gpxdata:distance>5622.00</gpxdata:distance>
     <gpxdata:cadence>89</gpxdata:cadence>
     <gpxdata:speed>4.467</gpxdata:speed>
    </extensions>
   </trkpt>
   <trkpt lat="46.0326642" lon="4.0797022">
    <ele>281</ele>
    <time>2026-05-29T19:20:46Z</time>
    <extensions>
     <gpxdata:hr>195</gpxdata:hr>
     <gpxdata:distance>5626.50</gpxdata:distance>
     <gpxdata:cadence>89</gpxdata:cadence>
     <gpxdata:speed>4.469</gpxdata:speed>
    </extensions>
   </trkpt>
   <trkpt lat="46.0326413" lon="4.0797516">
    <ele>281</ele>
    <time>2026-05-29T19:20:47Z</time>
    <extensions>
     <gpxdata:hr>195</gpxdata:hr>
     <gpxdata:distance>5631.00</gpxdata:distance>
     <gpxdata:cadence>89</gpxdata:cadence>
     <gpxdata:speed>4.475</gpxdata:speed>
    </extensions>
   </trkpt>
   <trkpt lat="46.0326181" lon="4.0797989">
    <ele>281</ele>
    <time>2026-05-29T19:20:48Z</time>
    <extensions>
     <gpxdata:hr>195</gpxdata:hr>
     <gpxdata:distance>5635.00</gpxdata:distance>
     <gpxdata:cadence>88</gpxdata:cadence>
     <gpxdata:speed>4.478</gpxdata:speed>
    </extensions>
   </trkpt>
   <trkpt lat="46.0325949" lon="4.0798463">
    <ele>281</ele>
    <time>2026-05-29T19:20:49Z</time>
    <extensions>
     <gpxdata:hr>195</gpxdata:hr>
     <gpxdata:distance>5639.00</gpxdata:distance>
     <gpxdata:cadence>88</gpxdata:cadence>
     <gpxdata:speed>4.483</gpxdata:speed>
    </extensions>
   </trkpt>
   <trkpt lat="46.0325737" lon="4.0798936">
    <ele>281</ele>
    <time>2026-05-29T19:20:50Z</time>
    <extensions>
     <gpxdata:hr>193</gpxdata:hr>
     <gpxdata:distance>5643.50</gpxdata:distance>
     <gpxdata:cadence>88</gpxdata:cadence>
     <gpxdata:speed>4.486</gpxdata:speed>
    </extensions>
   </trkpt>
   <trkpt lat="46.0325526" lon="4.0799409">
    <ele>281</ele>
    <time>2026-05-29T19:20:51Z</time>
    <extensions>
     <gpxdata:hr>193</gpxdata:hr>
     <gpxdata:distance>5648.00</gpxdata:distance>
     <gpxdata:cadence>88</gpxdata:cadence>
     <gpxdata:speed>4.489</gpxdata:speed>
    </extensions>
   </trkpt>
   <trkpt lat="46.0325329" lon="4.0799895">
    <ele>281</ele>
    <time>2026-05-29T19:20:52Z</time>
    <extensions>
     <gpxdata:hr>194</gpxdata:hr>
     <gpxdata:distance>5652.50</gpxdata:distance>
     <gpxdata:cadence>88</gpxdata:cadence>
     <gpxdata:speed>4.486</gpxdata:speed>
    </extensions>
   </trkpt>
   <trkpt lat="46.0325132" lon="4.0800382">
    <ele>281</ele>
    <time>2026-05-29T19:20:53Z</time>
    <extensions>
     <gpxdata:hr>194</gpxdata:hr>
     <gpxdata:distance>5657.00</gpxdata:distance>
     <gpxdata:cadence>88</gpxdata:cadence>
     <gpxdata:speed>4.486</gpxdata:speed>
    </extensions>
   </trkpt>
   <trkpt lat="46.0324950" lon="4.0800874">
    <ele>281</ele>
    <time>2026-05-29T19:20:54Z</time>
    <extensions>
     <gpxdata:hr>194</gpxdata:hr>
     <gpxdata:distance>5661.00</gpxdata:distance>
     <gpxdata:cadence>88</gpxdata:cadence>
     <gpxdata:speed>4.483</gpxdata:speed>
    </extensions>
   </trkpt>
   <trkpt lat="46.0324769" lon="4.0801366">
    <ele>281</ele>
    <time>2026-05-29T19:20:55Z</time>
    <extensions>
     <gpxdata:hr>194</gpxdata:hr>
     <gpxdata:distance>5665.00</gpxdata:distance>
     <gpxdata:cadence>88</gpxdata:cadence>
     <gpxdata:speed>4.481</gpxdata:speed>
    </extensions>
   </trkpt>
   <trkpt lat="46.0324595" lon="4.0801859">
    <ele>281</ele>
    <time>2026-05-29T19:20:56Z</time>
    <extensions>
     <gpxdata:hr>194</gpxdata:hr>
     <gpxdata:distance>5669.50</gpxdata:distance>
     <gpxdata:cadence>88</gpxdata:cadence>
     <gpxdata:speed>4.478</gpxdata:speed>
    </extensions>
   </trkpt>
   <trkpt lat="46.0324421" lon="4.0802352">
    <ele>281</ele>
    <time>2026-05-29T19:20:57Z</time>
    <extensions>
     <gpxdata:hr>194</gpxdata:hr>
     <gpxdata:distance>5674.00</gpxdata:distance>
     <gpxdata:cadence>89</gpxdata:cadence>
     <gpxdata:speed>4.475</gpxdata:speed>
    </extensions>
   </trkpt>
   <trkpt lat="46.0324246" lon="4.0802842">
    <ele>281</ele>
    <time>2026-05-29T19:20:58Z</time>
    <extensions>
     <gpxdata:hr>194</gpxdata:hr>
     <gpxdata:distance>5678.00</gpxdata:distance>
     <gpxdata:cadence>88</gpxdata:cadence>
     <gpxdata:speed>4.469</gpxdata:speed>
    </extensions>
   </trkpt>
   <trkpt lat="46.0324071" lon="4.0803333">
    <ele>281</ele>
    <time>2026-05-29T19:20:59Z</time>
    <extensions>
     <gpxdata:hr>194</gpxdata:hr>
     <gpxdata:distance>5682.00</gpxdata:distance>
     <gpxdata:cadence>88</gpxdata:cadence>
     <gpxdata:speed>4.467</gpxdata:speed>
    </extensions>
   </trkpt>
   <trkpt lat="46.0323891" lon="4.0803817">
    <ele>281</ele>
    <time>2026-05-29T19:21:00Z</time>
    <extensions>
     <gpxdata:hr>194</gpxdata:hr>
     <gpxdata:distance>5686.50</gpxdata:distance>
     <gpxdata:cadence>88</gpxdata:cadence>
     <gpxdata:speed>4.458</gpxdata:speed>
    </extensions>
   </trkpt>
   <trkpt lat="46.0323711" lon="4.0804301">
    <ele>281</ele>
    <time>2026-05-29T19:21:01Z</time>
    <extensions>
     <gpxdata:hr>194</gpxdata:hr>
     <gpxdata:distance>5691.00</gpxdata:distance>
     <gpxdata:cadence>88</gpxdata:cadence>
     <gpxdata:speed>4.450</gpxdata:speed>
    </extensions>
   </trkpt>
   <trkpt lat="46.0323527" lon="4.0804776">
    <ele>281</ele>
    <time>2026-05-29T19:21:02Z</time>
    <extensions>
     <gpxdata:hr>194</gpxdata:hr>
     <gpxdata:distance>5695.00</gpxdata:distance>
     <gpxdata:cadence>87</gpxdata:cadence>
     <gpxdata:speed>4.439</gpxdata:speed>
    </extensions>
   </trkpt>
   <trkpt lat="46.0323343" lon="4.0805252">
    <ele>281</ele>
    <time>2026-05-29T19:21:03Z</time>
    <extensions>
     <gpxdata:hr>193</gpxdata:hr>
     <gpxdata:distance>5699.00</gpxdata:distance>
     <gpxdata:cadence>87</gpxdata:cadence>
     <gpxdata:speed>4.431</gpxdata:speed>
    </extensions>
   </trkpt>
   <trkpt lat="46.0323163" lon="4.0805719">
    <ele>281</ele>
    <time>2026-05-29T19:21:04Z</time>
    <extensions>
     <gpxdata:hr>194</gpxdata:hr>
     <gpxdata:distance>5703.00</gpxdata:distance>
     <gpxdata:cadence>87</gpxdata:cadence>
     <gpxdata:speed>4.417</gpxdata:speed>
    </extensions>
   </trkpt>
   <trkpt lat="46.0322984" lon="4.0806187">
    <ele>281</ele>
    <time>2026-05-29T19:21:05Z</time>
    <extensions>
     <gpxdata:hr>194</gpxdata:hr>
     <gpxdata:distance>5707.00</gpxdata:distance>
     <gpxdata:cadence>88</gpxdata:cadence>
     <gpxdata:speed>4.406</gpxdata:speed>
    </extensions>
   </trkpt>
   <trkpt lat="46.0322802" lon="4.0806656">
    <ele>281</ele>
    <time>2026-05-29T19:21:06Z</time>
    <extensions>
     <gpxdata:hr>194</gpxdata:hr>
     <gpxdata:distance>5711.50</gpxdata:distance>
     <gpxdata:cadence>88</gpxdata:cadence>
     <gpxdata:speed>4.392</gpxdata:speed>
    </extensions>
   </trkpt>
   <trkpt lat="46.0322621" lon="4.0807125">
    <ele>281</ele>
    <time>2026-05-29T19:21:07Z</time>
    <extensions>
     <gpxdata:hr>193</gpxdata:hr>
     <gpxdata:distance>5716.00</gpxdata:distance>
     <gpxdata:cadence>88</gpxdata:cadence>
     <gpxdata:speed>4.378</gpxdata:speed>
    </extensions>
   </trkpt>
   <trkpt lat="46.0322442" lon="4.0807604">
    <ele>281</ele>
    <time>2026-05-29T19:21:08Z</time>
    <extensions>
     <gpxdata:hr>193</gpxdata:hr>
     <gpxdata:distance>5720.00</gpxdata:distance>
     <gpxdata:cadence>88</gpxdata:cadence>
     <gpxdata:speed>4.369</gpxdata:speed>
    </extensions>
   </trkpt>
   <trkpt lat="46.0322264" lon="4.0808084">
    <ele>281</ele>
    <time>2026-05-29T19:21:09Z</time>
    <extensions>
     <gpxdata:hr>193</gpxdata:hr>
     <gpxdata:distance>5724.00</gpxdata:distance>
     <gpxdata:cadence>88</gpxdata:cadence>
     <gpxdata:speed>4.364</gpxdata:speed>
    </extensions>
   </trkpt>
   <trkpt lat="46.0322090" lon="4.0808574">
    <ele>281</ele>
    <time>2026-05-29T19:21:10Z</time>
    <extensions>
     <gpxdata:hr>193</gpxdata:hr>
     <gpxdata:distance>5728.50</gpxdata:distance>
     <gpxdata:cadence>88</gpxdata:cadence>
     <gpxdata:speed>4.358</gpxdata:speed>
    </extensions>
   </trkpt>
   <trkpt lat="46.0321916" lon="4.0809065">
    <ele>281</ele>
    <time>2026-05-29T19:21:11Z</time>
    <extensions>
     <gpxdata:hr>193</gpxdata:hr>
     <gpxdata:distance>5733.00</gpxdata:distance>
     <gpxdata:cadence>88</gpxdata:cadence>
     <gpxdata:speed>4.353</gpxdata:speed>
    </extensions>
   </trkpt>
   <trkpt lat="46.0321741" lon="4.0809557">
    <ele>281</ele>
    <time>2026-05-29T19:21:12Z</time>
    <extensions>
     <gpxdata:hr>193</gpxdata:hr>
     <gpxdata:distance>5737.00</gpxdata:distance>
     <gpxdata:cadence>88</gpxdata:cadence>
     <gpxdata:speed>4.350</gpxdata:speed>
    </extensions>
   </trkpt>
   <trkpt lat="46.0321566" lon="4.0810049">
    <ele>281</ele>
    <time>2026-05-29T19:21:13Z</time>
    <extensions>
     <gpxdata:hr>193</gpxdata:hr>
     <gpxdata:distance>5741.00</gpxdata:distance>
     <gpxdata:cadence>88</gpxdata:cadence>
     <gpxdata:speed>4.347</gpxdata:speed>
    </extensions>
   </trkpt>
   <trkpt lat="46.0321388" lon="4.0810535">
    <ele>281</ele>
    <time>2026-05-29T19:21:14Z</time>
    <extensions>
     <gpxdata:hr>193</gpxdata:hr>
     <gpxdata:distance>5745.00</gpxdata:distance>
     <gpxdata:cadence>88</gpxdata:cadence>
     <gpxdata:speed>4.344</gpxdata:speed>
    </extensions>
   </trkpt>
   <trkpt lat="46.0321211" lon="4.0811022">
    <ele>281</ele>
    <time>2026-05-29T19:21:15Z</time>
    <extensions>
     <gpxdata:hr>192</gpxdata:hr>
     <gpxdata:distance>5749.00</gpxdata:distance>
     <gpxdata:cadence>88</gpxdata:cadence>
     <gpxdata:speed>4.342</gpxdata:speed>
    </extensions>
   </trkpt>
   <trkpt lat="46.0321031" lon="4.0811507">
    <ele>281</ele>
    <time>2026-05-29T19:21:16Z</time>
    <extensions>
     <gpxdata:hr>192</gpxdata:hr>
     <gpxdata:distance>5753.50</gpxdata:distance>
     <gpxdata:cadence>88</gpxdata:cadence>
     <gpxdata:speed>4.339</gpxdata:speed>
    </extensions>
   </trkpt>
   <trkpt lat="46.0320851" lon="4.0811993">
    <ele>281</ele>
    <time>2026-05-29T19:21:17Z</time>
    <extensions>
     <gpxdata:hr>192</gpxdata:hr>
     <gpxdata:distance>5758.00</gpxdata:distance>
     <gpxdata:cadence>88</gpxdata:cadence>
     <gpxdata:speed>4.339</gpxdata:speed>
    </extensions>
   </trkpt>
   <trkpt lat="46.0320667" lon="4.0812481">
    <ele>281</ele>
    <time>2026-05-29T19:21:18Z</time>
    <extensions>
     <gpxdata:hr>193</gpxdata:hr>
     <gpxdata:distance>5762.50</gpxdata:distance>
     <gpxdata:cadence>88</gpxdata:cadence>
     <gpxdata:speed>4.331</gpxdata:speed>
    </extensions>
   </trkpt>
   <trkpt lat="46.0320483" lon="4.0812969">
    <ele>281</ele>
    <time>2026-05-29T19:21:19Z</time>
    <extensions>
     <gpxdata:hr>192</gpxdata:hr>
     <gpxdata:distance>5767.00</gpxdata:distance>
     <gpxdata:cadence>88</gpxdata:cadence>
     <gpxdata:speed>4.325</gpxdata:speed>
    </extensions>
   </trkpt>
   <trkpt lat="46.0320297" lon="4.0813468">
    <ele>281</ele>
    <time>2026-05-29T19:21:20Z</time>
    <extensions>
     <gpxdata:hr>191</gpxdata:hr>
     <gpxdata:distance>5771.50</gpxdata:distance>
     <gpxdata:cadence>88</gpxdata:cadence>
     <gpxdata:speed>4.322</gpxdata:speed>
    </extensions>
   </trkpt>
   <trkpt lat="46.0320111" lon="4.0813968">
    <ele>281</ele>
    <time>2026-05-29T19:21:21Z</time>
    <extensions>
     <gpxdata:hr>191</gpxdata:hr>
     <gpxdata:distance>5776.00</gpxdata:distance>
     <gpxdata:cadence>88</gpxdata:cadence>
     <gpxdata:speed>4.322</gpxdata:speed>
    </extensions>
   </trkpt>
   <trkpt lat="46.0319911" lon="4.0814472">
    <ele>281</ele>
    <time>2026-05-29T19:21:22Z</time>
    <extensions>
     <gpxdata:hr>192</gpxdata:hr>
     <gpxdata:distance>5780.50</gpxdata:distance>
     <gpxdata:cadence>88</gpxdata:cadence>
     <gpxdata:speed>4.319</gpxdata:speed>
    </extensions>
   </trkpt>
   <trkpt lat="46.0319711" lon="4.0814976">
    <ele>281</ele>
    <time>2026-05-29T19:21:23Z</time>
    <extensions>
     <gpxdata:hr>192</gpxdata:hr>
     <gpxdata:distance>5785.00</gpxdata:distance>
     <gpxdata:cadence>89</gpxdata:cadence>
     <gpxdata:speed>4.319</gpxdata:speed>
    </extensions>
   </trkpt>
   <trkpt lat="46.0319510" lon="4.0815474">
    <ele>281</ele>
    <time>2026-05-29T19:21:24Z</time>
    <extensions>
     <gpxdata:hr>192</gpxdata:hr>
     <gpxdata:distance>5789.00</gpxdata:distance>
     <gpxdata:cadence>89</gpxdata:cadence>
     <gpxdata:speed>4.319</gpxdata:speed>
    </extensions>
   </trkpt>
   <trkpt lat="46.0319310" lon="4.0815972">
    <ele>281</ele>
    <time>2026-05-29T19:21:25Z</time>
    <extensions>
     <gpxdata:hr>192</gpxdata:hr>
     <gpxdata:distance>5793.00</gpxdata:distance>
     <gpxdata:cadence>89</gpxdata:cadence>
     <gpxdata:speed>4.322</gpxdata:speed>
    </extensions>
   </trkpt>
   <trkpt lat="46.0319116" lon="4.0816474">
    <ele>281</ele>
    <time>2026-05-29T19:21:26Z</time>
    <extensions>
     <gpxdata:hr>192</gpxdata:hr>
     <gpxdata:distance>5797.50</gpxdata:distance>
     <gpxdata:cadence>89</gpxdata:cadence>
     <gpxdata:speed>4.322</gpxdata:speed>
    </extensions>
   </trkpt>
   <trkpt lat="46.0318922" lon="4.0816976">
    <ele>281</ele>
    <time>2026-05-29T19:21:27Z</time>
    <extensions>
     <gpxdata:hr>192</gpxdata:hr>
     <gpxdata:distance>5802.00</gpxdata:distance>
     <gpxdata:cadence>89</gpxdata:cadence>
     <gpxdata:speed>4.325</gpxdata:speed>
    </extensions>
   </trkpt>
   <trkpt lat="46.0318726" lon="4.0817476">
    <ele>281</ele>
    <time>2026-05-29T19:21:28Z</time>
    <extensions>
     <gpxdata:hr>192</gpxdata:hr>
     <gpxdata:distance>5806.50</gpxdata:distance>
     <gpxdata:cadence>89</gpxdata:cadence>
     <gpxdata:speed>4.328</gpxdata:speed>
    </extensions>
   </trkpt>
   <trkpt lat="46.0318530" lon="4.0817976">
    <ele>281</ele>
    <time>2026-05-29T19:21:29Z</time>
    <extensions>
     <gpxdata:hr>192</gpxdata:hr>
     <gpxdata:distance>5811.00</gpxdata:distance>
     <gpxdata:cadence>89</gpxdata:cadence>
     <gpxdata:speed>4.331</gpxdata:speed>
    </extensions>
   </trkpt>
   <trkpt lat="46.0318332" lon="4.0818470">
    <ele>281</ele>
    <time>2026-05-29T19:21:30Z</time>
    <extensions>
     <gpxdata:hr>192</gpxdata:hr>
     <gpxdata:distance>5815.50</gpxdata:distance>
     <gpxdata:cadence>89</gpxdata:cadence>
     <gpxdata:speed>4.339</gpxdata:speed>
    </extensions>
   </trkpt>
   <trkpt lat="46.0318134" lon="4.0818965">
    <ele>281</ele>
    <time>2026-05-29T19:21:31Z</time>
    <extensions>
     <gpxdata:hr>192</gpxdata:hr>
     <gpxdata:distance>5820.00</gpxdata:distance>
     <gpxdata:cadence>89</gpxdata:cadence>
     <gpxdata:speed>4.347</gpxdata:speed>
    </extensions>
   </trkpt>
   <trkpt lat="46.0317931" lon="4.0819455">
    <ele>281</ele>
    <time>2026-05-29T19:21:32Z</time>
    <extensions>
     <gpxdata:hr>191</gpxdata:hr>
     <gpxdata:distance>5824.50</gpxdata:distance>
     <gpxdata:cadence>89</gpxdata:cadence>
     <gpxdata:speed>4.353</gpxdata:speed>
    </extensions>
   </trkpt>
   <trkpt lat="46.0317728" lon="4.0819945">
    <ele>281</ele>
    <time>2026-05-29T19:21:33Z</time>
    <extensions>
     <gpxdata:hr>191</gpxdata:hr>
     <gpxdata:distance>5829.00</gpxdata:distance>
     <gpxdata:cadence>89</gpxdata:cadence>
     <gpxdata:speed>4.358</gpxdata:speed>
    </extensions>
   </trkpt>
   <trkpt lat="46.0317531" lon="4.0820442">
    <ele>281</ele>
    <time>2026-05-29T19:21:34Z</time>
    <extensions>
     <gpxdata:hr>191</gpxdata:hr>
     <gpxdata:distance>5833.50</gpxdata:distance>
     <gpxdata:cadence>89</gpxdata:cadence>
     <gpxdata:speed>4.364</gpxdata:speed>
    </extensions>
   </trkpt>
   <trkpt lat="46.0317334" lon="4.0820939">
    <ele>281</ele>
    <time>2026-05-29T19:21:35Z</time>
    <extensions>
     <gpxdata:hr>191</gpxdata:hr>
     <gpxdata:distance>5838.00</gpxdata:distance>
     <gpxdata:cadence>89</gpxdata:cadence>
     <gpxdata:speed>4.369</gpxdata:speed>
    </extensions>
   </trkpt>
   <trkpt lat="46.0317140" lon="4.0821439">
    <ele>281</ele>
    <time>2026-05-29T19:21:36Z</time>
    <extensions>
     <gpxdata:hr>192</gpxdata:hr>
     <gpxdata:distance>5842.00</gpxdata:distance>
     <gpxdata:cadence>89</gpxdata:cadence>
     <gpxdata:speed>4.375</gpxdata:speed>
    </extensions>
   </trkpt>
   <trkpt lat="46.0316947" lon="4.0821940">
    <ele>281</ele>
    <time>2026-05-29T19:21:37Z</time>
    <extensions>
     <gpxdata:hr>192</gpxdata:hr>
     <gpxdata:distance>5846.00</gpxdata:distance>
     <gpxdata:cadence>89</gpxdata:cadence>
     <gpxdata:speed>4.383</gpxdata:speed>
    </extensions>
   </trkpt>
   <trkpt lat="46.0316728" lon="4.0822423">
    <ele>281</ele>
    <time>2026-05-29T19:21:38Z</time>
    <extensions>
     <gpxdata:hr>192</gpxdata:hr>
     <gpxdata:distance>5851.00</gpxdata:distance>
     <gpxdata:cadence>89</gpxdata:cadence>
     <gpxdata:speed>4.400</gpxdata:speed>
    </extensions>
   </trkpt>
   <trkpt lat="46.0316509" lon="4.0822906">
    <ele>281</ele>
    <time>2026-05-29T19:21:39Z</time>
    <extensions>
     <gpxdata:hr>192</gpxdata:hr>
     <gpxdata:distance>5856.00</gpxdata:distance>
     <gpxdata:cadence>90</gpxdata:cadence>
     <gpxdata:speed>4.417</gpxdata:speed>
    </extensions>
   </trkpt>
   <trkpt lat="46.0316275" lon="4.0823380">
    <ele>281</ele>
    <time>2026-05-29T19:21:40Z</time>
    <extensions>
     <gpxdata:hr>193</gpxdata:hr>
     <gpxdata:distance>5860.00</gpxdata:distance>
     <gpxdata:cadence>90</gpxdata:cadence>
     <gpxdata:speed>4.425</gpxdata:speed>
    </extensions>
   </trkpt>
   <trkpt lat="46.0316042" lon="4.0823855">
    <ele>281</ele>
    <time>2026-05-29T19:21:41Z</time>
    <extensions>
     <gpxdata:hr>193</gpxdata:hr>
     <gpxdata:distance>5864.00</gpxdata:distance>
     <gpxdata:cadence>90</gpxdata:cadence>
     <gpxdata:speed>4.436</gpxdata:speed>
    </extensions>
   </trkpt>
   <trkpt lat="46.0315793" lon="4.0824306">
    <ele>281</ele>
    <time>2026-05-29T19:21:42Z</time>
    <extensions>
     <gpxdata:hr>194</gpxdata:hr>
     <gpxdata:distance>5868.50</gpxdata:distance>
     <gpxdata:cadence>90</gpxdata:cadence>
     <gpxdata:speed>4.442</gpxdata:speed>
    </extensions>
   </trkpt>
   <trkpt lat="46.0315544" lon="4.0824758">
    <ele>281</ele>
    <time>2026-05-29T19:21:43Z</time>
    <extensions>
     <gpxdata:hr>194</gpxdata:hr>
     <gpxdata:distance>5873.00</gpxdata:distance>
     <gpxdata:cadence>90</gpxdata:cadence>
     <gpxdata:speed>4.450</gpxdata:speed>
    </extensions>
   </trkpt>
   <trkpt lat="46.0315267" lon="4.0825177">
    <ele>281</ele>
    <time>2026-05-29T19:21:44Z</time>
    <extensions>
     <gpxdata:hr>193</gpxdata:hr>
     <gpxdata:distance>5878.00</gpxdata:distance>
     <gpxdata:cadence>89</gpxdata:cadence>
     <gpxdata:speed>4.453</gpxdata:speed>
    </extensions>
   </trkpt>
   <trkpt lat="46.0314990" lon="4.0825596">
    <ele>281</ele>
    <time>2026-05-29T19:21:45Z</time>
    <extensions>
     <gpxdata:hr>192</gpxdata:hr>
     <gpxdata:distance>5883.00</gpxdata:distance>
     <gpxdata:cadence>89</gpxdata:cadence>
     <gpxdata:speed>4.458</gpxdata:speed>
    </extensions>
   </trkpt>
   <trkpt lat="46.0314664" lon="4.0825948">
    <ele>281</ele>
    <time>2026-05-29T19:21:46Z</time>
    <extensions>
     <gpxdata:hr>191</gpxdata:hr>
     <gpxdata:distance>5887.50</gpxdata:distance>
     <gpxdata:cadence>89</gpxdata:cadence>
     <gpxdata:speed>4.461</gpxdata:speed>
    </extensions>
   </trkpt>
   <trkpt lat="46.0314339" lon="4.0826301">
    <ele>281</ele>
    <time>2026-05-29T19:21:47Z</time>
    <extensions>
     <gpxdata:hr>193</gpxdata:hr>
     <gpxdata:distance>5892.00</gpxdata:distance>
     <gpxdata:cadence>90</gpxdata:cadence>
     <gpxdata:speed>4.464</gpxdata:speed>
    </extensions>
   </trkpt>
   <trkpt lat="46.0313984" lon="4.0826587">
    <ele>281</ele>
    <time>2026-05-29T19:21:48Z</time>
    <extensions>
     <gpxdata:hr>194</gpxdata:hr>
     <gpxdata:distance>5896.50</gpxdata:distance>
     <gpxdata:cadence>90</gpxdata:cadence>
     <gpxdata:speed>4.472</gpxdata:speed>
    </extensions>
   </trkpt>
   <trkpt lat="46.0313629" lon="4.0826874">
    <ele>281</ele>
    <time>2026-05-29T19:21:49Z</time>
    <extensions>
     <gpxdata:hr>194</gpxdata:hr>
     <gpxdata:distance>5901.00</gpxdata:distance>
     <gpxdata:cadence>90</gpxdata:cadence>
     <gpxdata:speed>4.483</gpxdata:speed>
    </extensions>
   </trkpt>
   <trkpt lat="46.0313260" lon="4.0827139">
    <ele>281</ele>
    <time>2026-05-29T19:21:50Z</time>
    <extensions>
     <gpxdata:hr>193</gpxdata:hr>
     <gpxdata:distance>5905.50</gpxdata:distance>
     <gpxdata:cadence>89</gpxdata:cadence>
     <gpxdata:speed>4.483</gpxdata:speed>
    </extensions>
   </trkpt>
   <trkpt lat="46.0312892" lon="4.0827404">
    <ele>281</ele>
    <time>2026-05-29T19:21:51Z</time>
    <extensions>
     <gpxdata:hr>194</gpxdata:hr>
     <gpxdata:distance>5910.00</gpxdata:distance>
     <gpxdata:cadence>89</gpxdata:cadence>
     <gpxdata:speed>4.486</gpxdata:speed>
    </extensions>
   </trkpt>
   <trkpt lat="46.0312515" lon="4.0827647">
    <ele>281</ele>
    <time>2026-05-29T19:21:52Z</time>
    <extensions>
     <gpxdata:hr>194</gpxdata:hr>
     <gpxdata:distance>5914.50</gpxdata:distance>
     <gpxdata:cadence>89</gpxdata:cadence>
     <gpxdata:speed>4.486</gpxdata:speed>
    </extensions>
   </trkpt>
   <trkpt lat="46.0312139" lon="4.0827891">
    <ele>281</ele>
    <time>2026-05-29T19:21:53Z</time>
    <extensions>
     <gpxdata:hr>194</gpxdata:hr>
     <gpxdata:distance>5919.00</gpxdata:distance>
     <gpxdata:cadence>89</gpxdata:cadence>
     <gpxdata:speed>4.489</gpxdata:speed>
    </extensions>
   </trkpt>
   <trkpt lat="46.0311766" lon="4.0828109">
    <ele>281</ele>
    <time>2026-05-29T19:21:54Z</time>
    <extensions>
     <gpxdata:hr>193</gpxdata:hr>
     <gpxdata:distance>5923.50</gpxdata:distance>
     <gpxdata:cadence>89</gpxdata:cadence>
     <gpxdata:speed>4.489</gpxdata:speed>
    </extensions>
   </trkpt>
   <trkpt lat="46.0311394" lon="4.0828328">
    <ele>281</ele>
    <time>2026-05-29T19:21:55Z</time>
    <extensions>
     <gpxdata:hr>193</gpxdata:hr>
     <gpxdata:distance>5928.00</gpxdata:distance>
     <gpxdata:cadence>89</gpxdata:cadence>
     <gpxdata:speed>4.492</gpxdata:speed>
    </extensions>
   </trkpt>
   <trkpt lat="46.0311032" lon="4.0828551">
    <ele>281</ele>
    <time>2026-05-29T19:21:56Z</time>
    <extensions>
     <gpxdata:hr>194</gpxdata:hr>
     <gpxdata:distance>5932.00</gpxdata:distance>
     <gpxdata:cadence>89</gpxdata:cadence>
     <gpxdata:speed>4.492</gpxdata:speed>
    </extensions>
   </trkpt>
   <trkpt lat="46.0310670" lon="4.0828775">
    <ele>281</ele>
    <time>2026-05-29T19:21:57Z</time>
    <extensions>
     <gpxdata:hr>194</gpxdata:hr>
     <gpxdata:distance>5936.00</gpxdata:distance>
     <gpxdata:cadence>89</gpxdata:cadence>
     <gpxdata:speed>4.494</gpxdata:speed>
    </extensions>
   </trkpt>
   <trkpt lat="46.0310311" lon="4.0828986">
    <ele>281</ele>
    <time>2026-05-29T19:21:58Z</time>
    <extensions>
     <gpxdata:hr>194</gpxdata:hr>
     <gpxdata:distance>5940.50</gpxdata:distance>
     <gpxdata:cadence>89</gpxdata:cadence>
     <gpxdata:speed>4.494</gpxdata:speed>
    </extensions>
   </trkpt>
   <trkpt lat="46.0309952" lon="4.0829198">
    <ele>281</ele>
    <time>2026-05-29T19:21:59Z</time>
    <extensions>
     <gpxdata:hr>194</gpxdata:hr>
     <gpxdata:distance>5945.00</gpxdata:distance>
     <gpxdata:cadence>89</gpxdata:cadence>
     <gpxdata:speed>4.497</gpxdata:speed>
    </extensions>
   </trkpt>
   <trkpt lat="46.0309602" lon="4.0829427">
    <ele>281</ele>
    <time>2026-05-29T19:22:00Z</time>
    <extensions>
     <gpxdata:hr>194</gpxdata:hr>
     <gpxdata:distance>5949.50</gpxdata:distance>
     <gpxdata:cadence>89</gpxdata:cadence>
     <gpxdata:speed>4.494</gpxdata:speed>
    </extensions>
   </trkpt>
   <trkpt lat="46.0309252" lon="4.0829656">
    <ele>281</ele>
    <time>2026-05-29T19:22:01Z</time>
    <extensions>
     <gpxdata:hr>194</gpxdata:hr>
     <gpxdata:distance>5954.00</gpxdata:distance>
     <gpxdata:cadence>89</gpxdata:cadence>
     <gpxdata:speed>4.494</gpxdata:speed>
    </extensions>
   </trkpt>
   <trkpt lat="46.0308914" lon="4.0829936">
    <ele>281</ele>
    <time>2026-05-29T19:22:02Z</time>
    <extensions>
     <gpxdata:hr>194</gpxdata:hr>
     <gpxdata:distance>5958.00</gpxdata:distance>
     <gpxdata:cadence>89</gpxdata:cadence>
     <gpxdata:speed>4.486</gpxdata:speed>
    </extensions>
   </trkpt>
   <trkpt lat="46.0308577" lon="4.0830217">
    <ele>281</ele>
    <time>2026-05-29T19:22:03Z</time>
    <extensions>
     <gpxdata:hr>194</gpxdata:hr>
     <gpxdata:distance>5962.00</gpxdata:distance>
     <gpxdata:cadence>89</gpxdata:cadence>
     <gpxdata:speed>4.478</gpxdata:speed>
    </extensions>
   </trkpt>
   <trkpt lat="46.0308233" lon="4.0830484">
    <ele>281</ele>
    <time>2026-05-29T19:22:04Z</time>
    <extensions>
     <gpxdata:hr>194</gpxdata:hr>
     <gpxdata:distance>5966.50</gpxdata:distance>
     <gpxdata:cadence>89</gpxdata:cadence>
     <gpxdata:speed>4.464</gpxdata:speed>
    </extensions>
   </trkpt>
   <trkpt lat="46.0307889" lon="4.0830751">
    <ele>281</ele>
    <time>2026-05-29T19:22:05Z</time>
    <extensions>
     <gpxdata:hr>194</gpxdata:hr>
     <gpxdata:distance>5971.00</gpxdata:distance>
     <gpxdata:cadence>89</gpxdata:cadence>
     <gpxdata:speed>4.450</gpxdata:speed>
    </extensions>
   </trkpt>
   <trkpt lat="46.0307525" lon="4.0830974">
    <ele>281</ele>
    <time>2026-05-29T19:22:06Z</time>
    <extensions>
     <gpxdata:hr>194</gpxdata:hr>
     <gpxdata:distance>5975.50</gpxdata:distance>
     <gpxdata:cadence>89</gpxdata:cadence>
     <gpxdata:speed>4.444</gpxdata:speed>
    </extensions>
   </trkpt>
   <trkpt lat="46.0307162" lon="4.0831197">
    <ele>282</ele>
    <time>2026-05-29T19:22:07Z</time>
    <extensions>
     <gpxdata:hr>194</gpxdata:hr>
     <gpxdata:distance>5980.00</gpxdata:distance>
     <gpxdata:cadence>89</gpxdata:cadence>
     <gpxdata:speed>4.439</gpxdata:speed>
    </extensions>
   </trkpt>
   <trkpt lat="46.0306792" lon="4.0831406">
    <ele>281</ele>
    <time>2026-05-29T19:22:08Z</time>
    <extensions>
     <gpxdata:hr>194</gpxdata:hr>
     <gpxdata:distance>5982.00</gpxdata:distance>
     <gpxdata:cadence>89</gpxdata:cadence>
     <gpxdata:speed>4.439</gpxdata:speed>
    </extensions>
   </trkpt>
   <trkpt lat="46.0306423" lon="4.0831615">
    <ele>281</ele>
    <time>2026-05-29T19:22:09Z</time>
    <extensions>
     <gpxdata:hr>194</gpxdata:hr>
     <gpxdata:distance>5984.00</gpxdata:distance>
     <gpxdata:cadence>89</gpxdata:cadence>
     <gpxdata:speed>4.439</gpxdata:speed>
    </extensions>
   </trkpt>
   <trkpt lat="46.0306047" lon="4.0831797">
    <ele>281</ele>
    <time>2026-05-29T19:22:10Z</time>
    <extensions>
     <gpxdata:hr>195</gpxdata:hr>
     <gpxdata:distance>5990.50</gpxdata:distance>
     <gpxdata:cadence>89</gpxdata:cadence>
     <gpxdata:speed>4.436</gpxdata:speed>
    </extensions>
   </trkpt>
   <trkpt lat="46.0305672" lon="4.0831980">
    <ele>281</ele>
    <time>2026-05-29T19:22:11Z</time>
    <extensions>
     <gpxdata:hr>195</gpxdata:hr>
     <gpxdata:distance>5997.00</gpxdata:distance>
     <gpxdata:cadence>89</gpxdata:cadence>
     <gpxdata:speed>4.436</gpxdata:speed>
    </extensions>
   </trkpt>
   <trkpt lat="46.0305313" lon="4.0832140">
    <ele>281</ele>
    <time>2026-05-29T19:22:12Z</time>
    <extensions>
     <gpxdata:hr>195</gpxdata:hr>
     <gpxdata:distance>5999.00</gpxdata:distance>
     <gpxdata:cadence>89</gpxdata:cadence>
     <gpxdata:speed>4.433</gpxdata:speed>
    </extensions>
   </trkpt>
   <trkpt lat="46.0304954" lon="4.0832300">
    <ele>281</ele>
    <time>2026-05-29T19:22:13Z</time>
    <extensions>
     <gpxdata:hr>195</gpxdata:hr>
     <gpxdata:distance>6001.00</gpxdata:distance>
     <gpxdata:cadence>89</gpxdata:cadence>
     <gpxdata:speed>4.433</gpxdata:speed>
    </extensions>
   </trkpt>
   <trkpt lat="46.0304603" lon="4.0832468">
    <ele>281</ele>
    <time>2026-05-29T19:22:14Z</time>
    <extensions>
     <gpxdata:hr>195</gpxdata:hr>
     <gpxdata:distance>6005.00</gpxdata:distance>
     <gpxdata:cadence>89</gpxdata:cadence>
     <gpxdata:speed>4.431</gpxdata:speed>
    </extensions>
   </trkpt>
   <trkpt lat="46.0304252" lon="4.0832636">
    <ele>281</ele>
    <time>2026-05-29T19:22:15Z</time>
    <extensions>
     <gpxdata:hr>195</gpxdata:hr>
     <gpxdata:distance>6009.00</gpxdata:distance>
     <gpxdata:cadence>89</gpxdata:cadence>
     <gpxdata:speed>4.428</gpxdata:speed>
    </extensions>
   </trkpt>
   <trkpt lat="46.0303905" lon="4.0832845">
    <ele>281</ele>
    <time>2026-05-29T19:22:16Z</time>
    <extensions>
     <gpxdata:hr>194</gpxdata:hr>
     <gpxdata:distance>6013.50</gpxdata:distance>
     <gpxdata:cadence>89</gpxdata:cadence>
     <gpxdata:speed>4.422</gpxdata:speed>
    </extensions>
   </trkpt>
   <trkpt lat="46.0303559" lon="4.0833054">
    <ele>281</ele>
    <time>2026-05-29T19:22:17Z</time>
    <extensions>
     <gpxdata:hr>194</gpxdata:hr>
     <gpxdata:distance>6018.00</gpxdata:distance>
     <gpxdata:cadence>89</gpxdata:cadence>
     <gpxdata:speed>4.419</gpxdata:speed>
    </extensions>
   </trkpt>
   <trkpt lat="46.0303219" lon="4.0833309">
    <ele>281</ele>
    <time>2026-05-29T19:22:18Z</time>
    <extensions>
     <gpxdata:hr>193</gpxdata:hr>
     <gpxdata:distance>6022.50</gpxdata:distance>
     <gpxdata:cadence>89</gpxdata:cadence>
     <gpxdata:speed>4.414</gpxdata:speed>
    </extensions>
   </trkpt>
   <trkpt lat="46.0302880" lon="4.0833564">
    <ele>281</ele>
    <time>2026-05-29T19:22:19Z</time>
    <extensions>
     <gpxdata:hr>193</gpxdata:hr>
     <gpxdata:distance>6027.00</gpxdata:distance>
     <gpxdata:cadence>89</gpxdata:cadence>
     <gpxdata:speed>4.411</gpxdata:speed>
    </extensions>
   </trkpt>
   <trkpt lat="46.0302537" lon="4.0833822">
    <ele>281</ele>
    <time>2026-05-29T19:22:20Z</time>
    <extensions>
     <gpxdata:hr>193</gpxdata:hr>
     <gpxdata:distance>6033.50</gpxdata:distance>
     <gpxdata:cadence>89</gpxdata:cadence>
     <gpxdata:speed>4.406</gpxdata:speed>
    </extensions>
   </trkpt>
   <trkpt lat="46.0302195" lon="4.0834081">
    <ele>281</ele>
    <time>2026-05-29T19:22:21Z</time>
    <extensions>
     <gpxdata:hr>193</gpxdata:hr>
     <gpxdata:distance>6040.00</gpxdata:distance>
     <gpxdata:cadence>89</gpxdata:cadence>
     <gpxdata:speed>4.403</gpxdata:speed>
    </extensions>
   </trkpt>
   <trkpt lat="46.0301830" lon="4.0834330">
    <ele>281</ele>
    <time>2026-05-29T19:22:22Z</time>
    <extensions>
     <gpxdata:hr>193</gpxdata:hr>
     <gpxdata:distance>6044.50</gpxdata:distance>
     <gpxdata:cadence>89</gpxdata:cadence>
     <gpxdata:speed>4.400</gpxdata:speed>
    </extensions>
   </trkpt>
   <trkpt lat="46.0301465" lon="4.0834579">
    <ele>281</ele>
    <time>2026-05-29T19:22:23Z</time>
    <extensions>
     <gpxdata:hr>193</gpxdata:hr>
     <gpxdata:distance>6049.00</gpxdata:distance>
     <gpxdata:cadence>89</gpxdata:cadence>
     <gpxdata:speed>4.400</gpxdata:speed>
    </extensions>
   </trkpt>
   <trkpt lat="46.0301086" lon="4.0834845">
    <ele>281</ele>
    <time>2026-05-29T19:22:24Z</time>
    <extensions>
     <gpxdata:hr>193</gpxdata:hr>
     <gpxdata:distance>6051.50</gpxdata:distance>
     <gpxdata:cadence>89</gpxdata:cadence>
     <gpxdata:speed>4.397</gpxdata:speed>
    </extensions>
   </trkpt>
   <trkpt lat="46.0300708" lon="4.0835111">
    <ele>281</ele>
    <time>2026-05-29T19:22:25Z</time>
    <extensions>
     <gpxdata:hr>193</gpxdata:hr>
     <gpxdata:distance>6054.00</gpxdata:distance>
     <gpxdata:cadence>89</gpxdata:cadence>
     <gpxdata:speed>4.397</gpxdata:speed>
    </extensions>
   </trkpt>
   <trkpt lat="46.0300334" lon="4.0835404">
    <ele>281</ele>
    <time>2026-05-29T19:22:26Z</time>
    <extensions>
     <gpxdata:hr>193</gpxdata:hr>
     <gpxdata:distance>6061.00</gpxdata:distance>
     <gpxdata:cadence>89</gpxdata:cadence>
     <gpxdata:speed>4.394</gpxdata:speed>
    </extensions>
   </trkpt>
   <trkpt lat="46.0299960" lon="4.0835697">
    <ele>281</ele>
    <time>2026-05-29T19:22:27Z</time>
    <extensions>
     <gpxdata:hr>191</gpxdata:hr>
     <gpxdata:distance>6068.00</gpxdata:distance>
     <gpxdata:cadence>89</gpxdata:cadence>
     <gpxdata:speed>4.392</gpxdata:speed>
    </extensions>
   </trkpt>
   <trkpt lat="46.0299596" lon="4.0835973">
    <ele>281</ele>
    <time>2026-05-29T19:22:28Z</time>
    <extensions>
     <gpxdata:hr>193</gpxdata:hr>
     <gpxdata:distance>6072.50</gpxdata:distance>
     <gpxdata:cadence>89</gpxdata:cadence>
     <gpxdata:speed>4.389</gpxdata:speed>
    </extensions>
   </trkpt>
   <trkpt lat="46.0299233" lon="4.0836249">
    <ele>281</ele>
    <time>2026-05-29T19:22:29Z</time>
    <extensions>
     <gpxdata:hr>193</gpxdata:hr>
     <gpxdata:distance>6077.00</gpxdata:distance>
     <gpxdata:cadence>89</gpxdata:cadence>
     <gpxdata:speed>4.389</gpxdata:speed>
    </extensions>
   </trkpt>
   <trkpt lat="46.0298873" lon="4.0836489">
    <ele>281</ele>
    <time>2026-05-29T19:22:30Z</time>
    <extensions>
     <gpxdata:hr>193</gpxdata:hr>
     <gpxdata:distance>6081.00</gpxdata:distance>
     <gpxdata:cadence>89</gpxdata:cadence>
     <gpxdata:speed>4.392</gpxdata:speed>
    </extensions>
   </trkpt>
   <trkpt lat="46.0298514" lon="4.0836730">
    <ele>281</ele>
    <time>2026-05-29T19:22:31Z</time>
    <extensions>
     <gpxdata:hr>193</gpxdata:hr>
     <gpxdata:distance>6085.00</gpxdata:distance>
     <gpxdata:cadence>89</gpxdata:cadence>
     <gpxdata:speed>4.397</gpxdata:speed>
    </extensions>
   </trkpt>
   <trkpt lat="46.0298158" lon="4.0836942">
    <ele>281</ele>
    <time>2026-05-29T19:22:32Z</time>
    <extensions>
     <gpxdata:hr>194</gpxdata:hr>
     <gpxdata:distance>6089.50</gpxdata:distance>
     <gpxdata:cadence>89</gpxdata:cadence>
     <gpxdata:speed>4.397</gpxdata:speed>
    </extensions>
   </trkpt>
   <trkpt lat="46.0297802" lon="4.0837154">
    <ele>281</ele>
    <time>2026-05-29T19:22:33Z</time>
    <extensions>
     <gpxdata:hr>194</gpxdata:hr>
     <gpxdata:distance>6094.00</gpxdata:distance>
     <gpxdata:cadence>89</gpxdata:cadence>
     <gpxdata:speed>4.397</gpxdata:speed>
    </extensions>
   </trkpt>
   <trkpt lat="46.0297442" lon="4.0837351">
    <ele>281</ele>
    <time>2026-05-29T19:22:34Z</time>
    <extensions>
     <gpxdata:hr>194</gpxdata:hr>
     <gpxdata:distance>6096.00</gpxdata:distance>
     <gpxdata:cadence>89</gpxdata:cadence>
     <gpxdata:speed>4.394</gpxdata:speed>
    </extensions>
   </trkpt>
   <trkpt lat="46.0297083" lon="4.0837548">
    <ele>281</ele>
    <time>2026-05-29T19:22:35Z</time>
    <extensions>
     <gpxdata:hr>194</gpxdata:hr>
     <gpxdata:distance>6098.00</gpxdata:distance>
     <gpxdata:cadence>89</gpxdata:cadence>
     <gpxdata:speed>4.394</gpxdata:speed>
    </extensions>
   </trkpt>
   <trkpt lat="46.0296725" lon="4.0837769">
    <ele>281</ele>
    <time>2026-05-29T19:22:36Z</time>
    <extensions>
     <gpxdata:hr>194</gpxdata:hr>
     <gpxdata:distance>6104.50</gpxdata:distance>
     <gpxdata:cadence>89</gpxdata:cadence>
     <gpxdata:speed>4.392</gpxdata:speed>
    </extensions>
   </trkpt>
   <trkpt lat="46.0296368" lon="4.0837990">
    <ele>282</ele>
    <time>2026-05-29T19:22:37Z</time>
    <extensions>
     <gpxdata:hr>194</gpxdata:hr>
     <gpxdata:distance>6111.00</gpxdata:distance>
     <gpxdata:cadence>89</gpxdata:cadence>
     <gpxdata:speed>4.389</gpxdata:speed>
    </extensions>
   </trkpt>
   <trkpt lat="46.0296011" lon="4.0838220">
    <ele>282</ele>
    <time>2026-05-29T19:22:38Z</time>
    <extensions>
     <gpxdata:hr>193</gpxdata:hr>
     <gpxdata:distance>6113.00</gpxdata:distance>
     <gpxdata:cadence>89</gpxdata:cadence>
     <gpxdata:speed>4.389</gpxdata:speed>
    </extensions>
   </trkpt>
   <trkpt lat="46.0295654" lon="4.0838451">
    <ele>282</ele>
    <time>2026-05-29T19:22:39Z</time>
    <extensions>
     <gpxdata:hr>193</gpxdata:hr>
     <gpxdata:distance>6115.00</gpxdata:distance>
     <gpxdata:cadence>89</gpxdata:cadence>
     <gpxdata:speed>4.389</gpxdata:speed>
    </extensions>
   </trkpt>
   <trkpt lat="46.0295286" lon="4.0838651">
    <ele>282</ele>
    <time>2026-05-29T19:22:40Z</time>
    <extensions>
     <gpxdata:hr>194</gpxdata:hr>
     <gpxdata:distance>6122.00</gpxdata:distance>
     <gpxdata:cadence>89</gpxdata:cadence>
     <gpxdata:speed>4.389</gpxdata:speed>
    </extensions>
   </trkpt>
   <trkpt lat="46.0294919" lon="4.0838852">
    <ele>282</ele>
    <time>2026-05-29T19:22:41Z</time>
    <extensions>
     <gpxdata:hr>194</gpxdata:hr>
     <gpxdata:distance>6129.00</gpxdata:distance>
     <gpxdata:cadence>90</gpxdata:cadence>
     <gpxdata:speed>4.389</gpxdata:speed>
    </extensions>
   </trkpt>
   <trkpt lat="46.0294568" lon="4.0839064">
    <ele>282</ele>
    <time>2026-05-29T19:22:42Z</time>
    <extensions>
     <gpxdata:hr>194</gpxdata:hr>
     <gpxdata:distance>6130.50</gpxdata:distance>
     <gpxdata:cadence>89</gpxdata:cadence>
     <gpxdata:speed>4.386</gpxdata:speed>
    </extensions>
   </trkpt>
   <trkpt lat="46.0294217" lon="4.0839276">
    <ele>282</ele>
    <time>2026-05-29T19:22:43Z</time>
    <extensions>
     <gpxdata:hr>194</gpxdata:hr>
     <gpxdata:distance>6132.00</gpxdata:distance>
     <gpxdata:cadence>89</gpxdata:cadence>
     <gpxdata:speed>4.386</gpxdata:speed>
    </extensions>
   </trkpt>
   <trkpt lat="46.0293853" lon="4.0839500">
    <ele>282</ele>
    <time>2026-05-29T19:22:44Z</time>
    <extensions>
     <gpxdata:hr>194</gpxdata:hr>
     <gpxdata:distance>6139.50</gpxdata:distance>
     <gpxdata:cadence>89</gpxdata:cadence>
     <gpxdata:speed>4.383</gpxdata:speed>
    </extensions>
   </trkpt>
   <trkpt lat="46.0293490" lon="4.0839725">
    <ele>282</ele>
    <time>2026-05-29T19:22:45Z</time>
    <extensions>
     <gpxdata:hr>194</gpxdata:hr>
     <gpxdata:distance>6147.00</gpxdata:distance>
     <gpxdata:cadence>89</gpxdata:cadence>
     <gpxdata:speed>4.383</gpxdata:speed>
    </extensions>
   </trkpt>
   <trkpt lat="46.0293117" lon="4.0839945">
    <ele>282</ele>
    <time>2026-05-29T19:22:46Z</time>
    <extensions>
     <gpxdata:hr>194</gpxdata:hr>
     <gpxdata:distance>6151.00</gpxdata:distance>
     <gpxdata:cadence>88</gpxdata:cadence>
     <gpxdata:speed>4.378</gpxdata:speed>
    </extensions>
   </trkpt>
   <trkpt lat="46.0292744" lon="4.0840166">
    <ele>282</ele>
    <time>2026-05-29T19:22:47Z</time>
    <extensions>
     <gpxdata:hr>194</gpxdata:hr>
     <gpxdata:distance>6155.00</gpxdata:distance>
     <gpxdata:cadence>88</gpxdata:cadence>
     <gpxdata:speed>4.372</gpxdata:speed>
    </extensions>
   </trkpt>
   <trkpt lat="46.0292379" lon="4.0840401">
    <ele>282</ele>
    <time>2026-05-29T19:22:48Z</time>
    <extensions>
     <gpxdata:hr>194</gpxdata:hr>
     <gpxdata:distance>6159.50</gpxdata:distance>
     <gpxdata:cadence>88</gpxdata:cadence>
     <gpxdata:speed>4.372</gpxdata:speed>
    </extensions>
   </trkpt>
   <trkpt lat="46.0292015" lon="4.0840637">
    <ele>282</ele>
    <time>2026-05-29T19:22:49Z</time>
    <extensions>
     <gpxdata:hr>194</gpxdata:hr>
     <gpxdata:distance>6164.00</gpxdata:distance>
     <gpxdata:cadence>88</gpxdata:cadence>
     <gpxdata:speed>4.375</gpxdata:speed>
    </extensions>
   </trkpt>
   <trkpt lat="46.0291641" lon="4.0840878">
    <ele>282</ele>
    <time>2026-05-29T19:22:50Z</time>
    <extensions>
     <gpxdata:hr>195</gpxdata:hr>
     <gpxdata:distance>6166.50</gpxdata:distance>
     <gpxdata:cadence>88</gpxdata:cadence>
     <gpxdata:speed>4.378</gpxdata:speed>
    </extensions>
   </trkpt>
   <trkpt lat="46.0291268" lon="4.0841120">
    <ele>282</ele>
    <time>2026-05-29T19:22:51Z</time>
    <extensions>
     <gpxdata:hr>193</gpxdata:hr>
     <gpxdata:distance>6169.00</gpxdata:distance>
     <gpxdata:cadence>89</gpxdata:cadence>
     <gpxdata:speed>4.383</gpxdata:speed>
    </extensions>
   </trkpt>
   <trkpt lat="46.0290900" lon="4.0841361">
    <ele>282</ele>
    <time>2026-05-29T19:22:52Z</time>
    <extensions>
     <gpxdata:hr>193</gpxdata:hr>
     <gpxdata:distance>6175.50</gpxdata:distance>
     <gpxdata:cadence>88</gpxdata:cadence>
     <gpxdata:speed>4.386</gpxdata:speed>
    </extensions>
   </trkpt>
   <trkpt lat="46.0290532" lon="4.0841602">
    <ele>281</ele>
    <time>2026-05-29T19:22:53Z</time>
    <extensions>
     <gpxdata:hr>194</gpxdata:hr>
     <gpxdata:distance>6182.00</gpxdata:distance>
     <gpxdata:cadence>88</gpxdata:cadence>
     <gpxdata:speed>4.392</gpxdata:speed>
    </extensions>
   </trkpt>
   <trkpt lat="46.0290172" lon="4.0841845">
    <ele>281</ele>
    <time>2026-05-29T19:22:54Z</time>
    <extensions>
     <gpxdata:hr>193</gpxdata:hr>
     <gpxdata:distance>6186.50</gpxdata:distance>
     <gpxdata:cadence>88</gpxdata:cadence>
     <gpxdata:speed>4.392</gpxdata:speed>
    </extensions>
   </trkpt>
   <trkpt lat="46.0289813" lon="4.0842089">
    <ele>281</ele>
    <time>2026-05-29T19:22:55Z</time>
    <extensions>
     <gpxdata:hr>194</gpxdata:hr>
     <gpxdata:distance>6191.00</gpxdata:distance>
     <gpxdata:cadence>88</gpxdata:cadence>
     <gpxdata:speed>4.394</gpxdata:speed>
    </extensions>
   </trkpt>
   <trkpt lat="46.0289435" lon="4.0842313">
    <ele>281</ele>
    <time>2026-05-29T19:22:56Z</time>
    <extensions>
     <gpxdata:hr>193</gpxdata:hr>
     <gpxdata:distance>6193.50</gpxdata:distance>
     <gpxdata:cadence>88</gpxdata:cadence>
     <gpxdata:speed>4.394</gpxdata:speed>
    </extensions>
   </trkpt>
   <trkpt lat="46.0289057" lon="4.0842537">
    <ele>281</ele>
    <time>2026-05-29T19:22:57Z</time>
    <extensions>
     <gpxdata:hr>193</gpxdata:hr>
     <gpxdata:distance>6196.00</gpxdata:distance>
     <gpxdata:cadence>88</gpxdata:cadence>
     <gpxdata:speed>4.397</gpxdata:speed>
    </extensions>
   </trkpt>
   <trkpt lat="46.0288662" lon="4.0842733">
    <ele>281</ele>
    <time>2026-05-29T19:22:58Z</time>
    <extensions>
     <gpxdata:hr>193</gpxdata:hr>
     <gpxdata:distance>6202.50</gpxdata:distance>
     <gpxdata:cadence>88</gpxdata:cadence>
     <gpxdata:speed>4.397</gpxdata:speed>
    </extensions>
   </trkpt>
   <trkpt lat="46.0288267" lon="4.0842930">
    <ele>281</ele>
    <time>2026-05-29T19:22:59Z</time>
    <extensions>
     <gpxdata:hr>193</gpxdata:hr>
     <gpxdata:distance>6209.00</gpxdata:distance>
     <gpxdata:cadence>88</gpxdata:cadence>
     <gpxdata:speed>4.400</gpxdata:speed>
    </extensions>
   </trkpt>
   <trkpt lat="46.0287875" lon="4.0843123">
    <ele>281</ele>
    <time>2026-05-29T19:23:00Z</time>
    <extensions>
     <gpxdata:hr>193</gpxdata:hr>
     <gpxdata:distance>6214.00</gpxdata:distance>
     <gpxdata:cadence>89</gpxdata:cadence>
     <gpxdata:speed>4.408</gpxdata:speed>
    </extensions>
   </trkpt>
   <trkpt lat="46.0287483" lon="4.0843317">
    <ele>281</ele>
    <time>2026-05-29T19:23:01Z</time>
    <extensions>
     <gpxdata:hr>193</gpxdata:hr>
     <gpxdata:distance>6219.00</gpxdata:distance>
     <gpxdata:cadence>89</gpxdata:cadence>
     <gpxdata:speed>4.417</gpxdata:speed>
    </extensions>
   </trkpt>
   <trkpt lat="46.0287086" lon="4.0843503">
    <ele>281</ele>
    <time>2026-05-29T19:23:02Z</time>
    <extensions>
     <gpxdata:hr>192</gpxdata:hr>
     <gpxdata:distance>6223.50</gpxdata:distance>
     <gpxdata:cadence>90</gpxdata:cadence>
     <gpxdata:speed>4.422</gpxdata:speed>
    </extensions>
   </trkpt>
   <trkpt lat="46.0286690" lon="4.0843689">
    <ele>281</ele>
    <time>2026-05-29T19:23:03Z</time>
    <extensions>
     <gpxdata:hr>192</gpxdata:hr>
     <gpxdata:distance>6228.00</gpxdata:distance>
     <gpxdata:cadence>90</gpxdata:cadence>
     <gpxdata:speed>4.431</gpxdata:speed>
    </extensions>
   </trkpt>
   <trkpt lat="46.0286309" lon="4.0843876">
    <ele>281</ele>
    <time>2026-05-29T19:23:04Z</time>
    <extensions>
     <gpxdata:hr>193</gpxdata:hr>
     <gpxdata:distance>6232.50</gpxdata:distance>
     <gpxdata:cadence>90</gpxdata:cadence>
     <gpxdata:speed>4.433</gpxdata:speed>
    </extensions>
   </trkpt>
   <trkpt lat="46.0285929" lon="4.0844064">
    <ele>281</ele>
    <time>2026-05-29T19:23:05Z</time>
    <extensions>
     <gpxdata:hr>192</gpxdata:hr>
     <gpxdata:distance>6237.00</gpxdata:distance>
     <gpxdata:cadence>90</gpxdata:cadence>
     <gpxdata:speed>4.436</gpxdata:speed>
    </extensions>
   </trkpt>
   <trkpt lat="46.0285553" lon="4.0844272">
    <ele>281</ele>
    <time>2026-05-29T19:23:06Z</time>
    <extensions>
     <gpxdata:hr>192</gpxdata:hr>
     <gpxdata:distance>6241.50</gpxdata:distance>
     <gpxdata:cadence>89</gpxdata:cadence>
     <gpxdata:speed>4.433</gpxdata:speed>
    </extensions>
   </trkpt>
   <trkpt lat="46.0285177" lon="4.0844481">
    <ele>281</ele>
    <time>2026-05-29T19:23:07Z</time>
    <extensions>
     <gpxdata:hr>192</gpxdata:hr>
     <gpxdata:distance>6246.00</gpxdata:distance>
     <gpxdata:cadence>89</gpxdata:cadence>
     <gpxdata:speed>4.433</gpxdata:speed>
    </extensions>
   </trkpt>
   <trkpt lat="46.0284820" lon="4.0844717">
    <ele>281</ele>
    <time>2026-05-29T19:23:08Z</time>
    <extensions>
     <gpxdata:hr>192</gpxdata:hr>
     <gpxdata:distance>6250.00</gpxdata:distance>
     <gpxdata:cadence>89</gpxdata:cadence>
     <gpxdata:speed>4.431</gpxdata:speed>
    </extensions>
   </trkpt>
   <trkpt lat="46.0284463" lon="4.0844954">
    <ele>281</ele>
    <time>2026-05-29T19:23:09Z</time>
    <extensions>
     <gpxdata:hr>193</gpxdata:hr>
     <gpxdata:distance>6254.00</gpxdata:distance>
     <gpxdata:cadence>88</gpxdata:cadence>
     <gpxdata:speed>4.428</gpxdata:speed>
    </extensions>
   </trkpt>
   <trkpt lat="46.0284110" lon="4.0845216">
    <ele>281</ele>
    <time>2026-05-29T19:23:10Z</time>
    <extensions>
     <gpxdata:hr>192</gpxdata:hr>
     <gpxdata:distance>6256.50</gpxdata:distance>
     <gpxdata:cadence>88</gpxdata:cadence>
     <gpxdata:speed>4.428</gpxdata:speed>
    </extensions>
   </trkpt>
   <trkpt lat="46.0283757" lon="4.0845478">
    <ele>281</ele>
    <time>2026-05-29T19:23:11Z</time>
    <extensions>
     <gpxdata:hr>192</gpxdata:hr>
     <gpxdata:distance>6259.00</gpxdata:distance>
     <gpxdata:cadence>88</gpxdata:cadence>
     <gpxdata:speed>4.428</gpxdata:speed>
    </extensions>
   </trkpt>
   <trkpt lat="46.0283414" lon="4.0845731">
    <ele>281</ele>
    <time>2026-05-29T19:23:12Z</time>
    <extensions>
     <gpxdata:hr>192</gpxdata:hr>
     <gpxdata:distance>6265.00</gpxdata:distance>
     <gpxdata:cadence>88</gpxdata:cadence>
     <gpxdata:speed>4.428</gpxdata:speed>
    </extensions>
   </trkpt>
   <trkpt lat="46.0283072" lon="4.0845985">
    <ele>281</ele>
    <time>2026-05-29T19:23:13Z</time>
    <extensions>
     <gpxdata:hr>192</gpxdata:hr>
     <gpxdata:distance>6271.00</gpxdata:distance>
     <gpxdata:cadence>88</gpxdata:cadence>
     <gpxdata:speed>4.428</gpxdata:speed>
    </extensions>
   </trkpt>
   <trkpt lat="46.0282738" lon="4.0846245">
    <ele>281</ele>
    <time>2026-05-29T19:23:14Z</time>
    <extensions>
     <gpxdata:hr>192</gpxdata:hr>
     <gpxdata:distance>6275.50</gpxdata:distance>
     <gpxdata:cadence>88</gpxdata:cadence>
     <gpxdata:speed>4.428</gpxdata:speed>
    </extensions>
   </trkpt>
   <trkpt lat="46.0282404" lon="4.0846505">
    <ele>281</ele>
    <time>2026-05-29T19:23:15Z</time>
    <extensions>
     <gpxdata:hr>191</gpxdata:hr>
     <gpxdata:distance>6280.00</gpxdata:distance>
     <gpxdata:cadence>88</gpxdata:cadence>
     <gpxdata:speed>4.428</gpxdata:speed>
    </extensions>
   </trkpt>
   <trkpt lat="46.0282063" lon="4.0846781">
    <ele>281</ele>
    <time>2026-05-29T19:23:16Z</time>
    <extensions>
     <gpxdata:hr>191</gpxdata:hr>
     <gpxdata:distance>6282.50</gpxdata:distance>
     <gpxdata:cadence>88</gpxdata:cadence>
     <gpxdata:speed>4.428</gpxdata:speed>
    </extensions>
   </trkpt>
   <trkpt lat="46.0281722" lon="4.0847057">
    <ele>281</ele>
    <time>2026-05-29T19:23:17Z</time>
    <extensions>
     <gpxdata:hr>191</gpxdata:hr>
     <gpxdata:distance>6285.00</gpxdata:distance>
     <gpxdata:cadence>88</gpxdata:cadence>
     <gpxdata:speed>4.431</gpxdata:speed>
    </extensions>
   </trkpt>
   <trkpt lat="46.0281368" lon="4.0847309">
    <ele>281</ele>
    <time>2026-05-29T19:23:18Z</time>
    <extensions>
     <gpxdata:hr>191</gpxdata:hr>
     <gpxdata:distance>6291.50</gpxdata:distance>
     <gpxdata:cadence>88</gpxdata:cadence>
     <gpxdata:speed>4.431</gpxdata:speed>
    </extensions>
   </trkpt>
   <trkpt lat="46.0281014" lon="4.0847562">
    <ele>281</ele>
    <time>2026-05-29T19:23:19Z</time>
    <extensions>
     <gpxdata:hr>191</gpxdata:hr>
     <gpxdata:distance>6298.00</gpxdata:distance>
     <gpxdata:cadence>87</gpxdata:cadence>
     <gpxdata:speed>4.431</gpxdata:speed>
    </extensions>
   </trkpt>
   <trkpt lat="46.0280650" lon="4.0847791">
    <ele>281</ele>
    <time>2026-05-29T19:23:20Z</time>
    <extensions>
     <gpxdata:hr>191</gpxdata:hr>
     <gpxdata:distance>6302.50</gpxdata:distance>
     <gpxdata:cadence>88</gpxdata:cadence>
     <gpxdata:speed>4.431</gpxdata:speed>
    </extensions>
   </trkpt>
   <trkpt lat="46.0280286" lon="4.0848021">
    <ele>281</ele>
    <time>2026-05-29T19:23:21Z</time>
    <extensions>
     <gpxdata:hr>192</gpxdata:hr>
     <gpxdata:distance>6307.00</gpxdata:distance>
     <gpxdata:cadence>88</gpxdata:cadence>
     <gpxdata:speed>4.433</gpxdata:speed>
    </extensions>
   </trkpt>
   <trkpt lat="46.0279932" lon="4.0848255">
    <ele>282</ele>
    <time>2026-05-29T19:23:22Z</time>
    <extensions>
     <gpxdata:hr>192</gpxdata:hr>
     <gpxdata:distance>6311.00</gpxdata:distance>
     <gpxdata:cadence>88</gpxdata:cadence>
     <gpxdata:speed>4.433</gpxdata:speed>
    </extensions>
   </trkpt>
   <trkpt lat="46.0279578" lon="4.0848490">
    <ele>282</ele>
    <time>2026-05-29T19:23:23Z</time>
    <extensions>
     <gpxdata:hr>192</gpxdata:hr>
     <gpxdata:distance>6315.00</gpxdata:distance>
     <gpxdata:cadence>88</gpxdata:cadence>
     <gpxdata:speed>4.433</gpxdata:speed>
    </extensions>
   </trkpt>
   <trkpt lat="46.0279219" lon="4.0848728">
    <ele>282</ele>
    <time>2026-05-29T19:23:24Z</time>
    <extensions>
     <gpxdata:hr>192</gpxdata:hr>
     <gpxdata:distance>6317.50</gpxdata:distance>
     <gpxdata:cadence>88</gpxdata:cadence>
     <gpxdata:speed>4.431</gpxdata:speed>
    </extensions>
   </trkpt>
   <trkpt lat="46.0278860" lon="4.0848966">
    <ele>282</ele>
    <time>2026-05-29T19:23:25Z</time>
    <extensions>
     <gpxdata:hr>193</gpxdata:hr>
     <gpxdata:distance>6320.00</gpxdata:distance>
     <gpxdata:cadence>89</gpxdata:cadence>
     <gpxdata:speed>4.431</gpxdata:speed>
    </extensions>
   </trkpt>
   <trkpt lat="46.0278492" lon="4.0849165">
    <ele>282</ele>
    <time>2026-05-29T19:23:26Z</time>
    <extensions>
     <gpxdata:hr>193</gpxdata:hr>
     <gpxdata:distance>6324.00</gpxdata:distance>
     <gpxdata:cadence>88</gpxdata:cadence>
     <gpxdata:speed>4.428</gpxdata:speed>
    </extensions>
   </trkpt>
   <trkpt lat="46.0278124" lon="4.0849364">
    <ele>282</ele>
    <time>2026-05-29T19:23:27Z</time>
    <extensions>
     <gpxdata:hr>193</gpxdata:hr>
     <gpxdata:distance>6328.00</gpxdata:distance>
     <gpxdata:cadence>88</gpxdata:cadence>
     <gpxdata:speed>4.428</gpxdata:speed>
    </extensions>
   </trkpt>
   <trkpt lat="46.0277768" lon="4.0849558">
    <ele>282</ele>
    <time>2026-05-29T19:23:28Z</time>
    <extensions>
     <gpxdata:hr>192</gpxdata:hr>
     <gpxdata:distance>6332.50</gpxdata:distance>
     <gpxdata:cadence>88</gpxdata:cadence>
     <gpxdata:speed>4.425</gpxdata:speed>
    </extensions>
   </trkpt>
   <trkpt lat="46.0277412" lon="4.0849752">
    <ele>282</ele>
    <time>2026-05-29T19:23:29Z</time>
    <extensions>
     <gpxdata:hr>192</gpxdata:hr>
     <gpxdata:distance>6337.00</gpxdata:distance>
     <gpxdata:cadence>88</gpxdata:cadence>
     <gpxdata:speed>4.425</gpxdata:speed>
    </extensions>
   </trkpt>
   <trkpt lat="46.0277060" lon="4.0849971">
    <ele>282</ele>
    <time>2026-05-29T19:23:30Z</time>
    <extensions>
     <gpxdata:hr>193</gpxdata:hr>
     <gpxdata:distance>6343.50</gpxdata:distance>
     <gpxdata:cadence>88</gpxdata:cadence>
     <gpxdata:speed>4.419</gpxdata:speed>
    </extensions>
   </trkpt>
   <trkpt lat="46.0276708" lon="4.0850190">
    <ele>282</ele>
    <time>2026-05-29T19:23:31Z</time>
    <extensions>
     <gpxdata:hr>193</gpxdata:hr>
     <gpxdata:distance>6350.00</gpxdata:distance>
     <gpxdata:cadence>89</gpxdata:cadence>
     <gpxdata:speed>4.417</gpxdata:speed>
    </extensions>
   </trkpt>
   <trkpt lat="46.0276353" lon="4.0850433">
    <ele>282</ele>
    <time>2026-05-29T19:23:32Z</time>
    <extensions>
     <gpxdata:hr>192</gpxdata:hr>
     <gpxdata:distance>6354.50</gpxdata:distance>
     <gpxdata:cadence>89</gpxdata:cadence>
     <gpxdata:speed>4.411</gpxdata:speed>
    </extensions>
   </trkpt>
   <trkpt lat="46.0275998" lon="4.0850676">
    <ele>282</ele>
    <time>2026-05-29T19:23:33Z</time>
    <extensions>
     <gpxdata:hr>192</gpxdata:hr>
     <gpxdata:distance>6359.00</gpxdata:distance>
     <gpxdata:cadence>89</gpxdata:cadence>
     <gpxdata:speed>4.406</gpxdata:speed>
    </extensions>
   </trkpt>
   <trkpt lat="46.0275628" lon="4.0850918">
    <ele>282</ele>
    <time>2026-05-29T19:23:34Z</time>
    <extensions>
     <gpxdata:hr>192</gpxdata:hr>
     <gpxdata:distance>6363.50</gpxdata:distance>
     <gpxdata:cadence>89</gpxdata:cadence>
     <gpxdata:speed>4.403</gpxdata:speed>
    </extensions>
   </trkpt>
   <trkpt lat="46.0275259" lon="4.0851161">
    <ele>282</ele>
    <time>2026-05-29T19:23:35Z</time>
    <extensions>
     <gpxdata:hr>192</gpxdata:hr>
     <gpxdata:distance>6368.00</gpxdata:distance>
     <gpxdata:cadence>89</gpxdata:cadence>
     <gpxdata:speed>4.400</gpxdata:speed>
    </extensions>
   </trkpt>
   <trkpt lat="46.0274877" lon="4.0851388">
    <ele>282</ele>
    <time>2026-05-29T19:23:36Z</time>
    <extensions>
     <gpxdata:hr>192</gpxdata:hr>
     <gpxdata:distance>6372.50</gpxdata:distance>
     <gpxdata:cadence>89</gpxdata:cadence>
     <gpxdata:speed>4.397</gpxdata:speed>
    </extensions>
   </trkpt>
   <trkpt lat="46.0274496" lon="4.0851616">
    <ele>282</ele>
    <time>2026-05-29T19:23:37Z</time>
    <extensions>
     <gpxdata:hr>192</gpxdata:hr>
     <gpxdata:distance>6377.00</gpxdata:distance>
     <gpxdata:cadence>89</gpxdata:cadence>
     <gpxdata:speed>4.394</gpxdata:speed>
    </extensions>
   </trkpt>
   <trkpt lat="46.0274102" lon="4.0851808">
    <ele>282</ele>
    <time>2026-05-29T19:23:38Z</time>
    <extensions>
     <gpxdata:hr>192</gpxdata:hr>
     <gpxdata:distance>6382.00</gpxdata:distance>
     <gpxdata:cadence>89</gpxdata:cadence>
     <gpxdata:speed>4.394</gpxdata:speed>
    </extensions>
   </trkpt>
   <trkpt lat="46.0273708" lon="4.0852000">
    <ele>282</ele>
    <time>2026-05-29T19:23:39Z</time>
    <extensions>
     <gpxdata:hr>191</gpxdata:hr>
     <gpxdata:distance>6387.00</gpxdata:distance>
     <gpxdata:cadence>89</gpxdata:cadence>
     <gpxdata:speed>4.394</gpxdata:speed>
    </extensions>
   </trkpt>
   <trkpt lat="46.0273334" lon="4.0852199">
    <ele>282</ele>
    <time>2026-05-29T19:23:40Z</time>
    <extensions>
     <gpxdata:hr>191</gpxdata:hr>
     <gpxdata:distance>6391.00</gpxdata:distance>
     <gpxdata:cadence>89</gpxdata:cadence>
     <gpxdata:speed>4.397</gpxdata:speed>
    </extensions>
   </trkpt>
   <trkpt lat="46.0272960" lon="4.0852398">
    <ele>282</ele>
    <time>2026-05-29T19:23:41Z</time>
    <extensions>
     <gpxdata:hr>192</gpxdata:hr>
     <gpxdata:distance>6395.00</gpxdata:distance>
     <gpxdata:cadence>89</gpxdata:cadence>
     <gpxdata:speed>4.400</gpxdata:speed>
    </extensions>
   </trkpt>
   <trkpt lat="46.0272608" lon="4.0852622">
    <ele>282</ele>
    <time>2026-05-29T19:23:42Z</time>
    <extensions>
     <gpxdata:hr>191</gpxdata:hr>
     <gpxdata:distance>6397.00</gpxdata:distance>
     <gpxdata:cadence>88</gpxdata:cadence>
     <gpxdata:speed>4.400</gpxdata:speed>
    </extensions>
   </trkpt>
   <trkpt lat="46.0272257" lon="4.0852847">
    <ele>282</ele>
    <time>2026-05-29T19:23:43Z</time>
    <extensions>
     <gpxdata:hr>191</gpxdata:hr>
     <gpxdata:distance>6399.00</gpxdata:distance>
     <gpxdata:cadence>88</gpxdata:cadence>
     <gpxdata:speed>4.403</gpxdata:speed>
    </extensions>
   </trkpt>
   <trkpt lat="46.0271915" lon="4.0853083">
    <ele>282</ele>
    <time>2026-05-29T19:23:44Z</time>
    <extensions>
     <gpxdata:hr>192</gpxdata:hr>
     <gpxdata:distance>6403.00</gpxdata:distance>
     <gpxdata:cadence>88</gpxdata:cadence>
     <gpxdata:speed>4.403</gpxdata:speed>
    </extensions>
   </trkpt>
   <trkpt lat="46.0271574" lon="4.0853320">
    <ele>282</ele>
    <time>2026-05-29T19:23:45Z</time>
    <extensions>
     <gpxdata:hr>192</gpxdata:hr>
     <gpxdata:distance>6407.00</gpxdata:distance>
     <gpxdata:cadence>88</gpxdata:cadence>
     <gpxdata:speed>4.403</gpxdata:speed>
    </extensions>
   </trkpt>
   <trkpt lat="46.0271231" lon="4.0853564">
    <ele>282</ele>
    <time>2026-05-29T19:23:46Z</time>
    <extensions>
     <gpxdata:hr>192</gpxdata:hr>
     <gpxdata:distance>6414.00</gpxdata:distance>
     <gpxdata:cadence>88</gpxdata:cadence>
     <gpxdata:speed>4.403</gpxdata:speed>
    </extensions>
   </trkpt>
   <trkpt lat="46.0270888" lon="4.0853809">
    <ele>282</ele>
    <time>2026-05-29T19:23:47Z</time>
    <extensions>
     <gpxdata:hr>191</gpxdata:hr>
     <gpxdata:distance>6421.00</gpxdata:distance>
     <gpxdata:cadence>89</gpxdata:cadence>
     <gpxdata:speed>4.403</gpxdata:speed>
    </extensions>
   </trkpt>
   <trkpt lat="46.0270534" lon="4.0854046">
    <ele>282</ele>
    <time>2026-05-29T19:23:48Z</time>
    <extensions>
     <gpxdata:hr>192</gpxdata:hr>
     <gpxdata:distance>6423.00</gpxdata:distance>
     <gpxdata:cadence>89</gpxdata:cadence>
     <gpxdata:speed>4.403</gpxdata:speed>
    </extensions>
   </trkpt>
   <trkpt lat="46.0270180" lon="4.0854283">
    <ele>282</ele>
    <time>2026-05-29T19:23:49Z</time>
    <extensions>
     <gpxdata:hr>191</gpxdata:hr>
     <gpxdata:distance>6425.00</gpxdata:distance>
     <gpxdata:cadence>89</gpxdata:cadence>
     <gpxdata:speed>4.403</gpxdata:speed>
    </extensions>
   </trkpt>
   <trkpt lat="46.0269811" lon="4.0854527">
    <ele>282</ele>
    <time>2026-05-29T19:23:50Z</time>
    <extensions>
     <gpxdata:hr>191</gpxdata:hr>
     <gpxdata:distance>6429.50</gpxdata:distance>
     <gpxdata:cadence>89</gpxdata:cadence>
     <gpxdata:speed>4.400</gpxdata:speed>
    </extensions>
   </trkpt>
   <trkpt lat="46.0269443" lon="4.0854772">
    <ele>282</ele>
    <time>2026-05-29T19:23:51Z</time>
    <extensions>
     <gpxdata:hr>190</gpxdata:hr>
     <gpxdata:distance>6434.00</gpxdata:distance>
     <gpxdata:cadence>90</gpxdata:cadence>
     <gpxdata:speed>4.400</gpxdata:speed>
    </extensions>
   </trkpt>
   <trkpt lat="46.0269058" lon="4.0855003">
    <ele>282</ele>
    <time>2026-05-29T19:23:52Z</time>
    <extensions>
     <gpxdata:hr>191</gpxdata:hr>
     <gpxdata:distance>6439.00</gpxdata:distance>
     <gpxdata:cadence>90</gpxdata:cadence>
     <gpxdata:speed>4.397</gpxdata:speed>
    </extensions>
   </trkpt>
   <trkpt lat="46.0268674" lon="4.0855234">
    <ele>282</ele>
    <time>2026-05-29T19:23:53Z</time>
    <extensions>
     <gpxdata:hr>191</gpxdata:hr>
     <gpxdata:distance>6444.00</gpxdata:distance>
     <gpxdata:cadence>90</gpxdata:cadence>
     <gpxdata:speed>4.397</gpxdata:speed>
    </extensions>
   </trkpt>
   <trkpt lat="46.0268288" lon="4.0855435">
    <ele>282</ele>
    <time>2026-05-29T19:23:54Z</time>
    <extensions>
     <gpxdata:hr>192</gpxdata:hr>
     <gpxdata:distance>6448.00</gpxdata:distance>
     <gpxdata:cadence>90</gpxdata:cadence>
     <gpxdata:speed>4.400</gpxdata:speed>
    </extensions>
   </trkpt>
   <trkpt lat="46.0267902" lon="4.0855636">
    <ele>282</ele>
    <time>2026-05-29T19:23:55Z</time>
    <extensions>
     <gpxdata:hr>192</gpxdata:hr>
     <gpxdata:distance>6452.00</gpxdata:distance>
     <gpxdata:cadence>90</gpxdata:cadence>
     <gpxdata:speed>4.406</gpxdata:speed>
    </extensions>
   </trkpt>
   <trkpt lat="46.0267518" lon="4.0855846">
    <ele>282</ele>
    <time>2026-05-29T19:23:56Z</time>
    <extensions>
     <gpxdata:hr>192</gpxdata:hr>
     <gpxdata:distance>6456.50</gpxdata:distance>
     <gpxdata:cadence>89</gpxdata:cadence>
     <gpxdata:speed>4.411</gpxdata:speed>
    </extensions>
   </trkpt>
   <trkpt lat="46.0267135" lon="4.0856057">
    <ele>282</ele>
    <time>2026-05-29T19:23:57Z</time>
    <extensions>
     <gpxdata:hr>192</gpxdata:hr>
     <gpxdata:distance>6461.00</gpxdata:distance>
     <gpxdata:cadence>89</gpxdata:cadence>
     <gpxdata:speed>4.417</gpxdata:speed>
    </extensions>
   </trkpt>
   <trkpt lat="46.0266741" lon="4.0856262">
    <ele>282</ele>
    <time>2026-05-29T19:23:58Z</time>
    <extensions>
     <gpxdata:hr>192</gpxdata:hr>
     <gpxdata:distance>6466.00</gpxdata:distance>
     <gpxdata:cadence>89</gpxdata:cadence>
     <gpxdata:speed>4.425</gpxdata:speed>
    </extensions>
   </trkpt>
   <trkpt lat="46.0266347" lon="4.0856468">
    <ele>282</ele>
    <time>2026-05-29T19:23:59Z</time>
    <extensions>
     <gpxdata:hr>192</gpxdata:hr>
     <gpxdata:distance>6471.00</gpxdata:distance>
     <gpxdata:cadence>89</gpxdata:cadence>
     <gpxdata:speed>4.433</gpxdata:speed>
    </extensions>
   </trkpt>
   <trkpt lat="46.0265958" lon="4.0856678">
    <ele>282</ele>
    <time>2026-05-29T19:24:00Z</time>
    <extensions>
     <gpxdata:hr>191</gpxdata:hr>
     <gpxdata:distance>6475.50</gpxdata:distance>
     <gpxdata:cadence>89</gpxdata:cadence>
     <gpxdata:speed>4.442</gpxdata:speed>
    </extensions>
   </trkpt>
   <trkpt lat="46.0265569" lon="4.0856888">
    <ele>282</ele>
    <time>2026-05-29T19:24:01Z</time>
    <extensions>
     <gpxdata:hr>192</gpxdata:hr>
     <gpxdata:distance>6480.00</gpxdata:distance>
     <gpxdata:cadence>89</gpxdata:cadence>
     <gpxdata:speed>4.453</gpxdata:speed>
    </extensions>
   </trkpt>
   <trkpt lat="46.0265196" lon="4.0857122">
    <ele>282</ele>
    <time>2026-05-29T19:24:02Z</time>
    <extensions>
     <gpxdata:hr>193</gpxdata:hr>
     <gpxdata:distance>6484.50</gpxdata:distance>
     <gpxdata:cadence>89</gpxdata:cadence>
     <gpxdata:speed>4.461</gpxdata:speed>
    </extensions>
   </trkpt>
   <trkpt lat="46.0264823" lon="4.0857357">
    <ele>282</ele>
    <time>2026-05-29T19:24:03Z</time>
    <extensions>
     <gpxdata:hr>193</gpxdata:hr>
     <gpxdata:distance>6489.00</gpxdata:distance>
     <gpxdata:cadence>89</gpxdata:cadence>
     <gpxdata:speed>4.472</gpxdata:speed>
    </extensions>
   </trkpt>
   <trkpt lat="46.0264470" lon="4.0857615">
    <ele>282</ele>
    <time>2026-05-29T19:24:04Z</time>
    <extensions>
     <gpxdata:hr>192</gpxdata:hr>
     <gpxdata:distance>6493.50</gpxdata:distance>
     <gpxdata:cadence>89</gpxdata:cadence>
     <gpxdata:speed>4.478</gpxdata:speed>
    </extensions>
   </trkpt>
   <trkpt lat="46.0264117" lon="4.0857873">
    <ele>282</ele>
    <time>2026-05-29T19:24:05Z</time>
    <extensions>
     <gpxdata:hr>192</gpxdata:hr>
     <gpxdata:distance>6498.00</gpxdata:distance>
     <gpxdata:cadence>90</gpxdata:cadence>
     <gpxdata:speed>4.483</gpxdata:speed>
    </extensions>
   </trkpt>
   <trkpt lat="46.0263765" lon="4.0858128">
    <ele>282</ele>
    <time>2026-05-29T19:24:06Z</time>
    <extensions>
     <gpxdata:hr>192</gpxdata:hr>
     <gpxdata:distance>6504.50</gpxdata:distance>
     <gpxdata:cadence>90</gpxdata:cadence>
     <gpxdata:speed>4.500</gpxdata:speed>
    </extensions>
   </trkpt>
   <trkpt lat="46.0263414" lon="4.0858383">
    <ele>282</ele>
    <time>2026-05-29T19:24:07Z</time>
    <extensions>
     <gpxdata:hr>193</gpxdata:hr>
     <gpxdata:distance>6511.00</gpxdata:distance>
     <gpxdata:cadence>90</gpxdata:cadence>
     <gpxdata:speed>4.519</gpxdata:speed>
    </extensions>
   </trkpt>
   <trkpt lat="46.0263056" lon="4.0858636">
    <ele>282</ele>
    <time>2026-05-29T19:24:08Z</time>
    <extensions>
     <gpxdata:hr>193</gpxdata:hr>
     <gpxdata:distance>6515.50</gpxdata:distance>
     <gpxdata:cadence>90</gpxdata:cadence>
     <gpxdata:speed>4.525</gpxdata:speed>
    </extensions>
   </trkpt>
   <trkpt lat="46.0262699" lon="4.0858889">
    <ele>282</ele>
    <time>2026-05-29T19:24:09Z</time>
    <extensions>
     <gpxdata:hr>193</gpxdata:hr>
     <gpxdata:distance>6520.00</gpxdata:distance>
     <gpxdata:cadence>90</gpxdata:cadence>
     <gpxdata:speed>4.531</gpxdata:speed>
    </extensions>
   </trkpt>
   <trkpt lat="46.0262340" lon="4.0859134">
    <ele>282</ele>
    <time>2026-05-29T19:24:10Z</time>
    <extensions>
     <gpxdata:hr>193</gpxdata:hr>
     <gpxdata:distance>6524.50</gpxdata:distance>
     <gpxdata:cadence>89</gpxdata:cadence>
     <gpxdata:speed>4.531</gpxdata:speed>
    </extensions>
   </trkpt>
   <trkpt lat="46.0261982" lon="4.0859379">
    <ele>282</ele>
    <time>2026-05-29T19:24:11Z</time>
    <extensions>
     <gpxdata:hr>193</gpxdata:hr>
     <gpxdata:distance>6529.00</gpxdata:distance>
     <gpxdata:cadence>89</gpxdata:cadence>
     <gpxdata:speed>4.531</gpxdata:speed>
    </extensions>
   </trkpt>
   <trkpt lat="46.0261614" lon="4.0859621">
    <ele>282</ele>
    <time>2026-05-29T19:24:12Z</time>
    <extensions>
     <gpxdata:hr>194</gpxdata:hr>
     <gpxdata:distance>6533.50</gpxdata:distance>
     <gpxdata:cadence>89</gpxdata:cadence>
     <gpxdata:speed>4.528</gpxdata:speed>
    </extensions>
   </trkpt>
   <trkpt lat="46.0261247" lon="4.0859863">
    <ele>282</ele>
    <time>2026-05-29T19:24:13Z</time>
    <extensions>
     <gpxdata:hr>193</gpxdata:hr>
     <gpxdata:distance>6538.00</gpxdata:distance>
     <gpxdata:cadence>90</gpxdata:cadence>
     <gpxdata:speed>4.528</gpxdata:speed>
    </extensions>
   </trkpt>
   <trkpt lat="46.0260871" lon="4.0860100">
    <ele>282</ele>
    <time>2026-05-29T19:24:14Z</time>
    <extensions>
     <gpxdata:hr>194</gpxdata:hr>
     <gpxdata:distance>6540.50</gpxdata:distance>
     <gpxdata:cadence>90</gpxdata:cadence>
     <gpxdata:speed>4.525</gpxdata:speed>
    </extensions>
   </trkpt>
   <trkpt lat="46.0260496" lon="4.0860337">
    <ele>282</ele>
    <time>2026-05-29T19:24:15Z</time>
    <extensions>
     <gpxdata:hr>193</gpxdata:hr>
     <gpxdata:distance>6543.00</gpxdata:distance>
     <gpxdata:cadence>90</gpxdata:cadence>
     <gpxdata:speed>4.525</gpxdata:speed>
    </extensions>
   </trkpt>
   <trkpt lat="46.0260119" lon="4.0860567">
    <ele>282</ele>
    <time>2026-05-29T19:24:16Z</time>
    <extensions>
     <gpxdata:hr>194</gpxdata:hr>
     <gpxdata:distance>6547.50</gpxdata:distance>
     <gpxdata:cadence>90</gpxdata:cadence>
     <gpxdata:speed>4.525</gpxdata:speed>
    </extensions>
   </trkpt>
   <trkpt lat="46.0259743" lon="4.0860797">
    <ele>282</ele>
    <time>2026-05-29T19:24:17Z</time>
    <extensions>
     <gpxdata:hr>194</gpxdata:hr>
     <gpxdata:distance>6552.00</gpxdata:distance>
     <gpxdata:cadence>90</gpxdata:cadence>
     <gpxdata:speed>4.525</gpxdata:speed>
    </extensions>
   </trkpt>
   <trkpt lat="46.0259369" lon="4.0861021">
    <ele>282</ele>
    <time>2026-05-29T19:24:18Z</time>
    <extensions>
     <gpxdata:hr>194</gpxdata:hr>
     <gpxdata:distance>6556.50</gpxdata:distance>
     <gpxdata:cadence>90</gpxdata:cadence>
     <gpxdata:speed>4.522</gpxdata:speed>
    </extensions>
   </trkpt>
   <trkpt lat="46.0258996" lon="4.0861245">
    <ele>282</ele>
    <time>2026-05-29T19:24:19Z</time>
    <extensions>
     <gpxdata:hr>194</gpxdata:hr>
     <gpxdata:distance>6561.00</gpxdata:distance>
     <gpxdata:cadence>90</gpxdata:cadence>
     <gpxdata:speed>4.522</gpxdata:speed>
    </extensions>
   </trkpt>
   <trkpt lat="46.0258618" lon="4.0861473">
    <ele>282</ele>
    <time>2026-05-29T19:24:20Z</time>
    <extensions>
     <gpxdata:hr>194</gpxdata:hr>
     <gpxdata:distance>6568.00</gpxdata:distance>
     <gpxdata:cadence>90</gpxdata:cadence>
     <gpxdata:speed>4.522</gpxdata:speed>
    </extensions>
   </trkpt>
   <trkpt lat="46.0258241" lon="4.0861701">
    <ele>282</ele>
    <time>2026-05-29T19:24:21Z</time>
    <extensions>
     <gpxdata:hr>194</gpxdata:hr>
     <gpxdata:distance>6575.00</gpxdata:distance>
     <gpxdata:cadence>90</gpxdata:cadence>
     <gpxdata:speed>4.522</gpxdata:speed>
    </extensions>
   </trkpt>
   <trkpt lat="46.0257851" lon="4.0861919">
    <ele>282</ele>
    <time>2026-05-29T19:24:22Z</time>
    <extensions>
     <gpxdata:hr>194</gpxdata:hr>
     <gpxdata:distance>6577.00</gpxdata:distance>
     <gpxdata:cadence>90</gpxdata:cadence>
     <gpxdata:speed>4.522</gpxdata:speed>
    </extensions>
   </trkpt>
   <trkpt lat="46.0257461" lon="4.0862137">
    <ele>282</ele>
    <time>2026-05-29T19:24:23Z</time>
    <extensions>
     <gpxdata:hr>195</gpxdata:hr>
     <gpxdata:distance>6579.00</gpxdata:distance>
     <gpxdata:cadence>90</gpxdata:cadence>
     <gpxdata:speed>4.522</gpxdata:speed>
    </extensions>
   </trkpt>
   <trkpt lat="46.0257050" lon="4.0862336">
    <ele>282</ele>
    <time>2026-05-29T19:24:24Z</time>
    <extensions>
     <gpxdata:hr>195</gpxdata:hr>
     <gpxdata:distance>6586.50</gpxdata:distance>
     <gpxdata:cadence>90</gpxdata:cadence>
     <gpxdata:speed>4.525</gpxdata:speed>
    </extensions>
   </trkpt>
   <trkpt lat="46.0256640" lon="4.0862535">
    <ele>282</ele>
    <time>2026-05-29T19:24:25Z</time>
    <extensions>
     <gpxdata:hr>194</gpxdata:hr>
     <gpxdata:distance>6594.00</gpxdata:distance>
     <gpxdata:cadence>90</gpxdata:cadence>
     <gpxdata:speed>4.528</gpxdata:speed>
    </extensions>
   </trkpt>
   <trkpt lat="46.0256242" lon="4.0862736">
    <ele>282</ele>
    <time>2026-05-29T19:24:26Z</time>
    <extensions>
     <gpxdata:hr>194</gpxdata:hr>
     <gpxdata:distance>6596.00</gpxdata:distance>
     <gpxdata:cadence>90</gpxdata:cadence>
     <gpxdata:speed>4.531</gpxdata:speed>
    </extensions>
   </trkpt>
   <trkpt lat="46.0255845" lon="4.0862938">
    <ele>282</ele>
    <time>2026-05-29T19:24:27Z</time>
    <extensions>
     <gpxdata:hr>194</gpxdata:hr>
     <gpxdata:distance>6598.00</gpxdata:distance>
     <gpxdata:cadence>90</gpxdata:cadence>
     <gpxdata:speed>4.533</gpxdata:speed>
    </extensions>
   </trkpt>
   <trkpt lat="46.0255484" lon="4.0863162">
    <ele>282</ele>
    <time>2026-05-29T19:24:28Z</time>
    <extensions>
     <gpxdata:hr>194</gpxdata:hr>
     <gpxdata:distance>6602.00</gpxdata:distance>
     <gpxdata:cadence>90</gpxdata:cadence>
     <gpxdata:speed>4.536</gpxdata:speed>
    </extensions>
   </trkpt>
   <trkpt lat="46.0255124" lon="4.0863387">
    <ele>282</ele>
    <time>2026-05-29T19:24:29Z</time>
    <extensions>
     <gpxdata:hr>193</gpxdata:hr>
     <gpxdata:distance>6606.00</gpxdata:distance>
     <gpxdata:cadence>90</gpxdata:cadence>
     <gpxdata:speed>4.542</gpxdata:speed>
    </extensions>
   </trkpt>
   <trkpt lat="46.0254792" lon="4.0863626">
    <ele>282</ele>
    <time>2026-05-29T19:24:30Z</time>
    <extensions>
     <gpxdata:hr>193</gpxdata:hr>
     <gpxdata:distance>6610.00</gpxdata:distance>
     <gpxdata:cadence>90</gpxdata:cadence>
     <gpxdata:speed>4.544</gpxdata:speed>
    </extensions>
   </trkpt>
   <trkpt lat="46.0254461" lon="4.0863866">
    <ele>282</ele>
    <time>2026-05-29T19:24:31Z</time>
    <extensions>
     <gpxdata:hr>193</gpxdata:hr>
     <gpxdata:distance>6614.00</gpxdata:distance>
     <gpxdata:cadence>90</gpxdata:cadence>
     <gpxdata:speed>4.547</gpxdata:speed>
    </extensions>
   </trkpt>
   <trkpt lat="46.0254120" lon="4.0864123">
    <ele>282</ele>
    <time>2026-05-29T19:24:32Z</time>
    <extensions>
     <gpxdata:hr>193</gpxdata:hr>
     <gpxdata:distance>6621.00</gpxdata:distance>
     <gpxdata:cadence>89</gpxdata:cadence>
     <gpxdata:speed>4.539</gpxdata:speed>
    </extensions>
   </trkpt>
   <trkpt lat="46.0253779" lon="4.0864381">
    <ele>282</ele>
    <time>2026-05-29T19:24:33Z</time>
    <extensions>
     <gpxdata:hr>193</gpxdata:hr>
     <gpxdata:distance>6628.00</gpxdata:distance>
     <gpxdata:cadence>89</gpxdata:cadence>
     <gpxdata:speed>4.531</gpxdata:speed>
    </extensions>
   </trkpt>
   <trkpt lat="46.0253416" lon="4.0864643">
    <ele>282</ele>
    <time>2026-05-29T19:24:34Z</time>
    <extensions>
     <gpxdata:hr>193</gpxdata:hr>
     <gpxdata:distance>6633.00</gpxdata:distance>
     <gpxdata:cadence>89</gpxdata:cadence>
     <gpxdata:speed>4.525</gpxdata:speed>
    </extensions>
   </trkpt>
   <trkpt lat="46.0253054" lon="4.0864905">
    <ele>282</ele>
    <time>2026-05-29T19:24:35Z</time>
    <extensions>
     <gpxdata:hr>193</gpxdata:hr>
     <gpxdata:distance>6638.00</gpxdata:distance>
     <gpxdata:cadence>89</gpxdata:cadence>
     <gpxdata:speed>4.519</gpxdata:speed>
    </extensions>
   </trkpt>
   <trkpt lat="46.0252690" lon="4.0865148">
    <ele>282</ele>
    <time>2026-05-29T19:24:36Z</time>
    <extensions>
     <gpxdata:hr>193</gpxdata:hr>
     <gpxdata:distance>6642.00</gpxdata:distance>
     <gpxdata:cadence>89</gpxdata:cadence>
     <gpxdata:speed>4.514</gpxdata:speed>
    </extensions>
   </trkpt>
   <trkpt lat="46.0252326" lon="4.0865391">
    <ele>282</ele>
    <time>2026-05-29T19:24:37Z</time>
    <extensions>
     <gpxdata:hr>193</gpxdata:hr>
     <gpxdata:distance>6646.00</gpxdata:distance>
     <gpxdata:cadence>90</gpxdata:cadence>
     <gpxdata:speed>4.511</gpxdata:speed>
    </extensions>
   </trkpt>
   <trkpt lat="46.0251961" lon="4.0865607">
    <ele>282</ele>
    <time>2026-05-29T19:24:38Z</time>
    <extensions>
     <gpxdata:hr>194</gpxdata:hr>
     <gpxdata:distance>6650.50</gpxdata:distance>
     <gpxdata:cadence>90</gpxdata:cadence>
     <gpxdata:speed>4.508</gpxdata:speed>
    </extensions>
   </trkpt>
   <trkpt lat="46.0251596" lon="4.0865823">
    <ele>282</ele>
    <time>2026-05-29T19:24:39Z</time>
    <extensions>
     <gpxdata:hr>194</gpxdata:hr>
     <gpxdata:distance>6655.00</gpxdata:distance>
     <gpxdata:cadence>90</gpxdata:cadence>
     <gpxdata:speed>4.506</gpxdata:speed>
    </extensions>
   </trkpt>
   <trkpt lat="46.0251238" lon="4.0866043">
    <ele>282</ele>
    <time>2026-05-29T19:24:40Z</time>
    <extensions>
     <gpxdata:hr>194</gpxdata:hr>
     <gpxdata:distance>6659.00</gpxdata:distance>
     <gpxdata:cadence>90</gpxdata:cadence>
     <gpxdata:speed>4.500</gpxdata:speed>
    </extensions>
   </trkpt>
   <trkpt lat="46.0250880" lon="4.0866263">
    <ele>282</ele>
    <time>2026-05-29T19:24:41Z</time>
    <extensions>
     <gpxdata:hr>194</gpxdata:hr>
     <gpxdata:distance>6663.00</gpxdata:distance>
     <gpxdata:cadence>90</gpxdata:cadence>
     <gpxdata:speed>4.497</gpxdata:speed>
    </extensions>
   </trkpt>
   <trkpt lat="46.0250535" lon="4.0866506">
    <ele>282</ele>
    <time>2026-05-29T19:24:42Z</time>
    <extensions>
     <gpxdata:hr>194</gpxdata:hr>
     <gpxdata:distance>6667.50</gpxdata:distance>
     <gpxdata:cadence>89</gpxdata:cadence>
     <gpxdata:speed>4.492</gpxdata:speed>
    </extensions>
   </trkpt>
   <trkpt lat="46.0250190" lon="4.0866749">
    <ele>282</ele>
    <time>2026-05-29T19:24:43Z</time>
    <extensions>
     <gpxdata:hr>195</gpxdata:hr>
     <gpxdata:distance>6672.00</gpxdata:distance>
     <gpxdata:cadence>89</gpxdata:cadence>
     <gpxdata:speed>4.489</gpxdata:speed>
    </extensions>
   </trkpt>
   <trkpt lat="46.0249867" lon="4.0867017">
    <ele>282</ele>
    <time>2026-05-29T19:24:44Z</time>
    <extensions>
     <gpxdata:hr>195</gpxdata:hr>
     <gpxdata:distance>6674.00</gpxdata:distance>
     <gpxdata:cadence>89</gpxdata:cadence>
     <gpxdata:speed>4.483</gpxdata:speed>
    </extensions>
   </trkpt>
   <trkpt lat="46.0249545" lon="4.0867285">
    <ele>282</ele>
    <time>2026-05-29T19:24:45Z</time>
    <extensions>
     <gpxdata:hr>196</gpxdata:hr>
     <gpxdata:distance>6676.00</gpxdata:distance>
     <gpxdata:cadence>90</gpxdata:cadence>
     <gpxdata:speed>4.481</gpxdata:speed>
    </extensions>
   </trkpt>
   <trkpt lat="46.0249314" lon="4.0867652">
    <ele>282</ele>
    <time>2026-05-29T19:24:46Z</time>
    <extensions>
     <gpxdata:hr>196</gpxdata:hr>
     <gpxdata:distance>6682.00</gpxdata:distance>
     <gpxdata:cadence>90</gpxdata:cadence>
     <gpxdata:speed>4.467</gpxdata:speed>
    </extensions>
   </trkpt>
   <trkpt lat="46.0249084" lon="4.0868019">
    <ele>282</ele>
    <time>2026-05-29T19:24:47Z</time>
    <extensions>
     <gpxdata:hr>194</gpxdata:hr>
     <gpxdata:distance>6688.00</gpxdata:distance>
     <gpxdata:cadence>90</gpxdata:cadence>
     <gpxdata:speed>4.456</gpxdata:speed>
    </extensions>
   </trkpt>
   <trkpt lat="46.0249031" lon="4.0868507">
    <ele>282</ele>
    <time>2026-05-29T19:24:48Z</time>
    <extensions>
     <gpxdata:hr>194</gpxdata:hr>
     <gpxdata:distance>6692.50</gpxdata:distance>
     <gpxdata:cadence>90</gpxdata:cadence>
     <gpxdata:speed>4.447</gpxdata:speed>
    </extensions>
   </trkpt>
   <trkpt lat="46.0248979" lon="4.0868995">
    <ele>282</ele>
    <time>2026-05-29T19:24:49Z</time>
    <extensions>
     <gpxdata:hr>194</gpxdata:hr>
     <gpxdata:distance>6697.00</gpxdata:distance>
     <gpxdata:cadence>91</gpxdata:cadence>
     <gpxdata:speed>4.439</gpxdata:speed>
    </extensions>
   </trkpt>
   <trkpt lat="46.0249115" lon="4.0869530">
    <ele>282</ele>
    <time>2026-05-29T19:24:50Z</time>
    <extensions>
     <gpxdata:hr>193</gpxdata:hr>
     <gpxdata:distance>6702.00</gpxdata:distance>
     <gpxdata:cadence>91</gpxdata:cadence>
     <gpxdata:speed>4.433</gpxdata:speed>
    </extensions>
   </trkpt>
   <trkpt lat="46.0249252" lon="4.0870066">
    <ele>282</ele>
    <time>2026-05-29T19:24:51Z</time>
    <extensions>
     <gpxdata:hr>193</gpxdata:hr>
     <gpxdata:distance>6707.00</gpxdata:distance>
     <gpxdata:cadence>91</gpxdata:cadence>
     <gpxdata:speed>4.428</gpxdata:speed>
    </extensions>
   </trkpt>
   <trkpt lat="46.0249492" lon="4.0870601">
    <ele>282</ele>
    <time>2026-05-29T19:24:52Z</time>
    <extensions>
     <gpxdata:hr>194</gpxdata:hr>
     <gpxdata:distance>6711.50</gpxdata:distance>
     <gpxdata:cadence>91</gpxdata:cadence>
     <gpxdata:speed>4.419</gpxdata:speed>
    </extensions>
   </trkpt>
   <trkpt lat="46.0249733" lon="4.0871136">
    <ele>282</ele>
    <time>2026-05-29T19:24:53Z</time>
    <extensions>
     <gpxdata:hr>195</gpxdata:hr>
     <gpxdata:distance>6716.00</gpxdata:distance>
     <gpxdata:cadence>91</gpxdata:cadence>
     <gpxdata:speed>4.411</gpxdata:speed>
    </extensions>
   </trkpt>
   <trkpt lat="46.0249994" lon="4.0871638">
    <ele>282</ele>
    <time>2026-05-29T19:24:54Z</time>
    <extensions>
     <gpxdata:hr>195</gpxdata:hr>
     <gpxdata:distance>6720.00</gpxdata:distance>
     <gpxdata:cadence>91</gpxdata:cadence>
     <gpxdata:speed>4.408</gpxdata:speed>
    </extensions>
   </trkpt>
   <trkpt lat="46.0250255" lon="4.0872141">
    <ele>282</ele>
    <time>2026-05-29T19:24:55Z</time>
    <extensions>
     <gpxdata:hr>195</gpxdata:hr>
     <gpxdata:distance>6724.00</gpxdata:distance>
     <gpxdata:cadence>91</gpxdata:cadence>
     <gpxdata:speed>4.406</gpxdata:speed>
    </extensions>
   </trkpt>
   <trkpt lat="46.0250489" lon="4.0872618">
    <ele>282</ele>
    <time>2026-05-29T19:24:56Z</time>
    <extensions>
     <gpxdata:hr>195</gpxdata:hr>
     <gpxdata:distance>6728.50</gpxdata:distance>
     <gpxdata:cadence>91</gpxdata:cadence>
     <gpxdata:speed>4.406</gpxdata:speed>
    </extensions>
   </trkpt>
   <trkpt lat="46.0250724" lon="4.0873096">
    <ele>283</ele>
    <time>2026-05-29T19:24:57Z</time>
    <extensions>
     <gpxdata:hr>194</gpxdata:hr>
     <gpxdata:distance>6733.00</gpxdata:distance>
     <gpxdata:cadence>91</gpxdata:cadence>
     <gpxdata:speed>4.408</gpxdata:speed>
    </extensions>
   </trkpt>
   <trkpt lat="46.0250970" lon="4.0873568">
    <ele>283</ele>
    <time>2026-05-29T19:24:58Z</time>
    <extensions>
     <gpxdata:hr>194</gpxdata:hr>
     <gpxdata:distance>6738.00</gpxdata:distance>
     <gpxdata:cadence>90</gpxdata:cadence>
     <gpxdata:speed>4.408</gpxdata:speed>
    </extensions>
   </trkpt>
   <trkpt lat="46.0251216" lon="4.0874040">
    <ele>283</ele>
    <time>2026-05-29T19:24:59Z</time>
    <extensions>
     <gpxdata:hr>194</gpxdata:hr>
     <gpxdata:distance>6743.00</gpxdata:distance>
     <gpxdata:cadence>90</gpxdata:cadence>
     <gpxdata:speed>4.408</gpxdata:speed>
    </extensions>
   </trkpt>
   <trkpt lat="46.0251453" lon="4.0874492">
    <ele>283</ele>
    <time>2026-05-29T19:25:00Z</time>
    <extensions>
     <gpxdata:hr>195</gpxdata:hr>
     <gpxdata:distance>6744.50</gpxdata:distance>
     <gpxdata:cadence>90</gpxdata:cadence>
     <gpxdata:speed>4.408</gpxdata:speed>
    </extensions>
   </trkpt>
   <trkpt lat="46.0251690" lon="4.0874944">
    <ele>283</ele>
    <time>2026-05-29T19:25:01Z</time>
    <extensions>
     <gpxdata:hr>195</gpxdata:hr>
     <gpxdata:distance>6746.00</gpxdata:distance>
     <gpxdata:cadence>90</gpxdata:cadence>
     <gpxdata:speed>4.408</gpxdata:speed>
    </extensions>
   </trkpt>
   <trkpt lat="46.0251893" lon="4.0875402">
    <ele>283</ele>
    <time>2026-05-29T19:25:02Z</time>
    <extensions>
     <gpxdata:hr>195</gpxdata:hr>
     <gpxdata:distance>6750.50</gpxdata:distance>
     <gpxdata:cadence>90</gpxdata:cadence>
     <gpxdata:speed>4.408</gpxdata:speed>
    </extensions>
   </trkpt>
   <trkpt lat="46.0252096" lon="4.0875861">
    <ele>283</ele>
    <time>2026-05-29T19:25:03Z</time>
    <extensions>
     <gpxdata:hr>195</gpxdata:hr>
     <gpxdata:distance>6755.00</gpxdata:distance>
     <gpxdata:cadence>91</gpxdata:cadence>
     <gpxdata:speed>4.411</gpxdata:speed>
    </extensions>
   </trkpt>
   <trkpt lat="46.0252289" lon="4.0876347">
    <ele>283</ele>
    <time>2026-05-29T19:25:04Z</time>
    <extensions>
     <gpxdata:hr>195</gpxdata:hr>
     <gpxdata:distance>6761.50</gpxdata:distance>
     <gpxdata:cadence>91</gpxdata:cadence>
     <gpxdata:speed>4.414</gpxdata:speed>
    </extensions>
   </trkpt>
   <trkpt lat="46.0252482" lon="4.0876833">
    <ele>283</ele>
    <time>2026-05-29T19:25:05Z</time>
    <extensions>
     <gpxdata:hr>195</gpxdata:hr>
     <gpxdata:distance>6768.00</gpxdata:distance>
     <gpxdata:cadence>91</gpxdata:cadence>
     <gpxdata:speed>4.417</gpxdata:speed>
    </extensions>
   </trkpt>
   <trkpt lat="46.0252697" lon="4.0877328">
    <ele>283</ele>
    <time>2026-05-29T19:25:06Z</time>
    <extensions>
     <gpxdata:hr>195</gpxdata:hr>
     <gpxdata:distance>6770.50</gpxdata:distance>
     <gpxdata:cadence>91</gpxdata:cadence>
     <gpxdata:speed>4.417</gpxdata:speed>
    </extensions>
   </trkpt>
   <trkpt lat="46.0252913" lon="4.0877824">
    <ele>283</ele>
    <time>2026-05-29T19:25:07Z</time>
    <extensions>
     <gpxdata:hr>195</gpxdata:hr>
     <gpxdata:distance>6773.00</gpxdata:distance>
     <gpxdata:cadence>91</gpxdata:cadence>
     <gpxdata:speed>4.419</gpxdata:speed>
    </extensions>
   </trkpt>
   <trkpt lat="46.0253127" lon="4.0878323">
    <ele>283</ele>
    <time>2026-05-29T19:25:08Z</time>
    <extensions>
     <gpxdata:hr>195</gpxdata:hr>
     <gpxdata:distance>6777.50</gpxdata:distance>
     <gpxdata:cadence>90</gpxdata:cadence>
     <gpxdata:speed>4.419</gpxdata:speed>
    </extensions>
   </trkpt>
   <trkpt lat="46.0253342" lon="4.0878822">
    <ele>283</ele>
    <time>2026-05-29T19:25:09Z</time>
    <extensions>
     <gpxdata:hr>195</gpxdata:hr>
     <gpxdata:distance>6782.00</gpxdata:distance>
     <gpxdata:cadence>90</gpxdata:cadence>
     <gpxdata:speed>4.422</gpxdata:speed>
    </extensions>
   </trkpt>
   <trkpt lat="46.0253565" lon="4.0879318">
    <ele>283</ele>
    <time>2026-05-29T19:25:10Z</time>
    <extensions>
     <gpxdata:hr>195</gpxdata:hr>
     <gpxdata:distance>6786.50</gpxdata:distance>
     <gpxdata:cadence>90</gpxdata:cadence>
     <gpxdata:speed>4.425</gpxdata:speed>
    </extensions>
   </trkpt>
   <trkpt lat="46.0253788" lon="4.0879815">
    <ele>283</ele>
    <time>2026-05-29T19:25:11Z</time>
    <extensions>
     <gpxdata:hr>194</gpxdata:hr>
     <gpxdata:distance>6791.00</gpxdata:distance>
     <gpxdata:cadence>90</gpxdata:cadence>
     <gpxdata:speed>4.431</gpxdata:speed>
    </extensions>
   </trkpt>
   <trkpt lat="46.0254008" lon="4.0880318">
    <ele>283</ele>
    <time>2026-05-29T19:25:12Z</time>
    <extensions>
     <gpxdata:hr>194</gpxdata:hr>
     <gpxdata:distance>6795.50</gpxdata:distance>
     <gpxdata:cadence>90</gpxdata:cadence>
     <gpxdata:speed>4.431</gpxdata:speed>
    </extensions>
   </trkpt>
   <trkpt lat="46.0254229" lon="4.0880821">
    <ele>283</ele>
    <time>2026-05-29T19:25:13Z</time>
    <extensions>
     <gpxdata:hr>194</gpxdata:hr>
     <gpxdata:distance>6800.00</gpxdata:distance>
     <gpxdata:cadence>90</gpxdata:cadence>
     <gpxdata:speed>4.433</gpxdata:speed>
    </extensions>
   </trkpt>
   <trkpt lat="46.0254453" lon="4.0881316">
    <ele>283</ele>
    <time>2026-05-29T19:25:14Z</time>
    <extensions>
     <gpxdata:hr>194</gpxdata:hr>
     <gpxdata:distance>6805.00</gpxdata:distance>
     <gpxdata:cadence>90</gpxdata:cadence>
     <gpxdata:speed>4.439</gpxdata:speed>
    </extensions>
   </trkpt>
   <trkpt lat="46.0254678" lon="4.0881812">
    <ele>283</ele>
    <time>2026-05-29T19:25:15Z</time>
    <extensions>
     <gpxdata:hr>194</gpxdata:hr>
     <gpxdata:distance>6810.00</gpxdata:distance>
     <gpxdata:cadence>90</gpxdata:cadence>
     <gpxdata:speed>4.447</gpxdata:speed>
    </extensions>
   </trkpt>
   <trkpt lat="46.0254914" lon="4.0882284">
    <ele>283</ele>
    <time>2026-05-29T19:25:16Z</time>
    <extensions>
     <gpxdata:hr>194</gpxdata:hr>
     <gpxdata:distance>6814.00</gpxdata:distance>
     <gpxdata:cadence>90</gpxdata:cadence>
     <gpxdata:speed>4.453</gpxdata:speed>
    </extensions>
   </trkpt>
   <trkpt lat="46.0255151" lon="4.0882756">
    <ele>283</ele>
    <time>2026-05-29T19:25:17Z</time>
    <extensions>
     <gpxdata:hr>194</gpxdata:hr>
     <gpxdata:distance>6818.00</gpxdata:distance>
     <gpxdata:cadence>90</gpxdata:cadence>
     <gpxdata:speed>4.458</gpxdata:speed>
    </extensions>
   </trkpt>
   <trkpt lat="46.0255394" lon="4.0883230">
    <ele>283</ele>
    <time>2026-05-29T19:25:18Z</time>
    <extensions>
     <gpxdata:hr>194</gpxdata:hr>
     <gpxdata:distance>6825.00</gpxdata:distance>
     <gpxdata:cadence>90</gpxdata:cadence>
     <gpxdata:speed>4.464</gpxdata:speed>
    </extensions>
   </trkpt>
   <trkpt lat="46.0255637" lon="4.0883705">
    <ele>283</ele>
    <time>2026-05-29T19:25:19Z</time>
    <extensions>
     <gpxdata:hr>194</gpxdata:hr>
     <gpxdata:distance>6832.00</gpxdata:distance>
     <gpxdata:cadence>90</gpxdata:cadence>
     <gpxdata:speed>4.472</gpxdata:speed>
    </extensions>
   </trkpt>
   <trkpt lat="46.0255868" lon="4.0884190">
    <ele>283</ele>
    <time>2026-05-29T19:25:20Z</time>
    <extensions>
     <gpxdata:hr>194</gpxdata:hr>
     <gpxdata:distance>6836.50</gpxdata:distance>
     <gpxdata:cadence>89</gpxdata:cadence>
     <gpxdata:speed>4.472</gpxdata:speed>
    </extensions>
   </trkpt>
   <trkpt lat="46.0256099" lon="4.0884676">
    <ele>283</ele>
    <time>2026-05-29T19:25:21Z</time>
    <extensions>
     <gpxdata:hr>195</gpxdata:hr>
     <gpxdata:distance>6841.00</gpxdata:distance>
     <gpxdata:cadence>89</gpxdata:cadence>
     <gpxdata:speed>4.475</gpxdata:speed>
    </extensions>
   </trkpt>
   <trkpt lat="46.0256319" lon="4.0885166">
    <ele>283</ele>
    <time>2026-05-29T19:25:22Z</time>
    <extensions>
     <gpxdata:hr>195</gpxdata:hr>
     <gpxdata:distance>6845.50</gpxdata:distance>
     <gpxdata:cadence>89</gpxdata:cadence>
     <gpxdata:speed>4.475</gpxdata:speed>
    </extensions>
   </trkpt>
   <trkpt lat="46.0256539" lon="4.0885656">
    <ele>283</ele>
    <time>2026-05-29T19:25:23Z</time>
    <extensions>
     <gpxdata:hr>194</gpxdata:hr>
     <gpxdata:distance>6850.00</gpxdata:distance>
     <gpxdata:cadence>90</gpxdata:cadence>
     <gpxdata:speed>4.478</gpxdata:speed>
    </extensions>
   </trkpt>
   <trkpt lat="46.0256755" lon="4.0886143">
    <ele>283</ele>
    <time>2026-05-29T19:25:24Z</time>
    <extensions>
     <gpxdata:hr>193</gpxdata:hr>
     <gpxdata:distance>6852.50</gpxdata:distance>
     <gpxdata:cadence>89</gpxdata:cadence>
     <gpxdata:speed>4.478</gpxdata:speed>
    </extensions>
   </trkpt>
   <trkpt lat="46.0256971" lon="4.0886631">
    <ele>283</ele>
    <time>2026-05-29T19:25:25Z</time>
    <extensions>
     <gpxdata:hr>194</gpxdata:hr>
     <gpxdata:distance>6855.00</gpxdata:distance>
     <gpxdata:cadence>89</gpxdata:cadence>
     <gpxdata:speed>4.481</gpxdata:speed>
    </extensions>
   </trkpt>
   <trkpt lat="46.0257175" lon="4.0887125">
    <ele>283</ele>
    <time>2026-05-29T19:25:26Z</time>
    <extensions>
     <gpxdata:hr>194</gpxdata:hr>
     <gpxdata:distance>6861.50</gpxdata:distance>
     <gpxdata:cadence>89</gpxdata:cadence>
     <gpxdata:speed>4.481</gpxdata:speed>
    </extensions>
   </trkpt>
   <trkpt lat="46.0257379" lon="4.0887619">
    <ele>283</ele>
    <time>2026-05-29T19:25:27Z</time>
    <extensions>
     <gpxdata:hr>194</gpxdata:hr>
     <gpxdata:distance>6868.00</gpxdata:distance>
     <gpxdata:cadence>89</gpxdata:cadence>
     <gpxdata:speed>4.483</gpxdata:speed>
    </extensions>
   </trkpt>
   <trkpt lat="46.0257583" lon="4.0888115">
    <ele>283</ele>
    <time>2026-05-29T19:25:28Z</time>
    <extensions>
     <gpxdata:hr>194</gpxdata:hr>
     <gpxdata:distance>6872.00</gpxdata:distance>
     <gpxdata:cadence>90</gpxdata:cadence>
     <gpxdata:speed>4.483</gpxdata:speed>
    </extensions>
   </trkpt>
   <trkpt lat="46.0257787" lon="4.0888612">
    <ele>283</ele>
    <time>2026-05-29T19:25:29Z</time>
    <extensions>
     <gpxdata:hr>194</gpxdata:hr>
     <gpxdata:distance>6876.00</gpxdata:distance>
     <gpxdata:cadence>90</gpxdata:cadence>
     <gpxdata:speed>4.486</gpxdata:speed>
    </extensions>
   </trkpt>
   <trkpt lat="46.0257987" lon="4.0889105">
    <ele>283</ele>
    <time>2026-05-29T19:25:30Z</time>
    <extensions>
     <gpxdata:hr>194</gpxdata:hr>
     <gpxdata:distance>6881.00</gpxdata:distance>
     <gpxdata:cadence>90</gpxdata:cadence>
     <gpxdata:speed>4.486</gpxdata:speed>
    </extensions>
   </trkpt>
   <trkpt lat="46.0258188" lon="4.0889598">
    <ele>283</ele>
    <time>2026-05-29T19:25:31Z</time>
    <extensions>
     <gpxdata:hr>195</gpxdata:hr>
     <gpxdata:distance>6886.00</gpxdata:distance>
     <gpxdata:cadence>90</gpxdata:cadence>
     <gpxdata:speed>4.486</gpxdata:speed>
    </extensions>
   </trkpt>
   <trkpt lat="46.0258400" lon="4.0890095">
    <ele>283</ele>
    <time>2026-05-29T19:25:32Z</time>
    <extensions>
     <gpxdata:hr>195</gpxdata:hr>
     <gpxdata:distance>6888.00</gpxdata:distance>
     <gpxdata:cadence>90</gpxdata:cadence>
     <gpxdata:speed>4.486</gpxdata:speed>
    </extensions>
   </trkpt>
   <trkpt lat="46.0258612" lon="4.0890592">
    <ele>282</ele>
    <time>2026-05-29T19:25:33Z</time>
    <extensions>
     <gpxdata:hr>195</gpxdata:hr>
     <gpxdata:distance>6890.00</gpxdata:distance>
     <gpxdata:cadence>90</gpxdata:cadence>
     <gpxdata:speed>4.489</gpxdata:speed>
    </extensions>
   </trkpt>
   <trkpt lat="46.0258852" lon="4.0891074">
    <ele>282</ele>
    <time>2026-05-29T19:25:34Z</time>
    <extensions>
     <gpxdata:hr>195</gpxdata:hr>
     <gpxdata:distance>6897.00</gpxdata:distance>
     <gpxdata:cadence>90</gpxdata:cadence>
     <gpxdata:speed>4.506</gpxdata:speed>
    </extensions>
   </trkpt>
   <trkpt lat="46.0259093" lon="4.0891556">
    <ele>282</ele>
    <time>2026-05-29T19:25:35Z</time>
    <extensions>
     <gpxdata:hr>195</gpxdata:hr>
     <gpxdata:distance>6904.00</gpxdata:distance>
     <gpxdata:cadence>90</gpxdata:cadence>
     <gpxdata:speed>4.522</gpxdata:speed>
    </extensions>
   </trkpt>
   <trkpt lat="46.0259355" lon="4.0891955">
    <ele>282</ele>
    <time>2026-05-29T19:25:36Z</time>
    <extensions>
     <gpxdata:hr>195</gpxdata:hr>
     <gpxdata:distance>6907.50</gpxdata:distance>
     <gpxdata:cadence>90</gpxdata:cadence>
     <gpxdata:speed>4.531</gpxdata:speed>
    </extensions>
   </trkpt>
   <trkpt lat="46.0259617" lon="4.0892354">
    <ele>282</ele>
    <time>2026-05-29T19:25:37Z</time>
    <extensions>
     <gpxdata:hr>195</gpxdata:hr>
     <gpxdata:distance>6911.00</gpxdata:distance>
     <gpxdata:cadence>90</gpxdata:cadence>
     <gpxdata:speed>4.542</gpxdata:speed>
    </extensions>
   </trkpt>
   <trkpt lat="46.0259922" lon="4.0892434">
    <ele>282</ele>
    <time>2026-05-29T19:25:38Z</time>
    <extensions>
     <gpxdata:hr>195</gpxdata:hr>
     <gpxdata:distance>6913.00</gpxdata:distance>
     <gpxdata:cadence>90</gpxdata:cadence>
     <gpxdata:speed>4.544</gpxdata:speed>
    </extensions>
   </trkpt>
   <trkpt lat="46.0260228" lon="4.0892515">
    <ele>282</ele>
    <time>2026-05-29T19:25:39Z</time>
    <extensions>
     <gpxdata:hr>195</gpxdata:hr>
     <gpxdata:distance>6915.00</gpxdata:distance>
     <gpxdata:cadence>90</gpxdata:cadence>
     <gpxdata:speed>4.550</gpxdata:speed>
    </extensions>
   </trkpt>
   <trkpt lat="46.0260536" lon="4.0892268">
    <ele>282</ele>
    <time>2026-05-29T19:25:40Z</time>
    <extensions>
     <gpxdata:hr>195</gpxdata:hr>
     <gpxdata:distance>6921.50</gpxdata:distance>
     <gpxdata:cadence>90</gpxdata:cadence>
     <gpxdata:speed>4.556</gpxdata:speed>
    </extensions>
   </trkpt>
   <trkpt lat="46.0260844" lon="4.0892022">
    <ele>282</ele>
    <time>2026-05-29T19:25:41Z</time>
    <extensions>
     <gpxdata:hr>195</gpxdata:hr>
     <gpxdata:distance>6928.00</gpxdata:distance>
     <gpxdata:cadence>91</gpxdata:cadence>
     <gpxdata:speed>4.564</gpxdata:speed>
    </extensions>
   </trkpt>
   <trkpt lat="46.0261145" lon="4.0891636">
    <ele>282</ele>
    <time>2026-05-29T19:25:42Z</time>
    <extensions>
     <gpxdata:hr>193</gpxdata:hr>
     <gpxdata:distance>6930.50</gpxdata:distance>
     <gpxdata:cadence>91</gpxdata:cadence>
     <gpxdata:speed>4.567</gpxdata:speed>
    </extensions>
   </trkpt>
   <trkpt lat="46.0261446" lon="4.0891251">
    <ele>282</ele>
    <time>2026-05-29T19:25:43Z</time>
    <extensions>
     <gpxdata:hr>191</gpxdata:hr>
     <gpxdata:distance>6933.00</gpxdata:distance>
     <gpxdata:cadence>91</gpxdata:cadence>
     <gpxdata:speed>4.572</gpxdata:speed>
    </extensions>
   </trkpt>
   <trkpt lat="46.0261734" lon="4.0890820">
    <ele>282</ele>
    <time>2026-05-29T19:25:44Z</time>
    <extensions>
     <gpxdata:hr>191</gpxdata:hr>
     <gpxdata:distance>6939.50</gpxdata:distance>
     <gpxdata:cadence>90</gpxdata:cadence>
     <gpxdata:speed>4.575</gpxdata:speed>
    </extensions>
   </trkpt>
   <trkpt lat="46.0262022" lon="4.0890390">
    <ele>282</ele>
    <time>2026-05-29T19:25:45Z</time>
    <extensions>
     <gpxdata:hr>192</gpxdata:hr>
     <gpxdata:distance>6946.00</gpxdata:distance>
     <gpxdata:cadence>89</gpxdata:cadence>
     <gpxdata:speed>4.578</gpxdata:speed>
    </extensions>
   </trkpt>
   <trkpt lat="46.0262290" lon="4.0889944">
    <ele>282</ele>
    <time>2026-05-29T19:25:46Z</time>
    <extensions>
     <gpxdata:hr>192</gpxdata:hr>
     <gpxdata:distance>6948.00</gpxdata:distance>
     <gpxdata:cadence>89</gpxdata:cadence>
     <gpxdata:speed>4.578</gpxdata:speed>
    </extensions>
   </trkpt>
   <trkpt lat="46.0262559" lon="4.0889498">
    <ele>282</ele>
    <time>2026-05-29T19:25:47Z</time>
    <extensions>
     <gpxdata:hr>193</gpxdata:hr>
     <gpxdata:distance>6950.00</gpxdata:distance>
     <gpxdata:cadence>89</gpxdata:cadence>
     <gpxdata:speed>4.578</gpxdata:speed>
    </extensions>
   </trkpt>
   <trkpt lat="46.0262790" lon="4.0889015">
    <ele>281</ele>
    <time>2026-05-29T19:25:48Z</time>
    <extensions>
     <gpxdata:hr>193</gpxdata:hr>
     <gpxdata:distance>6954.50</gpxdata:distance>
     <gpxdata:cadence>89</gpxdata:cadence>
     <gpxdata:speed>4.575</gpxdata:speed>
    </extensions>
   </trkpt>
   <trkpt lat="46.0263021" lon="4.0888533">
    <ele>281</ele>
    <time>2026-05-29T19:25:49Z</time>
    <extensions>
     <gpxdata:hr>193</gpxdata:hr>
     <gpxdata:distance>6959.00</gpxdata:distance>
     <gpxdata:cadence>89</gpxdata:cadence>
     <gpxdata:speed>4.572</gpxdata:speed>
    </extensions>
   </trkpt>
   <trkpt lat="46.0263230" lon="4.0888031">
    <ele>281</ele>
    <time>2026-05-29T19:25:50Z</time>
    <extensions>
     <gpxdata:hr>193</gpxdata:hr>
     <gpxdata:distance>6964.00</gpxdata:distance>
     <gpxdata:cadence>89</gpxdata:cadence>
     <gpxdata:speed>4.569</gpxdata:speed>
    </extensions>
   </trkpt>
   <trkpt lat="46.0263439" lon="4.0887529">
    <ele>281</ele>
    <time>2026-05-29T19:25:51Z</time>
    <extensions>
     <gpxdata:hr>193</gpxdata:hr>
     <gpxdata:distance>6969.00</gpxdata:distance>
     <gpxdata:cadence>89</gpxdata:cadence>
     <gpxdata:speed>4.569</gpxdata:speed>
    </extensions>
   </trkpt>
   <trkpt lat="46.0263638" lon="4.0887016">
    <ele>281</ele>
    <time>2026-05-29T19:25:52Z</time>
    <extensions>
     <gpxdata:hr>193</gpxdata:hr>
     <gpxdata:distance>6973.00</gpxdata:distance>
     <gpxdata:cadence>89</gpxdata:cadence>
     <gpxdata:speed>4.567</gpxdata:speed>
    </extensions>
   </trkpt>
   <trkpt lat="46.0263837" lon="4.0886504">
    <ele>281</ele>
    <time>2026-05-29T19:25:53Z</time>
    <extensions>
     <gpxdata:hr>194</gpxdata:hr>
     <gpxdata:distance>6977.00</gpxdata:distance>
     <gpxdata:cadence>89</gpxdata:cadence>
     <gpxdata:speed>4.567</gpxdata:speed>
    </extensions>
   </trkpt>
   <trkpt lat="46.0264030" lon="4.0885975">
    <ele>281</ele>
    <time>2026-05-29T19:25:54Z</time>
    <extensions>
     <gpxdata:hr>194</gpxdata:hr>
     <gpxdata:distance>6982.00</gpxdata:distance>
     <gpxdata:cadence>89</gpxdata:cadence>
     <gpxdata:speed>4.567</gpxdata:speed>
    </extensions>
   </trkpt>
   <trkpt lat="46.0264224" lon="4.0885446">
    <ele>281</ele>
    <time>2026-05-29T19:25:55Z</time>
    <extensions>
     <gpxdata:hr>194</gpxdata:hr>
     <gpxdata:distance>6987.00</gpxdata:distance>
     <gpxdata:cadence>89</gpxdata:cadence>
     <gpxdata:speed>4.567</gpxdata:speed>
    </extensions>
   </trkpt>
   <trkpt lat="46.0264458" lon="4.0884976">
    <ele>281</ele>
    <time>2026-05-29T19:25:56Z</time>
    <extensions>
     <gpxdata:hr>194</gpxdata:hr>
     <gpxdata:distance>6991.50</gpxdata:distance>
     <gpxdata:cadence>89</gpxdata:cadence>
     <gpxdata:speed>4.567</gpxdata:speed>
    </extensions>
   </trkpt>
   <trkpt lat="46.0264693" lon="4.0884507">
    <ele>281</ele>
    <time>2026-05-29T19:25:57Z</time>
    <extensions>
     <gpxdata:hr>194</gpxdata:hr>
     <gpxdata:distance>6996.00</gpxdata:distance>
     <gpxdata:cadence>89</gpxdata:cadence>
     <gpxdata:speed>4.569</gpxdata:speed>
    </extensions>
   </trkpt>
   <trkpt lat="46.0264959" lon="4.0884082">
    <ele>280</ele>
    <time>2026-05-29T19:25:58Z</time>
    <extensions>
     <gpxdata:hr>194</gpxdata:hr>
     <gpxdata:distance>7000.00</gpxdata:distance>
     <gpxdata:cadence>89</gpxdata:cadence>
     <gpxdata:speed>4.569</gpxdata:speed>
    </extensions>
   </trkpt>
   <trkpt lat="46.0265225" lon="4.0883657">
    <ele>280</ele>
    <time>2026-05-29T19:25:59Z</time>
    <extensions>
     <gpxdata:hr>194</gpxdata:hr>
     <gpxdata:distance>7004.00</gpxdata:distance>
     <gpxdata:cadence>89</gpxdata:cadence>
     <gpxdata:speed>4.572</gpxdata:speed>
    </extensions>
   </trkpt>
   <trkpt lat="46.0265484" lon="4.0883214">
    <ele>280</ele>
    <time>2026-05-29T19:26:00Z</time>
    <extensions>
     <gpxdata:hr>194</gpxdata:hr>
     <gpxdata:distance>7009.00</gpxdata:distance>
     <gpxdata:cadence>89</gpxdata:cadence>
     <gpxdata:speed>4.572</gpxdata:speed>
    </extensions>
   </trkpt>
   <trkpt lat="46.0265744" lon="4.0882771">
    <ele>280</ele>
    <time>2026-05-29T19:26:01Z</time>
    <extensions>
     <gpxdata:hr>194</gpxdata:hr>
     <gpxdata:distance>7014.00</gpxdata:distance>
     <gpxdata:cadence>90</gpxdata:cadence>
     <gpxdata:speed>4.572</gpxdata:speed>
    </extensions>
   </trkpt>
   <trkpt lat="46.0265922" lon="4.0882292">
    <ele>280</ele>
    <time>2026-05-29T19:26:02Z</time>
    <extensions>
     <gpxdata:hr>194</gpxdata:hr>
     <gpxdata:distance>7019.50</gpxdata:distance>
     <gpxdata:cadence>90</gpxdata:cadence>
     <gpxdata:speed>4.569</gpxdata:speed>
    </extensions>
   </trkpt>
   <trkpt lat="46.0266100" lon="4.0881813">
    <ele>280</ele>
    <time>2026-05-29T19:26:03Z</time>
    <extensions>
     <gpxdata:hr>194</gpxdata:hr>
     <gpxdata:distance>7025.00</gpxdata:distance>
     <gpxdata:cadence>90</gpxdata:cadence>
     <gpxdata:speed>4.567</gpxdata:speed>
    </extensions>
   </trkpt>
   <trkpt lat="46.0266103" lon="4.0881297">
    <ele>280</ele>
    <time>2026-05-29T19:26:04Z</time>
    <extensions>
     <gpxdata:hr>194</gpxdata:hr>
     <gpxdata:distance>7030.50</gpxdata:distance>
     <gpxdata:cadence>90</gpxdata:cadence>
     <gpxdata:speed>4.561</gpxdata:speed>
    </extensions>
   </trkpt>
   <trkpt lat="46.0266106" lon="4.0880782">
    <ele>280</ele>
    <time>2026-05-29T19:26:05Z</time>
    <extensions>
     <gpxdata:hr>194</gpxdata:hr>
     <gpxdata:distance>7036.00</gpxdata:distance>
     <gpxdata:cadence>90</gpxdata:cadence>
     <gpxdata:speed>4.556</gpxdata:speed>
    </extensions>
   </trkpt>
   <trkpt lat="46.0265940" lon="4.0880252">
    <ele>280</ele>
    <time>2026-05-29T19:26:06Z</time>
    <extensions>
     <gpxdata:hr>194</gpxdata:hr>
     <gpxdata:distance>7040.00</gpxdata:distance>
     <gpxdata:cadence>90</gpxdata:cadence>
     <gpxdata:speed>4.550</gpxdata:speed>
    </extensions>
   </trkpt>
   <trkpt lat="46.0265774" lon="4.0879723">
    <ele>280</ele>
    <time>2026-05-29T19:26:07Z</time>
    <extensions>
     <gpxdata:hr>193</gpxdata:hr>
     <gpxdata:distance>7044.00</gpxdata:distance>
     <gpxdata:cadence>90</gpxdata:cadence>
     <gpxdata:speed>4.547</gpxdata:speed>
    </extensions>
   </trkpt>
   <trkpt lat="46.0265551" lon="4.0879225">
    <ele>280</ele>
    <time>2026-05-29T19:26:08Z</time>
    <extensions>
     <gpxdata:hr>193</gpxdata:hr>
     <gpxdata:distance>7046.00</gpxdata:distance>
     <gpxdata:cadence>90</gpxdata:cadence>
     <gpxdata:speed>4.544</gpxdata:speed>
    </extensions>
   </trkpt>
   <trkpt lat="46.0265329" lon="4.0878727">
    <ele>280</ele>
    <time>2026-05-29T19:26:09Z</time>
    <extensions>
     <gpxdata:hr>192</gpxdata:hr>
     <gpxdata:distance>7048.00</gpxdata:distance>
     <gpxdata:cadence>90</gpxdata:cadence>
     <gpxdata:speed>4.544</gpxdata:speed>
    </extensions>
   </trkpt>
   <trkpt lat="46.0265098" lon="4.0878241">
    <ele>280</ele>
    <time>2026-05-29T19:26:10Z</time>
    <extensions>
     <gpxdata:hr>193</gpxdata:hr>
     <gpxdata:distance>7055.00</gpxdata:distance>
     <gpxdata:cadence>90</gpxdata:cadence>
     <gpxdata:speed>4.539</gpxdata:speed>
    </extensions>
   </trkpt>
   <trkpt lat="46.0264867" lon="4.0877756">
    <ele>280</ele>
    <time>2026-05-29T19:26:11Z</time>
    <extensions>
     <gpxdata:hr>194</gpxdata:hr>
     <gpxdata:distance>7062.00</gpxdata:distance>
     <gpxdata:cadence>89</gpxdata:cadence>
     <gpxdata:speed>4.533</gpxdata:speed>
    </extensions>
   </trkpt>
   <trkpt lat="46.0264650" lon="4.0877277">
    <ele>281</ele>
    <time>2026-05-29T19:26:12Z</time>
    <extensions>
     <gpxdata:hr>194</gpxdata:hr>
     <gpxdata:distance>7066.00</gpxdata:distance>
     <gpxdata:cadence>89</gpxdata:cadence>
     <gpxdata:speed>4.531</gpxdata:speed>
    </extensions>
   </trkpt>
   <trkpt lat="46.0264433" lon="4.0876799">
    <ele>281</ele>
    <time>2026-05-29T19:26:13Z</time>
    <extensions>
     <gpxdata:hr>194</gpxdata:hr>
     <gpxdata:distance>7070.00</gpxdata:distance>
     <gpxdata:cadence>90</gpxdata:cadence>
     <gpxdata:speed>4.531</gpxdata:speed>
    </extensions>
   </trkpt>
   <trkpt lat="46.0264228" lon="4.0876317">
    <ele>281</ele>
    <time>2026-05-29T19:26:14Z</time>
    <extensions>
     <gpxdata:hr>194</gpxdata:hr>
     <gpxdata:distance>7074.50</gpxdata:distance>
     <gpxdata:cadence>89</gpxdata:cadence>
     <gpxdata:speed>4.525</gpxdata:speed>
    </extensions>
   </trkpt>
   <trkpt lat="46.0264023" lon="4.0875836">
    <ele>281</ele>
    <time>2026-05-29T19:26:15Z</time>
    <extensions>
     <gpxdata:hr>195</gpxdata:hr>
     <gpxdata:distance>7079.00</gpxdata:distance>
     <gpxdata:cadence>89</gpxdata:cadence>
     <gpxdata:speed>4.522</gpxdata:speed>
    </extensions>
   </trkpt>
   <trkpt lat="46.0263811" lon="4.0875344">
    <ele>281</ele>
    <time>2026-05-29T19:26:16Z</time>
    <extensions>
     <gpxdata:hr>195</gpxdata:hr>
     <gpxdata:distance>7081.50</gpxdata:distance>
     <gpxdata:cadence>89</gpxdata:cadence>
     <gpxdata:speed>4.519</gpxdata:speed>
    </extensions>
   </trkpt>
   <trkpt lat="46.0263599" lon="4.0874853">
    <ele>281</ele>
    <time>2026-05-29T19:26:17Z</time>
    <extensions>
     <gpxdata:hr>195</gpxdata:hr>
     <gpxdata:distance>7084.00</gpxdata:distance>
     <gpxdata:cadence>89</gpxdata:cadence>
     <gpxdata:speed>4.519</gpxdata:speed>
    </extensions>
   </trkpt>
   <trkpt lat="46.0263373" lon="4.0874354">
    <ele>281</ele>
    <time>2026-05-29T19:26:18Z</time>
    <extensions>
     <gpxdata:hr>195</gpxdata:hr>
     <gpxdata:distance>7091.00</gpxdata:distance>
     <gpxdata:cadence>89</gpxdata:cadence>
     <gpxdata:speed>4.511</gpxdata:speed>
    </extensions>
   </trkpt>
   <trkpt lat="46.0263148" lon="4.0873856">
    <ele>281</ele>
    <time>2026-05-29T19:26:19Z</time>
    <extensions>
     <gpxdata:hr>195</gpxdata:hr>
     <gpxdata:distance>7098.00</gpxdata:distance>
     <gpxdata:cadence>90</gpxdata:cadence>
     <gpxdata:speed>4.506</gpxdata:speed>
    </extensions>
   </trkpt>
   <trkpt lat="46.0262917" lon="4.0873362">
    <ele>281</ele>
    <time>2026-05-29T19:26:20Z</time>
    <extensions>
     <gpxdata:hr>195</gpxdata:hr>
     <gpxdata:distance>7102.50</gpxdata:distance>
     <gpxdata:cadence>90</gpxdata:cadence>
     <gpxdata:speed>4.506</gpxdata:speed>
    </extensions>
   </trkpt>
   <trkpt lat="46.0262687" lon="4.0872868">
    <ele>281</ele>
    <time>2026-05-29T19:26:21Z</time>
    <extensions>
     <gpxdata:hr>195</gpxdata:hr>
     <gpxdata:distance>7107.00</gpxdata:distance>
     <gpxdata:cadence>90</gpxdata:cadence>
     <gpxdata:speed>4.508</gpxdata:speed>
    </extensions>
   </trkpt>
   <trkpt lat="46.0262454" lon="4.0872384">
    <ele>281</ele>
    <time>2026-05-29T19:26:22Z</time>
    <extensions>
     <gpxdata:hr>195</gpxdata:hr>
     <gpxdata:distance>7111.50</gpxdata:distance>
     <gpxdata:cadence>90</gpxdata:cadence>
     <gpxdata:speed>4.511</gpxdata:speed>
    </extensions>
   </trkpt>
   <trkpt lat="46.0262221" lon="4.0871900">
    <ele>281</ele>
    <time>2026-05-29T19:26:23Z</time>
    <extensions>
     <gpxdata:hr>195</gpxdata:hr>
     <gpxdata:distance>7116.00</gpxdata:distance>
     <gpxdata:cadence>90</gpxdata:cadence>
     <gpxdata:speed>4.514</gpxdata:speed>
    </extensions>
   </trkpt>
   <trkpt lat="46.0261986" lon="4.0871431">
    <ele>281</ele>
    <time>2026-05-29T19:26:24Z</time>
    <extensions>
     <gpxdata:hr>195</gpxdata:hr>
     <gpxdata:distance>7120.00</gpxdata:distance>
     <gpxdata:cadence>89</gpxdata:cadence>
     <gpxdata:speed>4.517</gpxdata:speed>
    </extensions>
   </trkpt>
   <trkpt lat="46.0261752" lon="4.0870962">
    <ele>281</ele>
    <time>2026-05-29T19:26:25Z</time>
    <extensions>
     <gpxdata:hr>195</gpxdata:hr>
     <gpxdata:distance>7124.00</gpxdata:distance>
     <gpxdata:cadence>89</gpxdata:cadence>
     <gpxdata:speed>4.519</gpxdata:speed>
    </extensions>
   </trkpt>
   <trkpt lat="46.0261524" lon="4.0870483">
    <ele>281</ele>
    <time>2026-05-29T19:26:26Z</time>
    <extensions>
     <gpxdata:hr>194</gpxdata:hr>
     <gpxdata:distance>7129.00</gpxdata:distance>
     <gpxdata:cadence>89</gpxdata:cadence>
     <gpxdata:speed>4.519</gpxdata:speed>
    </extensions>
   </trkpt>
   <trkpt lat="46.0261297" lon="4.0870004">
    <ele>281</ele>
    <time>2026-05-29T19:26:27Z</time>
    <extensions>
     <gpxdata:hr>194</gpxdata:hr>
     <gpxdata:distance>7134.00</gpxdata:distance>
     <gpxdata:cadence>89</gpxdata:cadence>
     <gpxdata:speed>4.519</gpxdata:speed>
    </extensions>
   </trkpt>
   <trkpt lat="46.0261096" lon="4.0869514">
    <ele>281</ele>
    <time>2026-05-29T19:26:28Z</time>
    <extensions>
     <gpxdata:hr>194</gpxdata:hr>
     <gpxdata:distance>7138.00</gpxdata:distance>
     <gpxdata:cadence>89</gpxdata:cadence>
     <gpxdata:speed>4.517</gpxdata:speed>
    </extensions>
   </trkpt>
   <trkpt lat="46.0260896" lon="4.0869025">
    <ele>281</ele>
    <time>2026-05-29T19:26:29Z</time>
    <extensions>
     <gpxdata:hr>194</gpxdata:hr>
     <gpxdata:distance>7142.00</gpxdata:distance>
     <gpxdata:cadence>90</gpxdata:cadence>
     <gpxdata:speed>4.517</gpxdata:speed>
    </extensions>
   </trkpt>
   <trkpt lat="46.0260706" lon="4.0868538">
    <ele>281</ele>
    <time>2026-05-29T19:26:30Z</time>
    <extensions>
     <gpxdata:hr>194</gpxdata:hr>
     <gpxdata:distance>7146.50</gpxdata:distance>
     <gpxdata:cadence>90</gpxdata:cadence>
     <gpxdata:speed>4.514</gpxdata:speed>
    </extensions>
   </trkpt>
   <trkpt lat="46.0260516" lon="4.0868052">
    <ele>281</ele>
    <time>2026-05-29T19:26:31Z</time>
    <extensions>
     <gpxdata:hr>195</gpxdata:hr>
     <gpxdata:distance>7151.00</gpxdata:distance>
     <gpxdata:cadence>90</gpxdata:cadence>
     <gpxdata:speed>4.514</gpxdata:speed>
    </extensions>
   </trkpt>
   <trkpt lat="46.0260323" lon="4.0867575">
    <ele>281</ele>
    <time>2026-05-29T19:26:32Z</time>
    <extensions>
     <gpxdata:hr>195</gpxdata:hr>
     <gpxdata:distance>7155.00</gpxdata:distance>
     <gpxdata:cadence>90</gpxdata:cadence>
     <gpxdata:speed>4.511</gpxdata:speed>
    </extensions>
   </trkpt>
   <trkpt lat="46.0260130" lon="4.0867099">
    <ele>281</ele>
    <time>2026-05-29T19:26:33Z</time>
    <extensions>
     <gpxdata:hr>193</gpxdata:hr>
     <gpxdata:distance>7159.00</gpxdata:distance>
     <gpxdata:cadence>90</gpxdata:cadence>
     <gpxdata:speed>4.511</gpxdata:speed>
    </extensions>
   </trkpt>
   <trkpt lat="46.0259934" lon="4.0866632">
    <ele>281</ele>
    <time>2026-05-29T19:26:34Z</time>
    <extensions>
     <gpxdata:hr>193</gpxdata:hr>
     <gpxdata:distance>7163.00</gpxdata:distance>
     <gpxdata:cadence>90</gpxdata:cadence>
     <gpxdata:speed>4.508</gpxdata:speed>
    </extensions>
   </trkpt>
   <trkpt lat="46.0259738" lon="4.0866165">
    <ele>281</ele>
    <time>2026-05-29T19:26:35Z</time>
    <extensions>
     <gpxdata:hr>193</gpxdata:hr>
     <gpxdata:distance>7167.00</gpxdata:distance>
     <gpxdata:cadence>90</gpxdata:cadence>
     <gpxdata:speed>4.506</gpxdata:speed>
    </extensions>
   </trkpt>
   <trkpt lat="46.0259531" lon="4.0865680">
    <ele>281</ele>
    <time>2026-05-29T19:26:36Z</time>
    <extensions>
     <gpxdata:hr>194</gpxdata:hr>
     <gpxdata:distance>7172.00</gpxdata:distance>
     <gpxdata:cadence>89</gpxdata:cadence>
     <gpxdata:speed>4.503</gpxdata:speed>
    </extensions>
   </trkpt>
   <trkpt lat="46.0259324" lon="4.0865195">
    <ele>281</ele>
    <time>2026-05-29T19:26:37Z</time>
    <extensions>
     <gpxdata:hr>195</gpxdata:hr>
     <gpxdata:distance>7177.00</gpxdata:distance>
     <gpxdata:cadence>89</gpxdata:cadence>
     <gpxdata:speed>4.503</gpxdata:speed>
    </extensions>
   </trkpt>
   <trkpt lat="46.0259102" lon="4.0864704">
    <ele>281</ele>
    <time>2026-05-29T19:26:38Z</time>
    <extensions>
     <gpxdata:hr>195</gpxdata:hr>
     <gpxdata:distance>7181.50</gpxdata:distance>
     <gpxdata:cadence>89</gpxdata:cadence>
     <gpxdata:speed>4.500</gpxdata:speed>
    </extensions>
   </trkpt>
   <trkpt lat="46.0258881" lon="4.0864214">
    <ele>281</ele>
    <time>2026-05-29T19:26:39Z</time>
    <extensions>
     <gpxdata:hr>195</gpxdata:hr>
     <gpxdata:distance>7186.00</gpxdata:distance>
     <gpxdata:cadence>90</gpxdata:cadence>
     <gpxdata:speed>4.500</gpxdata:speed>
    </extensions>
   </trkpt>
   <trkpt lat="46.0258698" lon="4.0863699">
    <ele>281</ele>
    <time>2026-05-29T19:26:40Z</time>
    <extensions>
     <gpxdata:hr>195</gpxdata:hr>
     <gpxdata:distance>7190.00</gpxdata:distance>
     <gpxdata:cadence>90</gpxdata:cadence>
     <gpxdata:speed>4.497</gpxdata:speed>
    </extensions>
   </trkpt>
   <trkpt lat="46.0258515" lon="4.0863184">
    <ele>281</ele>
    <time>2026-05-29T19:26:41Z</time>
    <extensions>
     <gpxdata:hr>195</gpxdata:hr>
     <gpxdata:distance>7194.00</gpxdata:distance>
     <gpxdata:cadence>90</gpxdata:cadence>
     <gpxdata:speed>4.497</gpxdata:speed>
    </extensions>
   </trkpt>
   <trkpt lat="46.0258528" lon="4.0862645">
    <ele>281</ele>
    <time>2026-05-29T19:26:42Z</time>
    <extensions>
     <gpxdata:hr>195</gpxdata:hr>
     <gpxdata:distance>7196.50</gpxdata:distance>
     <gpxdata:cadence>90</gpxdata:cadence>
     <gpxdata:speed>4.494</gpxdata:speed>
    </extensions>
   </trkpt>
   <trkpt lat="46.0258541" lon="4.0862106">
    <ele>281</ele>
    <time>2026-05-29T19:26:43Z</time>
    <extensions>
     <gpxdata:hr>195</gpxdata:hr>
     <gpxdata:distance>7199.00</gpxdata:distance>
     <gpxdata:cadence>91</gpxdata:cadence>
     <gpxdata:speed>4.492</gpxdata:speed>
    </extensions>
   </trkpt>
   <trkpt lat="46.0258773" lon="4.0861650">
    <ele>281</ele>
    <time>2026-05-29T19:26:44Z</time>
    <extensions>
     <gpxdata:hr>195</gpxdata:hr>
     <gpxdata:distance>7204.00</gpxdata:distance>
     <gpxdata:cadence>91</gpxdata:cadence>
     <gpxdata:speed>4.492</gpxdata:speed>
    </extensions>
   </trkpt>
   <trkpt lat="46.0259005" lon="4.0861194">
    <ele>281</ele>
    <time>2026-05-29T19:26:45Z</time>
    <extensions>
     <gpxdata:hr>195</gpxdata:hr>
     <gpxdata:distance>7209.00</gpxdata:distance>
     <gpxdata:cadence>91</gpxdata:cadence>
     <gpxdata:speed>4.492</gpxdata:speed>
    </extensions>
   </trkpt>
   <trkpt lat="46.0259357" lon="4.0860871">
    <ele>281</ele>
    <time>2026-05-29T19:26:46Z</time>
    <extensions>
     <gpxdata:hr>195</gpxdata:hr>
     <gpxdata:distance>7213.50</gpxdata:distance>
     <gpxdata:cadence>90</gpxdata:cadence>
     <gpxdata:speed>4.494</gpxdata:speed>
    </extensions>
   </trkpt>
   <trkpt lat="46.0259710" lon="4.0860549">
    <ele>281</ele>
    <time>2026-05-29T19:26:47Z</time>
    <extensions>
     <gpxdata:hr>195</gpxdata:hr>
     <gpxdata:distance>7218.00</gpxdata:distance>
     <gpxdata:cadence>90</gpxdata:cadence>
     <gpxdata:speed>4.500</gpxdata:speed>
    </extensions>
   </trkpt>
   <trkpt lat="46.0260091" lon="4.0860283">
    <ele>281</ele>
    <time>2026-05-29T19:26:48Z</time>
    <extensions>
     <gpxdata:hr>193</gpxdata:hr>
     <gpxdata:distance>7222.50</gpxdata:distance>
     <gpxdata:cadence>90</gpxdata:cadence>
     <gpxdata:speed>4.506</gpxdata:speed>
    </extensions>
   </trkpt>
   <trkpt lat="46.0260473" lon="4.0860017">
    <ele>281</ele>
    <time>2026-05-29T19:26:49Z</time>
    <extensions>
     <gpxdata:hr>193</gpxdata:hr>
     <gpxdata:distance>7227.00</gpxdata:distance>
     <gpxdata:cadence>90</gpxdata:cadence>
     <gpxdata:speed>4.514</gpxdata:speed>
    </extensions>
   </trkpt>
   <trkpt lat="46.0260853" lon="4.0859779">
    <ele>281</ele>
    <time>2026-05-29T19:26:50Z</time>
    <extensions>
     <gpxdata:hr>194</gpxdata:hr>
     <gpxdata:distance>7233.50</gpxdata:distance>
     <gpxdata:cadence>90</gpxdata:cadence>
     <gpxdata:speed>4.519</gpxdata:speed>
    </extensions>
   </trkpt>
   <trkpt lat="46.0261233" lon="4.0859541">
    <ele>281</ele>
    <time>2026-05-29T19:26:51Z</time>
    <extensions>
     <gpxdata:hr>194</gpxdata:hr>
     <gpxdata:distance>7240.00</gpxdata:distance>
     <gpxdata:cadence>90</gpxdata:cadence>
     <gpxdata:speed>4.525</gpxdata:speed>
    </extensions>
   </trkpt>
   <trkpt lat="46.0261597" lon="4.0859316">
    <ele>282</ele>
    <time>2026-05-29T19:26:52Z</time>
    <extensions>
     <gpxdata:hr>194</gpxdata:hr>
     <gpxdata:distance>7242.00</gpxdata:distance>
     <gpxdata:cadence>90</gpxdata:cadence>
     <gpxdata:speed>4.525</gpxdata:speed>
    </extensions>
   </trkpt>
   <trkpt lat="46.0261962" lon="4.0859091">
    <ele>282</ele>
    <time>2026-05-29T19:26:53Z</time>
    <extensions>
     <gpxdata:hr>194</gpxdata:hr>
     <gpxdata:distance>7244.00</gpxdata:distance>
     <gpxdata:cadence>90</gpxdata:cadence>
     <gpxdata:speed>4.525</gpxdata:speed>
    </extensions>
   </trkpt>
   <trkpt lat="46.0262319" lon="4.0858865">
    <ele>282</ele>
    <time>2026-05-29T19:26:54Z</time>
    <extensions>
     <gpxdata:hr>194</gpxdata:hr>
     <gpxdata:distance>7250.50</gpxdata:distance>
     <gpxdata:cadence>90</gpxdata:cadence>
     <gpxdata:speed>4.528</gpxdata:speed>
    </extensions>
   </trkpt>
   <trkpt lat="46.0262676" lon="4.0858639">
    <ele>282</ele>
    <time>2026-05-29T19:26:55Z</time>
    <extensions>
     <gpxdata:hr>194</gpxdata:hr>
     <gpxdata:distance>7257.00</gpxdata:distance>
     <gpxdata:cadence>90</gpxdata:cadence>
     <gpxdata:speed>4.531</gpxdata:speed>
    </extensions>
   </trkpt>
   <trkpt lat="46.0263048" lon="4.0858422">
    <ele>282</ele>
    <time>2026-05-29T19:26:56Z</time>
    <extensions>
     <gpxdata:hr>194</gpxdata:hr>
     <gpxdata:distance>7262.00</gpxdata:distance>
     <gpxdata:cadence>90</gpxdata:cadence>
     <gpxdata:speed>4.528</gpxdata:speed>
    </extensions>
   </trkpt>
   <trkpt lat="46.0263421" lon="4.0858206">
    <ele>282</ele>
    <time>2026-05-29T19:26:57Z</time>
    <extensions>
     <gpxdata:hr>195</gpxdata:hr>
     <gpxdata:distance>7267.00</gpxdata:distance>
     <gpxdata:cadence>90</gpxdata:cadence>
     <gpxdata:speed>4.528</gpxdata:speed>
    </extensions>
   </trkpt>
   <trkpt lat="46.0263794" lon="4.0857984">
    <ele>282</ele>
    <time>2026-05-29T19:26:58Z</time>
    <extensions>
     <gpxdata:hr>195</gpxdata:hr>
     <gpxdata:distance>7269.00</gpxdata:distance>
     <gpxdata:cadence>89</gpxdata:cadence>
     <gpxdata:speed>4.525</gpxdata:speed>
    </extensions>
   </trkpt>
   <trkpt lat="46.0264168" lon="4.0857762">
    <ele>282</ele>
    <time>2026-05-29T19:26:59Z</time>
    <extensions>
     <gpxdata:hr>195</gpxdata:hr>
     <gpxdata:distance>7271.00</gpxdata:distance>
     <gpxdata:cadence>89</gpxdata:cadence>
     <gpxdata:speed>4.522</gpxdata:speed>
    </extensions>
   </trkpt>
   <trkpt lat="46.0264533" lon="4.0857517">
    <ele>282</ele>
    <time>2026-05-29T19:27:00Z</time>
    <extensions>
     <gpxdata:hr>194</gpxdata:hr>
     <gpxdata:distance>7275.50</gpxdata:distance>
     <gpxdata:cadence>89</gpxdata:cadence>
     <gpxdata:speed>4.522</gpxdata:speed>
    </extensions>
   </trkpt>
   <trkpt lat="46.0264899" lon="4.0857273">
    <ele>282</ele>
    <time>2026-05-29T19:27:01Z</time>
    <extensions>
     <gpxdata:hr>194</gpxdata:hr>
     <gpxdata:distance>7280.00</gpxdata:distance>
     <gpxdata:cadence>89</gpxdata:cadence>
     <gpxdata:speed>4.522</gpxdata:speed>
    </extensions>
   </trkpt>
   <trkpt lat="46.0265252" lon="4.0857020">
    <ele>282</ele>
    <time>2026-05-29T19:27:02Z</time>
    <extensions>
     <gpxdata:hr>195</gpxdata:hr>
     <gpxdata:distance>7284.50</gpxdata:distance>
     <gpxdata:cadence>89</gpxdata:cadence>
     <gpxdata:speed>4.522</gpxdata:speed>
    </extensions>
   </trkpt>
   <trkpt lat="46.0265606" lon="4.0856767">
    <ele>282</ele>
    <time>2026-05-29T19:27:03Z</time>
    <extensions>
     <gpxdata:hr>195</gpxdata:hr>
     <gpxdata:distance>7289.00</gpxdata:distance>
     <gpxdata:cadence>89</gpxdata:cadence>
     <gpxdata:speed>4.522</gpxdata:speed>
    </extensions>
   </trkpt>
   <trkpt lat="46.0265954" lon="4.0856519">
    <ele>282</ele>
    <time>2026-05-29T19:27:04Z</time>
    <extensions>
     <gpxdata:hr>195</gpxdata:hr>
     <gpxdata:distance>7293.00</gpxdata:distance>
     <gpxdata:cadence>89</gpxdata:cadence>
     <gpxdata:speed>4.522</gpxdata:speed>
    </extensions>
   </trkpt>
   <trkpt lat="46.0266302" lon="4.0856271">
    <ele>282</ele>
    <time>2026-05-29T19:27:05Z</time>
    <extensions>
     <gpxdata:hr>194</gpxdata:hr>
     <gpxdata:distance>7297.00</gpxdata:distance>
     <gpxdata:cadence>89</gpxdata:cadence>
     <gpxdata:speed>4.522</gpxdata:speed>
    </extensions>
   </trkpt>
   <trkpt lat="46.0266649" lon="4.0856049">
    <ele>282</ele>
    <time>2026-05-29T19:27:06Z</time>
    <extensions>
     <gpxdata:hr>194</gpxdata:hr>
     <gpxdata:distance>7301.00</gpxdata:distance>
     <gpxdata:cadence>89</gpxdata:cadence>
     <gpxdata:speed>4.519</gpxdata:speed>
    </extensions>
   </trkpt>
   <trkpt lat="46.0266997" lon="4.0855827">
    <ele>282</ele>
    <time>2026-05-29T19:27:07Z</time>
    <extensions>
     <gpxdata:hr>194</gpxdata:hr>
     <gpxdata:distance>7305.00</gpxdata:distance>
     <gpxdata:cadence>89</gpxdata:cadence>
     <gpxdata:speed>4.517</gpxdata:speed>
    </extensions>
   </trkpt>
   <trkpt lat="46.0267358" lon="4.0855620">
    <ele>282</ele>
    <time>2026-05-29T19:27:08Z</time>
    <extensions>
     <gpxdata:hr>194</gpxdata:hr>
     <gpxdata:distance>7309.50</gpxdata:distance>
     <gpxdata:cadence>89</gpxdata:cadence>
     <gpxdata:speed>4.506</gpxdata:speed>
    </extensions>
   </trkpt>
   <trkpt lat="46.0267719" lon="4.0855413">
    <ele>282</ele>
    <time>2026-05-29T19:27:09Z</time>
    <extensions>
     <gpxdata:hr>193</gpxdata:hr>
     <gpxdata:distance>7314.00</gpxdata:distance>
     <gpxdata:cadence>88</gpxdata:cadence>
     <gpxdata:speed>4.497</gpxdata:speed>
    </extensions>
   </trkpt>
   <trkpt lat="46.0268091" lon="4.0855229">
    <ele>282</ele>
    <time>2026-05-29T19:27:10Z</time>
    <extensions>
     <gpxdata:hr>193</gpxdata:hr>
     <gpxdata:distance>7318.50</gpxdata:distance>
     <gpxdata:cadence>89</gpxdata:cadence>
     <gpxdata:speed>4.489</gpxdata:speed>
    </extensions>
   </trkpt>
   <trkpt lat="46.0268463" lon="4.0855045">
    <ele>282</ele>
    <time>2026-05-29T19:27:11Z</time>
    <extensions>
     <gpxdata:hr>193</gpxdata:hr>
     <gpxdata:distance>7323.00</gpxdata:distance>
     <gpxdata:cadence>89</gpxdata:cadence>
     <gpxdata:speed>4.481</gpxdata:speed>
    </extensions>
   </trkpt>
   <trkpt lat="46.0268842" lon="4.0854877">
    <ele>282</ele>
    <time>2026-05-29T19:27:12Z</time>
    <extensions>
     <gpxdata:hr>193</gpxdata:hr>
     <gpxdata:distance>7327.50</gpxdata:distance>
     <gpxdata:cadence>89</gpxdata:cadence>
     <gpxdata:speed>4.475</gpxdata:speed>
    </extensions>
   </trkpt>
   <trkpt lat="46.0269222" lon="4.0854710">
    <ele>282</ele>
    <time>2026-05-29T19:27:13Z</time>
    <extensions>
     <gpxdata:hr>193</gpxdata:hr>
     <gpxdata:distance>7332.00</gpxdata:distance>
     <gpxdata:cadence>90</gpxdata:cadence>
     <gpxdata:speed>4.472</gpxdata:speed>
    </extensions>
   </trkpt>
   <trkpt lat="46.0269586" lon="4.0854508">
    <ele>282</ele>
    <time>2026-05-29T19:27:14Z</time>
    <extensions>
     <gpxdata:hr>193</gpxdata:hr>
     <gpxdata:distance>7336.50</gpxdata:distance>
     <gpxdata:cadence>90</gpxdata:cadence>
     <gpxdata:speed>4.469</gpxdata:speed>
    </extensions>
   </trkpt>
   <trkpt lat="46.0269950" lon="4.0854307">
    <ele>282</ele>
    <time>2026-05-29T19:27:15Z</time>
    <extensions>
     <gpxdata:hr>193</gpxdata:hr>
     <gpxdata:distance>7341.00</gpxdata:distance>
     <gpxdata:cadence>91</gpxdata:cadence>
     <gpxdata:speed>4.467</gpxdata:speed>
    </extensions>
   </trkpt>
   <trkpt lat="46.0270295" lon="4.0854046">
    <ele>282</ele>
    <time>2026-05-29T19:27:16Z</time>
    <extensions>
     <gpxdata:hr>193</gpxdata:hr>
     <gpxdata:distance>7345.00</gpxdata:distance>
     <gpxdata:cadence>90</gpxdata:cadence>
     <gpxdata:speed>4.464</gpxdata:speed>
    </extensions>
   </trkpt>
   <trkpt lat="46.0270640" lon="4.0853785">
    <ele>282</ele>
    <time>2026-05-29T19:27:17Z</time>
    <extensions>
     <gpxdata:hr>193</gpxdata:hr>
     <gpxdata:distance>7349.00</gpxdata:distance>
     <gpxdata:cadence>90</gpxdata:cadence>
     <gpxdata:speed>4.464</gpxdata:speed>
    </extensions>
   </trkpt>
   <trkpt lat="46.0271005" lon="4.0853563">
    <ele>282</ele>
    <time>2026-05-29T19:27:18Z</time>
    <extensions>
     <gpxdata:hr>194</gpxdata:hr>
     <gpxdata:distance>7353.50</gpxdata:distance>
     <gpxdata:cadence>89</gpxdata:cadence>
     <gpxdata:speed>4.461</gpxdata:speed>
    </extensions>
   </trkpt>
   <trkpt lat="46.0271370" lon="4.0853342">
    <ele>282</ele>
    <time>2026-05-29T19:27:19Z</time>
    <extensions>
     <gpxdata:hr>194</gpxdata:hr>
     <gpxdata:distance>7358.00</gpxdata:distance>
     <gpxdata:cadence>89</gpxdata:cadence>
     <gpxdata:speed>4.458</gpxdata:speed>
    </extensions>
   </trkpt>
   <trkpt lat="46.0271721" lon="4.0853091">
    <ele>282</ele>
    <time>2026-05-29T19:27:20Z</time>
    <extensions>
     <gpxdata:hr>195</gpxdata:hr>
     <gpxdata:distance>7364.50</gpxdata:distance>
     <gpxdata:cadence>89</gpxdata:cadence>
     <gpxdata:speed>4.456</gpxdata:speed>
    </extensions>
   </trkpt>
   <trkpt lat="46.0272073" lon="4.0852840">
    <ele>282</ele>
    <time>2026-05-29T19:27:21Z</time>
    <extensions>
     <gpxdata:hr>194</gpxdata:hr>
     <gpxdata:distance>7371.00</gpxdata:distance>
     <gpxdata:cadence>89</gpxdata:cadence>
     <gpxdata:speed>4.456</gpxdata:speed>
    </extensions>
   </trkpt>
   <trkpt lat="46.0272417" lon="4.0852579">
    <ele>282</ele>
    <time>2026-05-29T19:27:22Z</time>
    <extensions>
     <gpxdata:hr>195</gpxdata:hr>
     <gpxdata:distance>7375.50</gpxdata:distance>
     <gpxdata:cadence>89</gpxdata:cadence>
     <gpxdata:speed>4.453</gpxdata:speed>
    </extensions>
   </trkpt>
   <trkpt lat="46.0272761" lon="4.0852318">
    <ele>282</ele>
    <time>2026-05-29T19:27:23Z</time>
    <extensions>
     <gpxdata:hr>194</gpxdata:hr>
     <gpxdata:distance>7380.00</gpxdata:distance>
     <gpxdata:cadence>89</gpxdata:cadence>
     <gpxdata:speed>4.453</gpxdata:speed>
    </extensions>
   </trkpt>
   <trkpt lat="46.0273111" lon="4.0852088">
    <ele>282</ele>
    <time>2026-05-29T19:27:24Z</time>
    <extensions>
     <gpxdata:hr>194</gpxdata:hr>
     <gpxdata:distance>7384.00</gpxdata:distance>
     <gpxdata:cadence>89</gpxdata:cadence>
     <gpxdata:speed>4.447</gpxdata:speed>
    </extensions>
   </trkpt>
   <trkpt lat="46.0273461" lon="4.0851859">
    <ele>282</ele>
    <time>2026-05-29T19:27:25Z</time>
    <extensions>
     <gpxdata:hr>195</gpxdata:hr>
     <gpxdata:distance>7388.00</gpxdata:distance>
     <gpxdata:cadence>89</gpxdata:cadence>
     <gpxdata:speed>4.442</gpxdata:speed>
    </extensions>
   </trkpt>
   <trkpt lat="46.0273807" lon="4.0851607">
    <ele>282</ele>
    <time>2026-05-29T19:27:26Z</time>
    <extensions>
     <gpxdata:hr>195</gpxdata:hr>
     <gpxdata:distance>7390.50</gpxdata:distance>
     <gpxdata:cadence>88</gpxdata:cadence>
     <gpxdata:speed>4.439</gpxdata:speed>
    </extensions>
   </trkpt>
   <trkpt lat="46.0274153" lon="4.0851355">
    <ele>282</ele>
    <time>2026-05-29T19:27:27Z</time>
    <extensions>
     <gpxdata:hr>195</gpxdata:hr>
     <gpxdata:distance>7393.00</gpxdata:distance>
     <gpxdata:cadence>88</gpxdata:cadence>
     <gpxdata:speed>4.439</gpxdata:speed>
    </extensions>
   </trkpt>
   <trkpt lat="46.0274494" lon="4.0851073">
    <ele>282</ele>
    <time>2026-05-29T19:27:28Z</time>
    <extensions>
     <gpxdata:hr>194</gpxdata:hr>
     <gpxdata:distance>7399.50</gpxdata:distance>
     <gpxdata:cadence>88</gpxdata:cadence>
     <gpxdata:speed>4.433</gpxdata:speed>
    </extensions>
   </trkpt>
   <trkpt lat="46.0274836" lon="4.0850791">
    <ele>282</ele>
    <time>2026-05-29T19:27:29Z</time>
    <extensions>
     <gpxdata:hr>195</gpxdata:hr>
     <gpxdata:distance>7406.00</gpxdata:distance>
     <gpxdata:cadence>88</gpxdata:cadence>
     <gpxdata:speed>4.428</gpxdata:speed>
    </extensions>
   </trkpt>
   <trkpt lat="46.0275177" lon="4.0850504">
    <ele>282</ele>
    <time>2026-05-29T19:27:30Z</time>
    <extensions>
     <gpxdata:hr>195</gpxdata:hr>
     <gpxdata:distance>7410.50</gpxdata:distance>
     <gpxdata:cadence>88</gpxdata:cadence>
     <gpxdata:speed>4.428</gpxdata:speed>
    </extensions>
   </trkpt>
   <trkpt lat="46.0275519" lon="4.0850218">
    <ele>282</ele>
    <time>2026-05-29T19:27:31Z</time>
    <extensions>
     <gpxdata:hr>195</gpxdata:hr>
     <gpxdata:distance>7415.00</gpxdata:distance>
     <gpxdata:cadence>89</gpxdata:cadence>
     <gpxdata:speed>4.428</gpxdata:speed>
    </extensions>
   </trkpt>
   <trkpt lat="46.0275875" lon="4.0849967">
    <ele>282</ele>
    <time>2026-05-29T19:27:32Z</time>
    <extensions>
     <gpxdata:hr>195</gpxdata:hr>
     <gpxdata:distance>7419.50</gpxdata:distance>
     <gpxdata:cadence>89</gpxdata:cadence>
     <gpxdata:speed>4.428</gpxdata:speed>
    </extensions>
   </trkpt>
   <trkpt lat="46.0276232" lon="4.0849717">
    <ele>282</ele>
    <time>2026-05-29T19:27:33Z</time>
    <extensions>
     <gpxdata:hr>195</gpxdata:hr>
     <gpxdata:distance>7424.00</gpxdata:distance>
     <gpxdata:cadence>89</gpxdata:cadence>
     <gpxdata:speed>4.428</gpxdata:speed>
    </extensions>
   </trkpt>
   <trkpt lat="46.0276626" lon="4.0849548">
    <ele>282</ele>
    <time>2026-05-29T19:27:34Z</time>
    <extensions>
     <gpxdata:hr>193</gpxdata:hr>
     <gpxdata:distance>7428.50</gpxdata:distance>
     <gpxdata:cadence>89</gpxdata:cadence>
     <gpxdata:speed>4.425</gpxdata:speed>
    </extensions>
   </trkpt>
   <trkpt lat="46.0277021" lon="4.0849379">
    <ele>282</ele>
    <time>2026-05-29T19:27:35Z</time>
    <extensions>
     <gpxdata:hr>192</gpxdata:hr>
     <gpxdata:distance>7433.00</gpxdata:distance>
     <gpxdata:cadence>89</gpxdata:cadence>
     <gpxdata:speed>4.425</gpxdata:speed>
    </extensions>
   </trkpt>
   <trkpt lat="46.0277417" lon="4.0849225">
    <ele>282</ele>
    <time>2026-05-29T19:27:36Z</time>
    <extensions>
     <gpxdata:hr>191</gpxdata:hr>
     <gpxdata:distance>7437.50</gpxdata:distance>
     <gpxdata:cadence>89</gpxdata:cadence>
     <gpxdata:speed>4.425</gpxdata:speed>
    </extensions>
   </trkpt>
   <trkpt lat="46.0277813" lon="4.0849071">
    <ele>282</ele>
    <time>2026-05-29T19:27:37Z</time>
    <extensions>
     <gpxdata:hr>192</gpxdata:hr>
     <gpxdata:distance>7442.00</gpxdata:distance>
     <gpxdata:cadence>89</gpxdata:cadence>
     <gpxdata:speed>4.428</gpxdata:speed>
    </extensions>
   </trkpt>
   <trkpt lat="46.0278166" lon="4.0848871">
    <ele>282</ele>
    <time>2026-05-29T19:27:38Z</time>
    <extensions>
     <gpxdata:hr>192</gpxdata:hr>
     <gpxdata:distance>7445.50</gpxdata:distance>
     <gpxdata:cadence>89</gpxdata:cadence>
     <gpxdata:speed>4.431</gpxdata:speed>
    </extensions>
   </trkpt>
   <trkpt lat="46.0278520" lon="4.0848671">
    <ele>282</ele>
    <time>2026-05-29T19:27:39Z</time>
    <extensions>
     <gpxdata:hr>193</gpxdata:hr>
     <gpxdata:distance>7449.00</gpxdata:distance>
     <gpxdata:cadence>89</gpxdata:cadence>
     <gpxdata:speed>4.433</gpxdata:speed>
    </extensions>
   </trkpt>
   <trkpt lat="46.0278861" lon="4.0848435">
    <ele>282</ele>
    <time>2026-05-29T19:27:40Z</time>
    <extensions>
     <gpxdata:hr>193</gpxdata:hr>
     <gpxdata:distance>7454.00</gpxdata:distance>
     <gpxdata:cadence>89</gpxdata:cadence>
     <gpxdata:speed>4.433</gpxdata:speed>
    </extensions>
   </trkpt>
   <trkpt lat="46.0279202" lon="4.0848199">
    <ele>282</ele>
    <time>2026-05-29T19:27:41Z</time>
    <extensions>
     <gpxdata:hr>193</gpxdata:hr>
     <gpxdata:distance>7459.00</gpxdata:distance>
     <gpxdata:cadence>89</gpxdata:cadence>
     <gpxdata:speed>4.436</gpxdata:speed>
    </extensions>
   </trkpt>
   <trkpt lat="46.0279562" lon="4.0847952">
    <ele>282</ele>
    <time>2026-05-29T19:27:42Z</time>
    <extensions>
     <gpxdata:hr>194</gpxdata:hr>
     <gpxdata:distance>7463.50</gpxdata:distance>
     <gpxdata:cadence>89</gpxdata:cadence>
     <gpxdata:speed>4.436</gpxdata:speed>
    </extensions>
   </trkpt>
   <trkpt lat="46.0279923" lon="4.0847706">
    <ele>281</ele>
    <time>2026-05-29T19:27:43Z</time>
    <extensions>
     <gpxdata:hr>194</gpxdata:hr>
     <gpxdata:distance>7468.00</gpxdata:distance>
     <gpxdata:cadence>89</gpxdata:cadence>
     <gpxdata:speed>4.436</gpxdata:speed>
    </extensions>
   </trkpt>
   <trkpt lat="46.0280271" lon="4.0847426">
    <ele>281</ele>
    <time>2026-05-29T19:27:44Z</time>
    <extensions>
     <gpxdata:hr>194</gpxdata:hr>
     <gpxdata:distance>7472.00</gpxdata:distance>
     <gpxdata:cadence>89</gpxdata:cadence>
     <gpxdata:speed>4.436</gpxdata:speed>
    </extensions>
   </trkpt>
   <trkpt lat="46.0280620" lon="4.0847147">
    <ele>281</ele>
    <time>2026-05-29T19:27:45Z</time>
    <extensions>
     <gpxdata:hr>194</gpxdata:hr>
     <gpxdata:distance>7476.00</gpxdata:distance>
     <gpxdata:cadence>89</gpxdata:cadence>
     <gpxdata:speed>4.439</gpxdata:speed>
    </extensions>
   </trkpt>
   <trkpt lat="46.0280955" lon="4.0846862">
    <ele>281</ele>
    <time>2026-05-29T19:27:46Z</time>
    <extensions>
     <gpxdata:hr>193</gpxdata:hr>
     <gpxdata:distance>7480.50</gpxdata:distance>
     <gpxdata:cadence>89</gpxdata:cadence>
     <gpxdata:speed>4.439</gpxdata:speed>
    </extensions>
   </trkpt>
   <trkpt lat="46.0281290" lon="4.0846577">
    <ele>281</ele>
    <time>2026-05-29T19:27:47Z</time>
    <extensions>
     <gpxdata:hr>193</gpxdata:hr>
     <gpxdata:distance>7485.00</gpxdata:distance>
     <gpxdata:cadence>89</gpxdata:cadence>
     <gpxdata:speed>4.442</gpxdata:speed>
    </extensions>
   </trkpt>
   <trkpt lat="46.0281629" lon="4.0846322">
    <ele>281</ele>
    <time>2026-05-29T19:27:48Z</time>
    <extensions>
     <gpxdata:hr>192</gpxdata:hr>
     <gpxdata:distance>7489.00</gpxdata:distance>
     <gpxdata:cadence>89</gpxdata:cadence>
     <gpxdata:speed>4.442</gpxdata:speed>
    </extensions>
   </trkpt>
   <trkpt lat="46.0281968" lon="4.0846068">
    <ele>281</ele>
    <time>2026-05-29T19:27:49Z</time>
    <extensions>
     <gpxdata:hr>193</gpxdata:hr>
     <gpxdata:distance>7493.00</gpxdata:distance>
     <gpxdata:cadence>89</gpxdata:cadence>
     <gpxdata:speed>4.442</gpxdata:speed>
    </extensions>
   </trkpt>
   <trkpt lat="46.0282336" lon="4.0845886">
    <ele>281</ele>
    <time>2026-05-29T19:27:50Z</time>
    <extensions>
     <gpxdata:hr>193</gpxdata:hr>
     <gpxdata:distance>7497.50</gpxdata:distance>
     <gpxdata:cadence>89</gpxdata:cadence>
     <gpxdata:speed>4.439</gpxdata:speed>
    </extensions>
   </trkpt>
   <trkpt lat="46.0282704" lon="4.0845704">
    <ele>281</ele>
    <time>2026-05-29T19:27:51Z</time>
    <extensions>
     <gpxdata:hr>194</gpxdata:hr>
     <gpxdata:distance>7502.00</gpxdata:distance>
     <gpxdata:cadence>89</gpxdata:cadence>
     <gpxdata:speed>4.436</gpxdata:speed>
    </extensions>
   </trkpt>
   <trkpt lat="46.0283086" lon="4.0845532">
    <ele>281</ele>
    <time>2026-05-29T19:27:52Z</time>
    <extensions>
     <gpxdata:hr>194</gpxdata:hr>
     <gpxdata:distance>7506.50</gpxdata:distance>
     <gpxdata:cadence>89</gpxdata:cadence>
     <gpxdata:speed>4.431</gpxdata:speed>
    </extensions>
   </trkpt>
   <trkpt lat="46.0283469" lon="4.0845360">
    <ele>281</ele>
    <time>2026-05-29T19:27:53Z</time>
    <extensions>
     <gpxdata:hr>194</gpxdata:hr>
     <gpxdata:distance>7511.00</gpxdata:distance>
     <gpxdata:cadence>89</gpxdata:cadence>
     <gpxdata:speed>4.428</gpxdata:speed>
    </extensions>
   </trkpt>
   <trkpt lat="46.0283836" lon="4.0845153">
    <ele>281</ele>
    <time>2026-05-29T19:27:54Z</time>
    <extensions>
     <gpxdata:hr>194</gpxdata:hr>
     <gpxdata:distance>7515.50</gpxdata:distance>
     <gpxdata:cadence>89</gpxdata:cadence>
     <gpxdata:speed>4.425</gpxdata:speed>
    </extensions>
   </trkpt>
   <trkpt lat="46.0284204" lon="4.0844947">
    <ele>281</ele>
    <time>2026-05-29T19:27:55Z</time>
    <extensions>
     <gpxdata:hr>194</gpxdata:hr>
     <gpxdata:distance>7520.00</gpxdata:distance>
     <gpxdata:cadence>89</gpxdata:cadence>
     <gpxdata:speed>4.422</gpxdata:speed>
    </extensions>
   </trkpt>
   <trkpt lat="46.0284546" lon="4.0844692">
    <ele>281</ele>
    <time>2026-05-29T19:27:56Z</time>
    <extensions>
     <gpxdata:hr>194</gpxdata:hr>
     <gpxdata:distance>7524.00</gpxdata:distance>
     <gpxdata:cadence>89</gpxdata:cadence>
     <gpxdata:speed>4.419</gpxdata:speed>
    </extensions>
   </trkpt>
   <trkpt lat="46.0284889" lon="4.0844438">
    <ele>281</ele>
    <time>2026-05-29T19:27:57Z</time>
    <extensions>
     <gpxdata:hr>194</gpxdata:hr>
     <gpxdata:distance>7528.00</gpxdata:distance>
     <gpxdata:cadence>89</gpxdata:cadence>
     <gpxdata:speed>4.419</gpxdata:speed>
    </extensions>
   </trkpt>
   <trkpt lat="46.0285226" lon="4.0844165">
    <ele>281</ele>
    <time>2026-05-29T19:27:58Z</time>
    <extensions>
     <gpxdata:hr>194</gpxdata:hr>
     <gpxdata:distance>7532.50</gpxdata:distance>
     <gpxdata:cadence>89</gpxdata:cadence>
     <gpxdata:speed>4.417</gpxdata:speed>
    </extensions>
   </trkpt>
   <trkpt lat="46.0285564" lon="4.0843893">
    <ele>281</ele>
    <time>2026-05-29T19:27:59Z</time>
    <extensions>
     <gpxdata:hr>194</gpxdata:hr>
     <gpxdata:distance>7537.00</gpxdata:distance>
     <gpxdata:cadence>89</gpxdata:cadence>
     <gpxdata:speed>4.417</gpxdata:speed>
    </extensions>
   </trkpt>
   <trkpt lat="46.0285884" lon="4.0843590">
    <ele>281</ele>
    <time>2026-05-29T19:28:00Z</time>
    <extensions>
     <gpxdata:hr>194</gpxdata:hr>
     <gpxdata:distance>7539.00</gpxdata:distance>
     <gpxdata:cadence>89</gpxdata:cadence>
     <gpxdata:speed>4.417</gpxdata:speed>
    </extensions>
   </trkpt>
   <trkpt lat="46.0286205" lon="4.0843287">
    <ele>281</ele>
    <time>2026-05-29T19:28:01Z</time>
    <extensions>
     <gpxdata:hr>194</gpxdata:hr>
     <gpxdata:distance>7541.00</gpxdata:distance>
     <gpxdata:cadence>90</gpxdata:cadence>
     <gpxdata:speed>4.417</gpxdata:speed>
    </extensions>
   </trkpt>
   <trkpt lat="46.0286547" lon="4.0843035">
    <ele>281</ele>
    <time>2026-05-29T19:28:02Z</time>
    <extensions>
     <gpxdata:hr>194</gpxdata:hr>
     <gpxdata:distance>7545.50</gpxdata:distance>
     <gpxdata:cadence>89</gpxdata:cadence>
     <gpxdata:speed>4.414</gpxdata:speed>
    </extensions>
   </trkpt>
   <trkpt lat="46.0286890" lon="4.0842783">
    <ele>281</ele>
    <time>2026-05-29T19:28:03Z</time>
    <extensions>
     <gpxdata:hr>194</gpxdata:hr>
     <gpxdata:distance>7550.00</gpxdata:distance>
     <gpxdata:cadence>89</gpxdata:cadence>
     <gpxdata:speed>4.414</gpxdata:speed>
    </extensions>
   </trkpt>
   <trkpt lat="46.0287289" lon="4.0842642">
    <ele>281</ele>
    <time>2026-05-29T19:28:04Z</time>
    <extensions>
     <gpxdata:hr>193</gpxdata:hr>
     <gpxdata:distance>7555.00</gpxdata:distance>
     <gpxdata:cadence>88</gpxdata:cadence>
     <gpxdata:speed>4.408</gpxdata:speed>
    </extensions>
   </trkpt>
   <trkpt lat="46.0287688" lon="4.0842502">
    <ele>281</ele>
    <time>2026-05-29T19:28:05Z</time>
    <extensions>
     <gpxdata:hr>192</gpxdata:hr>
     <gpxdata:distance>7560.00</gpxdata:distance>
     <gpxdata:cadence>88</gpxdata:cadence>
     <gpxdata:speed>4.403</gpxdata:speed>
    </extensions>
   </trkpt>
   <trkpt lat="46.0288076" lon="4.0842383">
    <ele>281</ele>
    <time>2026-05-29T19:28:06Z</time>
    <extensions>
     <gpxdata:hr>193</gpxdata:hr>
     <gpxdata:distance>7565.50</gpxdata:distance>
     <gpxdata:cadence>88</gpxdata:cadence>
     <gpxdata:speed>4.400</gpxdata:speed>
    </extensions>
   </trkpt>
   <trkpt lat="46.0288464" lon="4.0842264">
    <ele>281</ele>
    <time>2026-05-29T19:28:07Z</time>
    <extensions>
     <gpxdata:hr>193</gpxdata:hr>
     <gpxdata:distance>7571.00</gpxdata:distance>
     <gpxdata:cadence>89</gpxdata:cadence>
     <gpxdata:speed>4.400</gpxdata:speed>
    </extensions>
   </trkpt>
   <trkpt lat="46.0288808" lon="4.0842081">
    <ele>281</ele>
    <time>2026-05-29T19:28:08Z</time>
    <extensions>
     <gpxdata:hr>193</gpxdata:hr>
     <gpxdata:distance>7575.50</gpxdata:distance>
     <gpxdata:cadence>89</gpxdata:cadence>
     <gpxdata:speed>4.400</gpxdata:speed>
    </extensions>
   </trkpt>
   <trkpt lat="46.0289153" lon="4.0841898">
    <ele>281</ele>
    <time>2026-05-29T19:28:09Z</time>
    <extensions>
     <gpxdata:hr>193</gpxdata:hr>
     <gpxdata:distance>7580.00</gpxdata:distance>
     <gpxdata:cadence>89</gpxdata:cadence>
     <gpxdata:speed>4.400</gpxdata:speed>
    </extensions>
   </trkpt>
   <trkpt lat="46.0289481" lon="4.0841672">
    <ele>281</ele>
    <time>2026-05-29T19:28:10Z</time>
    <extensions>
     <gpxdata:hr>193</gpxdata:hr>
     <gpxdata:distance>7582.00</gpxdata:distance>
     <gpxdata:cadence>89</gpxdata:cadence>
     <gpxdata:speed>4.397</gpxdata:speed>
    </extensions>
   </trkpt>
   <trkpt lat="46.0289810" lon="4.0841447">
    <ele>281</ele>
    <time>2026-05-29T19:28:11Z</time>
    <extensions>
     <gpxdata:hr>193</gpxdata:hr>
     <gpxdata:distance>7584.00</gpxdata:distance>
     <gpxdata:cadence>90</gpxdata:cadence>
     <gpxdata:speed>4.397</gpxdata:speed>
    </extensions>
   </trkpt>
   <trkpt lat="46.0290176" lon="4.0841232">
    <ele>281</ele>
    <time>2026-05-29T19:28:12Z</time>
    <extensions>
     <gpxdata:hr>193</gpxdata:hr>
     <gpxdata:distance>7591.00</gpxdata:distance>
     <gpxdata:cadence>89</gpxdata:cadence>
     <gpxdata:speed>4.394</gpxdata:speed>
    </extensions>
   </trkpt>
   <trkpt lat="46.0290542" lon="4.0841017">
    <ele>281</ele>
    <time>2026-05-29T19:28:13Z</time>
    <extensions>
     <gpxdata:hr>193</gpxdata:hr>
     <gpxdata:distance>7598.00</gpxdata:distance>
     <gpxdata:cadence>89</gpxdata:cadence>
     <gpxdata:speed>4.392</gpxdata:speed>
    </extensions>
   </trkpt>
   <trkpt lat="46.0290913" lon="4.0840803">
    <ele>281</ele>
    <time>2026-05-29T19:28:14Z</time>
    <extensions>
     <gpxdata:hr>193</gpxdata:hr>
     <gpxdata:distance>7602.00</gpxdata:distance>
     <gpxdata:cadence>89</gpxdata:cadence>
     <gpxdata:speed>4.386</gpxdata:speed>
    </extensions>
   </trkpt>
   <trkpt lat="46.0291285" lon="4.0840590">
    <ele>281</ele>
    <time>2026-05-29T19:28:15Z</time>
    <extensions>
     <gpxdata:hr>193</gpxdata:hr>
     <gpxdata:distance>7606.00</gpxdata:distance>
     <gpxdata:cadence>89</gpxdata:cadence>
     <gpxdata:speed>4.381</gpxdata:speed>
    </extensions>
   </trkpt>
   <trkpt lat="46.0291640" lon="4.0840366">
    <ele>281</ele>
    <time>2026-05-29T19:28:16Z</time>
    <extensions>
     <gpxdata:hr>193</gpxdata:hr>
     <gpxdata:distance>7608.00</gpxdata:distance>
     <gpxdata:cadence>88</gpxdata:cadence>
     <gpxdata:speed>4.378</gpxdata:speed>
    </extensions>
   </trkpt>
   <trkpt lat="46.0291996" lon="4.0840142">
    <ele>281</ele>
    <time>2026-05-29T19:28:17Z</time>
    <extensions>
     <gpxdata:hr>193</gpxdata:hr>
     <gpxdata:distance>7610.00</gpxdata:distance>
     <gpxdata:cadence>88</gpxdata:cadence>
     <gpxdata:speed>4.378</gpxdata:speed>
    </extensions>
   </trkpt>
   <trkpt lat="46.0292345" lon="4.0839931">
    <ele>281</ele>
    <time>2026-05-29T19:28:18Z</time>
    <extensions>
     <gpxdata:hr>192</gpxdata:hr>
     <gpxdata:distance>7616.50</gpxdata:distance>
     <gpxdata:cadence>88</gpxdata:cadence>
     <gpxdata:speed>4.375</gpxdata:speed>
    </extensions>
   </trkpt>
   <trkpt lat="46.0292694" lon="4.0839720">
    <ele>281</ele>
    <time>2026-05-29T19:28:19Z</time>
    <extensions>
     <gpxdata:hr>191</gpxdata:hr>
     <gpxdata:distance>7623.00</gpxdata:distance>
     <gpxdata:cadence>88</gpxdata:cadence>
     <gpxdata:speed>4.372</gpxdata:speed>
    </extensions>
   </trkpt>
   <trkpt lat="46.0293027" lon="4.0839504">
    <ele>281</ele>
    <time>2026-05-29T19:28:20Z</time>
    <extensions>
     <gpxdata:hr>191</gpxdata:hr>
     <gpxdata:distance>7625.00</gpxdata:distance>
     <gpxdata:cadence>88</gpxdata:cadence>
     <gpxdata:speed>4.372</gpxdata:speed>
    </extensions>
   </trkpt>
   <trkpt lat="46.0293360" lon="4.0839288">
    <ele>281</ele>
    <time>2026-05-29T19:28:21Z</time>
    <extensions>
     <gpxdata:hr>191</gpxdata:hr>
     <gpxdata:distance>7627.00</gpxdata:distance>
     <gpxdata:cadence>88</gpxdata:cadence>
     <gpxdata:speed>4.372</gpxdata:speed>
    </extensions>
   </trkpt>
   <trkpt lat="46.0293712" lon="4.0839073">
    <ele>282</ele>
    <time>2026-05-29T19:28:22Z</time>
    <extensions>
     <gpxdata:hr>191</gpxdata:hr>
     <gpxdata:distance>7631.50</gpxdata:distance>
     <gpxdata:cadence>88</gpxdata:cadence>
     <gpxdata:speed>4.367</gpxdata:speed>
    </extensions>
   </trkpt>
   <trkpt lat="46.0294065" lon="4.0838858">
    <ele>282</ele>
    <time>2026-05-29T19:28:23Z</time>
    <extensions>
     <gpxdata:hr>191</gpxdata:hr>
     <gpxdata:distance>7636.00</gpxdata:distance>
     <gpxdata:cadence>88</gpxdata:cadence>
     <gpxdata:speed>4.361</gpxdata:speed>
    </extensions>
   </trkpt>
   <trkpt lat="46.0294432" lon="4.0838668">
    <ele>282</ele>
    <time>2026-05-29T19:28:24Z</time>
    <extensions>
     <gpxdata:hr>190</gpxdata:hr>
     <gpxdata:distance>7642.50</gpxdata:distance>
     <gpxdata:cadence>88</gpxdata:cadence>
     <gpxdata:speed>4.358</gpxdata:speed>
    </extensions>
   </trkpt>
   <trkpt lat="46.0294800" lon="4.0838478">
    <ele>282</ele>
    <time>2026-05-29T19:28:25Z</time>
    <extensions>
     <gpxdata:hr>189</gpxdata:hr>
     <gpxdata:distance>7649.00</gpxdata:distance>
     <gpxdata:cadence>89</gpxdata:cadence>
     <gpxdata:speed>4.356</gpxdata:speed>
    </extensions>
   </trkpt>
   <trkpt lat="46.0295172" lon="4.0838254">
    <ele>282</ele>
    <time>2026-05-29T19:28:26Z</time>
    <extensions>
     <gpxdata:hr>190</gpxdata:hr>
     <gpxdata:distance>7651.50</gpxdata:distance>
     <gpxdata:cadence>89</gpxdata:cadence>
     <gpxdata:speed>4.356</gpxdata:speed>
    </extensions>
   </trkpt>
   <trkpt lat="46.0295545" lon="4.0838031">
    <ele>282</ele>
    <time>2026-05-29T19:28:27Z</time>
    <extensions>
     <gpxdata:hr>191</gpxdata:hr>
     <gpxdata:distance>7654.00</gpxdata:distance>
     <gpxdata:cadence>89</gpxdata:cadence>
     <gpxdata:speed>4.356</gpxdata:speed>
    </extensions>
   </trkpt>
   <trkpt lat="46.0295930" lon="4.0837843">
    <ele>282</ele>
    <time>2026-05-29T19:28:28Z</time>
    <extensions>
     <gpxdata:hr>191</gpxdata:hr>
     <gpxdata:distance>7658.00</gpxdata:distance>
     <gpxdata:cadence>89</gpxdata:cadence>
     <gpxdata:speed>4.356</gpxdata:speed>
    </extensions>
   </trkpt>
   <trkpt lat="46.0296315" lon="4.0837656">
    <ele>282</ele>
    <time>2026-05-29T19:28:29Z</time>
    <extensions>
     <gpxdata:hr>190</gpxdata:hr>
     <gpxdata:distance>7662.00</gpxdata:distance>
     <gpxdata:cadence>89</gpxdata:cadence>
     <gpxdata:speed>4.358</gpxdata:speed>
    </extensions>
   </trkpt>
   <trkpt lat="46.0296705" lon="4.0837491">
    <ele>282</ele>
    <time>2026-05-29T19:28:30Z</time>
    <extensions>
     <gpxdata:hr>190</gpxdata:hr>
     <gpxdata:distance>7669.00</gpxdata:distance>
     <gpxdata:cadence>89</gpxdata:cadence>
     <gpxdata:speed>4.364</gpxdata:speed>
    </extensions>
   </trkpt>
   <trkpt lat="46.0297095" lon="4.0837326">
    <ele>282</ele>
    <time>2026-05-29T19:28:31Z</time>
    <extensions>
     <gpxdata:hr>189</gpxdata:hr>
     <gpxdata:distance>7676.00</gpxdata:distance>
     <gpxdata:cadence>89</gpxdata:cadence>
     <gpxdata:speed>4.369</gpxdata:speed>
    </extensions>
   </trkpt>
   <trkpt lat="46.0297460" lon="4.0837116">
    <ele>282</ele>
    <time>2026-05-29T19:28:32Z</time>
    <extensions>
     <gpxdata:hr>190</gpxdata:hr>
     <gpxdata:distance>7680.50</gpxdata:distance>
     <gpxdata:cadence>89</gpxdata:cadence>
     <gpxdata:speed>4.372</gpxdata:speed>
    </extensions>
   </trkpt>
   <trkpt lat="46.0297825" lon="4.0836906">
    <ele>282</ele>
    <time>2026-05-29T19:28:33Z</time>
    <extensions>
     <gpxdata:hr>190</gpxdata:hr>
     <gpxdata:distance>7685.00</gpxdata:distance>
     <gpxdata:cadence>89</gpxdata:cadence>
     <gpxdata:speed>4.378</gpxdata:speed>
    </extensions>
   </trkpt>
   <trkpt lat="46.0298172" lon="4.0836634">
    <ele>282</ele>
    <time>2026-05-29T19:28:34Z</time>
    <extensions>
     <gpxdata:hr>190</gpxdata:hr>
     <gpxdata:distance>7689.50</gpxdata:distance>
     <gpxdata:cadence>88</gpxdata:cadence>
     <gpxdata:speed>4.381</gpxdata:speed>
    </extensions>
   </trkpt>
   <trkpt lat="46.0298520" lon="4.0836363">
    <ele>282</ele>
    <time>2026-05-29T19:28:35Z</time>
    <extensions>
     <gpxdata:hr>189</gpxdata:hr>
     <gpxdata:distance>7694.00</gpxdata:distance>
     <gpxdata:cadence>88</gpxdata:cadence>
     <gpxdata:speed>4.383</gpxdata:speed>
    </extensions>
   </trkpt>
   <trkpt lat="46.0298865" lon="4.0836095">
    <ele>282</ele>
    <time>2026-05-29T19:28:36Z</time>
    <extensions>
     <gpxdata:hr>189</gpxdata:hr>
     <gpxdata:distance>7698.00</gpxdata:distance>
     <gpxdata:cadence>88</gpxdata:cadence>
     <gpxdata:speed>4.383</gpxdata:speed>
    </extensions>
   </trkpt>
   <trkpt lat="46.0299211" lon="4.0835827">
    <ele>282</ele>
    <time>2026-05-29T19:28:37Z</time>
    <extensions>
     <gpxdata:hr>189</gpxdata:hr>
     <gpxdata:distance>7702.00</gpxdata:distance>
     <gpxdata:cadence>88</gpxdata:cadence>
     <gpxdata:speed>4.383</gpxdata:speed>
    </extensions>
   </trkpt>
   <trkpt lat="46.0299564" lon="4.0835598">
    <ele>282</ele>
    <time>2026-05-29T19:28:38Z</time>
    <extensions>
     <gpxdata:hr>189</gpxdata:hr>
     <gpxdata:distance>7706.50</gpxdata:distance>
     <gpxdata:cadence>88</gpxdata:cadence>
     <gpxdata:speed>4.386</gpxdata:speed>
    </extensions>
   </trkpt>
   <trkpt lat="46.0299917" lon="4.0835370">
    <ele>282</ele>
    <time>2026-05-29T19:28:39Z</time>
    <extensions>
     <gpxdata:hr>189</gpxdata:hr>
     <gpxdata:distance>7711.00</gpxdata:distance>
     <gpxdata:cadence>88</gpxdata:cadence>
     <gpxdata:speed>4.389</gpxdata:speed>
    </extensions>
   </trkpt>
   <trkpt lat="46.0300263" lon="4.0835146">
    <ele>282</ele>
    <time>2026-05-29T19:28:40Z</time>
    <extensions>
     <gpxdata:hr>188</gpxdata:hr>
     <gpxdata:distance>7712.50</gpxdata:distance>
     <gpxdata:cadence>88</gpxdata:cadence>
     <gpxdata:speed>4.389</gpxdata:speed>
    </extensions>
   </trkpt>
   <trkpt lat="46.0300609" lon="4.0834922">
    <ele>282</ele>
    <time>2026-05-29T19:28:41Z</time>
    <extensions>
     <gpxdata:hr>188</gpxdata:hr>
     <gpxdata:distance>7714.00</gpxdata:distance>
     <gpxdata:cadence>89</gpxdata:cadence>
     <gpxdata:speed>4.392</gpxdata:speed>
    </extensions>
   </trkpt>
   <trkpt lat="46.0300945" lon="4.0834673">
    <ele>282</ele>
    <time>2026-05-29T19:28:42Z</time>
    <extensions>
     <gpxdata:hr>189</gpxdata:hr>
     <gpxdata:distance>7720.50</gpxdata:distance>
     <gpxdata:cadence>88</gpxdata:cadence>
     <gpxdata:speed>4.386</gpxdata:speed>
    </extensions>
   </trkpt>
   <trkpt lat="46.0301281" lon="4.0834424">
    <ele>282</ele>
    <time>2026-05-29T19:28:43Z</time>
    <extensions>
     <gpxdata:hr>189</gpxdata:hr>
     <gpxdata:distance>7727.00</gpxdata:distance>
     <gpxdata:cadence>88</gpxdata:cadence>
     <gpxdata:speed>4.381</gpxdata:speed>
    </extensions>
   </trkpt>
   <trkpt lat="46.0301628" lon="4.0834193">
    <ele>282</ele>
    <time>2026-05-29T19:28:44Z</time>
    <extensions>
     <gpxdata:hr>189</gpxdata:hr>
     <gpxdata:distance>7731.50</gpxdata:distance>
     <gpxdata:cadence>87</gpxdata:cadence>
     <gpxdata:speed>4.372</gpxdata:speed>
    </extensions>
   </trkpt>
   <trkpt lat="46.0301976" lon="4.0833962">
    <ele>282</ele>
    <time>2026-05-29T19:28:45Z</time>
    <extensions>
     <gpxdata:hr>189</gpxdata:hr>
     <gpxdata:distance>7736.00</gpxdata:distance>
     <gpxdata:cadence>87</gpxdata:cadence>
     <gpxdata:speed>4.367</gpxdata:speed>
    </extensions>
   </trkpt>
   <trkpt lat="46.0302348" lon="4.0833767">
    <ele>282</ele>
    <time>2026-05-29T19:28:46Z</time>
    <extensions>
     <gpxdata:hr>189</gpxdata:hr>
     <gpxdata:distance>7738.50</gpxdata:distance>
     <gpxdata:cadence>87</gpxdata:cadence>
     <gpxdata:speed>4.367</gpxdata:speed>
    </extensions>
   </trkpt>
   <trkpt lat="46.0302720" lon="4.0833572">
    <ele>282</ele>
    <time>2026-05-29T19:28:47Z</time>
    <extensions>
     <gpxdata:hr>189</gpxdata:hr>
     <gpxdata:distance>7741.00</gpxdata:distance>
     <gpxdata:cadence>87</gpxdata:cadence>
     <gpxdata:speed>4.367</gpxdata:speed>
    </extensions>
   </trkpt>
   <trkpt lat="46.0303099" lon="4.0833376">
    <ele>281</ele>
    <time>2026-05-29T19:28:48Z</time>
    <extensions>
     <gpxdata:hr>190</gpxdata:hr>
     <gpxdata:distance>7745.50</gpxdata:distance>
     <gpxdata:cadence>87</gpxdata:cadence>
     <gpxdata:speed>4.367</gpxdata:speed>
    </extensions>
   </trkpt>
   <trkpt lat="46.0303479" lon="4.0833180">
    <ele>281</ele>
    <time>2026-05-29T19:28:49Z</time>
    <extensions>
     <gpxdata:hr>190</gpxdata:hr>
     <gpxdata:distance>7750.00</gpxdata:distance>
     <gpxdata:cadence>87</gpxdata:cadence>
     <gpxdata:speed>4.367</gpxdata:speed>
    </extensions>
   </trkpt>
   <trkpt lat="46.0303853" lon="4.0832970">
    <ele>281</ele>
    <time>2026-05-29T19:28:50Z</time>
    <extensions>
     <gpxdata:hr>190</gpxdata:hr>
     <gpxdata:distance>7756.50</gpxdata:distance>
     <gpxdata:cadence>88</gpxdata:cadence>
     <gpxdata:speed>4.375</gpxdata:speed>
    </extensions>
   </trkpt>
   <trkpt lat="46.0304228" lon="4.0832760">
    <ele>281</ele>
    <time>2026-05-29T19:28:51Z</time>
    <extensions>
     <gpxdata:hr>190</gpxdata:hr>
     <gpxdata:distance>7763.00</gpxdata:distance>
     <gpxdata:cadence>89</gpxdata:cadence>
     <gpxdata:speed>4.383</gpxdata:speed>
    </extensions>
   </trkpt>
   <trkpt lat="46.0304593" lon="4.0832534">
    <ele>281</ele>
    <time>2026-05-29T19:28:52Z</time>
    <extensions>
     <gpxdata:hr>190</gpxdata:hr>
     <gpxdata:distance>7765.00</gpxdata:distance>
     <gpxdata:cadence>89</gpxdata:cadence>
     <gpxdata:speed>4.386</gpxdata:speed>
    </extensions>
   </trkpt>
   <trkpt lat="46.0304958" lon="4.0832308">
    <ele>281</ele>
    <time>2026-05-29T19:28:53Z</time>
    <extensions>
     <gpxdata:hr>191</gpxdata:hr>
     <gpxdata:distance>7767.00</gpxdata:distance>
     <gpxdata:cadence>89</gpxdata:cadence>
     <gpxdata:speed>4.389</gpxdata:speed>
    </extensions>
   </trkpt>
   <trkpt lat="46.0305308" lon="4.0832077">
    <ele>281</ele>
    <time>2026-05-29T19:28:54Z</time>
    <extensions>
     <gpxdata:hr>191</gpxdata:hr>
     <gpxdata:distance>7771.50</gpxdata:distance>
     <gpxdata:cadence>89</gpxdata:cadence>
     <gpxdata:speed>4.389</gpxdata:speed>
    </extensions>
   </trkpt>
   <trkpt lat="46.0305659" lon="4.0831847">
    <ele>281</ele>
    <time>2026-05-29T19:28:55Z</time>
    <extensions>
     <gpxdata:hr>192</gpxdata:hr>
     <gpxdata:distance>7776.00</gpxdata:distance>
     <gpxdata:cadence>89</gpxdata:cadence>
     <gpxdata:speed>4.392</gpxdata:speed>
    </extensions>
   </trkpt>
   <trkpt lat="46.0306016" lon="4.0831610">
    <ele>281</ele>
    <time>2026-05-29T19:28:56Z</time>
    <extensions>
     <gpxdata:hr>192</gpxdata:hr>
     <gpxdata:distance>7782.50</gpxdata:distance>
     <gpxdata:cadence>89</gpxdata:cadence>
     <gpxdata:speed>4.392</gpxdata:speed>
    </extensions>
   </trkpt>
   <trkpt lat="46.0306374" lon="4.0831374">
    <ele>281</ele>
    <time>2026-05-29T19:28:57Z</time>
    <extensions>
     <gpxdata:hr>192</gpxdata:hr>
     <gpxdata:distance>7789.00</gpxdata:distance>
     <gpxdata:cadence>89</gpxdata:cadence>
     <gpxdata:speed>4.392</gpxdata:speed>
    </extensions>
   </trkpt>
   <trkpt lat="46.0306738" lon="4.0831131">
    <ele>281</ele>
    <time>2026-05-29T19:28:58Z</time>
    <extensions>
     <gpxdata:hr>192</gpxdata:hr>
     <gpxdata:distance>7793.50</gpxdata:distance>
     <gpxdata:cadence>89</gpxdata:cadence>
     <gpxdata:speed>4.392</gpxdata:speed>
    </extensions>
   </trkpt>
   <trkpt lat="46.0307102" lon="4.0830889">
    <ele>281</ele>
    <time>2026-05-29T19:28:59Z</time>
    <extensions>
     <gpxdata:hr>192</gpxdata:hr>
     <gpxdata:distance>7798.00</gpxdata:distance>
     <gpxdata:cadence>89</gpxdata:cadence>
     <gpxdata:speed>4.394</gpxdata:speed>
    </extensions>
   </trkpt>
   <trkpt lat="46.0307468" lon="4.0830668">
    <ele>281</ele>
    <time>2026-05-29T19:29:00Z</time>
    <extensions>
     <gpxdata:hr>192</gpxdata:hr>
     <gpxdata:distance>7802.50</gpxdata:distance>
     <gpxdata:cadence>89</gpxdata:cadence>
     <gpxdata:speed>4.394</gpxdata:speed>
    </extensions>
   </trkpt>
   <trkpt lat="46.0307835" lon="4.0830448">
    <ele>281</ele>
    <time>2026-05-29T19:29:01Z</time>
    <extensions>
     <gpxdata:hr>192</gpxdata:hr>
     <gpxdata:distance>7807.00</gpxdata:distance>
     <gpxdata:cadence>89</gpxdata:cadence>
     <gpxdata:speed>4.397</gpxdata:speed>
    </extensions>
   </trkpt>
   <trkpt lat="46.0308200" lon="4.0830246">
    <ele>281</ele>
    <time>2026-05-29T19:29:02Z</time>
    <extensions>
     <gpxdata:hr>192</gpxdata:hr>
     <gpxdata:distance>7811.00</gpxdata:distance>
     <gpxdata:cadence>89</gpxdata:cadence>
     <gpxdata:speed>4.397</gpxdata:speed>
    </extensions>
   </trkpt>
   <trkpt lat="46.0308565" lon="4.0830044">
    <ele>281</ele>
    <time>2026-05-29T19:29:03Z</time>
    <extensions>
     <gpxdata:hr>192</gpxdata:hr>
     <gpxdata:distance>7815.00</gpxdata:distance>
     <gpxdata:cadence>89</gpxdata:cadence>
     <gpxdata:speed>4.400</gpxdata:speed>
    </extensions>
   </trkpt>
   <trkpt lat="46.0308939" lon="4.0829851">
    <ele>281</ele>
    <time>2026-05-29T19:29:04Z</time>
    <extensions>
     <gpxdata:hr>192</gpxdata:hr>
     <gpxdata:distance>7817.50</gpxdata:distance>
     <gpxdata:cadence>89</gpxdata:cadence>
     <gpxdata:speed>4.400</gpxdata:speed>
    </extensions>
   </trkpt>
   <trkpt lat="46.0309313" lon="4.0829659">
    <ele>281</ele>
    <time>2026-05-29T19:29:05Z</time>
    <extensions>
     <gpxdata:hr>192</gpxdata:hr>
     <gpxdata:distance>7820.00</gpxdata:distance>
     <gpxdata:cadence>89</gpxdata:cadence>
     <gpxdata:speed>4.400</gpxdata:speed>
    </extensions>
   </trkpt>
   <trkpt lat="46.0309675" lon="4.0829433">
    <ele>281</ele>
    <time>2026-05-29T19:29:06Z</time>
    <extensions>
     <gpxdata:hr>191</gpxdata:hr>
     <gpxdata:distance>7824.50</gpxdata:distance>
     <gpxdata:cadence>89</gpxdata:cadence>
     <gpxdata:speed>4.400</gpxdata:speed>
    </extensions>
   </trkpt>
   <trkpt lat="46.0310037" lon="4.0829208">
    <ele>281</ele>
    <time>2026-05-29T19:29:07Z</time>
    <extensions>
     <gpxdata:hr>190</gpxdata:hr>
     <gpxdata:distance>7829.00</gpxdata:distance>
     <gpxdata:cadence>89</gpxdata:cadence>
     <gpxdata:speed>4.403</gpxdata:speed>
    </extensions>
   </trkpt>
   <trkpt lat="46.0310391" lon="4.0828959">
    <ele>281</ele>
    <time>2026-05-29T19:29:08Z</time>
    <extensions>
     <gpxdata:hr>190</gpxdata:hr>
     <gpxdata:distance>7835.50</gpxdata:distance>
     <gpxdata:cadence>88</gpxdata:cadence>
     <gpxdata:speed>4.403</gpxdata:speed>
    </extensions>
   </trkpt>
   <trkpt lat="46.0310746" lon="4.0828710">
    <ele>281</ele>
    <time>2026-05-29T19:29:09Z</time>
    <extensions>
     <gpxdata:hr>190</gpxdata:hr>
     <gpxdata:distance>7842.00</gpxdata:distance>
     <gpxdata:cadence>88</gpxdata:cadence>
     <gpxdata:speed>4.406</gpxdata:speed>
    </extensions>
   </trkpt>
   <trkpt lat="46.0311091" lon="4.0828457">
    <ele>281</ele>
    <time>2026-05-29T19:29:10Z</time>
    <extensions>
     <gpxdata:hr>190</gpxdata:hr>
     <gpxdata:distance>7846.00</gpxdata:distance>
     <gpxdata:cadence>87</gpxdata:cadence>
     <gpxdata:speed>4.406</gpxdata:speed>
    </extensions>
   </trkpt>
   <trkpt lat="46.0311436" lon="4.0828205">
    <ele>281</ele>
    <time>2026-05-29T19:29:11Z</time>
    <extensions>
     <gpxdata:hr>190</gpxdata:hr>
     <gpxdata:distance>7850.00</gpxdata:distance>
     <gpxdata:cadence>87</gpxdata:cadence>
     <gpxdata:speed>4.406</gpxdata:speed>
    </extensions>
   </trkpt>
   <trkpt lat="46.0311757" lon="4.0827951">
    <ele>281</ele>
    <time>2026-05-29T19:29:12Z</time>
    <extensions>
     <gpxdata:hr>190</gpxdata:hr>
     <gpxdata:distance>7854.00</gpxdata:distance>
     <gpxdata:cadence>87</gpxdata:cadence>
     <gpxdata:speed>4.406</gpxdata:speed>
    </extensions>
   </trkpt>
   <trkpt lat="46.0312079" lon="4.0827697">
    <ele>281</ele>
    <time>2026-05-29T19:29:13Z</time>
    <extensions>
     <gpxdata:hr>190</gpxdata:hr>
     <gpxdata:distance>7858.00</gpxdata:distance>
     <gpxdata:cadence>87</gpxdata:cadence>
     <gpxdata:speed>4.406</gpxdata:speed>
    </extensions>
   </trkpt>
   <trkpt lat="46.0312416" lon="4.0827440">
    <ele>281</ele>
    <time>2026-05-29T19:29:14Z</time>
    <extensions>
     <gpxdata:hr>189</gpxdata:hr>
     <gpxdata:distance>7863.00</gpxdata:distance>
     <gpxdata:cadence>87</gpxdata:cadence>
     <gpxdata:speed>4.403</gpxdata:speed>
    </extensions>
   </trkpt>
   <trkpt lat="46.0312754" lon="4.0827184">
    <ele>281</ele>
    <time>2026-05-29T19:29:15Z</time>
    <extensions>
     <gpxdata:hr>189</gpxdata:hr>
     <gpxdata:distance>7868.00</gpxdata:distance>
     <gpxdata:cadence>87</gpxdata:cadence>
     <gpxdata:speed>4.400</gpxdata:speed>
    </extensions>
   </trkpt>
   <trkpt lat="46.0313118" lon="4.0826943">
    <ele>281</ele>
    <time>2026-05-29T19:29:16Z</time>
    <extensions>
     <gpxdata:hr>189</gpxdata:hr>
     <gpxdata:distance>7872.00</gpxdata:distance>
     <gpxdata:cadence>88</gpxdata:cadence>
     <gpxdata:speed>4.400</gpxdata:speed>
    </extensions>
   </trkpt>
   <trkpt lat="46.0313483" lon="4.0826702">
    <ele>281</ele>
    <time>2026-05-29T19:29:17Z</time>
    <extensions>
     <gpxdata:hr>189</gpxdata:hr>
     <gpxdata:distance>7876.00</gpxdata:distance>
     <gpxdata:cadence>89</gpxdata:cadence>
     <gpxdata:speed>4.400</gpxdata:speed>
    </extensions>
   </trkpt>
   <trkpt lat="46.0313837" lon="4.0826430">
    <ele>281</ele>
    <time>2026-05-29T19:29:18Z</time>
    <extensions>
     <gpxdata:hr>189</gpxdata:hr>
     <gpxdata:distance>7880.50</gpxdata:distance>
     <gpxdata:cadence>89</gpxdata:cadence>
     <gpxdata:speed>4.400</gpxdata:speed>
    </extensions>
   </trkpt>
   <trkpt lat="46.0314192" lon="4.0826158">
    <ele>281</ele>
    <time>2026-05-29T19:29:19Z</time>
    <extensions>
     <gpxdata:hr>188</gpxdata:hr>
     <gpxdata:distance>7885.00</gpxdata:distance>
     <gpxdata:cadence>90</gpxdata:cadence>
     <gpxdata:speed>4.403</gpxdata:speed>
    </extensions>
   </trkpt>
   <trkpt lat="46.0314555" lon="4.0825900">
    <ele>281</ele>
    <time>2026-05-29T19:29:20Z</time>
    <extensions>
     <gpxdata:hr>188</gpxdata:hr>
     <gpxdata:distance>7887.50</gpxdata:distance>
     <gpxdata:cadence>90</gpxdata:cadence>
     <gpxdata:speed>4.403</gpxdata:speed>
    </extensions>
   </trkpt>
   <trkpt lat="46.0314918" lon="4.0825642">
    <ele>281</ele>
    <time>2026-05-29T19:29:21Z</time>
    <extensions>
     <gpxdata:hr>188</gpxdata:hr>
     <gpxdata:distance>7890.00</gpxdata:distance>
     <gpxdata:cadence>90</gpxdata:cadence>
     <gpxdata:speed>4.406</gpxdata:speed>
    </extensions>
   </trkpt>
   <trkpt lat="46.0315254" lon="4.0825353">
    <ele>281</ele>
    <time>2026-05-29T19:29:22Z</time>
    <extensions>
     <gpxdata:hr>188</gpxdata:hr>
     <gpxdata:distance>7894.00</gpxdata:distance>
     <gpxdata:cadence>90</gpxdata:cadence>
     <gpxdata:speed>4.408</gpxdata:speed>
    </extensions>
   </trkpt>
   <trkpt lat="46.0315590" lon="4.0825064">
    <ele>281</ele>
    <time>2026-05-29T19:29:23Z</time>
    <extensions>
     <gpxdata:hr>188</gpxdata:hr>
     <gpxdata:distance>7898.00</gpxdata:distance>
     <gpxdata:cadence>90</gpxdata:cadence>
     <gpxdata:speed>4.414</gpxdata:speed>
    </extensions>
   </trkpt>
   <trkpt lat="46.0315881" lon="4.0824707">
    <ele>281</ele>
    <time>2026-05-29T19:29:24Z</time>
    <extensions>
     <gpxdata:hr>188</gpxdata:hr>
     <gpxdata:distance>7902.50</gpxdata:distance>
     <gpxdata:cadence>90</gpxdata:cadence>
     <gpxdata:speed>4.417</gpxdata:speed>
    </extensions>
   </trkpt>
   <trkpt lat="46.0316173" lon="4.0824351">
    <ele>281</ele>
    <time>2026-05-29T19:29:25Z</time>
    <extensions>
     <gpxdata:hr>187</gpxdata:hr>
     <gpxdata:distance>7907.00</gpxdata:distance>
     <gpxdata:cadence>90</gpxdata:cadence>
     <gpxdata:speed>4.419</gpxdata:speed>
    </extensions>
   </trkpt>
   <trkpt lat="46.0316422" lon="4.0823931">
    <ele>281</ele>
    <time>2026-05-29T19:29:26Z</time>
    <extensions>
     <gpxdata:hr>188</gpxdata:hr>
     <gpxdata:distance>7911.00</gpxdata:distance>
     <gpxdata:cadence>90</gpxdata:cadence>
     <gpxdata:speed>4.419</gpxdata:speed>
    </extensions>
   </trkpt>
   <trkpt lat="46.0316671" lon="4.0823512">
    <ele>281</ele>
    <time>2026-05-29T19:29:27Z</time>
    <extensions>
     <gpxdata:hr>188</gpxdata:hr>
     <gpxdata:distance>7915.00</gpxdata:distance>
     <gpxdata:cadence>90</gpxdata:cadence>
     <gpxdata:speed>4.422</gpxdata:speed>
    </extensions>
   </trkpt>
   <trkpt lat="46.0316894" lon="4.0823048">
    <ele>281</ele>
    <time>2026-05-29T19:29:28Z</time>
    <extensions>
     <gpxdata:hr>188</gpxdata:hr>
     <gpxdata:distance>7919.50</gpxdata:distance>
     <gpxdata:cadence>90</gpxdata:cadence>
     <gpxdata:speed>4.419</gpxdata:speed>
    </extensions>
   </trkpt>
   <trkpt lat="46.0317118" lon="4.0822585">
    <ele>281</ele>
    <time>2026-05-29T19:29:29Z</time>
    <extensions>
     <gpxdata:hr>188</gpxdata:hr>
     <gpxdata:distance>7924.00</gpxdata:distance>
     <gpxdata:cadence>91</gpxdata:cadence>
     <gpxdata:speed>4.419</gpxdata:speed>
    </extensions>
   </trkpt>
   <trkpt lat="46.0317331" lon="4.0822083">
    <ele>281</ele>
    <time>2026-05-29T19:29:30Z</time>
    <extensions>
     <gpxdata:hr>189</gpxdata:hr>
     <gpxdata:distance>7929.00</gpxdata:distance>
     <gpxdata:cadence>90</gpxdata:cadence>
     <gpxdata:speed>4.417</gpxdata:speed>
    </extensions>
   </trkpt>
   <trkpt lat="46.0317545" lon="4.0821582">
    <ele>281</ele>
    <time>2026-05-29T19:29:31Z</time>
    <extensions>
     <gpxdata:hr>189</gpxdata:hr>
     <gpxdata:distance>7934.00</gpxdata:distance>
     <gpxdata:cadence>90</gpxdata:cadence>
     <gpxdata:speed>4.414</gpxdata:speed>
    </extensions>
   </trkpt>
   <trkpt lat="46.0317748" lon="4.0821063">
    <ele>281</ele>
    <time>2026-05-29T19:29:32Z</time>
    <extensions>
     <gpxdata:hr>190</gpxdata:hr>
     <gpxdata:distance>7938.50</gpxdata:distance>
     <gpxdata:cadence>90</gpxdata:cadence>
     <gpxdata:speed>4.411</gpxdata:speed>
    </extensions>
   </trkpt>
   <trkpt lat="46.0317952" lon="4.0820544">
    <ele>281</ele>
    <time>2026-05-29T19:29:33Z</time>
    <extensions>
     <gpxdata:hr>191</gpxdata:hr>
     <gpxdata:distance>7943.00</gpxdata:distance>
     <gpxdata:cadence>90</gpxdata:cadence>
     <gpxdata:speed>4.411</gpxdata:speed>
    </extensions>
   </trkpt>
   <trkpt lat="46.0318156" lon="4.0820035">
    <ele>281</ele>
    <time>2026-05-29T19:29:34Z</time>
    <extensions>
     <gpxdata:hr>192</gpxdata:hr>
     <gpxdata:distance>7947.50</gpxdata:distance>
     <gpxdata:cadence>90</gpxdata:cadence>
     <gpxdata:speed>4.411</gpxdata:speed>
    </extensions>
   </trkpt>
   <trkpt lat="46.0318360" lon="4.0819526">
    <ele>281</ele>
    <time>2026-05-29T19:29:35Z</time>
    <extensions>
     <gpxdata:hr>191</gpxdata:hr>
     <gpxdata:distance>7952.00</gpxdata:distance>
     <gpxdata:cadence>90</gpxdata:cadence>
     <gpxdata:speed>4.414</gpxdata:speed>
    </extensions>
   </trkpt>
   <trkpt lat="46.0318564" lon="4.0819036">
    <ele>281</ele>
    <time>2026-05-29T19:29:36Z</time>
    <extensions>
     <gpxdata:hr>191</gpxdata:hr>
     <gpxdata:distance>7956.00</gpxdata:distance>
     <gpxdata:cadence>89</gpxdata:cadence>
     <gpxdata:speed>4.417</gpxdata:speed>
    </extensions>
   </trkpt>
   <trkpt lat="46.0318769" lon="4.0818547">
    <ele>281</ele>
    <time>2026-05-29T19:29:37Z</time>
    <extensions>
     <gpxdata:hr>191</gpxdata:hr>
     <gpxdata:distance>7960.00</gpxdata:distance>
     <gpxdata:cadence>89</gpxdata:cadence>
     <gpxdata:speed>4.419</gpxdata:speed>
    </extensions>
   </trkpt>
   <trkpt lat="46.0318970" lon="4.0818058">
    <ele>281</ele>
    <time>2026-05-29T19:29:38Z</time>
    <extensions>
     <gpxdata:hr>192</gpxdata:hr>
     <gpxdata:distance>7964.50</gpxdata:distance>
     <gpxdata:cadence>89</gpxdata:cadence>
     <gpxdata:speed>4.419</gpxdata:speed>
    </extensions>
   </trkpt>
   <trkpt lat="46.0319171" lon="4.0817570">
    <ele>281</ele>
    <time>2026-05-29T19:29:39Z</time>
    <extensions>
     <gpxdata:hr>193</gpxdata:hr>
     <gpxdata:distance>7969.00</gpxdata:distance>
     <gpxdata:cadence>90</gpxdata:cadence>
     <gpxdata:speed>4.422</gpxdata:speed>
    </extensions>
   </trkpt>
   <trkpt lat="46.0319365" lon="4.0817077">
    <ele>281</ele>
    <time>2026-05-29T19:29:40Z</time>
    <extensions>
     <gpxdata:hr>193</gpxdata:hr>
     <gpxdata:distance>7973.50</gpxdata:distance>
     <gpxdata:cadence>90</gpxdata:cadence>
     <gpxdata:speed>4.422</gpxdata:speed>
    </extensions>
   </trkpt>
   <trkpt lat="46.0319560" lon="4.0816585">
    <ele>281</ele>
    <time>2026-05-29T19:29:41Z</time>
    <extensions>
     <gpxdata:hr>194</gpxdata:hr>
     <gpxdata:distance>7978.00</gpxdata:distance>
     <gpxdata:cadence>90</gpxdata:cadence>
     <gpxdata:speed>4.422</gpxdata:speed>
    </extensions>
   </trkpt>
   <trkpt lat="46.0319749" lon="4.0816081">
    <ele>281</ele>
    <time>2026-05-29T19:29:42Z</time>
    <extensions>
     <gpxdata:hr>194</gpxdata:hr>
     <gpxdata:distance>7982.50</gpxdata:distance>
     <gpxdata:cadence>90</gpxdata:cadence>
     <gpxdata:speed>4.422</gpxdata:speed>
    </extensions>
   </trkpt>
   <trkpt lat="46.0319939" lon="4.0815578">
    <ele>281</ele>
    <time>2026-05-29T19:29:43Z</time>
    <extensions>
     <gpxdata:hr>195</gpxdata:hr>
     <gpxdata:distance>7987.00</gpxdata:distance>
     <gpxdata:cadence>90</gpxdata:cadence>
     <gpxdata:speed>4.422</gpxdata:speed>
    </extensions>
   </trkpt>
   <trkpt lat="46.0320129" lon="4.0815072">
    <ele>281</ele>
    <time>2026-05-29T19:29:44Z</time>
    <extensions>
     <gpxdata:hr>196</gpxdata:hr>
     <gpxdata:distance>7991.50</gpxdata:distance>
     <gpxdata:cadence>90</gpxdata:cadence>
     <gpxdata:speed>4.422</gpxdata:speed>
    </extensions>
   </trkpt>
   <trkpt lat="46.0320319" lon="4.0814566">
    <ele>281</ele>
    <time>2026-05-29T19:29:45Z</time>
    <extensions>
     <gpxdata:hr>195</gpxdata:hr>
     <gpxdata:distance>7996.00</gpxdata:distance>
     <gpxdata:cadence>90</gpxdata:cadence>
     <gpxdata:speed>4.422</gpxdata:speed>
    </extensions>
   </trkpt>
   <trkpt lat="46.0320507" lon="4.0814050">
    <ele>281</ele>
    <time>2026-05-29T19:29:46Z</time>
    <extensions>
     <gpxdata:hr>195</gpxdata:hr>
     <gpxdata:distance>8000.50</gpxdata:distance>
     <gpxdata:cadence>90</gpxdata:cadence>
     <gpxdata:speed>4.422</gpxdata:speed>
    </extensions>
   </trkpt>
   <trkpt lat="46.0320696" lon="4.0813535">
    <ele>282</ele>
    <time>2026-05-29T19:29:47Z</time>
    <extensions>
     <gpxdata:hr>196</gpxdata:hr>
     <gpxdata:distance>8005.00</gpxdata:distance>
     <gpxdata:cadence>90</gpxdata:cadence>
     <gpxdata:speed>4.425</gpxdata:speed>
    </extensions>
   </trkpt>
   <trkpt lat="46.0320887" lon="4.0813015">
    <ele>281</ele>
    <time>2026-05-29T19:29:48Z</time>
    <extensions>
     <gpxdata:hr>196</gpxdata:hr>
     <gpxdata:distance>8009.50</gpxdata:distance>
     <gpxdata:cadence>90</gpxdata:cadence>
     <gpxdata:speed>4.425</gpxdata:speed>
    </extensions>
   </trkpt>
   <trkpt lat="46.0321078" lon="4.0812496">
    <ele>281</ele>
    <time>2026-05-29T19:29:49Z</time>
    <extensions>
     <gpxdata:hr>196</gpxdata:hr>
     <gpxdata:distance>8014.00</gpxdata:distance>
     <gpxdata:cadence>90</gpxdata:cadence>
     <gpxdata:speed>4.428</gpxdata:speed>
    </extensions>
   </trkpt>
   <trkpt lat="46.0321257" lon="4.0811970">
    <ele>281</ele>
    <time>2026-05-29T19:29:50Z</time>
    <extensions>
     <gpxdata:hr>196</gpxdata:hr>
     <gpxdata:distance>8018.50</gpxdata:distance>
     <gpxdata:cadence>89</gpxdata:cadence>
     <gpxdata:speed>4.428</gpxdata:speed>
    </extensions>
   </trkpt>
   <trkpt lat="46.0321437" lon="4.0811444">
    <ele>281</ele>
    <time>2026-05-29T19:29:51Z</time>
    <extensions>
     <gpxdata:hr>197</gpxdata:hr>
     <gpxdata:distance>8023.00</gpxdata:distance>
     <gpxdata:cadence>89</gpxdata:cadence>
     <gpxdata:speed>4.431</gpxdata:speed>
    </extensions>
   </trkpt>
   <trkpt lat="46.0321608" lon="4.0810907">
    <ele>281</ele>
    <time>2026-05-29T19:29:52Z</time>
    <extensions>
     <gpxdata:hr>197</gpxdata:hr>
     <gpxdata:distance>8027.50</gpxdata:distance>
     <gpxdata:cadence>89</gpxdata:cadence>
     <gpxdata:speed>4.436</gpxdata:speed>
    </extensions>
   </trkpt>
   <trkpt lat="46.0321780" lon="4.0810370">
    <ele>281</ele>
    <time>2026-05-29T19:29:53Z</time>
    <extensions>
     <gpxdata:hr>196</gpxdata:hr>
     <gpxdata:distance>8032.00</gpxdata:distance>
     <gpxdata:cadence>89</gpxdata:cadence>
     <gpxdata:speed>4.442</gpxdata:speed>
    </extensions>
   </trkpt>
   <trkpt lat="46.0321960" lon="4.0809845">
    <ele>281</ele>
    <time>2026-05-29T19:29:54Z</time>
    <extensions>
     <gpxdata:hr>196</gpxdata:hr>
     <gpxdata:distance>8036.50</gpxdata:distance>
     <gpxdata:cadence>89</gpxdata:cadence>
     <gpxdata:speed>4.447</gpxdata:speed>
    </extensions>
   </trkpt>
   <trkpt lat="46.0322141" lon="4.0809320">
    <ele>281</ele>
    <time>2026-05-29T19:29:55Z</time>
    <extensions>
     <gpxdata:hr>195</gpxdata:hr>
     <gpxdata:distance>8041.00</gpxdata:distance>
     <gpxdata:cadence>89</gpxdata:cadence>
     <gpxdata:speed>4.453</gpxdata:speed>
    </extensions>
   </trkpt>
   <trkpt lat="46.0322324" lon="4.0808810">
    <ele>281</ele>
    <time>2026-05-29T19:29:56Z</time>
    <extensions>
     <gpxdata:hr>196</gpxdata:hr>
     <gpxdata:distance>8045.50</gpxdata:distance>
     <gpxdata:cadence>89</gpxdata:cadence>
     <gpxdata:speed>4.458</gpxdata:speed>
    </extensions>
   </trkpt>
   <trkpt lat="46.0322508" lon="4.0808301">
    <ele>281</ele>
    <time>2026-05-29T19:29:57Z</time>
    <extensions>
     <gpxdata:hr>196</gpxdata:hr>
     <gpxdata:distance>8050.00</gpxdata:distance>
     <gpxdata:cadence>89</gpxdata:cadence>
     <gpxdata:speed>4.467</gpxdata:speed>
    </extensions>
   </trkpt>
   <trkpt lat="46.0322694" lon="4.0807814">
    <ele>281</ele>
    <time>2026-05-29T19:29:58Z</time>
    <extensions>
     <gpxdata:hr>196</gpxdata:hr>
     <gpxdata:distance>8054.00</gpxdata:distance>
     <gpxdata:cadence>89</gpxdata:cadence>
     <gpxdata:speed>4.472</gpxdata:speed>
    </extensions>
   </trkpt>
   <trkpt lat="46.0322880" lon="4.0807328">
    <ele>281</ele>
    <time>2026-05-29T19:29:59Z</time>
    <extensions>
     <gpxdata:hr>196</gpxdata:hr>
     <gpxdata:distance>8058.00</gpxdata:distance>
     <gpxdata:cadence>89</gpxdata:cadence>
     <gpxdata:speed>4.478</gpxdata:speed>
    </extensions>
   </trkpt>
   <trkpt lat="46.0323068" lon="4.0806835">
    <ele>281</ele>
    <time>2026-05-29T19:30:00Z</time>
    <extensions>
     <gpxdata:hr>195</gpxdata:hr>
     <gpxdata:distance>8062.50</gpxdata:distance>
     <gpxdata:cadence>89</gpxdata:cadence>
     <gpxdata:speed>4.478</gpxdata:speed>
    </extensions>
   </trkpt>
   <trkpt lat="46.0323257" lon="4.0806342">
    <ele>281</ele>
    <time>2026-05-29T19:30:01Z</time>
    <extensions>
     <gpxdata:hr>195</gpxdata:hr>
     <gpxdata:distance>8067.00</gpxdata:distance>
     <gpxdata:cadence>89</gpxdata:cadence>
     <gpxdata:speed>4.481</gpxdata:speed>
    </extensions>
   </trkpt>
   <trkpt lat="46.0323445" lon="4.0805841">
    <ele>281</ele>
    <time>2026-05-29T19:30:02Z</time>
    <extensions>
     <gpxdata:hr>195</gpxdata:hr>
     <gpxdata:distance>8071.50</gpxdata:distance>
     <gpxdata:cadence>89</gpxdata:cadence>
     <gpxdata:speed>4.481</gpxdata:speed>
    </extensions>
   </trkpt>
   <trkpt lat="46.0323633" lon="4.0805341">
    <ele>281</ele>
    <time>2026-05-29T19:30:03Z</time>
    <extensions>
     <gpxdata:hr>194</gpxdata:hr>
     <gpxdata:distance>8076.00</gpxdata:distance>
     <gpxdata:cadence>89</gpxdata:cadence>
     <gpxdata:speed>4.481</gpxdata:speed>
    </extensions>
   </trkpt>
   <trkpt lat="46.0323818" lon="4.0804851">
    <ele>281</ele>
    <time>2026-05-29T19:30:04Z</time>
    <extensions>
     <gpxdata:hr>193</gpxdata:hr>
     <gpxdata:distance>8080.00</gpxdata:distance>
     <gpxdata:cadence>89</gpxdata:cadence>
     <gpxdata:speed>4.478</gpxdata:speed>
    </extensions>
   </trkpt>
   <trkpt lat="46.0324004" lon="4.0804361">
    <ele>281</ele>
    <time>2026-05-29T19:30:05Z</time>
    <extensions>
     <gpxdata:hr>191</gpxdata:hr>
     <gpxdata:distance>8084.00</gpxdata:distance>
     <gpxdata:cadence>89</gpxdata:cadence>
     <gpxdata:speed>4.478</gpxdata:speed>
    </extensions>
   </trkpt>
   <trkpt lat="46.0324191" lon="4.0803874">
    <ele>281</ele>
    <time>2026-05-29T19:30:06Z</time>
    <extensions>
     <gpxdata:hr>192</gpxdata:hr>
     <gpxdata:distance>8088.50</gpxdata:distance>
     <gpxdata:cadence>89</gpxdata:cadence>
     <gpxdata:speed>4.475</gpxdata:speed>
    </extensions>
   </trkpt>
   <trkpt lat="46.0324378" lon="4.0803388">
    <ele>281</ele>
    <time>2026-05-29T19:30:07Z</time>
    <extensions>
     <gpxdata:hr>193</gpxdata:hr>
     <gpxdata:distance>8093.00</gpxdata:distance>
     <gpxdata:cadence>89</gpxdata:cadence>
     <gpxdata:speed>4.472</gpxdata:speed>
    </extensions>
   </trkpt>
   <trkpt lat="46.0324567" lon="4.0802886">
    <ele>281</ele>
    <time>2026-05-29T19:30:08Z</time>
    <extensions>
     <gpxdata:hr>193</gpxdata:hr>
     <gpxdata:distance>8097.50</gpxdata:distance>
     <gpxdata:cadence>89</gpxdata:cadence>
     <gpxdata:speed>4.467</gpxdata:speed>
    </extensions>
   </trkpt>
   <trkpt lat="46.0324757" lon="4.0802385">
    <ele>281</ele>
    <time>2026-05-29T19:30:09Z</time>
    <extensions>
     <gpxdata:hr>193</gpxdata:hr>
     <gpxdata:distance>8102.00</gpxdata:distance>
     <gpxdata:cadence>89</gpxdata:cadence>
     <gpxdata:speed>4.461</gpxdata:speed>
    </extensions>
   </trkpt>
   <trkpt lat="46.0324953" lon="4.0801874">
    <ele>281</ele>
    <time>2026-05-29T19:30:10Z</time>
    <extensions>
     <gpxdata:hr>193</gpxdata:hr>
     <gpxdata:distance>8106.50</gpxdata:distance>
     <gpxdata:cadence>89</gpxdata:cadence>
     <gpxdata:speed>4.458</gpxdata:speed>
    </extensions>
   </trkpt>
   <trkpt lat="46.0325150" lon="4.0801364">
    <ele>281</ele>
    <time>2026-05-29T19:30:11Z</time>
    <extensions>
     <gpxdata:hr>192</gpxdata:hr>
     <gpxdata:distance>8111.00</gpxdata:distance>
     <gpxdata:cadence>90</gpxdata:cadence>
     <gpxdata:speed>4.456</gpxdata:speed>
    </extensions>
   </trkpt>
   <trkpt lat="46.0325351" lon="4.0800855">
    <ele>281</ele>
    <time>2026-05-29T19:30:12Z</time>
    <extensions>
     <gpxdata:hr>192</gpxdata:hr>
     <gpxdata:distance>8115.50</gpxdata:distance>
     <gpxdata:cadence>90</gpxdata:cadence>
     <gpxdata:speed>4.453</gpxdata:speed>
    </extensions>
   </trkpt>
   <trkpt lat="46.0325553" lon="4.0800347">
    <ele>281</ele>
    <time>2026-05-29T19:30:13Z</time>
    <extensions>
     <gpxdata:hr>192</gpxdata:hr>
     <gpxdata:distance>8120.00</gpxdata:distance>
     <gpxdata:cadence>90</gpxdata:cadence>
     <gpxdata:speed>4.453</gpxdata:speed>
    </extensions>
   </trkpt>
   <trkpt lat="46.0325753" lon="4.0799841">
    <ele>281</ele>
    <time>2026-05-29T19:30:14Z</time>
    <extensions>
     <gpxdata:hr>192</gpxdata:hr>
     <gpxdata:distance>8124.50</gpxdata:distance>
     <gpxdata:cadence>90</gpxdata:cadence>
     <gpxdata:speed>4.453</gpxdata:speed>
    </extensions>
   </trkpt>
   <trkpt lat="46.0325954" lon="4.0799336">
    <ele>281</ele>
    <time>2026-05-29T19:30:15Z</time>
    <extensions>
     <gpxdata:hr>191</gpxdata:hr>
     <gpxdata:distance>8129.00</gpxdata:distance>
     <gpxdata:cadence>90</gpxdata:cadence>
     <gpxdata:speed>4.456</gpxdata:speed>
    </extensions>
   </trkpt>
   <trkpt lat="46.0326151" lon="4.0798832">
    <ele>281</ele>
    <time>2026-05-29T19:30:16Z</time>
    <extensions>
     <gpxdata:hr>191</gpxdata:hr>
     <gpxdata:distance>8133.50</gpxdata:distance>
     <gpxdata:cadence>90</gpxdata:cadence>
     <gpxdata:speed>4.456</gpxdata:speed>
    </extensions>
   </trkpt>
   <trkpt lat="46.0326349" lon="4.0798329">
    <ele>281</ele>
    <time>2026-05-29T19:30:17Z</time>
    <extensions>
     <gpxdata:hr>191</gpxdata:hr>
     <gpxdata:distance>8138.00</gpxdata:distance>
     <gpxdata:cadence>91</gpxdata:cadence>
     <gpxdata:speed>4.458</gpxdata:speed>
    </extensions>
   </trkpt>
   <trkpt lat="46.0326554" lon="4.0797830">
    <ele>281</ele>
    <time>2026-05-29T19:30:18Z</time>
    <extensions>
     <gpxdata:hr>190</gpxdata:hr>
     <gpxdata:distance>8142.50</gpxdata:distance>
     <gpxdata:cadence>91</gpxdata:cadence>
     <gpxdata:speed>4.458</gpxdata:speed>
    </extensions>
   </trkpt>
   <trkpt lat="46.0326760" lon="4.0797332">
    <ele>281</ele>
    <time>2026-05-29T19:30:19Z</time>
    <extensions>
     <gpxdata:hr>190</gpxdata:hr>
     <gpxdata:distance>8147.00</gpxdata:distance>
     <gpxdata:cadence>91</gpxdata:cadence>
     <gpxdata:speed>4.461</gpxdata:speed>
    </extensions>
   </trkpt>
   <trkpt lat="46.0326959" lon="4.0796841">
    <ele>281</ele>
    <time>2026-05-29T19:30:20Z</time>
    <extensions>
     <gpxdata:hr>190</gpxdata:hr>
     <gpxdata:distance>8151.50</gpxdata:distance>
     <gpxdata:cadence>91</gpxdata:cadence>
     <gpxdata:speed>4.461</gpxdata:speed>
    </extensions>
   </trkpt>
   <trkpt lat="46.0327158" lon="4.0796350">
    <ele>281</ele>
    <time>2026-05-29T19:30:21Z</time>
    <extensions>
     <gpxdata:hr>190</gpxdata:hr>
     <gpxdata:distance>8156.00</gpxdata:distance>
     <gpxdata:cadence>91</gpxdata:cadence>
     <gpxdata:speed>4.461</gpxdata:speed>
    </extensions>
   </trkpt>
   <trkpt lat="46.0327351" lon="4.0795848">
    <ele>281</ele>
    <time>2026-05-29T19:30:22Z</time>
    <extensions>
     <gpxdata:hr>189</gpxdata:hr>
     <gpxdata:distance>8160.00</gpxdata:distance>
     <gpxdata:cadence>90</gpxdata:cadence>
     <gpxdata:speed>4.461</gpxdata:speed>
    </extensions>
   </trkpt>
   <trkpt lat="46.0327545" lon="4.0795346">
    <ele>281</ele>
    <time>2026-05-29T19:30:23Z</time>
    <extensions>
     <gpxdata:hr>190</gpxdata:hr>
     <gpxdata:distance>8164.00</gpxdata:distance>
     <gpxdata:cadence>90</gpxdata:cadence>
     <gpxdata:speed>4.461</gpxdata:speed>
    </extensions>
   </trkpt>
   <trkpt lat="46.0327751" lon="4.0794850">
    <ele>281</ele>
    <time>2026-05-29T19:30:24Z</time>
    <extensions>
     <gpxdata:hr>189</gpxdata:hr>
     <gpxdata:distance>8169.00</gpxdata:distance>
     <gpxdata:cadence>90</gpxdata:cadence>
     <gpxdata:speed>4.458</gpxdata:speed>
    </extensions>
   </trkpt>
   <trkpt lat="46.0327958" lon="4.0794354">
    <ele>281</ele>
    <time>2026-05-29T19:30:25Z</time>
    <extensions>
     <gpxdata:hr>189</gpxdata:hr>
     <gpxdata:distance>8174.00</gpxdata:distance>
     <gpxdata:cadence>90</gpxdata:cadence>
     <gpxdata:speed>4.458</gpxdata:speed>
    </extensions>
   </trkpt>
   <trkpt lat="46.0328166" lon="4.0793854">
    <ele>281</ele>
    <time>2026-05-29T19:30:26Z</time>
    <extensions>
     <gpxdata:hr>189</gpxdata:hr>
     <gpxdata:distance>8180.50</gpxdata:distance>
     <gpxdata:cadence>89</gpxdata:cadence>
     <gpxdata:speed>4.456</gpxdata:speed>
    </extensions>
   </trkpt>
   <trkpt lat="46.0328375" lon="4.0793354">
    <ele>281</ele>
    <time>2026-05-29T19:30:27Z</time>
    <extensions>
     <gpxdata:hr>189</gpxdata:hr>
     <gpxdata:distance>8187.00</gpxdata:distance>
     <gpxdata:cadence>89</gpxdata:cadence>
     <gpxdata:speed>4.456</gpxdata:speed>
    </extensions>
   </trkpt>
   <trkpt lat="46.0328554" lon="4.0792841">
    <ele>280</ele>
    <time>2026-05-29T19:30:28Z</time>
    <extensions>
     <gpxdata:hr>189</gpxdata:hr>
     <gpxdata:distance>8189.00</gpxdata:distance>
     <gpxdata:cadence>89</gpxdata:cadence>
     <gpxdata:speed>4.456</gpxdata:speed>
    </extensions>
   </trkpt>
   <trkpt lat="46.0328733" lon="4.0792328">
    <ele>280</ele>
    <time>2026-05-29T19:30:29Z</time>
    <extensions>
     <gpxdata:hr>189</gpxdata:hr>
     <gpxdata:distance>8191.00</gpxdata:distance>
     <gpxdata:cadence>89</gpxdata:cadence>
     <gpxdata:speed>4.458</gpxdata:speed>
    </extensions>
   </trkpt>
   <trkpt lat="46.0328900" lon="4.0791817">
    <ele>280</ele>
    <time>2026-05-29T19:30:30Z</time>
    <extensions>
     <gpxdata:hr>189</gpxdata:hr>
     <gpxdata:distance>8195.50</gpxdata:distance>
     <gpxdata:cadence>89</gpxdata:cadence>
     <gpxdata:speed>4.458</gpxdata:speed>
    </extensions>
   </trkpt>
   <trkpt lat="46.0329067" lon="4.0791307">
    <ele>280</ele>
    <time>2026-05-29T19:30:31Z</time>
    <extensions>
     <gpxdata:hr>189</gpxdata:hr>
     <gpxdata:distance>8200.00</gpxdata:distance>
     <gpxdata:cadence>90</gpxdata:cadence>
     <gpxdata:speed>4.458</gpxdata:speed>
    </extensions>
   </trkpt>
   <trkpt lat="46.0329229" lon="4.0790804">
    <ele>280</ele>
    <time>2026-05-29T19:30:32Z</time>
    <extensions>
     <gpxdata:hr>188</gpxdata:hr>
     <gpxdata:distance>8204.50</gpxdata:distance>
     <gpxdata:cadence>90</gpxdata:cadence>
     <gpxdata:speed>4.458</gpxdata:speed>
    </extensions>
   </trkpt>
   <trkpt lat="46.0329392" lon="4.0790301">
    <ele>280</ele>
    <time>2026-05-29T19:30:33Z</time>
    <extensions>
     <gpxdata:hr>189</gpxdata:hr>
     <gpxdata:distance>8209.00</gpxdata:distance>
     <gpxdata:cadence>90</gpxdata:cadence>
     <gpxdata:speed>4.458</gpxdata:speed>
    </extensions>
   </trkpt>
   <trkpt lat="46.0329543" lon="4.0789777">
    <ele>280</ele>
    <time>2026-05-29T19:30:34Z</time>
    <extensions>
     <gpxdata:hr>190</gpxdata:hr>
     <gpxdata:distance>8213.50</gpxdata:distance>
     <gpxdata:cadence>90</gpxdata:cadence>
     <gpxdata:speed>4.458</gpxdata:speed>
    </extensions>
   </trkpt>
   <trkpt lat="46.0329695" lon="4.0789253">
    <ele>280</ele>
    <time>2026-05-29T19:30:35Z</time>
    <extensions>
     <gpxdata:hr>188</gpxdata:hr>
     <gpxdata:distance>8218.00</gpxdata:distance>
     <gpxdata:cadence>90</gpxdata:cadence>
     <gpxdata:speed>4.458</gpxdata:speed>
    </extensions>
   </trkpt>
   <trkpt lat="46.0329806" lon="4.0788705">
    <ele>280</ele>
    <time>2026-05-29T19:30:36Z</time>
    <extensions>
     <gpxdata:hr>190</gpxdata:hr>
     <gpxdata:distance>8222.50</gpxdata:distance>
     <gpxdata:cadence>90</gpxdata:cadence>
     <gpxdata:speed>4.458</gpxdata:speed>
    </extensions>
   </trkpt>
   <trkpt lat="46.0329917" lon="4.0788157">
    <ele>280</ele>
    <time>2026-05-29T19:30:37Z</time>
    <extensions>
     <gpxdata:hr>191</gpxdata:hr>
     <gpxdata:distance>8227.00</gpxdata:distance>
     <gpxdata:cadence>90</gpxdata:cadence>
     <gpxdata:speed>4.461</gpxdata:speed>
    </extensions>
   </trkpt>
   <trkpt lat="46.0329865" lon="4.0787666">
    <ele>280</ele>
    <time>2026-05-29T19:30:38Z</time>
    <extensions>
     <gpxdata:hr>192</gpxdata:hr>
     <gpxdata:distance>8230.50</gpxdata:distance>
     <gpxdata:cadence>91</gpxdata:cadence>
     <gpxdata:speed>4.461</gpxdata:speed>
    </extensions>
   </trkpt>
   <trkpt lat="46.0329813" lon="4.0787176">
    <ele>280</ele>
    <time>2026-05-29T19:30:39Z</time>
    <extensions>
     <gpxdata:hr>192</gpxdata:hr>
     <gpxdata:distance>8234.00</gpxdata:distance>
     <gpxdata:cadence>91</gpxdata:cadence>
     <gpxdata:speed>4.461</gpxdata:speed>
    </extensions>
   </trkpt>
   <trkpt lat="46.0329564" lon="4.0786836">
    <ele>280</ele>
    <time>2026-05-29T19:30:40Z</time>
    <extensions>
     <gpxdata:hr>193</gpxdata:hr>
     <gpxdata:distance>8238.50</gpxdata:distance>
     <gpxdata:cadence>91</gpxdata:cadence>
     <gpxdata:speed>4.461</gpxdata:speed>
    </extensions>
   </trkpt>
   <trkpt lat="46.0329316" lon="4.0786496">
    <ele>280</ele>
    <time>2026-05-29T19:30:41Z</time>
    <extensions>
     <gpxdata:hr>193</gpxdata:hr>
     <gpxdata:distance>8243.00</gpxdata:distance>
     <gpxdata:cadence>92</gpxdata:cadence>
     <gpxdata:speed>4.461</gpxdata:speed>
    </extensions>
   </trkpt>
   <trkpt lat="46.0328972" lon="4.0786235">
    <ele>280</ele>
    <time>2026-05-29T19:30:42Z</time>
    <extensions>
     <gpxdata:hr>194</gpxdata:hr>
     <gpxdata:distance>8249.50</gpxdata:distance>
     <gpxdata:cadence>92</gpxdata:cadence>
     <gpxdata:speed>4.461</gpxdata:speed>
    </extensions>
   </trkpt>
   <trkpt lat="46.0328629" lon="4.0785974">
    <ele>280</ele>
    <time>2026-05-29T19:30:43Z</time>
    <extensions>
     <gpxdata:hr>194</gpxdata:hr>
     <gpxdata:distance>8256.00</gpxdata:distance>
     <gpxdata:cadence>92</gpxdata:cadence>
     <gpxdata:speed>4.464</gpxdata:speed>
    </extensions>
   </trkpt>
   <trkpt lat="46.0328248" lon="4.0785738">
    <ele>280</ele>
    <time>2026-05-29T19:30:44Z</time>
    <extensions>
     <gpxdata:hr>194</gpxdata:hr>
     <gpxdata:distance>8258.50</gpxdata:distance>
     <gpxdata:cadence>92</gpxdata:cadence>
     <gpxdata:speed>4.464</gpxdata:speed>
    </extensions>
   </trkpt>
   <trkpt lat="46.0327867" lon="4.0785502">
    <ele>280</ele>
    <time>2026-05-29T19:30:45Z</time>
    <extensions>
     <gpxdata:hr>194</gpxdata:hr>
     <gpxdata:distance>8261.00</gpxdata:distance>
     <gpxdata:cadence>92</gpxdata:cadence>
     <gpxdata:speed>4.464</gpxdata:speed>
    </extensions>
   </trkpt>
   <trkpt lat="46.0327485" lon="4.0785264">
    <ele>280</ele>
    <time>2026-05-29T19:30:46Z</time>
    <extensions>
     <gpxdata:hr>195</gpxdata:hr>
     <gpxdata:distance>8265.50</gpxdata:distance>
     <gpxdata:cadence>91</gpxdata:cadence>
     <gpxdata:speed>4.464</gpxdata:speed>
    </extensions>
   </trkpt>
   <trkpt lat="46.0327103" lon="4.0785026">
    <ele>280</ele>
    <time>2026-05-29T19:30:47Z</time>
    <extensions>
     <gpxdata:hr>196</gpxdata:hr>
     <gpxdata:distance>8270.00</gpxdata:distance>
     <gpxdata:cadence>91</gpxdata:cadence>
     <gpxdata:speed>4.464</gpxdata:speed>
    </extensions>
   </trkpt>
   <trkpt lat="46.0326731" lon="4.0784783">
    <ele>280</ele>
    <time>2026-05-29T19:30:48Z</time>
    <extensions>
     <gpxdata:hr>196</gpxdata:hr>
     <gpxdata:distance>8274.00</gpxdata:distance>
     <gpxdata:cadence>91</gpxdata:cadence>
     <gpxdata:speed>4.467</gpxdata:speed>
    </extensions>
   </trkpt>
   <trkpt lat="46.0326360" lon="4.0784540">
    <ele>280</ele>
    <time>2026-05-29T19:30:49Z</time>
    <extensions>
     <gpxdata:hr>196</gpxdata:hr>
     <gpxdata:distance>8278.00</gpxdata:distance>
     <gpxdata:cadence>90</gpxdata:cadence>
     <gpxdata:speed>4.469</gpxdata:speed>
    </extensions>
   </trkpt>
   <trkpt lat="46.0325995" lon="4.0784298">
    <ele>280</ele>
    <time>2026-05-29T19:30:50Z</time>
    <extensions>
     <gpxdata:hr>196</gpxdata:hr>
     <gpxdata:distance>8282.50</gpxdata:distance>
     <gpxdata:cadence>90</gpxdata:cadence>
     <gpxdata:speed>4.469</gpxdata:speed>
    </extensions>
   </trkpt>
   <trkpt lat="46.0325630" lon="4.0784057">
    <ele>280</ele>
    <time>2026-05-29T19:30:51Z</time>
    <extensions>
     <gpxdata:hr>196</gpxdata:hr>
     <gpxdata:distance>8287.00</gpxdata:distance>
     <gpxdata:cadence>90</gpxdata:cadence>
     <gpxdata:speed>4.472</gpxdata:speed>
    </extensions>
   </trkpt>
   <trkpt lat="46.0325257" lon="4.0783821">
    <ele>280</ele>
    <time>2026-05-29T19:30:52Z</time>
    <extensions>
     <gpxdata:hr>196</gpxdata:hr>
     <gpxdata:distance>8292.00</gpxdata:distance>
     <gpxdata:cadence>90</gpxdata:cadence>
     <gpxdata:speed>4.475</gpxdata:speed>
    </extensions>
   </trkpt>
   <trkpt lat="46.0324885" lon="4.0783586">
    <ele>280</ele>
    <time>2026-05-29T19:30:53Z</time>
    <extensions>
     <gpxdata:hr>196</gpxdata:hr>
     <gpxdata:distance>8297.00</gpxdata:distance>
     <gpxdata:cadence>90</gpxdata:cadence>
     <gpxdata:speed>4.478</gpxdata:speed>
    </extensions>
   </trkpt>
   <trkpt lat="46.0324521" lon="4.0783328">
    <ele>280</ele>
    <time>2026-05-29T19:30:54Z</time>
    <extensions>
     <gpxdata:hr>196</gpxdata:hr>
     <gpxdata:distance>8301.00</gpxdata:distance>
     <gpxdata:cadence>89</gpxdata:cadence>
     <gpxdata:speed>4.478</gpxdata:speed>
    </extensions>
   </trkpt>
   <trkpt lat="46.0324157" lon="4.0783071">
    <ele>280</ele>
    <time>2026-05-29T19:30:55Z</time>
    <extensions>
     <gpxdata:hr>195</gpxdata:hr>
     <gpxdata:distance>8305.00</gpxdata:distance>
     <gpxdata:cadence>89</gpxdata:cadence>
     <gpxdata:speed>4.478</gpxdata:speed>
    </extensions>
   </trkpt>
   <trkpt lat="46.0323810" lon="4.0782798">
    <ele>280</ele>
    <time>2026-05-29T19:30:56Z</time>
    <extensions>
     <gpxdata:hr>195</gpxdata:hr>
     <gpxdata:distance>8309.50</gpxdata:distance>
     <gpxdata:cadence>89</gpxdata:cadence>
     <gpxdata:speed>4.478</gpxdata:speed>
    </extensions>
   </trkpt>
   <trkpt lat="46.0323463" lon="4.0782525">
    <ele>280</ele>
    <time>2026-05-29T19:30:57Z</time>
    <extensions>
     <gpxdata:hr>195</gpxdata:hr>
     <gpxdata:distance>8314.00</gpxdata:distance>
     <gpxdata:cadence>89</gpxdata:cadence>
     <gpxdata:speed>4.478</gpxdata:speed>
    </extensions>
   </trkpt>
   <trkpt lat="46.0323125" lon="4.0782226">
    <ele>280</ele>
    <time>2026-05-29T19:30:58Z</time>
    <extensions>
     <gpxdata:hr>195</gpxdata:hr>
     <gpxdata:distance>8318.50</gpxdata:distance>
     <gpxdata:cadence>89</gpxdata:cadence>
     <gpxdata:speed>4.475</gpxdata:speed>
    </extensions>
   </trkpt>
   <trkpt lat="46.0322788" lon="4.0781927">
    <ele>280</ele>
    <time>2026-05-29T19:30:59Z</time>
    <extensions>
     <gpxdata:hr>196</gpxdata:hr>
     <gpxdata:distance>8323.00</gpxdata:distance>
     <gpxdata:cadence>90</gpxdata:cadence>
     <gpxdata:speed>4.475</gpxdata:speed>
    </extensions>
   </trkpt>
   <trkpt lat="46.0322454" lon="4.0781625">
    <ele>280</ele>
    <time>2026-05-29T19:31:00Z</time>
    <extensions>
     <gpxdata:hr>196</gpxdata:hr>
     <gpxdata:distance>8327.50</gpxdata:distance>
     <gpxdata:cadence>90</gpxdata:cadence>
     <gpxdata:speed>4.475</gpxdata:speed>
    </extensions>
   </trkpt>
   <trkpt lat="46.0322121" lon="4.0781324">
    <ele>280</ele>
    <time>2026-05-29T19:31:01Z</time>
    <extensions>
     <gpxdata:hr>196</gpxdata:hr>
     <gpxdata:distance>8332.00</gpxdata:distance>
     <gpxdata:cadence>90</gpxdata:cadence>
     <gpxdata:speed>4.475</gpxdata:speed>
    </extensions>
   </trkpt>
   <trkpt lat="46.0321793" lon="4.0781023">
    <ele>280</ele>
    <time>2026-05-29T19:31:02Z</time>
    <extensions>
     <gpxdata:hr>196</gpxdata:hr>
     <gpxdata:distance>8336.00</gpxdata:distance>
     <gpxdata:cadence>90</gpxdata:cadence>
     <gpxdata:speed>4.475</gpxdata:speed>
    </extensions>
   </trkpt>
   <trkpt lat="46.0321465" lon="4.0780723">
    <ele>280</ele>
    <time>2026-05-29T19:31:03Z</time>
    <extensions>
     <gpxdata:hr>195</gpxdata:hr>
     <gpxdata:distance>8340.00</gpxdata:distance>
     <gpxdata:cadence>90</gpxdata:cadence>
     <gpxdata:speed>4.475</gpxdata:speed>
    </extensions>
   </trkpt>
   <trkpt lat="46.0321136" lon="4.0780449">
    <ele>280</ele>
    <time>2026-05-29T19:31:04Z</time>
    <extensions>
     <gpxdata:hr>194</gpxdata:hr>
     <gpxdata:distance>8344.00</gpxdata:distance>
     <gpxdata:cadence>90</gpxdata:cadence>
     <gpxdata:speed>4.472</gpxdata:speed>
    </extensions>
   </trkpt>
   <trkpt lat="46.0320808" lon="4.0780176">
    <ele>280</ele>
    <time>2026-05-29T19:31:05Z</time>
    <extensions>
     <gpxdata:hr>194</gpxdata:hr>
     <gpxdata:distance>8348.00</gpxdata:distance>
     <gpxdata:cadence>90</gpxdata:cadence>
     <gpxdata:speed>4.472</gpxdata:speed>
    </extensions>
   </trkpt>
   <trkpt lat="46.0320456" lon="4.0779914">
    <ele>280</ele>
    <time>2026-05-29T19:31:06Z</time>
    <extensions>
     <gpxdata:hr>193</gpxdata:hr>
     <gpxdata:distance>8353.00</gpxdata:distance>
     <gpxdata:cadence>90</gpxdata:cadence>
     <gpxdata:speed>4.469</gpxdata:speed>
    </extensions>
   </trkpt>
   <trkpt lat="46.0320105" lon="4.0779653">
    <ele>280</ele>
    <time>2026-05-29T19:31:07Z</time>
    <extensions>
     <gpxdata:hr>193</gpxdata:hr>
     <gpxdata:distance>8358.00</gpxdata:distance>
     <gpxdata:cadence>90</gpxdata:cadence>
     <gpxdata:speed>4.467</gpxdata:speed>
    </extensions>
   </trkpt>
   <trkpt lat="46.0319741" lon="4.0779386">
    <ele>280</ele>
    <time>2026-05-29T19:31:08Z</time>
    <extensions>
     <gpxdata:hr>192</gpxdata:hr>
     <gpxdata:distance>8362.50</gpxdata:distance>
     <gpxdata:cadence>90</gpxdata:cadence>
     <gpxdata:speed>4.464</gpxdata:speed>
    </extensions>
   </trkpt>
   <trkpt lat="46.0319378" lon="4.0779120">
    <ele>280</ele>
    <time>2026-05-29T19:31:09Z</time>
    <extensions>
     <gpxdata:hr>192</gpxdata:hr>
     <gpxdata:distance>8367.00</gpxdata:distance>
     <gpxdata:cadence>90</gpxdata:cadence>
     <gpxdata:speed>4.461</gpxdata:speed>
    </extensions>
   </trkpt>
   <trkpt lat="46.0319014" lon="4.0778856">
    <ele>280</ele>
    <time>2026-05-29T19:31:10Z</time>
    <extensions>
     <gpxdata:hr>193</gpxdata:hr>
     <gpxdata:distance>8371.50</gpxdata:distance>
     <gpxdata:cadence>90</gpxdata:cadence>
     <gpxdata:speed>4.458</gpxdata:speed>
    </extensions>
   </trkpt>
   <trkpt lat="46.0318651" lon="4.0778593">
    <ele>280</ele>
    <time>2026-05-29T19:31:11Z</time>
    <extensions>
     <gpxdata:hr>191</gpxdata:hr>
     <gpxdata:distance>8376.00</gpxdata:distance>
     <gpxdata:cadence>90</gpxdata:cadence>
     <gpxdata:speed>4.458</gpxdata:speed>
    </extensions>
   </trkpt>
   <trkpt lat="46.0318294" lon="4.0778334">
    <ele>280</ele>
    <time>2026-05-29T19:31:12Z</time>
    <extensions>
     <gpxdata:hr>192</gpxdata:hr>
     <gpxdata:distance>8380.00</gpxdata:distance>
     <gpxdata:cadence>90</gpxdata:cadence>
     <gpxdata:speed>4.456</gpxdata:speed>
    </extensions>
   </trkpt>
   <trkpt lat="46.0317937" lon="4.0778076">
    <ele>280</ele>
    <time>2026-05-29T19:31:13Z</time>
    <extensions>
     <gpxdata:hr>191</gpxdata:hr>
     <gpxdata:distance>8384.00</gpxdata:distance>
     <gpxdata:cadence>90</gpxdata:cadence>
     <gpxdata:speed>4.456</gpxdata:speed>
    </extensions>
   </trkpt>
   <trkpt lat="46.0317583" lon="4.0777798">
    <ele>280</ele>
    <time>2026-05-29T19:31:14Z</time>
    <extensions>
     <gpxdata:hr>191</gpxdata:hr>
     <gpxdata:distance>8389.00</gpxdata:distance>
     <gpxdata:cadence>90</gpxdata:cadence>
     <gpxdata:speed>4.453</gpxdata:speed>
    </extensions>
   </trkpt>
   <trkpt lat="46.0317229" lon="4.0777521">
    <ele>280</ele>
    <time>2026-05-29T19:31:15Z</time>
    <extensions>
     <gpxdata:hr>192</gpxdata:hr>
     <gpxdata:distance>8394.00</gpxdata:distance>
     <gpxdata:cadence>91</gpxdata:cadence>
     <gpxdata:speed>4.453</gpxdata:speed>
    </extensions>
   </trkpt>
   <trkpt lat="46.0316879" lon="4.0777252">
    <ele>280</ele>
    <time>2026-05-29T19:31:16Z</time>
    <extensions>
     <gpxdata:hr>193</gpxdata:hr>
     <gpxdata:distance>8398.00</gpxdata:distance>
     <gpxdata:cadence>91</gpxdata:cadence>
     <gpxdata:speed>4.450</gpxdata:speed>
    </extensions>
   </trkpt>
   <trkpt lat="46.0316530" lon="4.0776984">
    <ele>280</ele>
    <time>2026-05-29T19:31:17Z</time>
    <extensions>
     <gpxdata:hr>193</gpxdata:hr>
     <gpxdata:distance>8402.00</gpxdata:distance>
     <gpxdata:cadence>91</gpxdata:cadence>
     <gpxdata:speed>4.450</gpxdata:speed>
    </extensions>
   </trkpt>
   <trkpt lat="46.0316189" lon="4.0776736">
    <ele>280</ele>
    <time>2026-05-29T19:31:18Z</time>
    <extensions>
     <gpxdata:hr>193</gpxdata:hr>
     <gpxdata:distance>8406.50</gpxdata:distance>
     <gpxdata:cadence>90</gpxdata:cadence>
     <gpxdata:speed>4.450</gpxdata:speed>
    </extensions>
   </trkpt>
   <trkpt lat="46.0315848" lon="4.0776488">
    <ele>280</ele>
    <time>2026-05-29T19:31:19Z</time>
    <extensions>
     <gpxdata:hr>193</gpxdata:hr>
     <gpxdata:distance>8411.00</gpxdata:distance>
     <gpxdata:cadence>90</gpxdata:cadence>
     <gpxdata:speed>4.450</gpxdata:speed>
    </extensions>
   </trkpt>
   <trkpt lat="46.0315506" lon="4.0776237">
    <ele>280</ele>
    <time>2026-05-29T19:31:20Z</time>
    <extensions>
     <gpxdata:hr>193</gpxdata:hr>
     <gpxdata:distance>8417.50</gpxdata:distance>
     <gpxdata:cadence>90</gpxdata:cadence>
     <gpxdata:speed>4.447</gpxdata:speed>
    </extensions>
   </trkpt>
   <trkpt lat="46.0315164" lon="4.0775987">
    <ele>280</ele>
    <time>2026-05-29T19:31:21Z</time>
    <extensions>
     <gpxdata:hr>192</gpxdata:hr>
     <gpxdata:distance>8424.00</gpxdata:distance>
     <gpxdata:cadence>90</gpxdata:cadence>
     <gpxdata:speed>4.444</gpxdata:speed>
    </extensions>
   </trkpt>
   <trkpt lat="46.0314803" lon="4.0775734">
    <ele>280</ele>
    <time>2026-05-29T19:31:22Z</time>
    <extensions>
     <gpxdata:hr>192</gpxdata:hr>
     <gpxdata:distance>8426.00</gpxdata:distance>
     <gpxdata:cadence>90</gpxdata:cadence>
     <gpxdata:speed>4.442</gpxdata:speed>
    </extensions>
   </trkpt>
   <trkpt lat="46.0314443" lon="4.0775481">
    <ele>280</ele>
    <time>2026-05-29T19:31:23Z</time>
    <extensions>
     <gpxdata:hr>191</gpxdata:hr>
     <gpxdata:distance>8428.00</gpxdata:distance>
     <gpxdata:cadence>90</gpxdata:cadence>
     <gpxdata:speed>4.442</gpxdata:speed>
    </extensions>
   </trkpt>
   <trkpt lat="46.0314078" lon="4.0775230">
    <ele>280</ele>
    <time>2026-05-29T19:31:24Z</time>
    <extensions>
     <gpxdata:hr>191</gpxdata:hr>
     <gpxdata:distance>8432.50</gpxdata:distance>
     <gpxdata:cadence>90</gpxdata:cadence>
     <gpxdata:speed>4.439</gpxdata:speed>
    </extensions>
   </trkpt>
   <trkpt lat="46.0313713" lon="4.0774979">
    <ele>280</ele>
    <time>2026-05-29T19:31:25Z</time>
    <extensions>
     <gpxdata:hr>191</gpxdata:hr>
     <gpxdata:distance>8437.00</gpxdata:distance>
     <gpxdata:cadence>90</gpxdata:cadence>
     <gpxdata:speed>4.436</gpxdata:speed>
    </extensions>
   </trkpt>
   <trkpt lat="46.0313363" lon="4.0774715">
    <ele>280</ele>
    <time>2026-05-29T19:31:26Z</time>
    <extensions>
     <gpxdata:hr>191</gpxdata:hr>
     <gpxdata:distance>8441.50</gpxdata:distance>
     <gpxdata:cadence>90</gpxdata:cadence>
     <gpxdata:speed>4.433</gpxdata:speed>
    </extensions>
   </trkpt>
   <trkpt lat="46.0313013" lon="4.0774452">
    <ele>280</ele>
    <time>2026-05-29T19:31:27Z</time>
    <extensions>
     <gpxdata:hr>192</gpxdata:hr>
     <gpxdata:distance>8446.00</gpxdata:distance>
     <gpxdata:cadence>91</gpxdata:cadence>
     <gpxdata:speed>4.433</gpxdata:speed>
    </extensions>
   </trkpt>
   <trkpt lat="46.0312674" lon="4.0774204">
    <ele>280</ele>
    <time>2026-05-29T19:31:28Z</time>
    <extensions>
     <gpxdata:hr>192</gpxdata:hr>
     <gpxdata:distance>8450.00</gpxdata:distance>
     <gpxdata:cadence>91</gpxdata:cadence>
     <gpxdata:speed>4.431</gpxdata:speed>
    </extensions>
   </trkpt>
   <trkpt lat="46.0312336" lon="4.0773957">
    <ele>280</ele>
    <time>2026-05-29T19:31:29Z</time>
    <extensions>
     <gpxdata:hr>193</gpxdata:hr>
     <gpxdata:distance>8454.00</gpxdata:distance>
     <gpxdata:cadence>91</gpxdata:cadence>
     <gpxdata:speed>4.431</gpxdata:speed>
    </extensions>
   </trkpt>
   <trkpt lat="46.0311984" lon="4.0773849">
    <ele>280</ele>
    <time>2026-05-29T19:31:30Z</time>
    <extensions>
     <gpxdata:hr>192</gpxdata:hr>
     <gpxdata:distance>8458.00</gpxdata:distance>
     <gpxdata:cadence>91</gpxdata:cadence>
     <gpxdata:speed>4.428</gpxdata:speed>
    </extensions>
   </trkpt>
   <trkpt lat="46.0311633" lon="4.0773741">
    <ele>280</ele>
    <time>2026-05-29T19:31:31Z</time>
    <extensions>
     <gpxdata:hr>193</gpxdata:hr>
     <gpxdata:distance>8462.00</gpxdata:distance>
     <gpxdata:cadence>91</gpxdata:cadence>
     <gpxdata:speed>4.428</gpxdata:speed>
    </extensions>
   </trkpt>
   <trkpt lat="46.0311294" lon="4.0773886">
    <ele>280</ele>
    <time>2026-05-29T19:31:32Z</time>
    <extensions>
     <gpxdata:hr>193</gpxdata:hr>
     <gpxdata:distance>8466.50</gpxdata:distance>
     <gpxdata:cadence>91</gpxdata:cadence>
     <gpxdata:speed>4.425</gpxdata:speed>
    </extensions>
   </trkpt>
   <trkpt lat="46.0310956" lon="4.0774031">
    <ele>280</ele>
    <time>2026-05-29T19:31:33Z</time>
    <extensions>
     <gpxdata:hr>193</gpxdata:hr>
     <gpxdata:distance>8471.00</gpxdata:distance>
     <gpxdata:cadence>92</gpxdata:cadence>
     <gpxdata:speed>4.425</gpxdata:speed>
    </extensions>
   </trkpt>
   <trkpt lat="46.0310651" lon="4.0774353">
    <ele>280</ele>
    <time>2026-05-29T19:31:34Z</time>
    <extensions>
     <gpxdata:hr>192</gpxdata:hr>
     <gpxdata:distance>8475.50</gpxdata:distance>
     <gpxdata:cadence>92</gpxdata:cadence>
     <gpxdata:speed>4.422</gpxdata:speed>
    </extensions>
   </trkpt>
   <trkpt lat="46.0310347" lon="4.0774675">
    <ele>280</ele>
    <time>2026-05-29T19:31:35Z</time>
    <extensions>
     <gpxdata:hr>192</gpxdata:hr>
     <gpxdata:distance>8480.00</gpxdata:distance>
     <gpxdata:cadence>92</gpxdata:cadence>
     <gpxdata:speed>4.419</gpxdata:speed>
    </extensions>
   </trkpt>
   <trkpt lat="46.0310000" lon="4.0774869">
    <ele>280</ele>
    <time>2026-05-29T19:31:36Z</time>
    <extensions>
     <gpxdata:hr>192</gpxdata:hr>
     <gpxdata:distance>8483.50</gpxdata:distance>
     <gpxdata:cadence>92</gpxdata:cadence>
     <gpxdata:speed>4.406</gpxdata:speed>
    </extensions>
   </trkpt>
   <trkpt lat="46.0309653" lon="4.0775063">
    <ele>280</ele>
    <time>2026-05-29T19:31:37Z</time>
    <extensions>
     <gpxdata:hr>191</gpxdata:hr>
     <gpxdata:distance>8487.00</gpxdata:distance>
     <gpxdata:cadence>93</gpxdata:cadence>
     <gpxdata:speed>4.392</gpxdata:speed>
    </extensions>
   </trkpt>
   <trkpt lat="46.0309273" lon="4.0775092">
    <ele>280</ele>
    <time>2026-05-29T19:31:38Z</time>
    <extensions>
     <gpxdata:hr>191</gpxdata:hr>
     <gpxdata:distance>8493.50</gpxdata:distance>
     <gpxdata:cadence>93</gpxdata:cadence>
     <gpxdata:speed>4.386</gpxdata:speed>
    </extensions>
   </trkpt>
   <trkpt lat="46.0308894" lon="4.0775121">
    <ele>280</ele>
    <time>2026-05-29T19:31:39Z</time>
    <extensions>
     <gpxdata:hr>191</gpxdata:hr>
     <gpxdata:distance>8500.00</gpxdata:distance>
     <gpxdata:cadence>93</gpxdata:cadence>
     <gpxdata:speed>4.383</gpxdata:speed>
    </extensions>
   </trkpt>
   <trkpt lat="46.0308476" lon="4.0775095">
    <ele>280</ele>
    <time>2026-05-29T19:31:40Z</time>
    <extensions>
     <gpxdata:hr>191</gpxdata:hr>
     <gpxdata:distance>8503.00</gpxdata:distance>
     <gpxdata:cadence>93</gpxdata:cadence>
     <gpxdata:speed>4.383</gpxdata:speed>
    </extensions>
   </trkpt>
   <trkpt lat="46.0308059" lon="4.0775070">
    <ele>280</ele>
    <time>2026-05-29T19:31:41Z</time>
    <extensions>
     <gpxdata:hr>192</gpxdata:hr>
     <gpxdata:distance>8506.00</gpxdata:distance>
     <gpxdata:cadence>93</gpxdata:cadence>
     <gpxdata:speed>4.383</gpxdata:speed>
    </extensions>
   </trkpt>
   <trkpt lat="46.0307641" lon="4.0775014">
    <ele>280</ele>
    <time>2026-05-29T19:31:42Z</time>
    <extensions>
     <gpxdata:hr>192</gpxdata:hr>
     <gpxdata:distance>8510.50</gpxdata:distance>
     <gpxdata:cadence>92</gpxdata:cadence>
     <gpxdata:speed>4.381</gpxdata:speed>
    </extensions>
   </trkpt>
   <trkpt lat="46.0307223" lon="4.0774958">
    <ele>280</ele>
    <time>2026-05-29T19:31:43Z</time>
    <extensions>
     <gpxdata:hr>192</gpxdata:hr>
     <gpxdata:distance>8515.00</gpxdata:distance>
     <gpxdata:cadence>91</gpxdata:cadence>
     <gpxdata:speed>4.381</gpxdata:speed>
    </extensions>
   </trkpt>
   <trkpt lat="46.0306815" lon="4.0774893">
    <ele>280</ele>
    <time>2026-05-29T19:31:44Z</time>
    <extensions>
     <gpxdata:hr>192</gpxdata:hr>
     <gpxdata:distance>8521.50</gpxdata:distance>
     <gpxdata:cadence>91</gpxdata:cadence>
     <gpxdata:speed>4.383</gpxdata:speed>
    </extensions>
   </trkpt>
   <trkpt lat="46.0306407" lon="4.0774828">
    <ele>280</ele>
    <time>2026-05-29T19:31:45Z</time>
    <extensions>
     <gpxdata:hr>191</gpxdata:hr>
     <gpxdata:distance>8528.00</gpxdata:distance>
     <gpxdata:cadence>91</gpxdata:cadence>
     <gpxdata:speed>4.389</gpxdata:speed>
    </extensions>
   </trkpt>
   <trkpt lat="46.0306007" lon="4.0774774">
    <ele>280</ele>
    <time>2026-05-29T19:31:46Z</time>
    <extensions>
     <gpxdata:hr>191</gpxdata:hr>
     <gpxdata:distance>8532.50</gpxdata:distance>
     <gpxdata:cadence>91</gpxdata:cadence>
     <gpxdata:speed>4.392</gpxdata:speed>
    </extensions>
   </trkpt>
   <trkpt lat="46.0305607" lon="4.0774720">
    <ele>280</ele>
    <time>2026-05-29T19:31:47Z</time>
    <extensions>
     <gpxdata:hr>192</gpxdata:hr>
     <gpxdata:distance>8537.00</gpxdata:distance>
     <gpxdata:cadence>91</gpxdata:cadence>
     <gpxdata:speed>4.397</gpxdata:speed>
    </extensions>
   </trkpt>
   <trkpt lat="46.0305261" lon="4.0774749">
    <ele>280</ele>
    <time>2026-05-29T19:31:48Z</time>
    <extensions>
     <gpxdata:hr>192</gpxdata:hr>
     <gpxdata:distance>8539.50</gpxdata:distance>
     <gpxdata:cadence>90</gpxdata:cadence>
     <gpxdata:speed>4.400</gpxdata:speed>
    </extensions>
   </trkpt>
   <trkpt lat="46.0304915" lon="4.0774778">
    <ele>280</ele>
    <time>2026-05-29T19:31:49Z</time>
    <extensions>
     <gpxdata:hr>192</gpxdata:hr>
     <gpxdata:distance>8542.00</gpxdata:distance>
     <gpxdata:cadence>90</gpxdata:cadence>
     <gpxdata:speed>4.406</gpxdata:speed>
    </extensions>
   </trkpt>
   <trkpt lat="46.0304829" lon="4.0775014">
    <ele>280</ele>
    <time>2026-05-29T19:31:50Z</time>
    <extensions>
     <gpxdata:hr>191</gpxdata:hr>
     <gpxdata:distance>8542.00</gpxdata:distance>
     <gpxdata:cadence>90</gpxdata:cadence>
     <gpxdata:speed>4.403</gpxdata:speed>
    </extensions>
   </trkpt>
   <trkpt lat="46.0304744" lon="4.0775250">
    <ele>280</ele>
    <time>2026-05-29T19:31:51Z</time>
    <extensions>
     <gpxdata:hr>190</gpxdata:hr>
     <gpxdata:distance>8542.00</gpxdata:distance>
     <gpxdata:cadence>90</gpxdata:cadence>
     <gpxdata:speed>4.400</gpxdata:speed>
    </extensions>
   </trkpt>
   <trkpt lat="46.0304928" lon="4.0775620">
    <ele>280</ele>
    <time>2026-05-29T19:31:52Z</time>
    <extensions>
     <gpxdata:hr>189</gpxdata:hr>
     <gpxdata:distance>8548.00</gpxdata:distance>
     <gpxdata:cadence>90</gpxdata:cadence>
     <gpxdata:speed>4.394</gpxdata:speed>
    </extensions>
   </trkpt>
   <trkpt lat="46.0305112" lon="4.0775990">
    <ele>280</ele>
    <time>2026-05-29T19:31:53Z</time>
    <extensions>
     <gpxdata:hr>188</gpxdata:hr>
     <gpxdata:distance>8554.00</gpxdata:distance>
     <gpxdata:cadence>90</gpxdata:cadence>
     <gpxdata:speed>4.389</gpxdata:speed>
    </extensions>
   </trkpt>
   <trkpt lat="46.0305427" lon="4.0776388">
    <ele>280</ele>
    <time>2026-05-29T19:31:54Z</time>
    <extensions>
     <gpxdata:hr>188</gpxdata:hr>
     <gpxdata:distance>8558.50</gpxdata:distance>
     <gpxdata:cadence>90</gpxdata:cadence>
     <gpxdata:speed>4.389</gpxdata:speed>
    </extensions>
   </trkpt>
   <trkpt lat="46.0305742" lon="4.0776786">
    <ele>280</ele>
    <time>2026-05-29T19:31:55Z</time>
    <extensions>
     <gpxdata:hr>187</gpxdata:hr>
     <gpxdata:distance>8563.00</gpxdata:distance>
     <gpxdata:cadence>91</gpxdata:cadence>
     <gpxdata:speed>4.389</gpxdata:speed>
    </extensions>
   </trkpt>
   <trkpt lat="46.0306092" lon="4.0777151">
    <ele>280</ele>
    <time>2026-05-29T19:31:56Z</time>
    <extensions>
     <gpxdata:hr>188</gpxdata:hr>
     <gpxdata:distance>8567.50</gpxdata:distance>
     <gpxdata:cadence>91</gpxdata:cadence>
     <gpxdata:speed>4.394</gpxdata:speed>
    </extensions>
   </trkpt>
   <trkpt lat="46.0306443" lon="4.0777516">
    <ele>280</ele>
    <time>2026-05-29T19:31:57Z</time>
    <extensions>
     <gpxdata:hr>189</gpxdata:hr>
     <gpxdata:distance>8572.00</gpxdata:distance>
     <gpxdata:cadence>91</gpxdata:cadence>
     <gpxdata:speed>4.403</gpxdata:speed>
    </extensions>
   </trkpt>
   <trkpt lat="46.0306795" lon="4.0777849">
    <ele>280</ele>
    <time>2026-05-29T19:31:58Z</time>
    <extensions>
     <gpxdata:hr>190</gpxdata:hr>
     <gpxdata:distance>8576.00</gpxdata:distance>
     <gpxdata:cadence>90</gpxdata:cadence>
     <gpxdata:speed>4.408</gpxdata:speed>
    </extensions>
   </trkpt>
   <trkpt lat="46.0307148" lon="4.0778182">
    <ele>280</ele>
    <time>2026-05-29T19:31:59Z</time>
    <extensions>
     <gpxdata:hr>191</gpxdata:hr>
     <gpxdata:distance>8580.00</gpxdata:distance>
     <gpxdata:cadence>90</gpxdata:cadence>
     <gpxdata:speed>4.417</gpxdata:speed>
    </extensions>
   </trkpt>
   <trkpt lat="46.0307511" lon="4.0778495">
    <ele>280</ele>
    <time>2026-05-29T19:32:00Z</time>
    <extensions>
     <gpxdata:hr>192</gpxdata:hr>
     <gpxdata:distance>8585.00</gpxdata:distance>
     <gpxdata:cadence>90</gpxdata:cadence>
     <gpxdata:speed>4.383</gpxdata:speed>
    </extensions>
   </trkpt>
   <trkpt lat="46.0307874" lon="4.0778809">
    <ele>280</ele>
    <time>2026-05-29T19:32:01Z</time>
    <extensions>
     <gpxdata:hr>191</gpxdata:hr>
     <gpxdata:distance>8590.00</gpxdata:distance>
     <gpxdata:cadence>90</gpxdata:cadence>
     <gpxdata:speed>4.350</gpxdata:speed>
    </extensions>
   </trkpt>
   <trkpt lat="46.0308222" lon="4.0779120">
    <ele>280</ele>
    <time>2026-05-29T19:32:02Z</time>
    <extensions>
     <gpxdata:hr>191</gpxdata:hr>
     <gpxdata:distance>8594.50</gpxdata:distance>
     <gpxdata:cadence>90</gpxdata:cadence>
     <gpxdata:speed>4.383</gpxdata:speed>
    </extensions>
   </trkpt>
   <trkpt lat="46.0308570" lon="4.0779432">
    <ele>280</ele>
    <time>2026-05-29T19:32:03Z</time>
    <extensions>
     <gpxdata:hr>190</gpxdata:hr>
     <gpxdata:distance>8599.00</gpxdata:distance>
     <gpxdata:cadence>90</gpxdata:cadence>
     <gpxdata:speed>4.419</gpxdata:speed>
    </extensions>
   </trkpt>
   <trkpt lat="46.0308908" lon="4.0779741">
    <ele>280</ele>
    <time>2026-05-29T19:32:04Z</time>
    <extensions>
     <gpxdata:hr>189</gpxdata:hr>
     <gpxdata:distance>8603.50</gpxdata:distance>
     <gpxdata:cadence>90</gpxdata:cadence>
     <gpxdata:speed>4.425</gpxdata:speed>
    </extensions>
   </trkpt>
   <trkpt lat="46.0309246" lon="4.0780051">
    <ele>280</ele>
    <time>2026-05-29T19:32:05Z</time>
    <extensions>
     <gpxdata:hr>189</gpxdata:hr>
     <gpxdata:distance>8608.00</gpxdata:distance>
     <gpxdata:cadence>91</gpxdata:cadence>
     <gpxdata:speed>4.433</gpxdata:speed>
    </extensions>
   </trkpt>
   <trkpt lat="46.0309582" lon="4.0780310">
    <ele>280</ele>
    <time>2026-05-29T19:32:06Z</time>
    <extensions>
     <gpxdata:hr>189</gpxdata:hr>
     <gpxdata:distance>8612.00</gpxdata:distance>
     <gpxdata:cadence>91</gpxdata:cadence>
     <gpxdata:speed>4.433</gpxdata:speed>
    </extensions>
   </trkpt>
   <trkpt lat="46.0309918" lon="4.0780570">
    <ele>280</ele>
    <time>2026-05-29T19:32:07Z</time>
    <extensions>
     <gpxdata:hr>190</gpxdata:hr>
     <gpxdata:distance>8616.00</gpxdata:distance>
     <gpxdata:cadence>91</gpxdata:cadence>
     <gpxdata:speed>4.436</gpxdata:speed>
    </extensions>
   </trkpt>
   <trkpt lat="46.0310263" lon="4.0780822">
    <ele>280</ele>
    <time>2026-05-29T19:32:08Z</time>
    <extensions>
     <gpxdata:hr>190</gpxdata:hr>
     <gpxdata:distance>8620.50</gpxdata:distance>
     <gpxdata:cadence>90</gpxdata:cadence>
     <gpxdata:speed>4.436</gpxdata:speed>
    </extensions>
   </trkpt>
   <trkpt lat="46.0310609" lon="4.0781075">
    <ele>280</ele>
    <time>2026-05-29T19:32:09Z</time>
    <extensions>
     <gpxdata:hr>190</gpxdata:hr>
     <gpxdata:distance>8625.00</gpxdata:distance>
     <gpxdata:cadence>90</gpxdata:cadence>
     <gpxdata:speed>4.436</gpxdata:speed>
    </extensions>
   </trkpt>
   <trkpt lat="46.0310970" lon="4.0781334">
    <ele>280</ele>
    <time>2026-05-29T19:32:10Z</time>
    <extensions>
     <gpxdata:hr>190</gpxdata:hr>
     <gpxdata:distance>8629.50</gpxdata:distance>
     <gpxdata:cadence>90</gpxdata:cadence>
     <gpxdata:speed>4.436</gpxdata:speed>
    </extensions>
   </trkpt>
   <trkpt lat="46.0311332" lon="4.0781593">
    <ele>280</ele>
    <time>2026-05-29T19:32:11Z</time>
    <extensions>
     <gpxdata:hr>191</gpxdata:hr>
     <gpxdata:distance>8634.00</gpxdata:distance>
     <gpxdata:cadence>90</gpxdata:cadence>
     <gpxdata:speed>4.439</gpxdata:speed>
    </extensions>
   </trkpt>
   <trkpt lat="46.0311676" lon="4.0781842">
    <ele>280</ele>
    <time>2026-05-29T19:32:12Z</time>
    <extensions>
     <gpxdata:hr>191</gpxdata:hr>
     <gpxdata:distance>8638.00</gpxdata:distance>
     <gpxdata:cadence>89</gpxdata:cadence>
     <gpxdata:speed>4.439</gpxdata:speed>
    </extensions>
   </trkpt>
   <trkpt lat="46.0312021" lon="4.0782091">
    <ele>280</ele>
    <time>2026-05-29T19:32:13Z</time>
    <extensions>
     <gpxdata:hr>192</gpxdata:hr>
     <gpxdata:distance>8642.00</gpxdata:distance>
     <gpxdata:cadence>89</gpxdata:cadence>
     <gpxdata:speed>4.442</gpxdata:speed>
    </extensions>
   </trkpt>
   <trkpt lat="46.0312364" lon="4.0782365">
    <ele>280</ele>
    <time>2026-05-29T19:32:14Z</time>
    <extensions>
     <gpxdata:hr>192</gpxdata:hr>
     <gpxdata:distance>8646.50</gpxdata:distance>
     <gpxdata:cadence>89</gpxdata:cadence>
     <gpxdata:speed>4.442</gpxdata:speed>
    </extensions>
   </trkpt>
   <trkpt lat="46.0312707" lon="4.0782639">
    <ele>280</ele>
    <time>2026-05-29T19:32:15Z</time>
    <extensions>
     <gpxdata:hr>194</gpxdata:hr>
     <gpxdata:distance>8651.00</gpxdata:distance>
     <gpxdata:cadence>89</gpxdata:cadence>
     <gpxdata:speed>4.442</gpxdata:speed>
    </extensions>
   </trkpt>
   <trkpt lat="46.0313055" lon="4.0782915">
    <ele>280</ele>
    <time>2026-05-29T19:32:16Z</time>
    <extensions>
     <gpxdata:hr>193</gpxdata:hr>
     <gpxdata:distance>8657.50</gpxdata:distance>
     <gpxdata:cadence>89</gpxdata:cadence>
     <gpxdata:speed>4.442</gpxdata:speed>
    </extensions>
   </trkpt>
   <trkpt lat="46.0313403" lon="4.0783191">
    <ele>280</ele>
    <time>2026-05-29T19:32:17Z</time>
    <extensions>
     <gpxdata:hr>193</gpxdata:hr>
     <gpxdata:distance>8664.00</gpxdata:distance>
     <gpxdata:cadence>90</gpxdata:cadence>
     <gpxdata:speed>4.442</gpxdata:speed>
    </extensions>
   </trkpt>
   <trkpt lat="46.0313748" lon="4.0783454">
    <ele>280</ele>
    <time>2026-05-29T19:32:18Z</time>
    <extensions>
     <gpxdata:hr>194</gpxdata:hr>
     <gpxdata:distance>8666.50</gpxdata:distance>
     <gpxdata:cadence>90</gpxdata:cadence>
     <gpxdata:speed>4.442</gpxdata:speed>
    </extensions>
   </trkpt>
   <trkpt lat="46.0314094" lon="4.0783717">
    <ele>280</ele>
    <time>2026-05-29T19:32:19Z</time>
    <extensions>
     <gpxdata:hr>193</gpxdata:hr>
     <gpxdata:distance>8669.00</gpxdata:distance>
     <gpxdata:cadence>90</gpxdata:cadence>
     <gpxdata:speed>4.442</gpxdata:speed>
    </extensions>
   </trkpt>
   <trkpt lat="46.0314425" lon="4.0783974">
    <ele>280</ele>
    <time>2026-05-29T19:32:20Z</time>
    <extensions>
     <gpxdata:hr>193</gpxdata:hr>
     <gpxdata:distance>8673.00</gpxdata:distance>
     <gpxdata:cadence>90</gpxdata:cadence>
     <gpxdata:speed>4.436</gpxdata:speed>
    </extensions>
   </trkpt>
   <trkpt lat="46.0314756" lon="4.0784232">
    <ele>280</ele>
    <time>2026-05-29T19:32:21Z</time>
    <extensions>
     <gpxdata:hr>193</gpxdata:hr>
     <gpxdata:distance>8677.00</gpxdata:distance>
     <gpxdata:cadence>90</gpxdata:cadence>
     <gpxdata:speed>4.433</gpxdata:speed>
    </extensions>
   </trkpt>
   <trkpt lat="46.0315097" lon="4.0784500">
    <ele>280</ele>
    <time>2026-05-29T19:32:22Z</time>
    <extensions>
     <gpxdata:hr>193</gpxdata:hr>
     <gpxdata:distance>8681.50</gpxdata:distance>
     <gpxdata:cadence>90</gpxdata:cadence>
     <gpxdata:speed>4.425</gpxdata:speed>
    </extensions>
   </trkpt>
   <trkpt lat="46.0315438" lon="4.0784769">
    <ele>280</ele>
    <time>2026-05-29T19:32:23Z</time>
    <extensions>
     <gpxdata:hr>193</gpxdata:hr>
     <gpxdata:distance>8686.00</gpxdata:distance>
     <gpxdata:cadence>90</gpxdata:cadence>
     <gpxdata:speed>4.419</gpxdata:speed>
    </extensions>
   </trkpt>
   <trkpt lat="46.0315776" lon="4.0785038">
    <ele>280</ele>
    <time>2026-05-29T19:32:24Z</time>
    <extensions>
     <gpxdata:hr>194</gpxdata:hr>
     <gpxdata:distance>8690.00</gpxdata:distance>
     <gpxdata:cadence>90</gpxdata:cadence>
     <gpxdata:speed>4.411</gpxdata:speed>
    </extensions>
   </trkpt>
   <trkpt lat="46.0316115" lon="4.0785308">
    <ele>280</ele>
    <time>2026-05-29T19:32:25Z</time>
    <extensions>
     <gpxdata:hr>194</gpxdata:hr>
     <gpxdata:distance>8694.00</gpxdata:distance>
     <gpxdata:cadence>90</gpxdata:cadence>
     <gpxdata:speed>4.403</gpxdata:speed>
    </extensions>
   </trkpt>
   <trkpt lat="46.0316441" lon="4.0785583">
    <ele>280</ele>
    <time>2026-05-29T19:32:26Z</time>
    <extensions>
     <gpxdata:hr>195</gpxdata:hr>
     <gpxdata:distance>8698.00</gpxdata:distance>
     <gpxdata:cadence>90</gpxdata:cadence>
     <gpxdata:speed>4.397</gpxdata:speed>
    </extensions>
   </trkpt>
   <trkpt lat="46.0316767" lon="4.0785859">
    <ele>280</ele>
    <time>2026-05-29T19:32:27Z</time>
    <extensions>
     <gpxdata:hr>195</gpxdata:hr>
     <gpxdata:distance>8702.00</gpxdata:distance>
     <gpxdata:cadence>90</gpxdata:cadence>
     <gpxdata:speed>4.394</gpxdata:speed>
    </extensions>
   </trkpt>
   <trkpt lat="46.0317095" lon="4.0786132">
    <ele>280</ele>
    <time>2026-05-29T19:32:28Z</time>
    <extensions>
     <gpxdata:hr>195</gpxdata:hr>
     <gpxdata:distance>8706.50</gpxdata:distance>
     <gpxdata:cadence>89</gpxdata:cadence>
     <gpxdata:speed>4.392</gpxdata:speed>
    </extensions>
   </trkpt>
   <trkpt lat="46.0317424" lon="4.0786405">
    <ele>280</ele>
    <time>2026-05-29T19:32:29Z</time>
    <extensions>
     <gpxdata:hr>195</gpxdata:hr>
     <gpxdata:distance>8711.00</gpxdata:distance>
     <gpxdata:cadence>89</gpxdata:cadence>
     <gpxdata:speed>4.392</gpxdata:speed>
    </extensions>
   </trkpt>
   <trkpt lat="46.0317763" lon="4.0786671">
    <ele>280</ele>
    <time>2026-05-29T19:32:30Z</time>
    <extensions>
     <gpxdata:hr>195</gpxdata:hr>
     <gpxdata:distance>8715.00</gpxdata:distance>
     <gpxdata:cadence>89</gpxdata:cadence>
     <gpxdata:speed>4.389</gpxdata:speed>
    </extensions>
   </trkpt>
   <trkpt lat="46.0318102" lon="4.0786938">
    <ele>280</ele>
    <time>2026-05-29T19:32:31Z</time>
    <extensions>
     <gpxdata:hr>195</gpxdata:hr>
     <gpxdata:distance>8719.00</gpxdata:distance>
     <gpxdata:cadence>90</gpxdata:cadence>
     <gpxdata:speed>4.389</gpxdata:speed>
    </extensions>
   </trkpt>
   <trkpt lat="46.0318470" lon="4.0787200">
    <ele>280</ele>
    <time>2026-05-29T19:32:32Z</time>
    <extensions>
     <gpxdata:hr>195</gpxdata:hr>
     <gpxdata:distance>8724.00</gpxdata:distance>
     <gpxdata:cadence>90</gpxdata:cadence>
     <gpxdata:speed>4.386</gpxdata:speed>
    </extensions>
   </trkpt>
   <trkpt lat="46.0318838" lon="4.0787463">
    <ele>280</ele>
    <time>2026-05-29T19:32:33Z</time>
    <extensions>
     <gpxdata:hr>195</gpxdata:hr>
     <gpxdata:distance>8729.00</gpxdata:distance>
     <gpxdata:cadence>90</gpxdata:cadence>
     <gpxdata:speed>4.383</gpxdata:speed>
    </extensions>
   </trkpt>
   <trkpt lat="46.0319202" lon="4.0787701">
    <ele>280</ele>
    <time>2026-05-29T19:32:34Z</time>
    <extensions>
     <gpxdata:hr>195</gpxdata:hr>
     <gpxdata:distance>8733.00</gpxdata:distance>
     <gpxdata:cadence>90</gpxdata:cadence>
     <gpxdata:speed>4.381</gpxdata:speed>
    </extensions>
   </trkpt>
   <trkpt lat="46.0319567" lon="4.0787940">
    <ele>280</ele>
    <time>2026-05-29T19:32:35Z</time>
    <extensions>
     <gpxdata:hr>194</gpxdata:hr>
     <gpxdata:distance>8737.00</gpxdata:distance>
     <gpxdata:cadence>90</gpxdata:cadence>
     <gpxdata:speed>4.381</gpxdata:speed>
    </extensions>
   </trkpt>
   <trkpt lat="46.0319928" lon="4.0788178">
    <ele>280</ele>
    <time>2026-05-29T19:32:36Z</time>
    <extensions>
     <gpxdata:hr>194</gpxdata:hr>
     <gpxdata:distance>8741.50</gpxdata:distance>
     <gpxdata:cadence>90</gpxdata:cadence>
     <gpxdata:speed>4.383</gpxdata:speed>
    </extensions>
   </trkpt>
   <trkpt lat="46.0320289" lon="4.0788416">
    <ele>280</ele>
    <time>2026-05-29T19:32:37Z</time>
    <extensions>
     <gpxdata:hr>194</gpxdata:hr>
     <gpxdata:distance>8746.00</gpxdata:distance>
     <gpxdata:cadence>90</gpxdata:cadence>
     <gpxdata:speed>4.386</gpxdata:speed>
    </extensions>
   </trkpt>
   <trkpt lat="46.0320646" lon="4.0788671">
    <ele>280</ele>
    <time>2026-05-29T19:32:38Z</time>
    <extensions>
     <gpxdata:hr>193</gpxdata:hr>
     <gpxdata:distance>8751.00</gpxdata:distance>
     <gpxdata:cadence>90</gpxdata:cadence>
     <gpxdata:speed>4.389</gpxdata:speed>
    </extensions>
   </trkpt>
   <trkpt lat="46.0321003" lon="4.0788927">
    <ele>280</ele>
    <time>2026-05-29T19:32:39Z</time>
    <extensions>
     <gpxdata:hr>193</gpxdata:hr>
     <gpxdata:distance>8756.00</gpxdata:distance>
     <gpxdata:cadence>91</gpxdata:cadence>
     <gpxdata:speed>4.394</gpxdata:speed>
    </extensions>
   </trkpt>
   <trkpt lat="46.0321355" lon="4.0789192">
    <ele>280</ele>
    <time>2026-05-29T19:32:40Z</time>
    <extensions>
     <gpxdata:hr>193</gpxdata:hr>
     <gpxdata:distance>8760.00</gpxdata:distance>
     <gpxdata:cadence>91</gpxdata:cadence>
     <gpxdata:speed>4.397</gpxdata:speed>
    </extensions>
   </trkpt>
   <trkpt lat="46.0321707" lon="4.0789457">
    <ele>280</ele>
    <time>2026-05-29T19:32:41Z</time>
    <extensions>
     <gpxdata:hr>193</gpxdata:hr>
     <gpxdata:distance>8764.00</gpxdata:distance>
     <gpxdata:cadence>91</gpxdata:cadence>
     <gpxdata:speed>4.400</gpxdata:speed>
    </extensions>
   </trkpt>
   <trkpt lat="46.0322056" lon="4.0789706">
    <ele>280</ele>
    <time>2026-05-29T19:32:42Z</time>
    <extensions>
     <gpxdata:hr>193</gpxdata:hr>
     <gpxdata:distance>8768.50</gpxdata:distance>
     <gpxdata:cadence>91</gpxdata:cadence>
     <gpxdata:speed>4.400</gpxdata:speed>
    </extensions>
   </trkpt>
   <trkpt lat="46.0322406" lon="4.0789955">
    <ele>280</ele>
    <time>2026-05-29T19:32:43Z</time>
    <extensions>
     <gpxdata:hr>193</gpxdata:hr>
     <gpxdata:distance>8773.00</gpxdata:distance>
     <gpxdata:cadence>91</gpxdata:cadence>
     <gpxdata:speed>4.400</gpxdata:speed>
    </extensions>
   </trkpt>
   <trkpt lat="46.0322758" lon="4.0790202">
    <ele>280</ele>
    <time>2026-05-29T19:32:44Z</time>
    <extensions>
     <gpxdata:hr>193</gpxdata:hr>
     <gpxdata:distance>8777.50</gpxdata:distance>
     <gpxdata:cadence>91</gpxdata:cadence>
     <gpxdata:speed>4.400</gpxdata:speed>
    </extensions>
   </trkpt>
   <trkpt lat="46.0323111" lon="4.0790450">
    <ele>280</ele>
    <time>2026-05-29T19:32:45Z</time>
    <extensions>
     <gpxdata:hr>193</gpxdata:hr>
     <gpxdata:distance>8782.00</gpxdata:distance>
     <gpxdata:cadence>91</gpxdata:cadence>
     <gpxdata:speed>4.400</gpxdata:speed>
    </extensions>
   </trkpt>
   <trkpt lat="46.0323450" lon="4.0790717">
    <ele>280</ele>
    <time>2026-05-29T19:32:46Z</time>
    <extensions>
     <gpxdata:hr>192</gpxdata:hr>
     <gpxdata:distance>8786.00</gpxdata:distance>
     <gpxdata:cadence>91</gpxdata:cadence>
     <gpxdata:speed>4.397</gpxdata:speed>
    </extensions>
   </trkpt>
   <trkpt lat="46.0323789" lon="4.0790985">
    <ele>280</ele>
    <time>2026-05-29T19:32:47Z</time>
    <extensions>
     <gpxdata:hr>192</gpxdata:hr>
     <gpxdata:distance>8790.00</gpxdata:distance>
     <gpxdata:cadence>91</gpxdata:cadence>
     <gpxdata:speed>4.394</gpxdata:speed>
    </extensions>
   </trkpt>
   <trkpt lat="46.0324118" lon="4.0791262">
    <ele>280</ele>
    <time>2026-05-29T19:32:48Z</time>
    <extensions>
     <gpxdata:hr>192</gpxdata:hr>
     <gpxdata:distance>8794.50</gpxdata:distance>
     <gpxdata:cadence>91</gpxdata:cadence>
     <gpxdata:speed>4.392</gpxdata:speed>
    </extensions>
   </trkpt>
   <trkpt lat="46.0324447" lon="4.0791539">
    <ele>280</ele>
    <time>2026-05-29T19:32:49Z</time>
    <extensions>
     <gpxdata:hr>192</gpxdata:hr>
     <gpxdata:distance>8799.00</gpxdata:distance>
     <gpxdata:cadence>92</gpxdata:cadence>
     <gpxdata:speed>4.389</gpxdata:speed>
    </extensions>
   </trkpt>
   <trkpt lat="46.0324792" lon="4.0791818">
    <ele>280</ele>
    <time>2026-05-29T19:32:50Z</time>
    <extensions>
     <gpxdata:hr>193</gpxdata:hr>
     <gpxdata:distance>8803.50</gpxdata:distance>
     <gpxdata:cadence>92</gpxdata:cadence>
     <gpxdata:speed>4.386</gpxdata:speed>
    </extensions>
   </trkpt>
   <trkpt lat="46.0325138" lon="4.0792097">
    <ele>280</ele>
    <time>2026-05-29T19:32:51Z</time>
    <extensions>
     <gpxdata:hr>193</gpxdata:hr>
     <gpxdata:distance>8808.00</gpxdata:distance>
     <gpxdata:cadence>92</gpxdata:cadence>
     <gpxdata:speed>4.386</gpxdata:speed>
    </extensions>
   </trkpt>
   <trkpt lat="46.0325486" lon="4.0792387">
    <ele>280</ele>
    <time>2026-05-29T19:32:52Z</time>
    <extensions>
     <gpxdata:hr>193</gpxdata:hr>
     <gpxdata:distance>8812.50</gpxdata:distance>
     <gpxdata:cadence>92</gpxdata:cadence>
     <gpxdata:speed>4.383</gpxdata:speed>
    </extensions>
   </trkpt>
   <trkpt lat="46.0325834" lon="4.0792677">
    <ele>280</ele>
    <time>2026-05-29T19:32:53Z</time>
    <extensions>
     <gpxdata:hr>192</gpxdata:hr>
     <gpxdata:distance>8817.00</gpxdata:distance>
     <gpxdata:cadence>92</gpxdata:cadence>
     <gpxdata:speed>4.383</gpxdata:speed>
    </extensions>
   </trkpt>
   <trkpt lat="46.0326174" lon="4.0792971">
    <ele>280</ele>
    <time>2026-05-29T19:32:54Z</time>
    <extensions>
     <gpxdata:hr>192</gpxdata:hr>
     <gpxdata:distance>8821.50</gpxdata:distance>
     <gpxdata:cadence>92</gpxdata:cadence>
     <gpxdata:speed>4.383</gpxdata:speed>
    </extensions>
   </trkpt>
   <trkpt lat="46.0326514" lon="4.0793265">
    <ele>280</ele>
    <time>2026-05-29T19:32:55Z</time>
    <extensions>
     <gpxdata:hr>192</gpxdata:hr>
     <gpxdata:distance>8826.00</gpxdata:distance>
     <gpxdata:cadence>92</gpxdata:cadence>
     <gpxdata:speed>4.383</gpxdata:speed>
    </extensions>
   </trkpt>
   <trkpt lat="46.0326809" lon="4.0793607">
    <ele>280</ele>
    <time>2026-05-29T19:32:56Z</time>
    <extensions>
     <gpxdata:hr>192</gpxdata:hr>
     <gpxdata:distance>8830.00</gpxdata:distance>
     <gpxdata:cadence>91</gpxdata:cadence>
     <gpxdata:speed>4.383</gpxdata:speed>
    </extensions>
   </trkpt>
   <trkpt lat="46.0327105" lon="4.0793949">
    <ele>280</ele>
    <time>2026-05-29T19:32:57Z</time>
    <extensions>
     <gpxdata:hr>192</gpxdata:hr>
     <gpxdata:distance>8834.00</gpxdata:distance>
     <gpxdata:cadence>91</gpxdata:cadence>
     <gpxdata:speed>4.383</gpxdata:speed>
    </extensions>
   </trkpt>
   <trkpt lat="46.0327219" lon="4.0794413">
    <ele>280</ele>
    <time>2026-05-29T19:32:58Z</time>
    <extensions>
     <gpxdata:hr>193</gpxdata:hr>
     <gpxdata:distance>8838.00</gpxdata:distance>
     <gpxdata:cadence>91</gpxdata:cadence>
     <gpxdata:speed>4.381</gpxdata:speed>
    </extensions>
   </trkpt>
   <trkpt lat="46.0327333" lon="4.0794877">
    <ele>280</ele>
    <time>2026-05-29T19:32:59Z</time>
    <extensions>
     <gpxdata:hr>193</gpxdata:hr>
     <gpxdata:distance>8842.00</gpxdata:distance>
     <gpxdata:cadence>91</gpxdata:cadence>
     <gpxdata:speed>4.378</gpxdata:speed>
    </extensions>
   </trkpt>
   <trkpt lat="46.0327243" lon="4.0795384">
    <ele>280</ele>
    <time>2026-05-29T19:33:00Z</time>
    <extensions>
     <gpxdata:hr>193</gpxdata:hr>
     <gpxdata:distance>8848.50</gpxdata:distance>
     <gpxdata:cadence>91</gpxdata:cadence>
     <gpxdata:speed>4.375</gpxdata:speed>
    </extensions>
   </trkpt>
   <trkpt lat="46.0327153" lon="4.0795891">
    <ele>280</ele>
    <time>2026-05-29T19:33:01Z</time>
    <extensions>
     <gpxdata:hr>193</gpxdata:hr>
     <gpxdata:distance>8855.00</gpxdata:distance>
     <gpxdata:cadence>91</gpxdata:cadence>
     <gpxdata:speed>4.372</gpxdata:speed>
    </extensions>
   </trkpt>
   <trkpt lat="46.0326969" lon="4.0796413">
    <ele>281</ele>
    <time>2026-05-29T19:33:02Z</time>
    <extensions>
     <gpxdata:hr>194</gpxdata:hr>
     <gpxdata:distance>8857.50</gpxdata:distance>
     <gpxdata:cadence>91</gpxdata:cadence>
     <gpxdata:speed>4.372</gpxdata:speed>
    </extensions>
   </trkpt>
   <trkpt lat="46.0326785" lon="4.0796936">
    <ele>281</ele>
    <time>2026-05-29T19:33:03Z</time>
    <extensions>
     <gpxdata:hr>194</gpxdata:hr>
     <gpxdata:distance>8860.00</gpxdata:distance>
     <gpxdata:cadence>91</gpxdata:cadence>
     <gpxdata:speed>4.372</gpxdata:speed>
    </extensions>
   </trkpt>
   <trkpt lat="46.0326576" lon="4.0797446">
    <ele>281</ele>
    <time>2026-05-29T19:33:04Z</time>
    <extensions>
     <gpxdata:hr>195</gpxdata:hr>
     <gpxdata:distance>8864.00</gpxdata:distance>
     <gpxdata:cadence>91</gpxdata:cadence>
     <gpxdata:speed>4.375</gpxdata:speed>
    </extensions>
   </trkpt>
   <trkpt lat="46.0326367" lon="4.0797956">
    <ele>281</ele>
    <time>2026-05-29T19:33:05Z</time>
    <extensions>
     <gpxdata:hr>195</gpxdata:hr>
     <gpxdata:distance>8868.00</gpxdata:distance>
     <gpxdata:cadence>91</gpxdata:cadence>
     <gpxdata:speed>4.378</gpxdata:speed>
    </extensions>
   </trkpt>
   <trkpt lat="46.0326170" lon="4.0798452">
    <ele>281</ele>
    <time>2026-05-29T19:33:06Z</time>
    <extensions>
     <gpxdata:hr>195</gpxdata:hr>
     <gpxdata:distance>8872.50</gpxdata:distance>
     <gpxdata:cadence>90</gpxdata:cadence>
     <gpxdata:speed>4.381</gpxdata:speed>
    </extensions>
   </trkpt>
   <trkpt lat="46.0325974" lon="4.0798948">
    <ele>281</ele>
    <time>2026-05-29T19:33:07Z</time>
    <extensions>
     <gpxdata:hr>195</gpxdata:hr>
     <gpxdata:distance>8877.00</gpxdata:distance>
     <gpxdata:cadence>90</gpxdata:cadence>
     <gpxdata:speed>4.383</gpxdata:speed>
    </extensions>
   </trkpt>
   <trkpt lat="46.0325789" lon="4.0799431">
    <ele>281</ele>
    <time>2026-05-29T19:33:08Z</time>
    <extensions>
     <gpxdata:hr>195</gpxdata:hr>
     <gpxdata:distance>8881.00</gpxdata:distance>
     <gpxdata:cadence>90</gpxdata:cadence>
     <gpxdata:speed>4.383</gpxdata:speed>
    </extensions>
   </trkpt>
   <trkpt lat="46.0325605" lon="4.0799915">
    <ele>281</ele>
    <time>2026-05-29T19:33:09Z</time>
    <extensions>
     <gpxdata:hr>194</gpxdata:hr>
     <gpxdata:distance>8885.00</gpxdata:distance>
     <gpxdata:cadence>90</gpxdata:cadence>
     <gpxdata:speed>4.386</gpxdata:speed>
    </extensions>
   </trkpt>
   <trkpt lat="46.0325424" lon="4.0800396">
    <ele>281</ele>
    <time>2026-05-29T19:33:10Z</time>
    <extensions>
     <gpxdata:hr>194</gpxdata:hr>
     <gpxdata:distance>8889.50</gpxdata:distance>
     <gpxdata:cadence>90</gpxdata:cadence>
     <gpxdata:speed>4.386</gpxdata:speed>
    </extensions>
   </trkpt>
   <trkpt lat="46.0325244" lon="4.0800878">
    <ele>281</ele>
    <time>2026-05-29T19:33:11Z</time>
    <extensions>
     <gpxdata:hr>194</gpxdata:hr>
     <gpxdata:distance>8894.00</gpxdata:distance>
     <gpxdata:cadence>90</gpxdata:cadence>
     <gpxdata:speed>4.389</gpxdata:speed>
    </extensions>
   </trkpt>
   <trkpt lat="46.0325062" lon="4.0801357">
    <ele>281</ele>
    <time>2026-05-29T19:33:12Z</time>
    <extensions>
     <gpxdata:hr>194</gpxdata:hr>
     <gpxdata:distance>8898.00</gpxdata:distance>
     <gpxdata:cadence>90</gpxdata:cadence>
     <gpxdata:speed>4.389</gpxdata:speed>
    </extensions>
   </trkpt>
   <trkpt lat="46.0324880" lon="4.0801837">
    <ele>281</ele>
    <time>2026-05-29T19:33:13Z</time>
    <extensions>
     <gpxdata:hr>194</gpxdata:hr>
     <gpxdata:distance>8902.00</gpxdata:distance>
     <gpxdata:cadence>90</gpxdata:cadence>
     <gpxdata:speed>4.389</gpxdata:speed>
    </extensions>
   </trkpt>
   <trkpt lat="46.0324692" lon="4.0802313">
    <ele>281</ele>
    <time>2026-05-29T19:33:14Z</time>
    <extensions>
     <gpxdata:hr>195</gpxdata:hr>
     <gpxdata:distance>8906.00</gpxdata:distance>
     <gpxdata:cadence>90</gpxdata:cadence>
     <gpxdata:speed>4.389</gpxdata:speed>
    </extensions>
   </trkpt>
   <trkpt lat="46.0324504" lon="4.0802790">
    <ele>281</ele>
    <time>2026-05-29T19:33:15Z</time>
    <extensions>
     <gpxdata:hr>195</gpxdata:hr>
     <gpxdata:distance>8910.00</gpxdata:distance>
     <gpxdata:cadence>90</gpxdata:cadence>
     <gpxdata:speed>4.389</gpxdata:speed>
    </extensions>
   </trkpt>
   <trkpt lat="46.0324313" lon="4.0803276">
    <ele>281</ele>
    <time>2026-05-29T19:33:16Z</time>
    <extensions>
     <gpxdata:hr>196</gpxdata:hr>
     <gpxdata:distance>8914.50</gpxdata:distance>
     <gpxdata:cadence>90</gpxdata:cadence>
     <gpxdata:speed>4.386</gpxdata:speed>
    </extensions>
   </trkpt>
   <trkpt lat="46.0324122" lon="4.0803763">
    <ele>281</ele>
    <time>2026-05-29T19:33:17Z</time>
    <extensions>
     <gpxdata:hr>196</gpxdata:hr>
     <gpxdata:distance>8919.00</gpxdata:distance>
     <gpxdata:cadence>90</gpxdata:cadence>
     <gpxdata:speed>4.386</gpxdata:speed>
    </extensions>
   </trkpt>
   <trkpt lat="46.0323924" lon="4.0804262">
    <ele>281</ele>
    <time>2026-05-29T19:33:18Z</time>
    <extensions>
     <gpxdata:hr>196</gpxdata:hr>
     <gpxdata:distance>8923.50</gpxdata:distance>
     <gpxdata:cadence>90</gpxdata:cadence>
     <gpxdata:speed>4.383</gpxdata:speed>
    </extensions>
   </trkpt>
   <trkpt lat="46.0323726" lon="4.0804761">
    <ele>281</ele>
    <time>2026-05-29T19:33:19Z</time>
    <extensions>
     <gpxdata:hr>196</gpxdata:hr>
     <gpxdata:distance>8928.00</gpxdata:distance>
     <gpxdata:cadence>90</gpxdata:cadence>
     <gpxdata:speed>4.383</gpxdata:speed>
    </extensions>
   </trkpt>
   <trkpt lat="46.0323524" lon="4.0805254">
    <ele>281</ele>
    <time>2026-05-29T19:33:20Z</time>
    <extensions>
     <gpxdata:hr>196</gpxdata:hr>
     <gpxdata:distance>8932.50</gpxdata:distance>
     <gpxdata:cadence>90</gpxdata:cadence>
     <gpxdata:speed>4.383</gpxdata:speed>
    </extensions>
   </trkpt>
   <trkpt lat="46.0323323" lon="4.0805748">
    <ele>281</ele>
    <time>2026-05-29T19:33:21Z</time>
    <extensions>
     <gpxdata:hr>196</gpxdata:hr>
     <gpxdata:distance>8937.00</gpxdata:distance>
     <gpxdata:cadence>90</gpxdata:cadence>
     <gpxdata:speed>4.386</gpxdata:speed>
    </extensions>
   </trkpt>
   <trkpt lat="46.0323121" lon="4.0806250">
    <ele>281</ele>
    <time>2026-05-29T19:33:22Z</time>
    <extensions>
     <gpxdata:hr>196</gpxdata:hr>
     <gpxdata:distance>8941.50</gpxdata:distance>
     <gpxdata:cadence>90</gpxdata:cadence>
     <gpxdata:speed>4.386</gpxdata:speed>
    </extensions>
   </trkpt>
   <trkpt lat="46.0322919" lon="4.0806752">
    <ele>281</ele>
    <time>2026-05-29T19:33:23Z</time>
    <extensions>
     <gpxdata:hr>196</gpxdata:hr>
     <gpxdata:distance>8946.00</gpxdata:distance>
     <gpxdata:cadence>90</gpxdata:cadence>
     <gpxdata:speed>4.389</gpxdata:speed>
    </extensions>
   </trkpt>
   <trkpt lat="46.0322723" lon="4.0807256">
    <ele>281</ele>
    <time>2026-05-29T19:33:24Z</time>
    <extensions>
     <gpxdata:hr>196</gpxdata:hr>
     <gpxdata:distance>8950.50</gpxdata:distance>
     <gpxdata:cadence>90</gpxdata:cadence>
     <gpxdata:speed>4.397</gpxdata:speed>
    </extensions>
   </trkpt>
   <trkpt lat="46.0322528" lon="4.0807761">
    <ele>281</ele>
    <time>2026-05-29T19:33:25Z</time>
    <extensions>
     <gpxdata:hr>196</gpxdata:hr>
     <gpxdata:distance>8955.00</gpxdata:distance>
     <gpxdata:cadence>90</gpxdata:cadence>
     <gpxdata:speed>4.406</gpxdata:speed>
    </extensions>
   </trkpt>
   <trkpt lat="46.0322333" lon="4.0808264">
    <ele>281</ele>
    <time>2026-05-29T19:33:26Z</time>
    <extensions>
     <gpxdata:hr>196</gpxdata:hr>
     <gpxdata:distance>8959.50</gpxdata:distance>
     <gpxdata:cadence>90</gpxdata:cadence>
     <gpxdata:speed>4.417</gpxdata:speed>
    </extensions>
   </trkpt>
   <trkpt lat="46.0322138" lon="4.0808767">
    <ele>281</ele>
    <time>2026-05-29T19:33:27Z</time>
    <extensions>
     <gpxdata:hr>195</gpxdata:hr>
     <gpxdata:distance>8964.00</gpxdata:distance>
     <gpxdata:cadence>90</gpxdata:cadence>
     <gpxdata:speed>4.428</gpxdata:speed>
    </extensions>
   </trkpt>
   <trkpt lat="46.0321945" lon="4.0809270">
    <ele>281</ele>
    <time>2026-05-29T19:33:28Z</time>
    <extensions>
     <gpxdata:hr>195</gpxdata:hr>
     <gpxdata:distance>8968.50</gpxdata:distance>
     <gpxdata:cadence>90</gpxdata:cadence>
     <gpxdata:speed>4.436</gpxdata:speed>
    </extensions>
   </trkpt>
   <trkpt lat="46.0321753" lon="4.0809773">
    <ele>281</ele>
    <time>2026-05-29T19:33:29Z</time>
    <extensions>
     <gpxdata:hr>194</gpxdata:hr>
     <gpxdata:distance>8973.00</gpxdata:distance>
     <gpxdata:cadence>90</gpxdata:cadence>
     <gpxdata:speed>4.447</gpxdata:speed>
    </extensions>
   </trkpt>
   <trkpt lat="46.0321569" lon="4.0810264">
    <ele>281</ele>
    <time>2026-05-29T19:33:30Z</time>
    <extensions>
     <gpxdata:hr>195</gpxdata:hr>
     <gpxdata:distance>8977.00</gpxdata:distance>
     <gpxdata:cadence>89</gpxdata:cadence>
     <gpxdata:speed>4.450</gpxdata:speed>
    </extensions>
   </trkpt>
   <trkpt lat="46.0321386" lon="4.0810755">
    <ele>281</ele>
    <time>2026-05-29T19:33:31Z</time>
    <extensions>
     <gpxdata:hr>195</gpxdata:hr>
     <gpxdata:distance>8981.00</gpxdata:distance>
     <gpxdata:cadence>89</gpxdata:cadence>
     <gpxdata:speed>4.456</gpxdata:speed>
    </extensions>
   </trkpt>
   <trkpt lat="46.0321204" lon="4.0811235">
    <ele>281</ele>
    <time>2026-05-29T19:33:32Z</time>
    <extensions>
     <gpxdata:hr>195</gpxdata:hr>
     <gpxdata:distance>8985.00</gpxdata:distance>
     <gpxdata:cadence>89</gpxdata:cadence>
     <gpxdata:speed>4.456</gpxdata:speed>
    </extensions>
   </trkpt>
   <trkpt lat="46.0321023" lon="4.0811715">
    <ele>281</ele>
    <time>2026-05-29T19:33:33Z</time>
    <extensions>
     <gpxdata:hr>195</gpxdata:hr>
     <gpxdata:distance>8989.00</gpxdata:distance>
     <gpxdata:cadence>90</gpxdata:cadence>
     <gpxdata:speed>4.458</gpxdata:speed>
    </extensions>
   </trkpt>
   <trkpt lat="46.0320833" lon="4.0812193">
    <ele>281</ele>
    <time>2026-05-29T19:33:34Z</time>
    <extensions>
     <gpxdata:hr>195</gpxdata:hr>
     <gpxdata:distance>8993.50</gpxdata:distance>
     <gpxdata:cadence>90</gpxdata:cadence>
     <gpxdata:speed>4.456</gpxdata:speed>
    </extensions>
   </trkpt>
   <trkpt lat="46.0320644" lon="4.0812671">
    <ele>281</ele>
    <time>2026-05-29T19:33:35Z</time>
    <extensions>
     <gpxdata:hr>195</gpxdata:hr>
     <gpxdata:distance>8998.00</gpxdata:distance>
     <gpxdata:cadence>90</gpxdata:cadence>
     <gpxdata:speed>4.453</gpxdata:speed>
    </extensions>
   </trkpt>
   <trkpt lat="46.0320454" lon="4.0813159">
    <ele>281</ele>
    <time>2026-05-29T19:33:36Z</time>
    <extensions>
     <gpxdata:hr>195</gpxdata:hr>
     <gpxdata:distance>9002.50</gpxdata:distance>
     <gpxdata:cadence>90</gpxdata:cadence>
     <gpxdata:speed>4.450</gpxdata:speed>
    </extensions>
   </trkpt>
   <trkpt lat="46.0320265" lon="4.0813647">
    <ele>281</ele>
    <time>2026-05-29T19:33:37Z</time>
    <extensions>
     <gpxdata:hr>195</gpxdata:hr>
     <gpxdata:distance>9007.00</gpxdata:distance>
     <gpxdata:cadence>90</gpxdata:cadence>
     <gpxdata:speed>4.447</gpxdata:speed>
    </extensions>
   </trkpt>
   <trkpt lat="46.0320080" lon="4.0814152">
    <ele>281</ele>
    <time>2026-05-29T19:33:38Z</time>
    <extensions>
     <gpxdata:hr>194</gpxdata:hr>
     <gpxdata:distance>9011.50</gpxdata:distance>
     <gpxdata:cadence>90</gpxdata:cadence>
     <gpxdata:speed>4.444</gpxdata:speed>
    </extensions>
   </trkpt>
   <trkpt lat="46.0319896" lon="4.0814657">
    <ele>281</ele>
    <time>2026-05-29T19:33:39Z</time>
    <extensions>
     <gpxdata:hr>193</gpxdata:hr>
     <gpxdata:distance>9016.00</gpxdata:distance>
     <gpxdata:cadence>91</gpxdata:cadence>
     <gpxdata:speed>4.442</gpxdata:speed>
    </extensions>
   </trkpt>
   <trkpt lat="46.0319711" lon="4.0815161">
    <ele>281</ele>
    <time>2026-05-29T19:33:40Z</time>
    <extensions>
     <gpxdata:hr>193</gpxdata:hr>
     <gpxdata:distance>9020.50</gpxdata:distance>
     <gpxdata:cadence>91</gpxdata:cadence>
     <gpxdata:speed>4.439</gpxdata:speed>
    </extensions>
   </trkpt>
   <trkpt lat="46.0319526" lon="4.0815666">
    <ele>281</ele>
    <time>2026-05-29T19:33:41Z</time>
    <extensions>
     <gpxdata:hr>192</gpxdata:hr>
     <gpxdata:distance>9025.00</gpxdata:distance>
     <gpxdata:cadence>91</gpxdata:cadence>
     <gpxdata:speed>4.439</gpxdata:speed>
    </extensions>
   </trkpt>
   <trkpt lat="46.0319346" lon="4.0816168">
    <ele>281</ele>
    <time>2026-05-29T19:33:42Z</time>
    <extensions>
     <gpxdata:hr>192</gpxdata:hr>
     <gpxdata:distance>9029.00</gpxdata:distance>
     <gpxdata:cadence>91</gpxdata:cadence>
     <gpxdata:speed>4.439</gpxdata:speed>
    </extensions>
   </trkpt>
   <trkpt lat="46.0319166" lon="4.0816670">
    <ele>281</ele>
    <time>2026-05-29T19:33:43Z</time>
    <extensions>
     <gpxdata:hr>192</gpxdata:hr>
     <gpxdata:distance>9033.00</gpxdata:distance>
     <gpxdata:cadence>91</gpxdata:cadence>
     <gpxdata:speed>4.439</gpxdata:speed>
    </extensions>
   </trkpt>
   <trkpt lat="46.0318996" lon="4.0817179">
    <ele>281</ele>
    <time>2026-05-29T19:33:44Z</time>
    <extensions>
     <gpxdata:hr>192</gpxdata:hr>
     <gpxdata:distance>9037.50</gpxdata:distance>
     <gpxdata:cadence>91</gpxdata:cadence>
     <gpxdata:speed>4.436</gpxdata:speed>
    </extensions>
   </trkpt>
   <trkpt lat="46.0318827" lon="4.0817688">
    <ele>281</ele>
    <time>2026-05-29T19:33:45Z</time>
    <extensions>
     <gpxdata:hr>192</gpxdata:hr>
     <gpxdata:distance>9042.00</gpxdata:distance>
     <gpxdata:cadence>91</gpxdata:cadence>
     <gpxdata:speed>4.436</gpxdata:speed>
    </extensions>
   </trkpt>
   <trkpt lat="46.0318658" lon="4.0818215">
    <ele>281</ele>
    <time>2026-05-29T19:33:46Z</time>
    <extensions>
     <gpxdata:hr>192</gpxdata:hr>
     <gpxdata:distance>9046.50</gpxdata:distance>
     <gpxdata:cadence>91</gpxdata:cadence>
     <gpxdata:speed>4.433</gpxdata:speed>
    </extensions>
   </trkpt>
   <trkpt lat="46.0318490" lon="4.0818743">
    <ele>281</ele>
    <time>2026-05-29T19:33:47Z</time>
    <extensions>
     <gpxdata:hr>192</gpxdata:hr>
     <gpxdata:distance>9051.00</gpxdata:distance>
     <gpxdata:cadence>91</gpxdata:cadence>
     <gpxdata:speed>4.433</gpxdata:speed>
    </extensions>
   </trkpt>
   <trkpt lat="46.0318329" lon="4.0819274">
    <ele>281</ele>
    <time>2026-05-29T19:33:48Z</time>
    <extensions>
     <gpxdata:hr>192</gpxdata:hr>
     <gpxdata:distance>9055.50</gpxdata:distance>
     <gpxdata:cadence>91</gpxdata:cadence>
     <gpxdata:speed>4.433</gpxdata:speed>
    </extensions>
   </trkpt>
   <trkpt lat="46.0318169" lon="4.0819805">
    <ele>281</ele>
    <time>2026-05-29T19:33:49Z</time>
    <extensions>
     <gpxdata:hr>192</gpxdata:hr>
     <gpxdata:distance>9060.00</gpxdata:distance>
     <gpxdata:cadence>92</gpxdata:cadence>
     <gpxdata:speed>4.433</gpxdata:speed>
    </extensions>
   </trkpt>
   <trkpt lat="46.0317977" lon="4.0820313">
    <ele>281</ele>
    <time>2026-05-29T19:33:50Z</time>
    <extensions>
     <gpxdata:hr>193</gpxdata:hr>
     <gpxdata:distance>9064.50</gpxdata:distance>
     <gpxdata:cadence>92</gpxdata:cadence>
     <gpxdata:speed>4.433</gpxdata:speed>
    </extensions>
   </trkpt>
   <trkpt lat="46.0317785" lon="4.0820821">
    <ele>281</ele>
    <time>2026-05-29T19:33:51Z</time>
    <extensions>
     <gpxdata:hr>193</gpxdata:hr>
     <gpxdata:distance>9069.00</gpxdata:distance>
     <gpxdata:cadence>92</gpxdata:cadence>
     <gpxdata:speed>4.436</gpxdata:speed>
    </extensions>
   </trkpt>
   <trkpt lat="46.0317556" lon="4.0821302">
    <ele>281</ele>
    <time>2026-05-29T19:33:52Z</time>
    <extensions>
     <gpxdata:hr>193</gpxdata:hr>
     <gpxdata:distance>9073.50</gpxdata:distance>
     <gpxdata:cadence>92</gpxdata:cadence>
     <gpxdata:speed>4.436</gpxdata:speed>
    </extensions>
   </trkpt>
   <trkpt lat="46.0317328" lon="4.0821783">
    <ele>281</ele>
    <time>2026-05-29T19:33:53Z</time>
    <extensions>
     <gpxdata:hr>193</gpxdata:hr>
     <gpxdata:distance>9078.00</gpxdata:distance>
     <gpxdata:cadence>92</gpxdata:cadence>
     <gpxdata:speed>4.439</gpxdata:speed>
    </extensions>
   </trkpt>
   <trkpt lat="46.0317088" lon="4.0822240">
    <ele>281</ele>
    <time>2026-05-29T19:33:54Z</time>
    <extensions>
     <gpxdata:hr>193</gpxdata:hr>
     <gpxdata:distance>9082.50</gpxdata:distance>
     <gpxdata:cadence>92</gpxdata:cadence>
     <gpxdata:speed>4.444</gpxdata:speed>
    </extensions>
   </trkpt>
   <trkpt lat="46.0316849" lon="4.0822698">
    <ele>281</ele>
    <time>2026-05-29T19:33:55Z</time>
    <extensions>
     <gpxdata:hr>193</gpxdata:hr>
     <gpxdata:distance>9087.00</gpxdata:distance>
     <gpxdata:cadence>92</gpxdata:cadence>
     <gpxdata:speed>4.450</gpxdata:speed>
    </extensions>
   </trkpt>
   <trkpt lat="46.0316608" lon="4.0823146">
    <ele>281</ele>
    <time>2026-05-29T19:33:56Z</time>
    <extensions>
     <gpxdata:hr>193</gpxdata:hr>
     <gpxdata:distance>9091.50</gpxdata:distance>
     <gpxdata:cadence>91</gpxdata:cadence>
     <gpxdata:speed>4.458</gpxdata:speed>
    </extensions>
   </trkpt>
   <trkpt lat="46.0316367" lon="4.0823595">
    <ele>281</ele>
    <time>2026-05-29T19:33:57Z</time>
    <extensions>
     <gpxdata:hr>193</gpxdata:hr>
     <gpxdata:distance>9096.00</gpxdata:distance>
     <gpxdata:cadence>91</gpxdata:cadence>
     <gpxdata:speed>4.467</gpxdata:speed>
    </extensions>
   </trkpt>
   <trkpt lat="46.0316095" lon="4.0824021">
    <ele>281</ele>
    <time>2026-05-29T19:33:58Z</time>
    <extensions>
     <gpxdata:hr>193</gpxdata:hr>
     <gpxdata:distance>9100.50</gpxdata:distance>
     <gpxdata:cadence>91</gpxdata:cadence>
     <gpxdata:speed>4.472</gpxdata:speed>
    </extensions>
   </trkpt>
   <trkpt lat="46.0315823" lon="4.0824447">
    <ele>281</ele>
    <time>2026-05-29T19:33:59Z</time>
    <extensions>
     <gpxdata:hr>193</gpxdata:hr>
     <gpxdata:distance>9105.00</gpxdata:distance>
     <gpxdata:cadence>91</gpxdata:cadence>
     <gpxdata:speed>4.481</gpxdata:speed>
    </extensions>
   </trkpt>
   <trkpt lat="46.0315526" lon="4.0824862">
    <ele>281</ele>
    <time>2026-05-29T19:34:00Z</time>
    <extensions>
     <gpxdata:hr>193</gpxdata:hr>
     <gpxdata:distance>9109.50</gpxdata:distance>
     <gpxdata:cadence>91</gpxdata:cadence>
     <gpxdata:speed>4.483</gpxdata:speed>
    </extensions>
   </trkpt>
   <trkpt lat="46.0315229" lon="4.0825278">
    <ele>281</ele>
    <time>2026-05-29T19:34:01Z</time>
    <extensions>
     <gpxdata:hr>193</gpxdata:hr>
     <gpxdata:distance>9114.00</gpxdata:distance>
     <gpxdata:cadence>91</gpxdata:cadence>
     <gpxdata:speed>4.486</gpxdata:speed>
    </extensions>
   </trkpt>
   <trkpt lat="46.0314906" lon="4.0825667">
    <ele>281</ele>
    <time>2026-05-29T19:34:02Z</time>
    <extensions>
     <gpxdata:hr>193</gpxdata:hr>
     <gpxdata:distance>9118.50</gpxdata:distance>
     <gpxdata:cadence>91</gpxdata:cadence>
     <gpxdata:speed>4.489</gpxdata:speed>
    </extensions>
   </trkpt>
   <trkpt lat="46.0314583" lon="4.0826057">
    <ele>281</ele>
    <time>2026-05-29T19:34:03Z</time>
    <extensions>
     <gpxdata:hr>193</gpxdata:hr>
     <gpxdata:distance>9123.00</gpxdata:distance>
     <gpxdata:cadence>91</gpxdata:cadence>
     <gpxdata:speed>4.492</gpxdata:speed>
    </extensions>
   </trkpt>
   <trkpt lat="46.0314227" lon="4.0826384">
    <ele>281</ele>
    <time>2026-05-29T19:34:04Z</time>
    <extensions>
     <gpxdata:hr>193</gpxdata:hr>
     <gpxdata:distance>9128.00</gpxdata:distance>
     <gpxdata:cadence>91</gpxdata:cadence>
     <gpxdata:speed>4.494</gpxdata:speed>
    </extensions>
   </trkpt>
   <trkpt lat="46.0313871" lon="4.0826711">
    <ele>281</ele>
    <time>2026-05-29T19:34:05Z</time>
    <extensions>
     <gpxdata:hr>193</gpxdata:hr>
     <gpxdata:distance>9133.00</gpxdata:distance>
     <gpxdata:cadence>92</gpxdata:cadence>
     <gpxdata:speed>4.500</gpxdata:speed>
    </extensions>
   </trkpt>
   <trkpt lat="46.0313497" lon="4.0827009">
    <ele>281</ele>
    <time>2026-05-29T19:34:06Z</time>
    <extensions>
     <gpxdata:hr>193</gpxdata:hr>
     <gpxdata:distance>9137.50</gpxdata:distance>
     <gpxdata:cadence>92</gpxdata:cadence>
     <gpxdata:speed>4.503</gpxdata:speed>
    </extensions>
   </trkpt>
   <trkpt lat="46.0313123" lon="4.0827307">
    <ele>281</ele>
    <time>2026-05-29T19:34:07Z</time>
    <extensions>
     <gpxdata:hr>192</gpxdata:hr>
     <gpxdata:distance>9142.00</gpxdata:distance>
     <gpxdata:cadence>92</gpxdata:cadence>
     <gpxdata:speed>4.508</gpxdata:speed>
    </extensions>
   </trkpt>
   <trkpt lat="46.0312744" lon="4.0827569">
    <ele>281</ele>
    <time>2026-05-29T19:34:08Z</time>
    <extensions>
     <gpxdata:hr>193</gpxdata:hr>
     <gpxdata:distance>9147.00</gpxdata:distance>
     <gpxdata:cadence>92</gpxdata:cadence>
     <gpxdata:speed>4.511</gpxdata:speed>
    </extensions>
   </trkpt>
   <trkpt lat="46.0312366" lon="4.0827832">
    <ele>281</ele>
    <time>2026-05-29T19:34:09Z</time>
    <extensions>
     <gpxdata:hr>193</gpxdata:hr>
     <gpxdata:distance>9152.00</gpxdata:distance>
     <gpxdata:cadence>92</gpxdata:cadence>
     <gpxdata:speed>4.517</gpxdata:speed>
    </extensions>
   </trkpt>
   <trkpt lat="46.0311985" lon="4.0828075">
    <ele>281</ele>
    <time>2026-05-29T19:34:10Z</time>
    <extensions>
     <gpxdata:hr>193</gpxdata:hr>
     <gpxdata:distance>9158.50</gpxdata:distance>
     <gpxdata:cadence>91</gpxdata:cadence>
     <gpxdata:speed>4.519</gpxdata:speed>
    </extensions>
   </trkpt>
   <trkpt lat="46.0311604" lon="4.0828318">
    <ele>281</ele>
    <time>2026-05-29T19:34:11Z</time>
    <extensions>
     <gpxdata:hr>193</gpxdata:hr>
     <gpxdata:distance>9165.00</gpxdata:distance>
     <gpxdata:cadence>91</gpxdata:cadence>
     <gpxdata:speed>4.525</gpxdata:speed>
    </extensions>
   </trkpt>
   <trkpt lat="46.0311231" lon="4.0828534">
    <ele>281</ele>
    <time>2026-05-29T19:34:12Z</time>
    <extensions>
     <gpxdata:hr>193</gpxdata:hr>
     <gpxdata:distance>9169.50</gpxdata:distance>
     <gpxdata:cadence>90</gpxdata:cadence>
     <gpxdata:speed>4.533</gpxdata:speed>
    </extensions>
   </trkpt>
   <trkpt lat="46.0310859" lon="4.0828751">
    <ele>281</ele>
    <time>2026-05-29T19:34:13Z</time>
    <extensions>
     <gpxdata:hr>192</gpxdata:hr>
     <gpxdata:distance>9174.00</gpxdata:distance>
     <gpxdata:cadence>90</gpxdata:cadence>
     <gpxdata:speed>4.542</gpxdata:speed>
    </extensions>
   </trkpt>
   <trkpt lat="46.0310481" lon="4.0828956">
    <ele>281</ele>
    <time>2026-05-29T19:34:14Z</time>
    <extensions>
     <gpxdata:hr>192</gpxdata:hr>
     <gpxdata:distance>9176.50</gpxdata:distance>
     <gpxdata:cadence>90</gpxdata:cadence>
     <gpxdata:speed>4.544</gpxdata:speed>
    </extensions>
   </trkpt>
   <trkpt lat="46.0310104" lon="4.0829161">
    <ele>281</ele>
    <time>2026-05-29T19:34:15Z</time>
    <extensions>
     <gpxdata:hr>192</gpxdata:hr>
     <gpxdata:distance>9179.00</gpxdata:distance>
     <gpxdata:cadence>90</gpxdata:cadence>
     <gpxdata:speed>4.547</gpxdata:speed>
    </extensions>
   </trkpt>
   <trkpt lat="46.0309718" lon="4.0829380">
    <ele>281</ele>
    <time>2026-05-29T19:34:16Z</time>
    <extensions>
     <gpxdata:hr>193</gpxdata:hr>
     <gpxdata:distance>9186.00</gpxdata:distance>
     <gpxdata:cadence>90</gpxdata:cadence>
     <gpxdata:speed>4.547</gpxdata:speed>
    </extensions>
   </trkpt>
   <trkpt lat="46.0309332" lon="4.0829599">
    <ele>281</ele>
    <time>2026-05-29T19:34:17Z</time>
    <extensions>
     <gpxdata:hr>194</gpxdata:hr>
     <gpxdata:distance>9193.00</gpxdata:distance>
     <gpxdata:cadence>91</gpxdata:cadence>
     <gpxdata:speed>4.550</gpxdata:speed>
    </extensions>
   </trkpt>
   <trkpt lat="46.0308950" lon="4.0829849">
    <ele>281</ele>
    <time>2026-05-29T19:34:18Z</time>
    <extensions>
     <gpxdata:hr>194</gpxdata:hr>
     <gpxdata:distance>9197.50</gpxdata:distance>
     <gpxdata:cadence>91</gpxdata:cadence>
     <gpxdata:speed>4.550</gpxdata:speed>
    </extensions>
   </trkpt>
   <trkpt lat="46.0308569" lon="4.0830100">
    <ele>281</ele>
    <time>2026-05-29T19:34:19Z</time>
    <extensions>
     <gpxdata:hr>194</gpxdata:hr>
     <gpxdata:distance>9202.00</gpxdata:distance>
     <gpxdata:cadence>91</gpxdata:cadence>
     <gpxdata:speed>4.553</gpxdata:speed>
    </extensions>
   </trkpt>
   <trkpt lat="46.0308198" lon="4.0830363">
    <ele>281</ele>
    <time>2026-05-29T19:34:20Z</time>
    <extensions>
     <gpxdata:hr>194</gpxdata:hr>
     <gpxdata:distance>9206.50</gpxdata:distance>
     <gpxdata:cadence>91</gpxdata:cadence>
     <gpxdata:speed>4.556</gpxdata:speed>
    </extensions>
   </trkpt>
   <trkpt lat="46.0307828" lon="4.0830626">
    <ele>281</ele>
    <time>2026-05-29T19:34:21Z</time>
    <extensions>
     <gpxdata:hr>194</gpxdata:hr>
     <gpxdata:distance>9211.00</gpxdata:distance>
     <gpxdata:cadence>91</gpxdata:cadence>
     <gpxdata:speed>4.561</gpxdata:speed>
    </extensions>
   </trkpt>
   <trkpt lat="46.0307468" lon="4.0830880">
    <ele>281</ele>
    <time>2026-05-29T19:34:22Z</time>
    <extensions>
     <gpxdata:hr>194</gpxdata:hr>
     <gpxdata:distance>9215.00</gpxdata:distance>
     <gpxdata:cadence>91</gpxdata:cadence>
     <gpxdata:speed>4.561</gpxdata:speed>
    </extensions>
   </trkpt>
   <trkpt lat="46.0307108" lon="4.0831135">
    <ele>281</ele>
    <time>2026-05-29T19:34:23Z</time>
    <extensions>
     <gpxdata:hr>194</gpxdata:hr>
     <gpxdata:distance>9219.00</gpxdata:distance>
     <gpxdata:cadence>92</gpxdata:cadence>
     <gpxdata:speed>4.564</gpxdata:speed>
    </extensions>
   </trkpt>
   <trkpt lat="46.0306743" lon="4.0831347">
    <ele>281</ele>
    <time>2026-05-29T19:34:24Z</time>
    <extensions>
     <gpxdata:hr>194</gpxdata:hr>
     <gpxdata:distance>9223.50</gpxdata:distance>
     <gpxdata:cadence>92</gpxdata:cadence>
     <gpxdata:speed>4.561</gpxdata:speed>
    </extensions>
   </trkpt>
   <trkpt lat="46.0306378" lon="4.0831560">
    <ele>281</ele>
    <time>2026-05-29T19:34:25Z</time>
    <extensions>
     <gpxdata:hr>194</gpxdata:hr>
     <gpxdata:distance>9228.00</gpxdata:distance>
     <gpxdata:cadence>92</gpxdata:cadence>
     <gpxdata:speed>4.561</gpxdata:speed>
    </extensions>
   </trkpt>
   <trkpt lat="46.0306006" lon="4.0831762">
    <ele>281</ele>
    <time>2026-05-29T19:34:26Z</time>
    <extensions>
     <gpxdata:hr>194</gpxdata:hr>
     <gpxdata:distance>9230.50</gpxdata:distance>
     <gpxdata:cadence>92</gpxdata:cadence>
     <gpxdata:speed>4.558</gpxdata:speed>
    </extensions>
   </trkpt>
   <trkpt lat="46.0305635" lon="4.0831965">
    <ele>281</ele>
    <time>2026-05-29T19:34:27Z</time>
    <extensions>
     <gpxdata:hr>194</gpxdata:hr>
     <gpxdata:distance>9233.00</gpxdata:distance>
     <gpxdata:cadence>92</gpxdata:cadence>
     <gpxdata:speed>4.558</gpxdata:speed>
    </extensions>
   </trkpt>
   <trkpt lat="46.0305260" lon="4.0832199">
    <ele>281</ele>
    <time>2026-05-29T19:34:28Z</time>
    <extensions>
     <gpxdata:hr>194</gpxdata:hr>
     <gpxdata:distance>9237.50</gpxdata:distance>
     <gpxdata:cadence>92</gpxdata:cadence>
     <gpxdata:speed>4.556</gpxdata:speed>
    </extensions>
   </trkpt>
   <trkpt lat="46.0304886" lon="4.0832433">
    <ele>281</ele>
    <time>2026-05-29T19:34:29Z</time>
    <extensions>
     <gpxdata:hr>194</gpxdata:hr>
     <gpxdata:distance>9242.00</gpxdata:distance>
     <gpxdata:cadence>92</gpxdata:cadence>
     <gpxdata:speed>4.553</gpxdata:speed>
    </extensions>
   </trkpt>
   <trkpt lat="46.0304507" lon="4.0832703">
    <ele>281</ele>
    <time>2026-05-29T19:34:30Z</time>
    <extensions>
     <gpxdata:hr>194</gpxdata:hr>
     <gpxdata:distance>9247.00</gpxdata:distance>
     <gpxdata:cadence>93</gpxdata:cadence>
     <gpxdata:speed>4.550</gpxdata:speed>
    </extensions>
   </trkpt>
   <trkpt lat="46.0304128" lon="4.0832974">
    <ele>281</ele>
    <time>2026-05-29T19:34:31Z</time>
    <extensions>
     <gpxdata:hr>194</gpxdata:hr>
     <gpxdata:distance>9252.00</gpxdata:distance>
     <gpxdata:cadence>94</gpxdata:cadence>
     <gpxdata:speed>4.550</gpxdata:speed>
    </extensions>
   </trkpt>
   <trkpt lat="46.0303742" lon="4.0833231">
    <ele>281</ele>
    <time>2026-05-29T19:34:32Z</time>
    <extensions>
     <gpxdata:hr>194</gpxdata:hr>
     <gpxdata:distance>9256.50</gpxdata:distance>
     <gpxdata:cadence>94</gpxdata:cadence>
     <gpxdata:speed>4.553</gpxdata:speed>
    </extensions>
   </trkpt>
   <trkpt lat="46.0303356" lon="4.0833489">
    <ele>281</ele>
    <time>2026-05-29T19:34:33Z</time>
    <extensions>
     <gpxdata:hr>194</gpxdata:hr>
     <gpxdata:distance>9261.00</gpxdata:distance>
     <gpxdata:cadence>95</gpxdata:cadence>
     <gpxdata:speed>4.558</gpxdata:speed>
    </extensions>
   </trkpt>
   <trkpt lat="46.0302966" lon="4.0833747">
    <ele>281</ele>
    <time>2026-05-29T19:34:34Z</time>
    <extensions>
     <gpxdata:hr>194</gpxdata:hr>
     <gpxdata:distance>9268.00</gpxdata:distance>
     <gpxdata:cadence>95</gpxdata:cadence>
     <gpxdata:speed>4.564</gpxdata:speed>
    </extensions>
   </trkpt>
   <trkpt lat="46.0302576" lon="4.0834006">
    <ele>281</ele>
    <time>2026-05-29T19:34:35Z</time>
    <extensions>
     <gpxdata:hr>194</gpxdata:hr>
     <gpxdata:distance>9275.00</gpxdata:distance>
     <gpxdata:cadence>95</gpxdata:cadence>
     <gpxdata:speed>4.569</gpxdata:speed>
    </extensions>
   </trkpt>
   <trkpt lat="46.0302167" lon="4.0834212">
    <ele>281</ele>
    <time>2026-05-29T19:34:36Z</time>
    <extensions>
     <gpxdata:hr>194</gpxdata:hr>
     <gpxdata:distance>9280.00</gpxdata:distance>
     <gpxdata:cadence>94</gpxdata:cadence>
     <gpxdata:speed>4.569</gpxdata:speed>
    </extensions>
   </trkpt>
   <trkpt lat="46.0301758" lon="4.0834418">
    <ele>281</ele>
    <time>2026-05-29T19:34:37Z</time>
    <extensions>
     <gpxdata:hr>194</gpxdata:hr>
     <gpxdata:distance>9285.00</gpxdata:distance>
     <gpxdata:cadence>94</gpxdata:cadence>
     <gpxdata:speed>4.572</gpxdata:speed>
    </extensions>
   </trkpt>
   <trkpt lat="46.0301359" lon="4.0834613">
    <ele>281</ele>
    <time>2026-05-29T19:34:38Z</time>
    <extensions>
     <gpxdata:hr>194</gpxdata:hr>
     <gpxdata:distance>9287.50</gpxdata:distance>
     <gpxdata:cadence>92</gpxdata:cadence>
     <gpxdata:speed>4.572</gpxdata:speed>
    </extensions>
   </trkpt>
   <trkpt lat="46.0300960" lon="4.0834809">
    <ele>281</ele>
    <time>2026-05-29T19:34:39Z</time>
    <extensions>
     <gpxdata:hr>193</gpxdata:hr>
     <gpxdata:distance>9290.00</gpxdata:distance>
     <gpxdata:cadence>91</gpxdata:cadence>
     <gpxdata:speed>4.575</gpxdata:speed>
    </extensions>
   </trkpt>
   <trkpt lat="46.0300581" lon="4.0835069">
    <ele>281</ele>
    <time>2026-05-29T19:34:40Z</time>
    <extensions>
     <gpxdata:hr>194</gpxdata:hr>
     <gpxdata:distance>9297.00</gpxdata:distance>
     <gpxdata:cadence>91</gpxdata:cadence>
     <gpxdata:speed>4.578</gpxdata:speed>
    </extensions>
   </trkpt>
   <trkpt lat="46.0300202" lon="4.0835330">
    <ele>281</ele>
    <time>2026-05-29T19:34:41Z</time>
    <extensions>
     <gpxdata:hr>194</gpxdata:hr>
     <gpxdata:distance>9304.00</gpxdata:distance>
     <gpxdata:cadence>91</gpxdata:cadence>
     <gpxdata:speed>4.583</gpxdata:speed>
    </extensions>
   </trkpt>
   <trkpt lat="46.0299835" lon="4.0835620">
    <ele>281</ele>
    <time>2026-05-29T19:34:42Z</time>
    <extensions>
     <gpxdata:hr>193</gpxdata:hr>
     <gpxdata:distance>9308.50</gpxdata:distance>
     <gpxdata:cadence>90</gpxdata:cadence>
     <gpxdata:speed>4.586</gpxdata:speed>
    </extensions>
   </trkpt>
   <trkpt lat="46.0299469" lon="4.0835910">
    <ele>281</ele>
    <time>2026-05-29T19:34:43Z</time>
    <extensions>
     <gpxdata:hr>195</gpxdata:hr>
     <gpxdata:distance>9313.00</gpxdata:distance>
     <gpxdata:cadence>90</gpxdata:cadence>
     <gpxdata:speed>4.589</gpxdata:speed>
    </extensions>
   </trkpt>
   <trkpt lat="46.0299118" lon="4.0836188">
    <ele>281</ele>
    <time>2026-05-29T19:34:44Z</time>
    <extensions>
     <gpxdata:hr>195</gpxdata:hr>
     <gpxdata:distance>9317.00</gpxdata:distance>
     <gpxdata:cadence>90</gpxdata:cadence>
     <gpxdata:speed>4.589</gpxdata:speed>
    </extensions>
   </trkpt>
   <trkpt lat="46.0298767" lon="4.0836466">
    <ele>281</ele>
    <time>2026-05-29T19:34:45Z</time>
    <extensions>
     <gpxdata:hr>195</gpxdata:hr>
     <gpxdata:distance>9321.00</gpxdata:distance>
     <gpxdata:cadence>90</gpxdata:cadence>
     <gpxdata:speed>4.589</gpxdata:speed>
    </extensions>
   </trkpt>
   <trkpt lat="46.0298409" lon="4.0836706">
    <ele>281</ele>
    <time>2026-05-29T19:34:46Z</time>
    <extensions>
     <gpxdata:hr>194</gpxdata:hr>
     <gpxdata:distance>9326.00</gpxdata:distance>
     <gpxdata:cadence>90</gpxdata:cadence>
     <gpxdata:speed>4.589</gpxdata:speed>
    </extensions>
   </trkpt>
   <trkpt lat="46.0298052" lon="4.0836947">
    <ele>281</ele>
    <time>2026-05-29T19:34:47Z</time>
    <extensions>
     <gpxdata:hr>195</gpxdata:hr>
     <gpxdata:distance>9331.00</gpxdata:distance>
     <gpxdata:cadence>91</gpxdata:cadence>
     <gpxdata:speed>4.589</gpxdata:speed>
    </extensions>
   </trkpt>
   <trkpt lat="46.0297674" lon="4.0837162">
    <ele>281</ele>
    <time>2026-05-29T19:34:48Z</time>
    <extensions>
     <gpxdata:hr>195</gpxdata:hr>
     <gpxdata:distance>9333.00</gpxdata:distance>
     <gpxdata:cadence>91</gpxdata:cadence>
     <gpxdata:speed>4.586</gpxdata:speed>
    </extensions>
   </trkpt>
   <trkpt lat="46.0297296" lon="4.0837378">
    <ele>281</ele>
    <time>2026-05-29T19:34:49Z</time>
    <extensions>
     <gpxdata:hr>195</gpxdata:hr>
     <gpxdata:distance>9335.00</gpxdata:distance>
     <gpxdata:cadence>91</gpxdata:cadence>
     <gpxdata:speed>4.586</gpxdata:speed>
    </extensions>
   </trkpt>
   <trkpt lat="46.0296930" lon="4.0837604">
    <ele>281</ele>
    <time>2026-05-29T19:34:50Z</time>
    <extensions>
     <gpxdata:hr>195</gpxdata:hr>
     <gpxdata:distance>9339.50</gpxdata:distance>
     <gpxdata:cadence>91</gpxdata:cadence>
     <gpxdata:speed>4.583</gpxdata:speed>
    </extensions>
   </trkpt>
   <trkpt lat="46.0296565" lon="4.0837830">
    <ele>281</ele>
    <time>2026-05-29T19:34:51Z</time>
    <extensions>
     <gpxdata:hr>195</gpxdata:hr>
     <gpxdata:distance>9344.00</gpxdata:distance>
     <gpxdata:cadence>91</gpxdata:cadence>
     <gpxdata:speed>4.581</gpxdata:speed>
    </extensions>
   </trkpt>
   <trkpt lat="46.0296215" lon="4.0838061">
    <ele>281</ele>
    <time>2026-05-29T19:34:52Z</time>
    <extensions>
     <gpxdata:hr>195</gpxdata:hr>
     <gpxdata:distance>9348.00</gpxdata:distance>
     <gpxdata:cadence>91</gpxdata:cadence>
     <gpxdata:speed>4.575</gpxdata:speed>
    </extensions>
   </trkpt>
   <trkpt lat="46.0295866" lon="4.0838292">
    <ele>281</ele>
    <time>2026-05-29T19:34:53Z</time>
    <extensions>
     <gpxdata:hr>195</gpxdata:hr>
     <gpxdata:distance>9352.00</gpxdata:distance>
     <gpxdata:cadence>91</gpxdata:cadence>
     <gpxdata:speed>4.572</gpxdata:speed>
    </extensions>
   </trkpt>
   <trkpt lat="46.0295508" lon="4.0838500">
    <ele>281</ele>
    <time>2026-05-29T19:34:54Z</time>
    <extensions>
     <gpxdata:hr>195</gpxdata:hr>
     <gpxdata:distance>9358.50</gpxdata:distance>
     <gpxdata:cadence>91</gpxdata:cadence>
     <gpxdata:speed>4.550</gpxdata:speed>
    </extensions>
   </trkpt>
   <trkpt lat="46.0295151" lon="4.0838708">
    <ele>281</ele>
    <time>2026-05-29T19:34:55Z</time>
    <extensions>
     <gpxdata:hr>195</gpxdata:hr>
     <gpxdata:distance>9365.00</gpxdata:distance>
     <gpxdata:cadence>91</gpxdata:cadence>
     <gpxdata:speed>4.531</gpxdata:speed>
    </extensions>
   </trkpt>
   <trkpt lat="46.0294792" lon="4.0838922">
    <ele>281</ele>
    <time>2026-05-29T19:34:56Z</time>
    <extensions>
     <gpxdata:hr>195</gpxdata:hr>
     <gpxdata:distance>9367.50</gpxdata:distance>
     <gpxdata:cadence>91</gpxdata:cadence>
     <gpxdata:speed>4.525</gpxdata:speed>
    </extensions>
   </trkpt>
   <trkpt lat="46.0294434" lon="4.0839137">
    <ele>281</ele>
    <time>2026-05-29T19:34:57Z</time>
    <extensions>
     <gpxdata:hr>195</gpxdata:hr>
     <gpxdata:distance>9370.00</gpxdata:distance>
     <gpxdata:cadence>91</gpxdata:cadence>
     <gpxdata:speed>4.522</gpxdata:speed>
    </extensions>
   </trkpt>
   <trkpt lat="46.0294079" lon="4.0839385">
    <ele>281</ele>
    <time>2026-05-29T19:34:58Z</time>
    <extensions>
     <gpxdata:hr>195</gpxdata:hr>
     <gpxdata:distance>9376.50</gpxdata:distance>
     <gpxdata:cadence>90</gpxdata:cadence>
     <gpxdata:speed>4.514</gpxdata:speed>
    </extensions>
   </trkpt>
   <trkpt lat="46.0293724" lon="4.0839633">
    <ele>281</ele>
    <time>2026-05-29T19:34:59Z</time>
    <extensions>
     <gpxdata:hr>195</gpxdata:hr>
     <gpxdata:distance>9383.00</gpxdata:distance>
     <gpxdata:cadence>90</gpxdata:cadence>
     <gpxdata:speed>4.506</gpxdata:speed>
    </extensions>
   </trkpt>
   <trkpt lat="46.0293354" lon="4.0839884">
    <ele>281</ele>
    <time>2026-05-29T19:35:00Z</time>
    <extensions>
     <gpxdata:hr>195</gpxdata:hr>
     <gpxdata:distance>9387.50</gpxdata:distance>
     <gpxdata:cadence>90</gpxdata:cadence>
     <gpxdata:speed>4.503</gpxdata:speed>
    </extensions>
   </trkpt>
   <trkpt lat="46.0292984" lon="4.0840136">
    <ele>281</ele>
    <time>2026-05-29T19:35:01Z</time>
    <extensions>
     <gpxdata:hr>195</gpxdata:hr>
     <gpxdata:distance>9392.00</gpxdata:distance>
     <gpxdata:cadence>91</gpxdata:cadence>
     <gpxdata:speed>4.503</gpxdata:speed>
    </extensions>
   </trkpt>
   <trkpt lat="46.0292622" lon="4.0840403">
    <ele>281</ele>
    <time>2026-05-29T19:35:02Z</time>
    <extensions>
     <gpxdata:hr>195</gpxdata:hr>
     <gpxdata:distance>9396.50</gpxdata:distance>
     <gpxdata:cadence>91</gpxdata:cadence>
     <gpxdata:speed>4.497</gpxdata:speed>
    </extensions>
   </trkpt>
   <trkpt lat="46.0292260" lon="4.0840671">
    <ele>281</ele>
    <time>2026-05-29T19:35:03Z</time>
    <extensions>
     <gpxdata:hr>195</gpxdata:hr>
     <gpxdata:distance>9401.00</gpxdata:distance>
     <gpxdata:cadence>91</gpxdata:cadence>
     <gpxdata:speed>4.492</gpxdata:speed>
    </extensions>
   </trkpt>
   <trkpt lat="46.0291892" lon="4.0840937">
    <ele>281</ele>
    <time>2026-05-29T19:35:04Z</time>
    <extensions>
     <gpxdata:hr>195</gpxdata:hr>
     <gpxdata:distance>9406.00</gpxdata:distance>
     <gpxdata:cadence>91</gpxdata:cadence>
     <gpxdata:speed>4.486</gpxdata:speed>
    </extensions>
   </trkpt>
   <trkpt lat="46.0291524" lon="4.0841203">
    <ele>281</ele>
    <time>2026-05-29T19:35:05Z</time>
    <extensions>
     <gpxdata:hr>195</gpxdata:hr>
     <gpxdata:distance>9411.00</gpxdata:distance>
     <gpxdata:cadence>91</gpxdata:cadence>
     <gpxdata:speed>4.483</gpxdata:speed>
    </extensions>
   </trkpt>
   <trkpt lat="46.0291136" lon="4.0841464">
    <ele>281</ele>
    <time>2026-05-29T19:35:06Z</time>
    <extensions>
     <gpxdata:hr>195</gpxdata:hr>
     <gpxdata:distance>9413.50</gpxdata:distance>
     <gpxdata:cadence>91</gpxdata:cadence>
     <gpxdata:speed>4.481</gpxdata:speed>
    </extensions>
   </trkpt>
   <trkpt lat="46.0290749" lon="4.0841726">
    <ele>281</ele>
    <time>2026-05-29T19:35:07Z</time>
    <extensions>
     <gpxdata:hr>195</gpxdata:hr>
     <gpxdata:distance>9416.00</gpxdata:distance>
     <gpxdata:cadence>91</gpxdata:cadence>
     <gpxdata:speed>4.481</gpxdata:speed>
    </extensions>
   </trkpt>
   <trkpt lat="46.0290360" lon="4.0841951">
    <ele>281</ele>
    <time>2026-05-29T19:35:08Z</time>
    <extensions>
     <gpxdata:hr>195</gpxdata:hr>
     <gpxdata:distance>9422.50</gpxdata:distance>
     <gpxdata:cadence>91</gpxdata:cadence>
     <gpxdata:speed>4.481</gpxdata:speed>
    </extensions>
   </trkpt>
   <trkpt lat="46.0289971" lon="4.0842177">
    <ele>281</ele>
    <time>2026-05-29T19:35:09Z</time>
    <extensions>
     <gpxdata:hr>194</gpxdata:hr>
     <gpxdata:distance>9429.00</gpxdata:distance>
     <gpxdata:cadence>91</gpxdata:cadence>
     <gpxdata:speed>4.483</gpxdata:speed>
    </extensions>
   </trkpt>
   <trkpt lat="46.0289598" lon="4.0842393">
    <ele>281</ele>
    <time>2026-05-29T19:35:10Z</time>
    <extensions>
     <gpxdata:hr>194</gpxdata:hr>
     <gpxdata:distance>9431.00</gpxdata:distance>
     <gpxdata:cadence>90</gpxdata:cadence>
     <gpxdata:speed>4.483</gpxdata:speed>
    </extensions>
   </trkpt>
   <trkpt lat="46.0289225" lon="4.0842610">
    <ele>281</ele>
    <time>2026-05-29T19:35:11Z</time>
    <extensions>
     <gpxdata:hr>194</gpxdata:hr>
     <gpxdata:distance>9433.00</gpxdata:distance>
     <gpxdata:cadence>90</gpxdata:cadence>
     <gpxdata:speed>4.486</gpxdata:speed>
    </extensions>
   </trkpt>
   <trkpt lat="46.0288844" lon="4.0842814">
    <ele>281</ele>
    <time>2026-05-29T19:35:12Z</time>
    <extensions>
     <gpxdata:hr>194</gpxdata:hr>
     <gpxdata:distance>9438.00</gpxdata:distance>
     <gpxdata:cadence>90</gpxdata:cadence>
     <gpxdata:speed>4.489</gpxdata:speed>
    </extensions>
   </trkpt>
   <trkpt lat="46.0288464" lon="4.0843018">
    <ele>281</ele>
    <time>2026-05-29T19:35:13Z</time>
    <extensions>
     <gpxdata:hr>194</gpxdata:hr>
     <gpxdata:distance>9443.00</gpxdata:distance>
     <gpxdata:cadence>90</gpxdata:cadence>
     <gpxdata:speed>4.492</gpxdata:speed>
    </extensions>
   </trkpt>
   <trkpt lat="46.0288080" lon="4.0843237">
    <ele>281</ele>
    <time>2026-05-29T19:35:14Z</time>
    <extensions>
     <gpxdata:hr>194</gpxdata:hr>
     <gpxdata:distance>9447.50</gpxdata:distance>
     <gpxdata:cadence>90</gpxdata:cadence>
     <gpxdata:speed>4.492</gpxdata:speed>
    </extensions>
   </trkpt>
   <trkpt lat="46.0287696" lon="4.0843456">
    <ele>281</ele>
    <time>2026-05-29T19:35:15Z</time>
    <extensions>
     <gpxdata:hr>194</gpxdata:hr>
     <gpxdata:distance>9452.00</gpxdata:distance>
     <gpxdata:cadence>89</gpxdata:cadence>
     <gpxdata:speed>4.494</gpxdata:speed>
    </extensions>
   </trkpt>
   <trkpt lat="46.0287301" lon="4.0843699">
    <ele>281</ele>
    <time>2026-05-29T19:35:16Z</time>
    <extensions>
     <gpxdata:hr>195</gpxdata:hr>
     <gpxdata:distance>9457.00</gpxdata:distance>
     <gpxdata:cadence>89</gpxdata:cadence>
     <gpxdata:speed>4.497</gpxdata:speed>
    </extensions>
   </trkpt>
   <trkpt lat="46.0286906" lon="4.0843942">
    <ele>281</ele>
    <time>2026-05-29T19:35:17Z</time>
    <extensions>
     <gpxdata:hr>195</gpxdata:hr>
     <gpxdata:distance>9462.00</gpxdata:distance>
     <gpxdata:cadence>89</gpxdata:cadence>
     <gpxdata:speed>4.503</gpxdata:speed>
    </extensions>
   </trkpt>
   <trkpt lat="46.0286492" lon="4.0844141">
    <ele>281</ele>
    <time>2026-05-29T19:35:18Z</time>
    <extensions>
     <gpxdata:hr>195</gpxdata:hr>
     <gpxdata:distance>9467.00</gpxdata:distance>
     <gpxdata:cadence>89</gpxdata:cadence>
     <gpxdata:speed>4.506</gpxdata:speed>
    </extensions>
   </trkpt>
   <trkpt lat="46.0286078" lon="4.0844340">
    <ele>281</ele>
    <time>2026-05-29T19:35:19Z</time>
    <extensions>
     <gpxdata:hr>195</gpxdata:hr>
     <gpxdata:distance>9472.00</gpxdata:distance>
     <gpxdata:cadence>89</gpxdata:cadence>
     <gpxdata:speed>4.511</gpxdata:speed>
    </extensions>
   </trkpt>
   <trkpt lat="46.0285652" lon="4.0844513">
    <ele>281</ele>
    <time>2026-05-29T19:35:20Z</time>
    <extensions>
     <gpxdata:hr>195</gpxdata:hr>
     <gpxdata:distance>9479.00</gpxdata:distance>
     <gpxdata:cadence>90</gpxdata:cadence>
     <gpxdata:speed>4.519</gpxdata:speed>
    </extensions>
   </trkpt>
   <trkpt lat="46.0285227" lon="4.0844686">
    <ele>281</ele>
    <time>2026-05-29T19:35:21Z</time>
    <extensions>
     <gpxdata:hr>195</gpxdata:hr>
     <gpxdata:distance>9486.00</gpxdata:distance>
     <gpxdata:cadence>90</gpxdata:cadence>
     <gpxdata:speed>4.531</gpxdata:speed>
    </extensions>
   </trkpt>
   <trkpt lat="46.0284819" lon="4.0844856">
    <ele>281</ele>
    <time>2026-05-29T19:35:22Z</time>
    <extensions>
     <gpxdata:hr>195</gpxdata:hr>
     <gpxdata:distance>9490.50</gpxdata:distance>
     <gpxdata:cadence>91</gpxdata:cadence>
     <gpxdata:speed>4.542</gpxdata:speed>
    </extensions>
   </trkpt>
   <trkpt lat="46.0284411" lon="4.0845026">
    <ele>281</ele>
    <time>2026-05-29T19:35:23Z</time>
    <extensions>
     <gpxdata:hr>195</gpxdata:hr>
     <gpxdata:distance>9495.00</gpxdata:distance>
     <gpxdata:cadence>91</gpxdata:cadence>
     <gpxdata:speed>4.556</gpxdata:speed>
    </extensions>
   </trkpt>
   <trkpt lat="46.0284040" lon="4.0845261">
    <ele>281</ele>
    <time>2026-05-29T19:35:24Z</time>
    <extensions>
     <gpxdata:hr>195</gpxdata:hr>
     <gpxdata:distance>9499.50</gpxdata:distance>
     <gpxdata:cadence>91</gpxdata:cadence>
     <gpxdata:speed>4.561</gpxdata:speed>
    </extensions>
   </trkpt>
   <trkpt lat="46.0283669" lon="4.0845497">
    <ele>281</ele>
    <time>2026-05-29T19:35:25Z</time>
    <extensions>
     <gpxdata:hr>195</gpxdata:hr>
     <gpxdata:distance>9504.00</gpxdata:distance>
     <gpxdata:cadence>91</gpxdata:cadence>
     <gpxdata:speed>4.569</gpxdata:speed>
    </extensions>
   </trkpt>
   <trkpt lat="46.0283313" lon="4.0845762">
    <ele>281</ele>
    <time>2026-05-29T19:35:26Z</time>
    <extensions>
     <gpxdata:hr>194</gpxdata:hr>
     <gpxdata:distance>9508.50</gpxdata:distance>
     <gpxdata:cadence>91</gpxdata:cadence>
     <gpxdata:speed>4.569</gpxdata:speed>
    </extensions>
   </trkpt>
   <trkpt lat="46.0282957" lon="4.0846028">
    <ele>281</ele>
    <time>2026-05-29T19:35:27Z</time>
    <extensions>
     <gpxdata:hr>194</gpxdata:hr>
     <gpxdata:distance>9513.00</gpxdata:distance>
     <gpxdata:cadence>91</gpxdata:cadence>
     <gpxdata:speed>4.572</gpxdata:speed>
    </extensions>
   </trkpt>
   <trkpt lat="46.0282607" lon="4.0846311">
    <ele>281</ele>
    <time>2026-05-29T19:35:28Z</time>
    <extensions>
     <gpxdata:hr>194</gpxdata:hr>
     <gpxdata:distance>9515.00</gpxdata:distance>
     <gpxdata:cadence>91</gpxdata:cadence>
     <gpxdata:speed>4.575</gpxdata:speed>
    </extensions>
   </trkpt>
   <trkpt lat="46.0282258" lon="4.0846595">
    <ele>281</ele>
    <time>2026-05-29T19:35:29Z</time>
    <extensions>
     <gpxdata:hr>193</gpxdata:hr>
     <gpxdata:distance>9517.00</gpxdata:distance>
     <gpxdata:cadence>91</gpxdata:cadence>
     <gpxdata:speed>4.578</gpxdata:speed>
    </extensions>
   </trkpt>
   <trkpt lat="46.0281902" lon="4.0846857">
    <ele>281</ele>
    <time>2026-05-29T19:35:30Z</time>
    <extensions>
     <gpxdata:hr>193</gpxdata:hr>
     <gpxdata:distance>9521.50</gpxdata:distance>
     <gpxdata:cadence>91</gpxdata:cadence>
     <gpxdata:speed>4.578</gpxdata:speed>
    </extensions>
   </trkpt>
   <trkpt lat="46.0281547" lon="4.0847119">
    <ele>281</ele>
    <time>2026-05-29T19:35:31Z</time>
    <extensions>
     <gpxdata:hr>193</gpxdata:hr>
     <gpxdata:distance>9526.00</gpxdata:distance>
     <gpxdata:cadence>91</gpxdata:cadence>
     <gpxdata:speed>4.578</gpxdata:speed>
    </extensions>
   </trkpt>
   <trkpt lat="46.0281172" lon="4.0847326">
    <ele>281</ele>
    <time>2026-05-29T19:35:32Z</time>
    <extensions>
     <gpxdata:hr>193</gpxdata:hr>
     <gpxdata:distance>9530.50</gpxdata:distance>
     <gpxdata:cadence>90</gpxdata:cadence>
     <gpxdata:speed>4.575</gpxdata:speed>
    </extensions>
   </trkpt>
   <trkpt lat="46.0280797" lon="4.0847533">
    <ele>281</ele>
    <time>2026-05-29T19:35:33Z</time>
    <extensions>
     <gpxdata:hr>194</gpxdata:hr>
     <gpxdata:distance>9535.00</gpxdata:distance>
     <gpxdata:cadence>90</gpxdata:cadence>
     <gpxdata:speed>4.572</gpxdata:speed>
    </extensions>
   </trkpt>
   <trkpt lat="46.0280403" lon="4.0847740">
    <ele>281</ele>
    <time>2026-05-29T19:35:34Z</time>
    <extensions>
     <gpxdata:hr>194</gpxdata:hr>
     <gpxdata:distance>9540.00</gpxdata:distance>
     <gpxdata:cadence>90</gpxdata:cadence>
     <gpxdata:speed>4.569</gpxdata:speed>
    </extensions>
   </trkpt>
   <trkpt lat="46.0280009" lon="4.0847948">
    <ele>281</ele>
    <time>2026-05-29T19:35:35Z</time>
    <extensions>
     <gpxdata:hr>193</gpxdata:hr>
     <gpxdata:distance>9545.00</gpxdata:distance>
     <gpxdata:cadence>91</gpxdata:cadence>
     <gpxdata:speed>4.569</gpxdata:speed>
    </extensions>
   </trkpt>
   <trkpt lat="46.0279609" lon="4.0848174">
    <ele>281</ele>
    <time>2026-05-29T19:35:36Z</time>
    <extensions>
     <gpxdata:hr>194</gpxdata:hr>
     <gpxdata:distance>9549.50</gpxdata:distance>
     <gpxdata:cadence>91</gpxdata:cadence>
     <gpxdata:speed>4.569</gpxdata:speed>
    </extensions>
   </trkpt>
   <trkpt lat="46.0279209" lon="4.0848401">
    <ele>281</ele>
    <time>2026-05-29T19:35:37Z</time>
    <extensions>
     <gpxdata:hr>194</gpxdata:hr>
     <gpxdata:distance>9554.00</gpxdata:distance>
     <gpxdata:cadence>91</gpxdata:cadence>
     <gpxdata:speed>4.569</gpxdata:speed>
    </extensions>
   </trkpt>
   <trkpt lat="46.0278815" lon="4.0848659">
    <ele>281</ele>
    <time>2026-05-29T19:35:38Z</time>
    <extensions>
     <gpxdata:hr>194</gpxdata:hr>
     <gpxdata:distance>9559.00</gpxdata:distance>
     <gpxdata:cadence>91</gpxdata:cadence>
     <gpxdata:speed>4.572</gpxdata:speed>
    </extensions>
   </trkpt>
   <trkpt lat="46.0278422" lon="4.0848918">
    <ele>281</ele>
    <time>2026-05-29T19:35:39Z</time>
    <extensions>
     <gpxdata:hr>195</gpxdata:hr>
     <gpxdata:distance>9564.00</gpxdata:distance>
     <gpxdata:cadence>91</gpxdata:cadence>
     <gpxdata:speed>4.578</gpxdata:speed>
    </extensions>
   </trkpt>
   <trkpt lat="46.0278041" lon="4.0849199">
    <ele>281</ele>
    <time>2026-05-29T19:35:40Z</time>
    <extensions>
     <gpxdata:hr>195</gpxdata:hr>
     <gpxdata:distance>9569.00</gpxdata:distance>
     <gpxdata:cadence>91</gpxdata:cadence>
     <gpxdata:speed>4.581</gpxdata:speed>
    </extensions>
   </trkpt>
   <trkpt lat="46.0277661" lon="4.0849481">
    <ele>281</ele>
    <time>2026-05-29T19:35:41Z</time>
    <extensions>
     <gpxdata:hr>196</gpxdata:hr>
     <gpxdata:distance>9574.00</gpxdata:distance>
     <gpxdata:cadence>91</gpxdata:cadence>
     <gpxdata:speed>4.586</gpxdata:speed>
    </extensions>
   </trkpt>
   <trkpt lat="46.0277281" lon="4.0849790">
    <ele>281</ele>
    <time>2026-05-29T19:35:42Z</time>
    <extensions>
     <gpxdata:hr>196</gpxdata:hr>
     <gpxdata:distance>9578.50</gpxdata:distance>
     <gpxdata:cadence>91</gpxdata:cadence>
     <gpxdata:speed>4.589</gpxdata:speed>
    </extensions>
   </trkpt>
   <trkpt lat="46.0276901" lon="4.0850099">
    <ele>281</ele>
    <time>2026-05-29T19:35:43Z</time>
    <extensions>
     <gpxdata:hr>196</gpxdata:hr>
     <gpxdata:distance>9583.00</gpxdata:distance>
     <gpxdata:cadence>91</gpxdata:cadence>
     <gpxdata:speed>4.594</gpxdata:speed>
    </extensions>
   </trkpt>
   <trkpt lat="46.0276517" lon="4.0850396">
    <ele>281</ele>
    <time>2026-05-29T19:35:44Z</time>
    <extensions>
     <gpxdata:hr>196</gpxdata:hr>
     <gpxdata:distance>9590.50</gpxdata:distance>
     <gpxdata:cadence>91</gpxdata:cadence>
     <gpxdata:speed>4.597</gpxdata:speed>
    </extensions>
   </trkpt>
   <trkpt lat="46.0276133" lon="4.0850694">
    <ele>281</ele>
    <time>2026-05-29T19:35:45Z</time>
    <extensions>
     <gpxdata:hr>196</gpxdata:hr>
     <gpxdata:distance>9598.00</gpxdata:distance>
     <gpxdata:cadence>91</gpxdata:cadence>
     <gpxdata:speed>4.603</gpxdata:speed>
    </extensions>
   </trkpt>
   <trkpt lat="46.0275742" lon="4.0850955">
    <ele>281</ele>
    <time>2026-05-29T19:35:46Z</time>
    <extensions>
     <gpxdata:hr>194</gpxdata:hr>
     <gpxdata:distance>9602.50</gpxdata:distance>
     <gpxdata:cadence>91</gpxdata:cadence>
     <gpxdata:speed>4.603</gpxdata:speed>
    </extensions>
   </trkpt>
   <trkpt lat="46.0275351" lon="4.0851216">
    <ele>281</ele>
    <time>2026-05-29T19:35:47Z</time>
    <extensions>
     <gpxdata:hr>194</gpxdata:hr>
     <gpxdata:distance>9607.00</gpxdata:distance>
     <gpxdata:cadence>91</gpxdata:cadence>
     <gpxdata:speed>4.606</gpxdata:speed>
    </extensions>
   </trkpt>
   <trkpt lat="46.0274960" lon="4.0851470">
    <ele>281</ele>
    <time>2026-05-29T19:35:48Z</time>
    <extensions>
     <gpxdata:hr>194</gpxdata:hr>
     <gpxdata:distance>9612.00</gpxdata:distance>
     <gpxdata:cadence>91</gpxdata:cadence>
     <gpxdata:speed>4.608</gpxdata:speed>
    </extensions>
   </trkpt>
   <trkpt lat="46.0274569" lon="4.0851725">
    <ele>281</ele>
    <time>2026-05-29T19:35:49Z</time>
    <extensions>
     <gpxdata:hr>194</gpxdata:hr>
     <gpxdata:distance>9617.00</gpxdata:distance>
     <gpxdata:cadence>91</gpxdata:cadence>
     <gpxdata:speed>4.614</gpxdata:speed>
    </extensions>
   </trkpt>
   <trkpt lat="46.0274167" lon="4.0851961">
    <ele>281</ele>
    <time>2026-05-29T19:35:50Z</time>
    <extensions>
     <gpxdata:hr>194</gpxdata:hr>
     <gpxdata:distance>9619.50</gpxdata:distance>
     <gpxdata:cadence>91</gpxdata:cadence>
     <gpxdata:speed>4.617</gpxdata:speed>
    </extensions>
   </trkpt>
   <trkpt lat="46.0273766" lon="4.0852197">
    <ele>281</ele>
    <time>2026-05-29T19:35:51Z</time>
    <extensions>
     <gpxdata:hr>193</gpxdata:hr>
     <gpxdata:distance>9622.00</gpxdata:distance>
     <gpxdata:cadence>91</gpxdata:cadence>
     <gpxdata:speed>4.619</gpxdata:speed>
    </extensions>
   </trkpt>
   <trkpt lat="46.0273362" lon="4.0852416">
    <ele>281</ele>
    <time>2026-05-29T19:35:52Z</time>
    <extensions>
     <gpxdata:hr>194</gpxdata:hr>
     <gpxdata:distance>9626.50</gpxdata:distance>
     <gpxdata:cadence>91</gpxdata:cadence>
     <gpxdata:speed>4.625</gpxdata:speed>
    </extensions>
   </trkpt>
   <trkpt lat="46.0272958" lon="4.0852635">
    <ele>281</ele>
    <time>2026-05-29T19:35:53Z</time>
    <extensions>
     <gpxdata:hr>194</gpxdata:hr>
     <gpxdata:distance>9631.00</gpxdata:distance>
     <gpxdata:cadence>91</gpxdata:cadence>
     <gpxdata:speed>4.633</gpxdata:speed>
    </extensions>
   </trkpt>
   <trkpt lat="46.0272550" lon="4.0852828">
    <ele>281</ele>
    <time>2026-05-29T19:35:54Z</time>
    <extensions>
     <gpxdata:hr>194</gpxdata:hr>
     <gpxdata:distance>9636.00</gpxdata:distance>
     <gpxdata:cadence>91</gpxdata:cadence>
     <gpxdata:speed>4.639</gpxdata:speed>
    </extensions>
   </trkpt>
   <trkpt lat="46.0272143" lon="4.0853021">
    <ele>281</ele>
    <time>2026-05-29T19:35:55Z</time>
    <extensions>
     <gpxdata:hr>194</gpxdata:hr>
     <gpxdata:distance>9641.00</gpxdata:distance>
     <gpxdata:cadence>91</gpxdata:cadence>
     <gpxdata:speed>4.647</gpxdata:speed>
    </extensions>
   </trkpt>
   <trkpt lat="46.0271757" lon="4.0853215">
    <ele>281</ele>
    <time>2026-05-29T19:35:56Z</time>
    <extensions>
     <gpxdata:hr>195</gpxdata:hr>
     <gpxdata:distance>9645.00</gpxdata:distance>
     <gpxdata:cadence>90</gpxdata:cadence>
     <gpxdata:speed>4.664</gpxdata:speed>
    </extensions>
   </trkpt>
   <trkpt lat="46.0271371" lon="4.0853409">
    <ele>281</ele>
    <time>2026-05-29T19:35:57Z</time>
    <extensions>
     <gpxdata:hr>195</gpxdata:hr>
     <gpxdata:distance>9649.00</gpxdata:distance>
     <gpxdata:cadence>90</gpxdata:cadence>
     <gpxdata:speed>4.683</gpxdata:speed>
    </extensions>
   </trkpt>
   <trkpt lat="46.0271007" lon="4.0853638">
    <ele>281</ele>
    <time>2026-05-29T19:35:58Z</time>
    <extensions>
     <gpxdata:hr>194</gpxdata:hr>
     <gpxdata:distance>9653.50</gpxdata:distance>
     <gpxdata:cadence>89</gpxdata:cadence>
     <gpxdata:speed>4.689</gpxdata:speed>
    </extensions>
   </trkpt>
   <trkpt lat="46.0270644" lon="4.0853868">
    <ele>281</ele>
    <time>2026-05-29T19:35:59Z</time>
    <extensions>
     <gpxdata:hr>194</gpxdata:hr>
     <gpxdata:distance>9658.00</gpxdata:distance>
     <gpxdata:cadence>89</gpxdata:cadence>
     <gpxdata:speed>4.697</gpxdata:speed>
    </extensions>
   </trkpt>
   <trkpt lat="46.0270277" lon="4.0854119">
    <ele>281</ele>
    <time>2026-05-29T19:36:00Z</time>
    <extensions>
     <gpxdata:hr>194</gpxdata:hr>
     <gpxdata:distance>9663.00</gpxdata:distance>
     <gpxdata:cadence>89</gpxdata:cadence>
     <gpxdata:speed>4.706</gpxdata:speed>
    </extensions>
   </trkpt>
   <trkpt lat="46.0269910" lon="4.0854370">
    <ele>281</ele>
    <time>2026-05-29T19:36:01Z</time>
    <extensions>
     <gpxdata:hr>194</gpxdata:hr>
     <gpxdata:distance>9668.00</gpxdata:distance>
     <gpxdata:cadence>90</gpxdata:cadence>
     <gpxdata:speed>4.717</gpxdata:speed>
    </extensions>
   </trkpt>
   <trkpt lat="46.0269543" lon="4.0854625">
    <ele>282</ele>
    <time>2026-05-29T19:36:02Z</time>
    <extensions>
     <gpxdata:hr>193</gpxdata:hr>
     <gpxdata:distance>9672.50</gpxdata:distance>
     <gpxdata:cadence>90</gpxdata:cadence>
     <gpxdata:speed>4.717</gpxdata:speed>
    </extensions>
   </trkpt>
   <trkpt lat="46.0269177" lon="4.0854880">
    <ele>282</ele>
    <time>2026-05-29T19:36:03Z</time>
    <extensions>
     <gpxdata:hr>193</gpxdata:hr>
     <gpxdata:distance>9677.00</gpxdata:distance>
     <gpxdata:cadence>91</gpxdata:cadence>
     <gpxdata:speed>4.717</gpxdata:speed>
    </extensions>
   </trkpt>
   <trkpt lat="46.0268811" lon="4.0855139">
    <ele>282</ele>
    <time>2026-05-29T19:36:04Z</time>
    <extensions>
     <gpxdata:hr>193</gpxdata:hr>
     <gpxdata:distance>9681.50</gpxdata:distance>
     <gpxdata:cadence>91</gpxdata:cadence>
     <gpxdata:speed>4.711</gpxdata:speed>
    </extensions>
   </trkpt>
   <trkpt lat="46.0268446" lon="4.0855398">
    <ele>282</ele>
    <time>2026-05-29T19:36:05Z</time>
    <extensions>
     <gpxdata:hr>192</gpxdata:hr>
     <gpxdata:distance>9686.00</gpxdata:distance>
     <gpxdata:cadence>91</gpxdata:cadence>
     <gpxdata:speed>4.708</gpxdata:speed>
    </extensions>
   </trkpt>
   <trkpt lat="46.0268079" lon="4.0855647">
    <ele>282</ele>
    <time>2026-05-29T19:36:06Z</time>
    <extensions>
     <gpxdata:hr>192</gpxdata:hr>
     <gpxdata:distance>9690.50</gpxdata:distance>
     <gpxdata:cadence>91</gpxdata:cadence>
     <gpxdata:speed>4.703</gpxdata:speed>
    </extensions>
   </trkpt>
   <trkpt lat="46.0267712" lon="4.0855896">
    <ele>282</ele>
    <time>2026-05-29T19:36:07Z</time>
    <extensions>
     <gpxdata:hr>192</gpxdata:hr>
     <gpxdata:distance>9695.00</gpxdata:distance>
     <gpxdata:cadence>91</gpxdata:cadence>
     <gpxdata:speed>4.697</gpxdata:speed>
    </extensions>
   </trkpt>
   <trkpt lat="46.0267337" lon="4.0856131">
    <ele>282</ele>
    <time>2026-05-29T19:36:08Z</time>
    <extensions>
     <gpxdata:hr>192</gpxdata:hr>
     <gpxdata:distance>9699.50</gpxdata:distance>
     <gpxdata:cadence>90</gpxdata:cadence>
     <gpxdata:speed>4.692</gpxdata:speed>
    </extensions>
   </trkpt>
   <trkpt lat="46.0266962" lon="4.0856366">
    <ele>282</ele>
    <time>2026-05-29T19:36:09Z</time>
    <extensions>
     <gpxdata:hr>192</gpxdata:hr>
     <gpxdata:distance>9704.00</gpxdata:distance>
     <gpxdata:cadence>90</gpxdata:cadence>
     <gpxdata:speed>4.686</gpxdata:speed>
    </extensions>
   </trkpt>
   <trkpt lat="46.0266569" lon="4.0856578">
    <ele>282</ele>
    <time>2026-05-29T19:36:10Z</time>
    <extensions>
     <gpxdata:hr>192</gpxdata:hr>
     <gpxdata:distance>9709.00</gpxdata:distance>
     <gpxdata:cadence>90</gpxdata:cadence>
     <gpxdata:speed>4.681</gpxdata:speed>
    </extensions>
   </trkpt>
   <trkpt lat="46.0266176" lon="4.0856790">
    <ele>282</ele>
    <time>2026-05-29T19:36:11Z</time>
    <extensions>
     <gpxdata:hr>191</gpxdata:hr>
     <gpxdata:distance>9714.00</gpxdata:distance>
     <gpxdata:cadence>90</gpxdata:cadence>
     <gpxdata:speed>4.675</gpxdata:speed>
    </extensions>
   </trkpt>
   <trkpt lat="46.0265789" lon="4.0856990">
    <ele>282</ele>
    <time>2026-05-29T19:36:12Z</time>
    <extensions>
     <gpxdata:hr>190</gpxdata:hr>
     <gpxdata:distance>9718.00</gpxdata:distance>
     <gpxdata:cadence>90</gpxdata:cadence>
     <gpxdata:speed>4.669</gpxdata:speed>
    </extensions>
   </trkpt>
   <trkpt lat="46.0265402" lon="4.0857190">
    <ele>282</ele>
    <time>2026-05-29T19:36:13Z</time>
    <extensions>
     <gpxdata:hr>190</gpxdata:hr>
     <gpxdata:distance>9722.00</gpxdata:distance>
     <gpxdata:cadence>91</gpxdata:cadence>
     <gpxdata:speed>4.667</gpxdata:speed>
    </extensions>
   </trkpt>
   <trkpt lat="46.0265035" lon="4.0857408">
    <ele>282</ele>
    <time>2026-05-29T19:36:14Z</time>
    <extensions>
     <gpxdata:hr>189</gpxdata:hr>
     <gpxdata:distance>9726.50</gpxdata:distance>
     <gpxdata:cadence>91</gpxdata:cadence>
     <gpxdata:speed>4.661</gpxdata:speed>
    </extensions>
   </trkpt>
   <trkpt lat="46.0264668" lon="4.0857626">
    <ele>282</ele>
    <time>2026-05-29T19:36:15Z</time>
    <extensions>
     <gpxdata:hr>188</gpxdata:hr>
     <gpxdata:distance>9731.00</gpxdata:distance>
     <gpxdata:cadence>91</gpxdata:cadence>
     <gpxdata:speed>4.656</gpxdata:speed>
    </extensions>
   </trkpt>
   <trkpt lat="46.0264312" lon="4.0857869">
    <ele>282</ele>
    <time>2026-05-29T19:36:16Z</time>
    <extensions>
     <gpxdata:hr>187</gpxdata:hr>
     <gpxdata:distance>9735.50</gpxdata:distance>
     <gpxdata:cadence>91</gpxdata:cadence>
     <gpxdata:speed>4.650</gpxdata:speed>
    </extensions>
   </trkpt>
   <trkpt lat="46.0263957" lon="4.0858113">
    <ele>282</ele>
    <time>2026-05-29T19:36:17Z</time>
    <extensions>
     <gpxdata:hr>187</gpxdata:hr>
     <gpxdata:distance>9740.00</gpxdata:distance>
     <gpxdata:cadence>91</gpxdata:cadence>
     <gpxdata:speed>4.644</gpxdata:speed>
    </extensions>
   </trkpt>
   <trkpt lat="46.0263601" lon="4.0858327">
    <ele>282</ele>
    <time>2026-05-29T19:36:18Z</time>
    <extensions>
     <gpxdata:hr>187</gpxdata:hr>
     <gpxdata:distance>9744.00</gpxdata:distance>
     <gpxdata:cadence>90</gpxdata:cadence>
     <gpxdata:speed>4.639</gpxdata:speed>
    </extensions>
   </trkpt>
   <trkpt lat="46.0263245" lon="4.0858541">
    <ele>282</ele>
    <time>2026-05-29T19:36:19Z</time>
    <extensions>
     <gpxdata:hr>186</gpxdata:hr>
     <gpxdata:distance>9748.00</gpxdata:distance>
     <gpxdata:cadence>90</gpxdata:cadence>
     <gpxdata:speed>4.636</gpxdata:speed>
    </extensions>
   </trkpt>
   <trkpt lat="46.0262880" lon="4.0858754">
    <ele>282</ele>
    <time>2026-05-29T19:36:20Z</time>
    <extensions>
     <gpxdata:hr>186</gpxdata:hr>
     <gpxdata:distance>9752.50</gpxdata:distance>
     <gpxdata:cadence>90</gpxdata:cadence>
     <gpxdata:speed>4.628</gpxdata:speed>
    </extensions>
   </trkpt>
   <trkpt lat="46.0262516" lon="4.0858968">
    <ele>282</ele>
    <time>2026-05-29T19:36:21Z</time>
    <extensions>
     <gpxdata:hr>185</gpxdata:hr>
     <gpxdata:distance>9757.00</gpxdata:distance>
     <gpxdata:cadence>90</gpxdata:cadence>
     <gpxdata:speed>4.619</gpxdata:speed>
    </extensions>
   </trkpt>
   <trkpt lat="46.0262156" lon="4.0859197">
    <ele>282</ele>
    <time>2026-05-29T19:36:22Z</time>
    <extensions>
     <gpxdata:hr>184</gpxdata:hr>
     <gpxdata:distance>9761.50</gpxdata:distance>
     <gpxdata:cadence>90</gpxdata:cadence>
     <gpxdata:speed>4.606</gpxdata:speed>
    </extensions>
   </trkpt>
   <trkpt lat="46.0261796" lon="4.0859427">
    <ele>282</ele>
    <time>2026-05-29T19:36:23Z</time>
    <extensions>
     <gpxdata:hr>184</gpxdata:hr>
     <gpxdata:distance>9766.00</gpxdata:distance>
     <gpxdata:cadence>90</gpxdata:cadence>
     <gpxdata:speed>4.592</gpxdata:speed>
    </extensions>
   </trkpt>
   <trkpt lat="46.0261434" lon="4.0859664">
    <ele>282</ele>
    <time>2026-05-29T19:36:24Z</time>
    <extensions>
     <gpxdata:hr>185</gpxdata:hr>
     <gpxdata:distance>9770.50</gpxdata:distance>
     <gpxdata:cadence>90</gpxdata:cadence>
     <gpxdata:speed>4.581</gpxdata:speed>
    </extensions>
   </trkpt>
   <trkpt lat="46.0261073" lon="4.0859902">
    <ele>282</ele>
    <time>2026-05-29T19:36:25Z</time>
    <extensions>
     <gpxdata:hr>187</gpxdata:hr>
     <gpxdata:distance>9775.00</gpxdata:distance>
     <gpxdata:cadence>91</gpxdata:cadence>
     <gpxdata:speed>4.569</gpxdata:speed>
    </extensions>
   </trkpt>
   <trkpt lat="46.0260713" lon="4.0860141">
    <ele>282</ele>
    <time>2026-05-29T19:36:26Z</time>
    <extensions>
     <gpxdata:hr>187</gpxdata:hr>
     <gpxdata:distance>9779.50</gpxdata:distance>
     <gpxdata:cadence>91</gpxdata:cadence>
     <gpxdata:speed>4.558</gpxdata:speed>
    </extensions>
   </trkpt>
   <trkpt lat="46.0260354" lon="4.0860380">
    <ele>282</ele>
    <time>2026-05-29T19:36:27Z</time>
    <extensions>
     <gpxdata:hr>190</gpxdata:hr>
     <gpxdata:distance>9784.00</gpxdata:distance>
     <gpxdata:cadence>91</gpxdata:cadence>
     <gpxdata:speed>4.547</gpxdata:speed>
    </extensions>
   </trkpt>
   <trkpt lat="46.0259986" lon="4.0860614">
    <ele>282</ele>
    <time>2026-05-29T19:36:28Z</time>
    <extensions>
     <gpxdata:hr>192</gpxdata:hr>
     <gpxdata:distance>9788.50</gpxdata:distance>
     <gpxdata:cadence>91</gpxdata:cadence>
     <gpxdata:speed>4.539</gpxdata:speed>
    </extensions>
   </trkpt>
   <trkpt lat="46.0259619" lon="4.0860848">
    <ele>282</ele>
    <time>2026-05-29T19:36:29Z</time>
    <extensions>
     <gpxdata:hr>194</gpxdata:hr>
     <gpxdata:distance>9793.00</gpxdata:distance>
     <gpxdata:cadence>91</gpxdata:cadence>
     <gpxdata:speed>4.533</gpxdata:speed>
    </extensions>
   </trkpt>
   <trkpt lat="46.0259243" lon="4.0861056">
    <ele>282</ele>
    <time>2026-05-29T19:36:30Z</time>
    <extensions>
     <gpxdata:hr>194</gpxdata:hr>
     <gpxdata:distance>9797.50</gpxdata:distance>
     <gpxdata:cadence>91</gpxdata:cadence>
     <gpxdata:speed>4.519</gpxdata:speed>
    </extensions>
   </trkpt>
   <trkpt lat="46.0258867" lon="4.0861265">
    <ele>282</ele>
    <time>2026-05-29T19:36:31Z</time>
    <extensions>
     <gpxdata:hr>195</gpxdata:hr>
     <gpxdata:distance>9802.00</gpxdata:distance>
     <gpxdata:cadence>91</gpxdata:cadence>
     <gpxdata:speed>4.506</gpxdata:speed>
    </extensions>
   </trkpt>
   <trkpt lat="46.0258487" lon="4.0861487">
    <ele>282</ele>
    <time>2026-05-29T19:36:32Z</time>
    <extensions>
     <gpxdata:hr>195</gpxdata:hr>
     <gpxdata:distance>9806.50</gpxdata:distance>
     <gpxdata:cadence>91</gpxdata:cadence>
     <gpxdata:speed>4.497</gpxdata:speed>
    </extensions>
   </trkpt>
   <trkpt lat="46.0258107" lon="4.0861709">
    <ele>281</ele>
    <time>2026-05-29T19:36:33Z</time>
    <extensions>
     <gpxdata:hr>195</gpxdata:hr>
     <gpxdata:distance>9811.00</gpxdata:distance>
     <gpxdata:cadence>91</gpxdata:cadence>
     <gpxdata:speed>4.492</gpxdata:speed>
    </extensions>
   </trkpt>
   <trkpt lat="46.0257714" lon="4.0861933">
    <ele>281</ele>
    <time>2026-05-29T19:36:34Z</time>
    <extensions>
     <gpxdata:hr>195</gpxdata:hr>
     <gpxdata:distance>9818.00</gpxdata:distance>
     <gpxdata:cadence>91</gpxdata:cadence>
     <gpxdata:speed>4.486</gpxdata:speed>
    </extensions>
   </trkpt>
   <trkpt lat="46.0257322" lon="4.0862157">
    <ele>281</ele>
    <time>2026-05-29T19:36:35Z</time>
    <extensions>
     <gpxdata:hr>195</gpxdata:hr>
     <gpxdata:distance>9825.00</gpxdata:distance>
     <gpxdata:cadence>91</gpxdata:cadence>
     <gpxdata:speed>4.481</gpxdata:speed>
    </extensions>
   </trkpt>
   <trkpt lat="46.0256926" lon="4.0862357">
    <ele>281</ele>
    <time>2026-05-29T19:36:36Z</time>
    <extensions>
     <gpxdata:hr>195</gpxdata:hr>
     <gpxdata:distance>9829.50</gpxdata:distance>
     <gpxdata:cadence>91</gpxdata:cadence>
     <gpxdata:speed>4.481</gpxdata:speed>
    </extensions>
   </trkpt>
   <trkpt lat="46.0256531" lon="4.0862557">
    <ele>281</ele>
    <time>2026-05-29T19:36:37Z</time>
    <extensions>
     <gpxdata:hr>196</gpxdata:hr>
     <gpxdata:distance>9834.00</gpxdata:distance>
     <gpxdata:cadence>91</gpxdata:cadence>
     <gpxdata:speed>4.483</gpxdata:speed>
    </extensions>
   </trkpt>
   <trkpt lat="46.0256153" lon="4.0862751">
    <ele>281</ele>
    <time>2026-05-29T19:36:38Z</time>
    <extensions>
     <gpxdata:hr>196</gpxdata:hr>
     <gpxdata:distance>9836.00</gpxdata:distance>
     <gpxdata:cadence>91</gpxdata:cadence>
     <gpxdata:speed>4.483</gpxdata:speed>
    </extensions>
   </trkpt>
   <trkpt lat="46.0255775" lon="4.0862946">
    <ele>281</ele>
    <time>2026-05-29T19:36:39Z</time>
    <extensions>
     <gpxdata:hr>195</gpxdata:hr>
     <gpxdata:distance>9838.00</gpxdata:distance>
     <gpxdata:cadence>91</gpxdata:cadence>
     <gpxdata:speed>4.486</gpxdata:speed>
    </extensions>
   </trkpt>
   <trkpt lat="46.0255416" lon="4.0863174">
    <ele>281</ele>
    <time>2026-05-29T19:36:40Z</time>
    <extensions>
     <gpxdata:hr>195</gpxdata:hr>
     <gpxdata:distance>9842.50</gpxdata:distance>
     <gpxdata:cadence>91</gpxdata:cadence>
     <gpxdata:speed>4.492</gpxdata:speed>
    </extensions>
   </trkpt>
   <trkpt lat="46.0255057" lon="4.0863403">
    <ele>281</ele>
    <time>2026-05-29T19:36:41Z</time>
    <extensions>
     <gpxdata:hr>194</gpxdata:hr>
     <gpxdata:distance>9847.00</gpxdata:distance>
     <gpxdata:cadence>90</gpxdata:cadence>
     <gpxdata:speed>4.497</gpxdata:speed>
    </extensions>
   </trkpt>
   <trkpt lat="46.0254705" lon="4.0863652">
    <ele>281</ele>
    <time>2026-05-29T19:36:42Z</time>
    <extensions>
     <gpxdata:hr>193</gpxdata:hr>
     <gpxdata:distance>9853.50</gpxdata:distance>
     <gpxdata:cadence>90</gpxdata:cadence>
     <gpxdata:speed>4.500</gpxdata:speed>
    </extensions>
   </trkpt>
   <trkpt lat="46.0254353" lon="4.0863902">
    <ele>281</ele>
    <time>2026-05-29T19:36:43Z</time>
    <extensions>
     <gpxdata:hr>192</gpxdata:hr>
     <gpxdata:distance>9860.00</gpxdata:distance>
     <gpxdata:cadence>90</gpxdata:cadence>
     <gpxdata:speed>4.503</gpxdata:speed>
    </extensions>
   </trkpt>
   <trkpt lat="46.0253986" lon="4.0864145">
    <ele>281</ele>
    <time>2026-05-29T19:36:44Z</time>
    <extensions>
     <gpxdata:hr>191</gpxdata:hr>
     <gpxdata:distance>9865.00</gpxdata:distance>
     <gpxdata:cadence>90</gpxdata:cadence>
     <gpxdata:speed>4.503</gpxdata:speed>
    </extensions>
   </trkpt>
   <trkpt lat="46.0253619" lon="4.0864389">
    <ele>281</ele>
    <time>2026-05-29T19:36:45Z</time>
    <extensions>
     <gpxdata:hr>193</gpxdata:hr>
     <gpxdata:distance>9870.00</gpxdata:distance>
     <gpxdata:cadence>90</gpxdata:cadence>
     <gpxdata:speed>4.503</gpxdata:speed>
    </extensions>
   </trkpt>
   <trkpt lat="46.0253242" lon="4.0864640">
    <ele>281</ele>
    <time>2026-05-29T19:36:46Z</time>
    <extensions>
     <gpxdata:hr>195</gpxdata:hr>
     <gpxdata:distance>9872.00</gpxdata:distance>
     <gpxdata:cadence>90</gpxdata:cadence>
     <gpxdata:speed>4.503</gpxdata:speed>
    </extensions>
   </trkpt>
   <trkpt lat="46.0252865" lon="4.0864892">
    <ele>281</ele>
    <time>2026-05-29T19:36:47Z</time>
    <extensions>
     <gpxdata:hr>195</gpxdata:hr>
     <gpxdata:distance>9874.00</gpxdata:distance>
     <gpxdata:cadence>90</gpxdata:cadence>
     <gpxdata:speed>4.503</gpxdata:speed>
    </extensions>
   </trkpt>
   <trkpt lat="46.0252490" lon="4.0865137">
    <ele>281</ele>
    <time>2026-05-29T19:36:48Z</time>
    <extensions>
     <gpxdata:hr>195</gpxdata:hr>
     <gpxdata:distance>9881.00</gpxdata:distance>
     <gpxdata:cadence>90</gpxdata:cadence>
     <gpxdata:speed>4.500</gpxdata:speed>
    </extensions>
   </trkpt>
   <trkpt lat="46.0252116" lon="4.0865382">
    <ele>281</ele>
    <time>2026-05-29T19:36:49Z</time>
    <extensions>
     <gpxdata:hr>196</gpxdata:hr>
     <gpxdata:distance>9888.00</gpxdata:distance>
     <gpxdata:cadence>90</gpxdata:cadence>
     <gpxdata:speed>4.500</gpxdata:speed>
    </extensions>
   </trkpt>
   <trkpt lat="46.0251743" lon="4.0865598">
    <ele>281</ele>
    <time>2026-05-29T19:36:50Z</time>
    <extensions>
     <gpxdata:hr>196</gpxdata:hr>
     <gpxdata:distance>9892.50</gpxdata:distance>
     <gpxdata:cadence>90</gpxdata:cadence>
     <gpxdata:speed>4.500</gpxdata:speed>
    </extensions>
   </trkpt>
   <trkpt lat="46.0251371" lon="4.0865815">
    <ele>281</ele>
    <time>2026-05-29T19:36:51Z</time>
    <extensions>
     <gpxdata:hr>196</gpxdata:hr>
     <gpxdata:distance>9897.00</gpxdata:distance>
     <gpxdata:cadence>91</gpxdata:cadence>
     <gpxdata:speed>4.500</gpxdata:speed>
    </extensions>
   </trkpt>
   <trkpt lat="46.0251004" lon="4.0866025">
    <ele>282</ele>
    <time>2026-05-29T19:36:52Z</time>
    <extensions>
     <gpxdata:hr>196</gpxdata:hr>
     <gpxdata:distance>9901.00</gpxdata:distance>
     <gpxdata:cadence>90</gpxdata:cadence>
     <gpxdata:speed>4.497</gpxdata:speed>
    </extensions>
   </trkpt>
   <trkpt lat="46.0250638" lon="4.0866236">
    <ele>282</ele>
    <time>2026-05-29T19:36:53Z</time>
    <extensions>
     <gpxdata:hr>196</gpxdata:hr>
     <gpxdata:distance>9905.00</gpxdata:distance>
     <gpxdata:cadence>90</gpxdata:cadence>
     <gpxdata:speed>4.497</gpxdata:speed>
    </extensions>
   </trkpt>
   <trkpt lat="46.0250280" lon="4.0866448">
    <ele>282</ele>
    <time>2026-05-29T19:36:54Z</time>
    <extensions>
     <gpxdata:hr>195</gpxdata:hr>
     <gpxdata:distance>9907.00</gpxdata:distance>
     <gpxdata:cadence>90</gpxdata:cadence>
     <gpxdata:speed>4.494</gpxdata:speed>
    </extensions>
   </trkpt>
   <trkpt lat="46.0249923" lon="4.0866660">
    <ele>282</ele>
    <time>2026-05-29T19:36:55Z</time>
    <extensions>
     <gpxdata:hr>195</gpxdata:hr>
     <gpxdata:distance>9909.00</gpxdata:distance>
     <gpxdata:cadence>91</gpxdata:cadence>
     <gpxdata:speed>4.494</gpxdata:speed>
    </extensions>
   </trkpt>
   <trkpt lat="46.0249560" lon="4.0866886">
    <ele>282</ele>
    <time>2026-05-29T19:36:56Z</time>
    <extensions>
     <gpxdata:hr>195</gpxdata:hr>
     <gpxdata:distance>9913.50</gpxdata:distance>
     <gpxdata:cadence>91</gpxdata:cadence>
     <gpxdata:speed>4.492</gpxdata:speed>
    </extensions>
   </trkpt>
   <trkpt lat="46.0249197" lon="4.0867112">
    <ele>282</ele>
    <time>2026-05-29T19:36:57Z</time>
    <extensions>
     <gpxdata:hr>195</gpxdata:hr>
     <gpxdata:distance>9918.00</gpxdata:distance>
     <gpxdata:cadence>91</gpxdata:cadence>
     <gpxdata:speed>4.489</gpxdata:speed>
    </extensions>
   </trkpt>
   <trkpt lat="46.0248815" lon="4.0867383">
    <ele>282</ele>
    <time>2026-05-29T19:36:58Z</time>
    <extensions>
     <gpxdata:hr>195</gpxdata:hr>
     <gpxdata:distance>9923.00</gpxdata:distance>
     <gpxdata:cadence>91</gpxdata:cadence>
     <gpxdata:speed>4.489</gpxdata:speed>
    </extensions>
   </trkpt>
   <trkpt lat="46.0248434" lon="4.0867654">
    <ele>282</ele>
    <time>2026-05-29T19:36:59Z</time>
    <extensions>
     <gpxdata:hr>195</gpxdata:hr>
     <gpxdata:distance>9928.00</gpxdata:distance>
     <gpxdata:cadence>91</gpxdata:cadence>
     <gpxdata:speed>4.489</gpxdata:speed>
    </extensions>
   </trkpt>
   <trkpt lat="46.0248022" lon="4.0867936">
    <ele>282</ele>
    <time>2026-05-29T19:37:00Z</time>
    <extensions>
     <gpxdata:hr>194</gpxdata:hr>
     <gpxdata:distance>9933.50</gpxdata:distance>
     <gpxdata:cadence>91</gpxdata:cadence>
     <gpxdata:speed>4.494</gpxdata:speed>
    </extensions>
   </trkpt>
   <trkpt lat="46.0247610" lon="4.0868219">
    <ele>282</ele>
    <time>2026-05-29T19:37:01Z</time>
    <extensions>
     <gpxdata:hr>194</gpxdata:hr>
     <gpxdata:distance>9939.00</gpxdata:distance>
     <gpxdata:cadence>91</gpxdata:cadence>
     <gpxdata:speed>4.500</gpxdata:speed>
    </extensions>
   </trkpt>
   <trkpt lat="46.0247176" lon="4.0868495">
    <ele>282</ele>
    <time>2026-05-29T19:37:02Z</time>
    <extensions>
     <gpxdata:hr>194</gpxdata:hr>
     <gpxdata:distance>9944.50</gpxdata:distance>
     <gpxdata:cadence>91</gpxdata:cadence>
     <gpxdata:speed>4.528</gpxdata:speed>
    </extensions>
   </trkpt>
   <trkpt lat="46.0246743" lon="4.0868771">
    <ele>282</ele>
    <time>2026-05-29T19:37:03Z</time>
    <extensions>
     <gpxdata:hr>194</gpxdata:hr>
     <gpxdata:distance>9950.00</gpxdata:distance>
     <gpxdata:cadence>91</gpxdata:cadence>
     <gpxdata:speed>4.556</gpxdata:speed>
    </extensions>
   </trkpt>
   <trkpt lat="46.0246297" lon="4.0869052">
    <ele>282</ele>
    <time>2026-05-29T19:37:04Z</time>
    <extensions>
     <gpxdata:hr>194</gpxdata:hr>
     <gpxdata:distance>9955.00</gpxdata:distance>
     <gpxdata:cadence>92</gpxdata:cadence>
     <gpxdata:speed>4.617</gpxdata:speed>
    </extensions>
   </trkpt>
   <trkpt lat="46.0245852" lon="4.0869333">
    <ele>282</ele>
    <time>2026-05-29T19:37:05Z</time>
    <extensions>
     <gpxdata:hr>194</gpxdata:hr>
     <gpxdata:distance>9960.00</gpxdata:distance>
     <gpxdata:cadence>92</gpxdata:cadence>
     <gpxdata:speed>4.678</gpxdata:speed>
    </extensions>
   </trkpt>
   <trkpt lat="46.0245387" lon="4.0869593">
    <ele>282</ele>
    <time>2026-05-29T19:37:06Z</time>
    <extensions>
     <gpxdata:hr>194</gpxdata:hr>
     <gpxdata:distance>9966.00</gpxdata:distance>
     <gpxdata:cadence>92</gpxdata:cadence>
     <gpxdata:speed>4.767</gpxdata:speed>
    </extensions>
   </trkpt>
   <trkpt lat="46.0244922" lon="4.0869854">
    <ele>282</ele>
    <time>2026-05-29T19:37:07Z</time>
    <extensions>
     <gpxdata:hr>194</gpxdata:hr>
     <gpxdata:distance>9972.00</gpxdata:distance>
     <gpxdata:cadence>93</gpxdata:cadence>
     <gpxdata:speed>4.856</gpxdata:speed>
    </extensions>
   </trkpt>
   <trkpt lat="46.0244455" lon="4.0870112">
    <ele>282</ele>
    <time>2026-05-29T19:37:08Z</time>
    <extensions>
     <gpxdata:hr>194</gpxdata:hr>
     <gpxdata:distance>9980.50</gpxdata:distance>
     <gpxdata:cadence>93</gpxdata:cadence>
     <gpxdata:speed>4.989</gpxdata:speed>
    </extensions>
   </trkpt>
   <trkpt lat="46.0243989" lon="4.0870371">
    <ele>282</ele>
    <time>2026-05-29T19:37:09Z</time>
    <extensions>
     <gpxdata:hr>194</gpxdata:hr>
     <gpxdata:distance>9989.00</gpxdata:distance>
     <gpxdata:cadence>93</gpxdata:cadence>
     <gpxdata:speed>5.125</gpxdata:speed>
    </extensions>
   </trkpt>
   <trkpt lat="46.0243506" lon="4.0870644">
    <ele>282</ele>
    <time>2026-05-29T19:37:10Z</time>
    <extensions>
     <gpxdata:hr>194</gpxdata:hr>
     <gpxdata:distance>9995.00</gpxdata:distance>
     <gpxdata:cadence>93</gpxdata:cadence>
     <gpxdata:speed>5.194</gpxdata:speed>
    </extensions>
   </trkpt>
   <trkpt lat="46.0243023" lon="4.0870917">
    <ele>282</ele>
    <time>2026-05-29T19:37:11Z</time>
    <extensions>
     <gpxdata:hr>195</gpxdata:hr>
     <gpxdata:distance>10001.00</gpxdata:distance>
     <gpxdata:cadence>94</gpxdata:cadence>
     <gpxdata:speed>5.264</gpxdata:speed>
    </extensions>
   </trkpt>
   <trkpt lat="46.0242534" lon="4.0871176">
    <ele>282</ele>
    <time>2026-05-29T19:37:12Z</time>
    <extensions>
     <gpxdata:hr>195</gpxdata:hr>
     <gpxdata:distance>10003.50</gpxdata:distance>
     <gpxdata:cadence>94</gpxdata:cadence>
     <gpxdata:speed>5.286</gpxdata:speed>
    </extensions>
   </trkpt>
   <trkpt lat="46.0242045" lon="4.0871436">
    <ele>282</ele>
    <time>2026-05-29T19:37:13Z</time>
    <extensions>
     <gpxdata:hr>195</gpxdata:hr>
     <gpxdata:distance>10006.00</gpxdata:distance>
     <gpxdata:cadence>95</gpxdata:cadence>
     <gpxdata:speed>5.311</gpxdata:speed>
    </extensions>
   </trkpt>
  </trkseg>
 </trk>
</gpx>
