<?xml version="1.0" encoding="UTF-8"?>
<gpx xmlns="http://www.topografix.com/GPX/1/1" xmlns:gpxdata="http://www.cluetrust.com/XML/GPXDATA/1/0" xmlns:xsi="http://www.w3.org/2001/XMLSchema-instance" xsi:schemaLocation="http://www.topografix.com/GPX/1/1 https://www.topografix.com/GPX/1/1/gpx.xsd http://www.cluetrust.com/XML/GPXDATA/1/0 https://www.cluetrust.com/Schemas/gpxdata10.xsd" creator="COROS Wearables" version="1.1">
 <metadata>
  <link href="https://www.coros.com">
   <text>COROS</text>
  </link>
  <time>2026-08-04T04:58:54Z</time>
 </metadata>
 <trk>
  <name>Saint-Étienne Course</name>
  <type>running</type>
  <trkseg>
   <trkpt lat="45.4239325" lon="4.4079502">
    <ele>570</ele>
    <time>2026-08-04T04:59:16Z</time>
    <extensions>
     <gpxdata:hr>107</gpxdata:hr>
     <gpxdata:distance>50.00</gpxdata:distance>
     <gpxdata:cadence>84</gpxdata:cadence>
     <gpxdata:speed>2.869</gpxdata:speed>
    </extensions>
   </trkpt>
   <trkpt lat="45.4239913" lon="4.4079487">
    <ele>570</ele>
    <time>2026-08-04T04:59:17Z</time>
    <extensions>
     <gpxdata:hr>107</gpxdata:hr>
     <gpxdata:distance>50.00</gpxdata:distance>
     <gpxdata:cadence>85</gpxdata:cadence>
     <gpxdata:speed>2.869</gpxdata:speed>
    </extensions>
   </trkpt>
   <trkpt lat="45.4240020" lon="4.4079364">
    <ele>570</ele>
    <time>2026-08-04T04:59:18Z</time>
    <extensions>
     <gpxdata:hr>107</gpxdata:hr>
     <gpxdata:distance>50.00</gpxdata:distance>
     <gpxdata:cadence>86</gpxdata:cadence>
     <gpxdata:speed>2.869</gpxdata:speed>
    </extensions>
   </trkpt>
   <trkpt lat="45.4240128" lon="4.4079242">
    <ele>570</ele>
    <time>2026-08-04T04:59:19Z</time>
    <extensions>
     <gpxdata:hr>110</gpxdata:hr>
     <gpxdata:distance>57.50</gpxdata:distance>
     <gpxdata:cadence>86</gpxdata:cadence>
     <gpxdata:speed>2.944</gpxdata:speed>
    </extensions>
   </trkpt>
   <trkpt lat="45.4240236" lon="4.4079120">
    <ele>570</ele>
    <time>2026-08-04T04:59:20Z</time>
    <extensions>
     <gpxdata:hr>111</gpxdata:hr>
     <gpxdata:distance>65.00</gpxdata:distance>
     <gpxdata:cadence>87</gpxdata:cadence>
     <gpxdata:speed>3.022</gpxdata:speed>
    </extensions>
   </trkpt>
   <trkpt lat="45.4240523" lon="4.4078699">
    <ele>570</ele>
    <time>2026-08-04T04:59:21Z</time>
    <extensions>
     <gpxdata:hr>111</gpxdata:hr>
     <gpxdata:distance>67.50</gpxdata:distance>
     <gpxdata:cadence>87</gpxdata:cadence>
     <gpxdata:speed>2.936</gpxdata:speed>
    </extensions>
   </trkpt>
   <trkpt lat="45.4240612" lon="4.4078566">
    <ele>570</ele>
    <time>2026-08-04T04:59:22Z</time>
    <extensions>
     <gpxdata:hr>112</gpxdata:hr>
     <gpxdata:distance>70.00</gpxdata:distance>
     <gpxdata:cadence>87</gpxdata:cadence>
     <gpxdata:speed>2.853</gpxdata:speed>
    </extensions>
   </trkpt>
   <trkpt lat="45.4240701" lon="4.4078434">
    <ele>570</ele>
    <time>2026-08-04T04:59:23Z</time>
    <extensions>
     <gpxdata:hr>112</gpxdata:hr>
     <gpxdata:distance>72.00</gpxdata:distance>
     <gpxdata:cadence>87</gpxdata:cadence>
     <gpxdata:speed>2.764</gpxdata:speed>
    </extensions>
   </trkpt>
   <trkpt lat="45.4240790" lon="4.4078302">
    <ele>570</ele>
    <time>2026-08-04T04:59:24Z</time>
    <extensions>
     <gpxdata:hr>112</gpxdata:hr>
     <gpxdata:distance>74.00</gpxdata:distance>
     <gpxdata:cadence>87</gpxdata:cadence>
     <gpxdata:speed>2.678</gpxdata:speed>
    </extensions>
   </trkpt>
   <trkpt lat="45.4241128" lon="4.4077903">
    <ele>570</ele>
    <time>2026-08-04T04:59:25Z</time>
    <extensions>
     <gpxdata:hr>113</gpxdata:hr>
     <gpxdata:distance>77.00</gpxdata:distance>
     <gpxdata:cadence>86</gpxdata:cadence>
     <gpxdata:speed>2.650</gpxdata:speed>
    </extensions>
   </trkpt>
   <trkpt lat="45.4241271" lon="4.4077762">
    <ele>570</ele>
    <time>2026-08-04T04:59:26Z</time>
    <extensions>
     <gpxdata:hr>114</gpxdata:hr>
     <gpxdata:distance>80.00</gpxdata:distance>
     <gpxdata:cadence>86</gpxdata:cadence>
     <gpxdata:speed>2.625</gpxdata:speed>
    </extensions>
   </trkpt>
   <trkpt lat="45.4241414" lon="4.4077621">
    <ele>570</ele>
    <time>2026-08-04T04:59:27Z</time>
    <extensions>
     <gpxdata:hr>115</gpxdata:hr>
     <gpxdata:distance>83.50</gpxdata:distance>
     <gpxdata:cadence>85</gpxdata:cadence>
     <gpxdata:speed>2.639</gpxdata:speed>
    </extensions>
   </trkpt>
   <trkpt lat="45.4241557" lon="4.4077480">
    <ele>570</ele>
    <time>2026-08-04T04:59:28Z</time>
    <extensions>
     <gpxdata:hr>115</gpxdata:hr>
     <gpxdata:distance>87.00</gpxdata:distance>
     <gpxdata:cadence>85</gpxdata:cadence>
     <gpxdata:speed>2.656</gpxdata:speed>
    </extensions>
   </trkpt>
   <trkpt lat="45.4242035" lon="4.4077033">
    <ele>570</ele>
    <time>2026-08-04T04:59:29Z</time>
    <extensions>
     <gpxdata:hr>115</gpxdata:hr>
     <gpxdata:distance>90.00</gpxdata:distance>
     <gpxdata:cadence>84</gpxdata:cadence>
     <gpxdata:speed>2.692</gpxdata:speed>
    </extensions>
   </trkpt>
   <trkpt lat="45.4242201" lon="4.4076882">
    <ele>570</ele>
    <time>2026-08-04T04:59:30Z</time>
    <extensions>
     <gpxdata:hr>116</gpxdata:hr>
     <gpxdata:distance>93.00</gpxdata:distance>
     <gpxdata:cadence>84</gpxdata:cadence>
     <gpxdata:speed>2.728</gpxdata:speed>
    </extensions>
   </trkpt>
   <trkpt lat="45.4242367" lon="4.4076731">
    <ele>570</ele>
    <time>2026-08-04T04:59:31Z</time>
    <extensions>
     <gpxdata:hr>116</gpxdata:hr>
     <gpxdata:distance>96.50</gpxdata:distance>
     <gpxdata:cadence>84</gpxdata:cadence>
     <gpxdata:speed>2.767</gpxdata:speed>
    </extensions>
   </trkpt>
   <trkpt lat="45.4242534" lon="4.4076580">
    <ele>570</ele>
    <time>2026-08-04T04:59:32Z</time>
    <extensions>
     <gpxdata:hr>117</gpxdata:hr>
     <gpxdata:distance>100.00</gpxdata:distance>
     <gpxdata:cadence>84</gpxdata:cadence>
     <gpxdata:speed>2.808</gpxdata:speed>
    </extensions>
   </trkpt>
   <trkpt lat="45.4243024" lon="4.4076142">
    <ele>570</ele>
    <time>2026-08-04T04:59:33Z</time>
    <extensions>
     <gpxdata:hr>117</gpxdata:hr>
     <gpxdata:distance>103.00</gpxdata:distance>
     <gpxdata:cadence>84</gpxdata:cadence>
     <gpxdata:speed>2.842</gpxdata:speed>
    </extensions>
   </trkpt>
   <trkpt lat="45.4243175" lon="4.4076008">
    <ele>570</ele>
    <time>2026-08-04T04:59:34Z</time>
    <extensions>
     <gpxdata:hr>117</gpxdata:hr>
     <gpxdata:distance>106.00</gpxdata:distance>
     <gpxdata:cadence>84</gpxdata:cadence>
     <gpxdata:speed>2.875</gpxdata:speed>
    </extensions>
   </trkpt>
   <trkpt lat="45.4243327" lon="4.4075874">
    <ele>569</ele>
    <time>2026-08-04T04:59:35Z</time>
    <extensions>
     <gpxdata:hr>117</gpxdata:hr>
     <gpxdata:distance>108.50</gpxdata:distance>
     <gpxdata:cadence>84</gpxdata:cadence>
     <gpxdata:speed>2.892</gpxdata:speed>
    </extensions>
   </trkpt>
   <trkpt lat="45.4243479" lon="4.4075740">
    <ele>569</ele>
    <time>2026-08-04T04:59:36Z</time>
    <extensions>
     <gpxdata:hr>117</gpxdata:hr>
     <gpxdata:distance>111.00</gpxdata:distance>
     <gpxdata:cadence>84</gpxdata:cadence>
     <gpxdata:speed>2.911</gpxdata:speed>
    </extensions>
   </trkpt>
   <trkpt lat="45.4243872" lon="4.4075347">
    <ele>569</ele>
    <time>2026-08-04T04:59:37Z</time>
    <extensions>
     <gpxdata:hr>117</gpxdata:hr>
     <gpxdata:distance>113.50</gpxdata:distance>
     <gpxdata:cadence>84</gpxdata:cadence>
     <gpxdata:speed>2.914</gpxdata:speed>
    </extensions>
   </trkpt>
   <trkpt lat="45.4243989" lon="4.4075215">
    <ele>569</ele>
    <time>2026-08-04T04:59:38Z</time>
    <extensions>
     <gpxdata:hr>117</gpxdata:hr>
     <gpxdata:distance>116.00</gpxdata:distance>
     <gpxdata:cadence>84</gpxdata:cadence>
     <gpxdata:speed>2.919</gpxdata:speed>
    </extensions>
   </trkpt>
   <trkpt lat="45.4244107" lon="4.4075083">
    <ele>569</ele>
    <time>2026-08-04T04:59:39Z</time>
    <extensions>
     <gpxdata:hr>117</gpxdata:hr>
     <gpxdata:distance>118.50</gpxdata:distance>
     <gpxdata:cadence>84</gpxdata:cadence>
     <gpxdata:speed>2.914</gpxdata:speed>
    </extensions>
   </trkpt>
   <trkpt lat="45.4244225" lon="4.4074952">
    <ele>569</ele>
    <time>2026-08-04T04:59:40Z</time>
    <extensions>
     <gpxdata:hr>117</gpxdata:hr>
     <gpxdata:distance>121.00</gpxdata:distance>
     <gpxdata:cadence>84</gpxdata:cadence>
     <gpxdata:speed>2.911</gpxdata:speed>
    </extensions>
   </trkpt>
   <trkpt lat="45.4244592" lon="4.4074517">
    <ele>569</ele>
    <time>2026-08-04T04:59:41Z</time>
    <extensions>
     <gpxdata:hr>117</gpxdata:hr>
     <gpxdata:distance>124.00</gpxdata:distance>
     <gpxdata:cadence>83</gpxdata:cadence>
     <gpxdata:speed>2.906</gpxdata:speed>
    </extensions>
   </trkpt>
   <trkpt lat="45.4244715" lon="4.4074362">
    <ele>569</ele>
    <time>2026-08-04T04:59:42Z</time>
    <extensions>
     <gpxdata:hr>117</gpxdata:hr>
     <gpxdata:distance>127.00</gpxdata:distance>
     <gpxdata:cadence>83</gpxdata:cadence>
     <gpxdata:speed>2.903</gpxdata:speed>
    </extensions>
   </trkpt>
   <trkpt lat="45.4244838" lon="4.4074207">
    <ele>569</ele>
    <time>2026-08-04T04:59:43Z</time>
    <extensions>
     <gpxdata:hr>117</gpxdata:hr>
     <gpxdata:distance>129.50</gpxdata:distance>
     <gpxdata:cadence>83</gpxdata:cadence>
     <gpxdata:speed>2.900</gpxdata:speed>
    </extensions>
   </trkpt>
   <trkpt lat="45.4244962" lon="4.4074052">
    <ele>569</ele>
    <time>2026-08-04T04:59:44Z</time>
    <extensions>
     <gpxdata:hr>117</gpxdata:hr>
     <gpxdata:distance>132.00</gpxdata:distance>
     <gpxdata:cadence>83</gpxdata:cadence>
     <gpxdata:speed>2.897</gpxdata:speed>
    </extensions>
   </trkpt>
   <trkpt lat="45.4245344" lon="4.4073585">
    <ele>569</ele>
    <time>2026-08-04T04:59:45Z</time>
    <extensions>
     <gpxdata:hr>118</gpxdata:hr>
     <gpxdata:distance>135.50</gpxdata:distance>
     <gpxdata:cadence>83</gpxdata:cadence>
     <gpxdata:speed>2.894</gpxdata:speed>
    </extensions>
   </trkpt>
   <trkpt lat="45.4245482" lon="4.4073424">
    <ele>569</ele>
    <time>2026-08-04T04:59:46Z</time>
    <extensions>
     <gpxdata:hr>118</gpxdata:hr>
     <gpxdata:distance>139.00</gpxdata:distance>
     <gpxdata:cadence>83</gpxdata:cadence>
     <gpxdata:speed>2.894</gpxdata:speed>
    </extensions>
   </trkpt>
   <trkpt lat="45.4245620" lon="4.4073263">
    <ele>569</ele>
    <time>2026-08-04T04:59:47Z</time>
    <extensions>
     <gpxdata:hr>118</gpxdata:hr>
     <gpxdata:distance>142.00</gpxdata:distance>
     <gpxdata:cadence>83</gpxdata:cadence>
     <gpxdata:speed>2.894</gpxdata:speed>
    </extensions>
   </trkpt>
   <trkpt lat="45.4245759" lon="4.4073102">
    <ele>569</ele>
    <time>2026-08-04T04:59:48Z</time>
    <extensions>
     <gpxdata:hr>119</gpxdata:hr>
     <gpxdata:distance>145.00</gpxdata:distance>
     <gpxdata:cadence>84</gpxdata:cadence>
     <gpxdata:speed>2.894</gpxdata:speed>
    </extensions>
   </trkpt>
   <trkpt lat="45.4246196" lon="4.4072605">
    <ele>569</ele>
    <time>2026-08-04T04:59:49Z</time>
    <extensions>
     <gpxdata:hr>119</gpxdata:hr>
     <gpxdata:distance>148.00</gpxdata:distance>
     <gpxdata:cadence>84</gpxdata:cadence>
     <gpxdata:speed>2.894</gpxdata:speed>
    </extensions>
   </trkpt>
   <trkpt lat="45.4246345" lon="4.4072437">
    <ele>569</ele>
    <time>2026-08-04T04:59:50Z</time>
    <extensions>
     <gpxdata:hr>119</gpxdata:hr>
     <gpxdata:distance>151.00</gpxdata:distance>
     <gpxdata:cadence>84</gpxdata:cadence>
     <gpxdata:speed>2.894</gpxdata:speed>
    </extensions>
   </trkpt>
   <trkpt lat="45.4246494" lon="4.4072270">
    <ele>569</ele>
    <time>2026-08-04T04:59:51Z</time>
    <extensions>
     <gpxdata:hr>120</gpxdata:hr>
     <gpxdata:distance>154.00</gpxdata:distance>
     <gpxdata:cadence>84</gpxdata:cadence>
     <gpxdata:speed>2.894</gpxdata:speed>
    </extensions>
   </trkpt>
   <trkpt lat="45.4246644" lon="4.4072103">
    <ele>569</ele>
    <time>2026-08-04T04:59:52Z</time>
    <extensions>
     <gpxdata:hr>120</gpxdata:hr>
     <gpxdata:distance>157.00</gpxdata:distance>
     <gpxdata:cadence>84</gpxdata:cadence>
     <gpxdata:speed>2.894</gpxdata:speed>
    </extensions>
   </trkpt>
   <trkpt lat="45.4247058" lon="4.4071626">
    <ele>569</ele>
    <time>2026-08-04T04:59:53Z</time>
    <extensions>
     <gpxdata:hr>120</gpxdata:hr>
     <gpxdata:distance>160.00</gpxdata:distance>
     <gpxdata:cadence>84</gpxdata:cadence>
     <gpxdata:speed>2.894</gpxdata:speed>
    </extensions>
   </trkpt>
   <trkpt lat="45.4247188" lon="4.4071476">
    <ele>569</ele>
    <time>2026-08-04T04:59:54Z</time>
    <extensions>
     <gpxdata:hr>120</gpxdata:hr>
     <gpxdata:distance>163.00</gpxdata:distance>
     <gpxdata:cadence>84</gpxdata:cadence>
     <gpxdata:speed>2.897</gpxdata:speed>
    </extensions>
   </trkpt>
   <trkpt lat="45.4247319" lon="4.4071326">
    <ele>569</ele>
    <time>2026-08-04T04:59:55Z</time>
    <extensions>
     <gpxdata:hr>120</gpxdata:hr>
     <gpxdata:distance>165.50</gpxdata:distance>
     <gpxdata:cadence>84</gpxdata:cadence>
     <gpxdata:speed>2.897</gpxdata:speed>
    </extensions>
   </trkpt>
   <trkpt lat="45.4247450" lon="4.4071176">
    <ele>569</ele>
    <time>2026-08-04T04:59:56Z</time>
    <extensions>
     <gpxdata:hr>119</gpxdata:hr>
     <gpxdata:distance>168.00</gpxdata:distance>
     <gpxdata:cadence>84</gpxdata:cadence>
     <gpxdata:speed>2.897</gpxdata:speed>
    </extensions>
   </trkpt>
   <trkpt lat="45.4247847" lon="4.4070743">
    <ele>569</ele>
    <time>2026-08-04T04:59:57Z</time>
    <extensions>
     <gpxdata:hr>119</gpxdata:hr>
     <gpxdata:distance>171.00</gpxdata:distance>
     <gpxdata:cadence>84</gpxdata:cadence>
     <gpxdata:speed>2.897</gpxdata:speed>
    </extensions>
   </trkpt>
   <trkpt lat="45.4247984" lon="4.4070594">
    <ele>569</ele>
    <time>2026-08-04T04:59:58Z</time>
    <extensions>
     <gpxdata:hr>119</gpxdata:hr>
     <gpxdata:distance>174.00</gpxdata:distance>
     <gpxdata:cadence>84</gpxdata:cadence>
     <gpxdata:speed>2.897</gpxdata:speed>
    </extensions>
   </trkpt>
   <trkpt lat="45.4248121" lon="4.4070445">
    <ele>569</ele>
    <time>2026-08-04T04:59:59Z</time>
    <extensions>
     <gpxdata:hr>119</gpxdata:hr>
     <gpxdata:distance>177.00</gpxdata:distance>
     <gpxdata:cadence>84</gpxdata:cadence>
     <gpxdata:speed>2.894</gpxdata:speed>
    </extensions>
   </trkpt>
   <trkpt lat="45.4248258" lon="4.4070297">
    <ele>569</ele>
    <time>2026-08-04T05:00:00Z</time>
    <extensions>
     <gpxdata:hr>119</gpxdata:hr>
     <gpxdata:distance>180.00</gpxdata:distance>
     <gpxdata:cadence>84</gpxdata:cadence>
     <gpxdata:speed>2.894</gpxdata:speed>
    </extensions>
   </trkpt>
   <trkpt lat="45.4248666" lon="4.4069862">
    <ele>569</ele>
    <time>2026-08-04T05:00:01Z</time>
    <extensions>
     <gpxdata:hr>118</gpxdata:hr>
     <gpxdata:distance>182.50</gpxdata:distance>
     <gpxdata:cadence>83</gpxdata:cadence>
     <gpxdata:speed>2.894</gpxdata:speed>
    </extensions>
   </trkpt>
   <trkpt lat="45.4248796" lon="4.4069718">
    <ele>569</ele>
    <time>2026-08-04T05:00:02Z</time>
    <extensions>
     <gpxdata:hr>118</gpxdata:hr>
     <gpxdata:distance>185.00</gpxdata:distance>
     <gpxdata:cadence>83</gpxdata:cadence>
     <gpxdata:speed>2.894</gpxdata:speed>
    </extensions>
   </trkpt>
   <trkpt lat="45.4248926" lon="4.4069574">
    <ele>568</ele>
    <time>2026-08-04T05:00:03Z</time>
    <extensions>
     <gpxdata:hr>118</gpxdata:hr>
     <gpxdata:distance>188.00</gpxdata:distance>
     <gpxdata:cadence>82</gpxdata:cadence>
     <gpxdata:speed>2.892</gpxdata:speed>
    </extensions>
   </trkpt>
   <trkpt lat="45.4249057" lon="4.4069431">
    <ele>568</ele>
    <time>2026-08-04T05:00:04Z</time>
    <extensions>
     <gpxdata:hr>119</gpxdata:hr>
     <gpxdata:distance>191.00</gpxdata:distance>
     <gpxdata:cadence>81</gpxdata:cadence>
     <gpxdata:speed>2.892</gpxdata:speed>
    </extensions>
   </trkpt>
   <trkpt lat="45.4249442" lon="4.4068982">
    <ele>568</ele>
    <time>2026-08-04T05:00:05Z</time>
    <extensions>
     <gpxdata:hr>119</gpxdata:hr>
     <gpxdata:distance>193.50</gpxdata:distance>
     <gpxdata:cadence>81</gpxdata:cadence>
     <gpxdata:speed>2.892</gpxdata:speed>
    </extensions>
   </trkpt>
   <trkpt lat="45.4249572" lon="4.4068833">
    <ele>568</ele>
    <time>2026-08-04T05:00:06Z</time>
    <extensions>
     <gpxdata:hr>119</gpxdata:hr>
     <gpxdata:distance>196.00</gpxdata:distance>
     <gpxdata:cadence>81</gpxdata:cadence>
     <gpxdata:speed>2.892</gpxdata:speed>
    </extensions>
   </trkpt>
   <trkpt lat="45.4249703" lon="4.4068684">
    <ele>568</ele>
    <time>2026-08-04T05:00:07Z</time>
    <extensions>
     <gpxdata:hr>119</gpxdata:hr>
     <gpxdata:distance>199.00</gpxdata:distance>
     <gpxdata:cadence>81</gpxdata:cadence>
     <gpxdata:speed>2.889</gpxdata:speed>
    </extensions>
   </trkpt>
   <trkpt lat="45.4249834" lon="4.4068536">
    <ele>568</ele>
    <time>2026-08-04T05:00:08Z</time>
    <extensions>
     <gpxdata:hr>119</gpxdata:hr>
     <gpxdata:distance>202.00</gpxdata:distance>
     <gpxdata:cadence>81</gpxdata:cadence>
     <gpxdata:speed>2.889</gpxdata:speed>
    </extensions>
   </trkpt>
   <trkpt lat="45.4250230" lon="4.4068083">
    <ele>568</ele>
    <time>2026-08-04T05:00:09Z</time>
    <extensions>
     <gpxdata:hr>119</gpxdata:hr>
     <gpxdata:distance>205.00</gpxdata:distance>
     <gpxdata:cadence>81</gpxdata:cadence>
     <gpxdata:speed>2.886</gpxdata:speed>
    </extensions>
   </trkpt>
   <trkpt lat="45.4250366" lon="4.4067931">
    <ele>568</ele>
    <time>2026-08-04T05:00:10Z</time>
    <extensions>
     <gpxdata:hr>119</gpxdata:hr>
     <gpxdata:distance>208.00</gpxdata:distance>
     <gpxdata:cadence>81</gpxdata:cadence>
     <gpxdata:speed>2.886</gpxdata:speed>
    </extensions>
   </trkpt>
   <trkpt lat="45.4250502" lon="4.4067779">
    <ele>568</ele>
    <time>2026-08-04T05:00:11Z</time>
    <extensions>
     <gpxdata:hr>119</gpxdata:hr>
     <gpxdata:distance>210.50</gpxdata:distance>
     <gpxdata:cadence>82</gpxdata:cadence>
     <gpxdata:speed>2.886</gpxdata:speed>
    </extensions>
   </trkpt>
   <trkpt lat="45.4250638" lon="4.4067627">
    <ele>568</ele>
    <time>2026-08-04T05:00:12Z</time>
    <extensions>
     <gpxdata:hr>119</gpxdata:hr>
     <gpxdata:distance>213.00</gpxdata:distance>
     <gpxdata:cadence>82</gpxdata:cadence>
     <gpxdata:speed>2.886</gpxdata:speed>
    </extensions>
   </trkpt>
   <trkpt lat="45.4251055" lon="4.4067191">
    <ele>568</ele>
    <time>2026-08-04T05:00:13Z</time>
    <extensions>
     <gpxdata:hr>119</gpxdata:hr>
     <gpxdata:distance>216.00</gpxdata:distance>
     <gpxdata:cadence>82</gpxdata:cadence>
     <gpxdata:speed>2.883</gpxdata:speed>
    </extensions>
   </trkpt>
   <trkpt lat="45.4251196" lon="4.4067049">
    <ele>568</ele>
    <time>2026-08-04T05:00:14Z</time>
    <extensions>
     <gpxdata:hr>119</gpxdata:hr>
     <gpxdata:distance>219.00</gpxdata:distance>
     <gpxdata:cadence>82</gpxdata:cadence>
     <gpxdata:speed>2.883</gpxdata:speed>
    </extensions>
   </trkpt>
   <trkpt lat="45.4251337" lon="4.4066907">
    <ele>568</ele>
    <time>2026-08-04T05:00:15Z</time>
    <extensions>
     <gpxdata:hr>118</gpxdata:hr>
     <gpxdata:distance>222.00</gpxdata:distance>
     <gpxdata:cadence>82</gpxdata:cadence>
     <gpxdata:speed>2.883</gpxdata:speed>
    </extensions>
   </trkpt>
   <trkpt lat="45.4251478" lon="4.4066766">
    <ele>568</ele>
    <time>2026-08-04T05:00:16Z</time>
    <extensions>
     <gpxdata:hr>118</gpxdata:hr>
     <gpxdata:distance>225.00</gpxdata:distance>
     <gpxdata:cadence>82</gpxdata:cadence>
     <gpxdata:speed>2.883</gpxdata:speed>
    </extensions>
   </trkpt>
   <trkpt lat="45.4251904" lon="4.4066314">
    <ele>568</ele>
    <time>2026-08-04T05:00:17Z</time>
    <extensions>
     <gpxdata:hr>118</gpxdata:hr>
     <gpxdata:distance>228.00</gpxdata:distance>
     <gpxdata:cadence>82</gpxdata:cadence>
     <gpxdata:speed>2.883</gpxdata:speed>
    </extensions>
   </trkpt>
   <trkpt lat="45.4252044" lon="4.4066155">
    <ele>568</ele>
    <time>2026-08-04T05:00:18Z</time>
    <extensions>
     <gpxdata:hr>118</gpxdata:hr>
     <gpxdata:distance>231.00</gpxdata:distance>
     <gpxdata:cadence>82</gpxdata:cadence>
     <gpxdata:speed>2.883</gpxdata:speed>
    </extensions>
   </trkpt>
   <trkpt lat="45.4252184" lon="4.4065996">
    <ele>568</ele>
    <time>2026-08-04T05:00:19Z</time>
    <extensions>
     <gpxdata:hr>118</gpxdata:hr>
     <gpxdata:distance>234.00</gpxdata:distance>
     <gpxdata:cadence>82</gpxdata:cadence>
     <gpxdata:speed>2.883</gpxdata:speed>
    </extensions>
   </trkpt>
   <trkpt lat="45.4252325" lon="4.4065837">
    <ele>568</ele>
    <time>2026-08-04T05:00:20Z</time>
    <extensions>
     <gpxdata:hr>119</gpxdata:hr>
     <gpxdata:distance>237.00</gpxdata:distance>
     <gpxdata:cadence>83</gpxdata:cadence>
     <gpxdata:speed>2.886</gpxdata:speed>
    </extensions>
   </trkpt>
   <trkpt lat="45.4252757" lon="4.4065372">
    <ele>568</ele>
    <time>2026-08-04T05:00:21Z</time>
    <extensions>
     <gpxdata:hr>119</gpxdata:hr>
     <gpxdata:distance>240.00</gpxdata:distance>
     <gpxdata:cadence>83</gpxdata:cadence>
     <gpxdata:speed>2.886</gpxdata:speed>
    </extensions>
   </trkpt>
   <trkpt lat="45.4252901" lon="4.4065225">
    <ele>568</ele>
    <time>2026-08-04T05:00:22Z</time>
    <extensions>
     <gpxdata:hr>119</gpxdata:hr>
     <gpxdata:distance>243.00</gpxdata:distance>
     <gpxdata:cadence>83</gpxdata:cadence>
     <gpxdata:speed>2.889</gpxdata:speed>
    </extensions>
   </trkpt>
   <trkpt lat="45.4253046" lon="4.4065078">
    <ele>567</ele>
    <time>2026-08-04T05:00:23Z</time>
    <extensions>
     <gpxdata:hr>120</gpxdata:hr>
     <gpxdata:distance>246.00</gpxdata:distance>
     <gpxdata:cadence>83</gpxdata:cadence>
     <gpxdata:speed>2.889</gpxdata:speed>
    </extensions>
   </trkpt>
   <trkpt lat="45.4253191" lon="4.4064931">
    <ele>567</ele>
    <time>2026-08-04T05:00:24Z</time>
    <extensions>
     <gpxdata:hr>120</gpxdata:hr>
     <gpxdata:distance>249.00</gpxdata:distance>
     <gpxdata:cadence>83</gpxdata:cadence>
     <gpxdata:speed>2.892</gpxdata:speed>
    </extensions>
   </trkpt>
   <trkpt lat="45.4253606" lon="4.4064490">
    <ele>567</ele>
    <time>2026-08-04T05:00:25Z</time>
    <extensions>
     <gpxdata:hr>120</gpxdata:hr>
     <gpxdata:distance>252.00</gpxdata:distance>
     <gpxdata:cadence>83</gpxdata:cadence>
     <gpxdata:speed>2.892</gpxdata:speed>
    </extensions>
   </trkpt>
   <trkpt lat="45.4253745" lon="4.4064341">
    <ele>567</ele>
    <time>2026-08-04T05:00:26Z</time>
    <extensions>
     <gpxdata:hr>121</gpxdata:hr>
     <gpxdata:distance>255.00</gpxdata:distance>
     <gpxdata:cadence>83</gpxdata:cadence>
     <gpxdata:speed>2.894</gpxdata:speed>
    </extensions>
   </trkpt>
   <trkpt lat="45.4253884" lon="4.4064192">
    <ele>567</ele>
    <time>2026-08-04T05:00:27Z</time>
    <extensions>
     <gpxdata:hr>121</gpxdata:hr>
     <gpxdata:distance>257.50</gpxdata:distance>
     <gpxdata:cadence>83</gpxdata:cadence>
     <gpxdata:speed>2.894</gpxdata:speed>
    </extensions>
   </trkpt>
   <trkpt lat="45.4254023" lon="4.4064043">
    <ele>567</ele>
    <time>2026-08-04T05:00:28Z</time>
    <extensions>
     <gpxdata:hr>121</gpxdata:hr>
     <gpxdata:distance>260.00</gpxdata:distance>
     <gpxdata:cadence>83</gpxdata:cadence>
     <gpxdata:speed>2.897</gpxdata:speed>
    </extensions>
   </trkpt>
   <trkpt lat="45.4254426" lon="4.4063589">
    <ele>567</ele>
    <time>2026-08-04T05:00:29Z</time>
    <extensions>
     <gpxdata:hr>121</gpxdata:hr>
     <gpxdata:distance>263.00</gpxdata:distance>
     <gpxdata:cadence>83</gpxdata:cadence>
     <gpxdata:speed>2.900</gpxdata:speed>
    </extensions>
   </trkpt>
   <trkpt lat="45.4254557" lon="4.4063436">
    <ele>567</ele>
    <time>2026-08-04T05:00:30Z</time>
    <extensions>
     <gpxdata:hr>121</gpxdata:hr>
     <gpxdata:distance>266.00</gpxdata:distance>
     <gpxdata:cadence>83</gpxdata:cadence>
     <gpxdata:speed>2.903</gpxdata:speed>
    </extensions>
   </trkpt>
   <trkpt lat="45.4254689" lon="4.4063284">
    <ele>567</ele>
    <time>2026-08-04T05:00:31Z</time>
    <extensions>
     <gpxdata:hr>122</gpxdata:hr>
     <gpxdata:distance>269.00</gpxdata:distance>
     <gpxdata:cadence>83</gpxdata:cadence>
     <gpxdata:speed>2.903</gpxdata:speed>
    </extensions>
   </trkpt>
   <trkpt lat="45.4254821" lon="4.4063132">
    <ele>567</ele>
    <time>2026-08-04T05:00:32Z</time>
    <extensions>
     <gpxdata:hr>122</gpxdata:hr>
     <gpxdata:distance>272.00</gpxdata:distance>
     <gpxdata:cadence>83</gpxdata:cadence>
     <gpxdata:speed>2.903</gpxdata:speed>
    </extensions>
   </trkpt>
   <trkpt lat="45.4255218" lon="4.4062675">
    <ele>567</ele>
    <time>2026-08-04T05:00:33Z</time>
    <extensions>
     <gpxdata:hr>122</gpxdata:hr>
     <gpxdata:distance>274.50</gpxdata:distance>
     <gpxdata:cadence>83</gpxdata:cadence>
     <gpxdata:speed>2.903</gpxdata:speed>
    </extensions>
   </trkpt>
   <trkpt lat="45.4255351" lon="4.4062529">
    <ele>567</ele>
    <time>2026-08-04T05:00:34Z</time>
    <extensions>
     <gpxdata:hr>121</gpxdata:hr>
     <gpxdata:distance>277.00</gpxdata:distance>
     <gpxdata:cadence>83</gpxdata:cadence>
     <gpxdata:speed>2.903</gpxdata:speed>
    </extensions>
   </trkpt>
   <trkpt lat="45.4255484" lon="4.4062384">
    <ele>567</ele>
    <time>2026-08-04T05:00:35Z</time>
    <extensions>
     <gpxdata:hr>121</gpxdata:hr>
     <gpxdata:distance>280.00</gpxdata:distance>
     <gpxdata:cadence>82</gpxdata:cadence>
     <gpxdata:speed>2.903</gpxdata:speed>
    </extensions>
   </trkpt>
   <trkpt lat="45.4255617" lon="4.4062239">
    <ele>567</ele>
    <time>2026-08-04T05:00:36Z</time>
    <extensions>
     <gpxdata:hr>121</gpxdata:hr>
     <gpxdata:distance>283.00</gpxdata:distance>
     <gpxdata:cadence>82</gpxdata:cadence>
     <gpxdata:speed>2.903</gpxdata:speed>
    </extensions>
   </trkpt>
   <trkpt lat="45.4256017" lon="4.4061824">
    <ele>567</ele>
    <time>2026-08-04T05:00:37Z</time>
    <extensions>
     <gpxdata:hr>120</gpxdata:hr>
     <gpxdata:distance>285.50</gpxdata:distance>
     <gpxdata:cadence>82</gpxdata:cadence>
     <gpxdata:speed>2.903</gpxdata:speed>
    </extensions>
   </trkpt>
   <trkpt lat="45.4256151" lon="4.4061680">
    <ele>567</ele>
    <time>2026-08-04T05:00:38Z</time>
    <extensions>
     <gpxdata:hr>120</gpxdata:hr>
     <gpxdata:distance>288.00</gpxdata:distance>
     <gpxdata:cadence>83</gpxdata:cadence>
     <gpxdata:speed>2.903</gpxdata:speed>
    </extensions>
   </trkpt>
   <trkpt lat="45.4256286" lon="4.4061536">
    <ele>567</ele>
    <time>2026-08-04T05:00:39Z</time>
    <extensions>
     <gpxdata:hr>119</gpxdata:hr>
     <gpxdata:distance>291.00</gpxdata:distance>
     <gpxdata:cadence>83</gpxdata:cadence>
     <gpxdata:speed>2.903</gpxdata:speed>
    </extensions>
   </trkpt>
   <trkpt lat="45.4256421" lon="4.4061392">
    <ele>567</ele>
    <time>2026-08-04T05:00:40Z</time>
    <extensions>
     <gpxdata:hr>119</gpxdata:hr>
     <gpxdata:distance>294.00</gpxdata:distance>
     <gpxdata:cadence>83</gpxdata:cadence>
     <gpxdata:speed>2.903</gpxdata:speed>
    </extensions>
   </trkpt>
   <trkpt lat="45.4256828" lon="4.4060928">
    <ele>567</ele>
    <time>2026-08-04T05:00:41Z</time>
    <extensions>
     <gpxdata:hr>119</gpxdata:hr>
     <gpxdata:distance>297.00</gpxdata:distance>
     <gpxdata:cadence>83</gpxdata:cadence>
     <gpxdata:speed>2.903</gpxdata:speed>
    </extensions>
   </trkpt>
   <trkpt lat="45.4256958" lon="4.4060767">
    <ele>567</ele>
    <time>2026-08-04T05:00:42Z</time>
    <extensions>
     <gpxdata:hr>119</gpxdata:hr>
     <gpxdata:distance>300.00</gpxdata:distance>
     <gpxdata:cadence>83</gpxdata:cadence>
     <gpxdata:speed>2.903</gpxdata:speed>
    </extensions>
   </trkpt>
   <trkpt lat="45.4257088" lon="4.4060606">
    <ele>566</ele>
    <time>2026-08-04T05:00:43Z</time>
    <extensions>
     <gpxdata:hr>119</gpxdata:hr>
     <gpxdata:distance>303.00</gpxdata:distance>
     <gpxdata:cadence>83</gpxdata:cadence>
     <gpxdata:speed>2.900</gpxdata:speed>
    </extensions>
   </trkpt>
   <trkpt lat="45.4257218" lon="4.4060446">
    <ele>566</ele>
    <time>2026-08-04T05:00:44Z</time>
    <extensions>
     <gpxdata:hr>119</gpxdata:hr>
     <gpxdata:distance>306.00</gpxdata:distance>
     <gpxdata:cadence>83</gpxdata:cadence>
     <gpxdata:speed>2.900</gpxdata:speed>
    </extensions>
   </trkpt>
   <trkpt lat="45.4257604" lon="4.4059974">
    <ele>566</ele>
    <time>2026-08-04T05:00:45Z</time>
    <extensions>
     <gpxdata:hr>119</gpxdata:hr>
     <gpxdata:distance>308.50</gpxdata:distance>
     <gpxdata:cadence>83</gpxdata:cadence>
     <gpxdata:speed>2.900</gpxdata:speed>
    </extensions>
   </trkpt>
   <trkpt lat="45.4257734" lon="4.4059824">
    <ele>566</ele>
    <time>2026-08-04T05:00:46Z</time>
    <extensions>
     <gpxdata:hr>119</gpxdata:hr>
     <gpxdata:distance>311.00</gpxdata:distance>
     <gpxdata:cadence>83</gpxdata:cadence>
     <gpxdata:speed>2.900</gpxdata:speed>
    </extensions>
   </trkpt>
   <trkpt lat="45.4257864" lon="4.4059674">
    <ele>566</ele>
    <time>2026-08-04T05:00:47Z</time>
    <extensions>
     <gpxdata:hr>120</gpxdata:hr>
     <gpxdata:distance>314.00</gpxdata:distance>
     <gpxdata:cadence>83</gpxdata:cadence>
     <gpxdata:speed>2.900</gpxdata:speed>
    </extensions>
   </trkpt>
   <trkpt lat="45.4257994" lon="4.4059525">
    <ele>566</ele>
    <time>2026-08-04T05:00:48Z</time>
    <extensions>
     <gpxdata:hr>119</gpxdata:hr>
     <gpxdata:distance>317.00</gpxdata:distance>
     <gpxdata:cadence>83</gpxdata:cadence>
     <gpxdata:speed>2.900</gpxdata:speed>
    </extensions>
   </trkpt>
   <trkpt lat="45.4258396" lon="4.4059077">
    <ele>566</ele>
    <time>2026-08-04T05:00:49Z</time>
    <extensions>
     <gpxdata:hr>119</gpxdata:hr>
     <gpxdata:distance>320.00</gpxdata:distance>
     <gpxdata:cadence>83</gpxdata:cadence>
     <gpxdata:speed>2.897</gpxdata:speed>
    </extensions>
   </trkpt>
   <trkpt lat="45.4258525" lon="4.4058906">
    <ele>566</ele>
    <time>2026-08-04T05:00:50Z</time>
    <extensions>
     <gpxdata:hr>120</gpxdata:hr>
     <gpxdata:distance>323.00</gpxdata:distance>
     <gpxdata:cadence>83</gpxdata:cadence>
     <gpxdata:speed>2.897</gpxdata:speed>
    </extensions>
   </trkpt>
   <trkpt lat="45.4258655" lon="4.4058736">
    <ele>566</ele>
    <time>2026-08-04T05:00:51Z</time>
    <extensions>
     <gpxdata:hr>119</gpxdata:hr>
     <gpxdata:distance>326.00</gpxdata:distance>
     <gpxdata:cadence>83</gpxdata:cadence>
     <gpxdata:speed>2.894</gpxdata:speed>
    </extensions>
   </trkpt>
   <trkpt lat="45.4258785" lon="4.4058566">
    <ele>566</ele>
    <time>2026-08-04T05:00:52Z</time>
    <extensions>
     <gpxdata:hr>119</gpxdata:hr>
     <gpxdata:distance>329.00</gpxdata:distance>
     <gpxdata:cadence>83</gpxdata:cadence>
     <gpxdata:speed>2.894</gpxdata:speed>
    </extensions>
   </trkpt>
   <trkpt lat="45.4259152" lon="4.4058019">
    <ele>566</ele>
    <time>2026-08-04T05:00:53Z</time>
    <extensions>
     <gpxdata:hr>119</gpxdata:hr>
     <gpxdata:distance>332.00</gpxdata:distance>
     <gpxdata:cadence>83</gpxdata:cadence>
     <gpxdata:speed>2.894</gpxdata:speed>
    </extensions>
   </trkpt>
   <trkpt lat="45.4259278" lon="4.4057835">
    <ele>566</ele>
    <time>2026-08-04T05:00:54Z</time>
    <extensions>
     <gpxdata:hr>119</gpxdata:hr>
     <gpxdata:distance>335.00</gpxdata:distance>
     <gpxdata:cadence>83</gpxdata:cadence>
     <gpxdata:speed>2.894</gpxdata:speed>
    </extensions>
   </trkpt>
   <trkpt lat="45.4259404" lon="4.4057651">
    <ele>566</ele>
    <time>2026-08-04T05:00:55Z</time>
    <extensions>
     <gpxdata:hr>120</gpxdata:hr>
     <gpxdata:distance>338.00</gpxdata:distance>
     <gpxdata:cadence>83</gpxdata:cadence>
     <gpxdata:speed>2.894</gpxdata:speed>
    </extensions>
   </trkpt>
   <trkpt lat="45.4259530" lon="4.4057468">
    <ele>566</ele>
    <time>2026-08-04T05:00:56Z</time>
    <extensions>
     <gpxdata:hr>120</gpxdata:hr>
     <gpxdata:distance>341.00</gpxdata:distance>
     <gpxdata:cadence>83</gpxdata:cadence>
     <gpxdata:speed>2.894</gpxdata:speed>
    </extensions>
   </trkpt>
   <trkpt lat="45.4259932" lon="4.4056942">
    <ele>566</ele>
    <time>2026-08-04T05:00:57Z</time>
    <extensions>
     <gpxdata:hr>120</gpxdata:hr>
     <gpxdata:distance>344.00</gpxdata:distance>
     <gpxdata:cadence>83</gpxdata:cadence>
     <gpxdata:speed>2.894</gpxdata:speed>
    </extensions>
   </trkpt>
   <trkpt lat="45.4260066" lon="4.4056766">
    <ele>566</ele>
    <time>2026-08-04T05:00:58Z</time>
    <extensions>
     <gpxdata:hr>120</gpxdata:hr>
     <gpxdata:distance>347.00</gpxdata:distance>
     <gpxdata:cadence>83</gpxdata:cadence>
     <gpxdata:speed>2.897</gpxdata:speed>
    </extensions>
   </trkpt>
   <trkpt lat="45.4260200" lon="4.4056590">
    <ele>566</ele>
    <time>2026-08-04T05:00:59Z</time>
    <extensions>
     <gpxdata:hr>120</gpxdata:hr>
     <gpxdata:distance>350.00</gpxdata:distance>
     <gpxdata:cadence>83</gpxdata:cadence>
     <gpxdata:speed>2.897</gpxdata:speed>
    </extensions>
   </trkpt>
   <trkpt lat="45.4260335" lon="4.4056415">
    <ele>566</ele>
    <time>2026-08-04T05:01:00Z</time>
    <extensions>
     <gpxdata:hr>120</gpxdata:hr>
     <gpxdata:distance>353.00</gpxdata:distance>
     <gpxdata:cadence>83</gpxdata:cadence>
     <gpxdata:speed>2.900</gpxdata:speed>
    </extensions>
   </trkpt>
   <trkpt lat="45.4260715" lon="4.4055863">
    <ele>566</ele>
    <time>2026-08-04T05:01:01Z</time>
    <extensions>
     <gpxdata:hr>120</gpxdata:hr>
     <gpxdata:distance>356.00</gpxdata:distance>
     <gpxdata:cadence>82</gpxdata:cadence>
     <gpxdata:speed>2.903</gpxdata:speed>
    </extensions>
   </trkpt>
   <trkpt lat="45.4260834" lon="4.4055680">
    <ele>566</ele>
    <time>2026-08-04T05:01:02Z</time>
    <extensions>
     <gpxdata:hr>121</gpxdata:hr>
     <gpxdata:distance>359.00</gpxdata:distance>
     <gpxdata:cadence>82</gpxdata:cadence>
     <gpxdata:speed>2.908</gpxdata:speed>
    </extensions>
   </trkpt>
   <trkpt lat="45.4260954" lon="4.4055497">
    <ele>565</ele>
    <time>2026-08-04T05:01:03Z</time>
    <extensions>
     <gpxdata:hr>122</gpxdata:hr>
     <gpxdata:distance>362.00</gpxdata:distance>
     <gpxdata:cadence>82</gpxdata:cadence>
     <gpxdata:speed>2.911</gpxdata:speed>
    </extensions>
   </trkpt>
   <trkpt lat="45.4261074" lon="4.4055314">
    <ele>565</ele>
    <time>2026-08-04T05:01:04Z</time>
    <extensions>
     <gpxdata:hr>123</gpxdata:hr>
     <gpxdata:distance>365.00</gpxdata:distance>
     <gpxdata:cadence>83</gpxdata:cadence>
     <gpxdata:speed>2.914</gpxdata:speed>
    </extensions>
   </trkpt>
   <trkpt lat="45.4261419" lon="4.4054757">
    <ele>565</ele>
    <time>2026-08-04T05:01:05Z</time>
    <extensions>
     <gpxdata:hr>123</gpxdata:hr>
     <gpxdata:distance>367.50</gpxdata:distance>
     <gpxdata:cadence>83</gpxdata:cadence>
     <gpxdata:speed>2.917</gpxdata:speed>
    </extensions>
   </trkpt>
   <trkpt lat="45.4261532" lon="4.4054573">
    <ele>565</ele>
    <time>2026-08-04T05:01:06Z</time>
    <extensions>
     <gpxdata:hr>123</gpxdata:hr>
     <gpxdata:distance>370.00</gpxdata:distance>
     <gpxdata:cadence>83</gpxdata:cadence>
     <gpxdata:speed>2.919</gpxdata:speed>
    </extensions>
   </trkpt>
   <trkpt lat="45.4261645" lon="4.4054389">
    <ele>565</ele>
    <time>2026-08-04T05:01:07Z</time>
    <extensions>
     <gpxdata:hr>123</gpxdata:hr>
     <gpxdata:distance>373.00</gpxdata:distance>
     <gpxdata:cadence>83</gpxdata:cadence>
     <gpxdata:speed>2.919</gpxdata:speed>
    </extensions>
   </trkpt>
   <trkpt lat="45.4261759" lon="4.4054205">
    <ele>565</ele>
    <time>2026-08-04T05:01:08Z</time>
    <extensions>
     <gpxdata:hr>123</gpxdata:hr>
     <gpxdata:distance>376.00</gpxdata:distance>
     <gpxdata:cadence>83</gpxdata:cadence>
     <gpxdata:speed>2.922</gpxdata:speed>
    </extensions>
   </trkpt>
   <trkpt lat="45.4262092" lon="4.4053655">
    <ele>565</ele>
    <time>2026-08-04T05:01:09Z</time>
    <extensions>
     <gpxdata:hr>123</gpxdata:hr>
     <gpxdata:distance>379.00</gpxdata:distance>
     <gpxdata:cadence>83</gpxdata:cadence>
     <gpxdata:speed>2.922</gpxdata:speed>
    </extensions>
   </trkpt>
   <trkpt lat="45.4262205" lon="4.4053475">
    <ele>565</ele>
    <time>2026-08-04T05:01:10Z</time>
    <extensions>
     <gpxdata:hr>122</gpxdata:hr>
     <gpxdata:distance>382.00</gpxdata:distance>
     <gpxdata:cadence>83</gpxdata:cadence>
     <gpxdata:speed>2.922</gpxdata:speed>
    </extensions>
   </trkpt>
   <trkpt lat="45.4262318" lon="4.4053295">
    <ele>565</ele>
    <time>2026-08-04T05:01:11Z</time>
    <extensions>
     <gpxdata:hr>122</gpxdata:hr>
     <gpxdata:distance>384.50</gpxdata:distance>
     <gpxdata:cadence>83</gpxdata:cadence>
     <gpxdata:speed>2.922</gpxdata:speed>
    </extensions>
   </trkpt>
   <trkpt lat="45.4262431" lon="4.4053115">
    <ele>565</ele>
    <time>2026-08-04T05:01:12Z</time>
    <extensions>
     <gpxdata:hr>123</gpxdata:hr>
     <gpxdata:distance>387.00</gpxdata:distance>
     <gpxdata:cadence>83</gpxdata:cadence>
     <gpxdata:speed>2.922</gpxdata:speed>
    </extensions>
   </trkpt>
   <trkpt lat="45.4262762" lon="4.4052564">
    <ele>565</ele>
    <time>2026-08-04T05:01:13Z</time>
    <extensions>
     <gpxdata:hr>123</gpxdata:hr>
     <gpxdata:distance>390.00</gpxdata:distance>
     <gpxdata:cadence>82</gpxdata:cadence>
     <gpxdata:speed>2.919</gpxdata:speed>
    </extensions>
   </trkpt>
   <trkpt lat="45.4262871" lon="4.4052378">
    <ele>565</ele>
    <time>2026-08-04T05:01:14Z</time>
    <extensions>
     <gpxdata:hr>123</gpxdata:hr>
     <gpxdata:distance>393.00</gpxdata:distance>
     <gpxdata:cadence>82</gpxdata:cadence>
     <gpxdata:speed>2.919</gpxdata:speed>
    </extensions>
   </trkpt>
   <trkpt lat="45.4262980" lon="4.4052193">
    <ele>565</ele>
    <time>2026-08-04T05:01:15Z</time>
    <extensions>
     <gpxdata:hr>123</gpxdata:hr>
     <gpxdata:distance>396.00</gpxdata:distance>
     <gpxdata:cadence>82</gpxdata:cadence>
     <gpxdata:speed>2.917</gpxdata:speed>
    </extensions>
   </trkpt>
   <trkpt lat="45.4263089" lon="4.4052008">
    <ele>565</ele>
    <time>2026-08-04T05:01:16Z</time>
    <extensions>
     <gpxdata:hr>123</gpxdata:hr>
     <gpxdata:distance>399.00</gpxdata:distance>
     <gpxdata:cadence>83</gpxdata:cadence>
     <gpxdata:speed>2.917</gpxdata:speed>
    </extensions>
   </trkpt>
   <trkpt lat="45.4263409" lon="4.4051457">
    <ele>565</ele>
    <time>2026-08-04T05:01:17Z</time>
    <extensions>
     <gpxdata:hr>123</gpxdata:hr>
     <gpxdata:distance>401.50</gpxdata:distance>
     <gpxdata:cadence>82</gpxdata:cadence>
     <gpxdata:speed>2.914</gpxdata:speed>
    </extensions>
   </trkpt>
   <trkpt lat="45.4263514" lon="4.4051272">
    <ele>565</ele>
    <time>2026-08-04T05:01:18Z</time>
    <extensions>
     <gpxdata:hr>124</gpxdata:hr>
     <gpxdata:distance>404.00</gpxdata:distance>
     <gpxdata:cadence>82</gpxdata:cadence>
     <gpxdata:speed>2.914</gpxdata:speed>
    </extensions>
   </trkpt>
   <trkpt lat="45.4263619" lon="4.4051087">
    <ele>564</ele>
    <time>2026-08-04T05:01:19Z</time>
    <extensions>
     <gpxdata:hr>124</gpxdata:hr>
     <gpxdata:distance>407.00</gpxdata:distance>
     <gpxdata:cadence>82</gpxdata:cadence>
     <gpxdata:speed>2.914</gpxdata:speed>
    </extensions>
   </trkpt>
   <trkpt lat="45.4263725" lon="4.4050902">
    <ele>564</ele>
    <time>2026-08-04T05:01:20Z</time>
    <extensions>
     <gpxdata:hr>124</gpxdata:hr>
     <gpxdata:distance>410.00</gpxdata:distance>
     <gpxdata:cadence>82</gpxdata:cadence>
     <gpxdata:speed>2.914</gpxdata:speed>
    </extensions>
   </trkpt>
   <trkpt lat="45.4264047" lon="4.4050326">
    <ele>564</ele>
    <time>2026-08-04T05:01:21Z</time>
    <extensions>
     <gpxdata:hr>125</gpxdata:hr>
     <gpxdata:distance>413.00</gpxdata:distance>
     <gpxdata:cadence>82</gpxdata:cadence>
     <gpxdata:speed>2.911</gpxdata:speed>
    </extensions>
   </trkpt>
   <trkpt lat="45.4264153" lon="4.4050131">
    <ele>564</ele>
    <time>2026-08-04T05:01:22Z</time>
    <extensions>
     <gpxdata:hr>125</gpxdata:hr>
     <gpxdata:distance>416.00</gpxdata:distance>
     <gpxdata:cadence>83</gpxdata:cadence>
     <gpxdata:speed>2.911</gpxdata:speed>
    </extensions>
   </trkpt>
   <trkpt lat="45.4264259" lon="4.4049937">
    <ele>564</ele>
    <time>2026-08-04T05:01:23Z</time>
    <extensions>
     <gpxdata:hr>125</gpxdata:hr>
     <gpxdata:distance>418.50</gpxdata:distance>
     <gpxdata:cadence>83</gpxdata:cadence>
     <gpxdata:speed>2.911</gpxdata:speed>
    </extensions>
   </trkpt>
   <trkpt lat="45.4264365" lon="4.4049743">
    <ele>564</ele>
    <time>2026-08-04T05:01:24Z</time>
    <extensions>
     <gpxdata:hr>125</gpxdata:hr>
     <gpxdata:distance>421.00</gpxdata:distance>
     <gpxdata:cadence>83</gpxdata:cadence>
     <gpxdata:speed>2.911</gpxdata:speed>
    </extensions>
   </trkpt>
   <trkpt lat="45.4264683" lon="4.4049162">
    <ele>564</ele>
    <time>2026-08-04T05:01:25Z</time>
    <extensions>
     <gpxdata:hr>124</gpxdata:hr>
     <gpxdata:distance>424.00</gpxdata:distance>
     <gpxdata:cadence>83</gpxdata:cadence>
     <gpxdata:speed>2.908</gpxdata:speed>
    </extensions>
   </trkpt>
   <trkpt lat="45.4264786" lon="4.4048959">
    <ele>564</ele>
    <time>2026-08-04T05:01:26Z</time>
    <extensions>
     <gpxdata:hr>124</gpxdata:hr>
     <gpxdata:distance>427.00</gpxdata:distance>
     <gpxdata:cadence>83</gpxdata:cadence>
     <gpxdata:speed>2.908</gpxdata:speed>
    </extensions>
   </trkpt>
   <trkpt lat="45.4264890" lon="4.4048757">
    <ele>564</ele>
    <time>2026-08-04T05:01:27Z</time>
    <extensions>
     <gpxdata:hr>125</gpxdata:hr>
     <gpxdata:distance>430.00</gpxdata:distance>
     <gpxdata:cadence>83</gpxdata:cadence>
     <gpxdata:speed>2.908</gpxdata:speed>
    </extensions>
   </trkpt>
   <trkpt lat="45.4264994" lon="4.4048555">
    <ele>564</ele>
    <time>2026-08-04T05:01:28Z</time>
    <extensions>
     <gpxdata:hr>126</gpxdata:hr>
     <gpxdata:distance>433.00</gpxdata:distance>
     <gpxdata:cadence>83</gpxdata:cadence>
     <gpxdata:speed>2.908</gpxdata:speed>
    </extensions>
   </trkpt>
   <trkpt lat="45.4265287" lon="4.4047929">
    <ele>564</ele>
    <time>2026-08-04T05:01:29Z</time>
    <extensions>
     <gpxdata:hr>126</gpxdata:hr>
     <gpxdata:distance>436.00</gpxdata:distance>
     <gpxdata:cadence>83</gpxdata:cadence>
     <gpxdata:speed>2.906</gpxdata:speed>
    </extensions>
   </trkpt>
   <trkpt lat="45.4265382" lon="4.4047722">
    <ele>564</ele>
    <time>2026-08-04T05:01:30Z</time>
    <extensions>
     <gpxdata:hr>127</gpxdata:hr>
     <gpxdata:distance>439.00</gpxdata:distance>
     <gpxdata:cadence>83</gpxdata:cadence>
     <gpxdata:speed>2.906</gpxdata:speed>
    </extensions>
   </trkpt>
   <trkpt lat="45.4265478" lon="4.4047516">
    <ele>564</ele>
    <time>2026-08-04T05:01:31Z</time>
    <extensions>
     <gpxdata:hr>127</gpxdata:hr>
     <gpxdata:distance>442.00</gpxdata:distance>
     <gpxdata:cadence>83</gpxdata:cadence>
     <gpxdata:speed>2.906</gpxdata:speed>
    </extensions>
   </trkpt>
   <trkpt lat="45.4265574" lon="4.4047310">
    <ele>564</ele>
    <time>2026-08-04T05:01:32Z</time>
    <extensions>
     <gpxdata:hr>127</gpxdata:hr>
     <gpxdata:distance>445.00</gpxdata:distance>
     <gpxdata:cadence>83</gpxdata:cadence>
     <gpxdata:speed>2.906</gpxdata:speed>
    </extensions>
   </trkpt>
   <trkpt lat="45.4265856" lon="4.4046702">
    <ele>564</ele>
    <time>2026-08-04T05:01:33Z</time>
    <extensions>
     <gpxdata:hr>127</gpxdata:hr>
     <gpxdata:distance>447.50</gpxdata:distance>
     <gpxdata:cadence>83</gpxdata:cadence>
     <gpxdata:speed>2.903</gpxdata:speed>
    </extensions>
   </trkpt>
   <trkpt lat="45.4265942" lon="4.4046500">
    <ele>564</ele>
    <time>2026-08-04T05:01:34Z</time>
    <extensions>
     <gpxdata:hr>126</gpxdata:hr>
     <gpxdata:distance>450.00</gpxdata:distance>
     <gpxdata:cadence>83</gpxdata:cadence>
     <gpxdata:speed>2.903</gpxdata:speed>
    </extensions>
   </trkpt>
   <trkpt lat="45.4266028" lon="4.4046298">
    <ele>563</ele>
    <time>2026-08-04T05:01:35Z</time>
    <extensions>
     <gpxdata:hr>125</gpxdata:hr>
     <gpxdata:distance>453.00</gpxdata:distance>
     <gpxdata:cadence>83</gpxdata:cadence>
     <gpxdata:speed>2.903</gpxdata:speed>
    </extensions>
   </trkpt>
   <trkpt lat="45.4266115" lon="4.4046097">
    <ele>563</ele>
    <time>2026-08-04T05:01:36Z</time>
    <extensions>
     <gpxdata:hr>125</gpxdata:hr>
     <gpxdata:distance>456.00</gpxdata:distance>
     <gpxdata:cadence>83</gpxdata:cadence>
     <gpxdata:speed>2.903</gpxdata:speed>
    </extensions>
   </trkpt>
   <trkpt lat="45.4266372" lon="4.4045479">
    <ele>563</ele>
    <time>2026-08-04T05:01:37Z</time>
    <extensions>
     <gpxdata:hr>124</gpxdata:hr>
     <gpxdata:distance>459.00</gpxdata:distance>
     <gpxdata:cadence>82</gpxdata:cadence>
     <gpxdata:speed>2.900</gpxdata:speed>
    </extensions>
   </trkpt>
   <trkpt lat="45.4266461" lon="4.4045264">
    <ele>563</ele>
    <time>2026-08-04T05:01:38Z</time>
    <extensions>
     <gpxdata:hr>124</gpxdata:hr>
     <gpxdata:distance>462.00</gpxdata:distance>
     <gpxdata:cadence>82</gpxdata:cadence>
     <gpxdata:speed>2.900</gpxdata:speed>
    </extensions>
   </trkpt>
   <trkpt lat="45.4266550" lon="4.4045049">
    <ele>563</ele>
    <time>2026-08-04T05:01:39Z</time>
    <extensions>
     <gpxdata:hr>125</gpxdata:hr>
     <gpxdata:distance>465.00</gpxdata:distance>
     <gpxdata:cadence>82</gpxdata:cadence>
     <gpxdata:speed>2.897</gpxdata:speed>
    </extensions>
   </trkpt>
   <trkpt lat="45.4266639" lon="4.4044835">
    <ele>563</ele>
    <time>2026-08-04T05:01:40Z</time>
    <extensions>
     <gpxdata:hr>125</gpxdata:hr>
     <gpxdata:distance>468.00</gpxdata:distance>
     <gpxdata:cadence>82</gpxdata:cadence>
     <gpxdata:speed>2.897</gpxdata:speed>
    </extensions>
   </trkpt>
   <trkpt lat="45.4266911" lon="4.4044177">
    <ele>563</ele>
    <time>2026-08-04T05:01:41Z</time>
    <extensions>
     <gpxdata:hr>125</gpxdata:hr>
     <gpxdata:distance>471.00</gpxdata:distance>
     <gpxdata:cadence>82</gpxdata:cadence>
     <gpxdata:speed>2.894</gpxdata:speed>
    </extensions>
   </trkpt>
   <trkpt lat="45.4266996" lon="4.4043949">
    <ele>563</ele>
    <time>2026-08-04T05:01:42Z</time>
    <extensions>
     <gpxdata:hr>126</gpxdata:hr>
     <gpxdata:distance>474.00</gpxdata:distance>
     <gpxdata:cadence>82</gpxdata:cadence>
     <gpxdata:speed>2.894</gpxdata:speed>
    </extensions>
   </trkpt>
   <trkpt lat="45.4267081" lon="4.4043721">
    <ele>563</ele>
    <time>2026-08-04T05:01:43Z</time>
    <extensions>
     <gpxdata:hr>126</gpxdata:hr>
     <gpxdata:distance>477.00</gpxdata:distance>
     <gpxdata:cadence>82</gpxdata:cadence>
     <gpxdata:speed>2.894</gpxdata:speed>
    </extensions>
   </trkpt>
   <trkpt lat="45.4267166" lon="4.4043493">
    <ele>563</ele>
    <time>2026-08-04T05:01:44Z</time>
    <extensions>
     <gpxdata:hr>126</gpxdata:hr>
     <gpxdata:distance>480.00</gpxdata:distance>
     <gpxdata:cadence>82</gpxdata:cadence>
     <gpxdata:speed>2.897</gpxdata:speed>
    </extensions>
   </trkpt>
   <trkpt lat="45.4267381" lon="4.4042786">
    <ele>563</ele>
    <time>2026-08-04T05:01:45Z</time>
    <extensions>
     <gpxdata:hr>126</gpxdata:hr>
     <gpxdata:distance>483.00</gpxdata:distance>
     <gpxdata:cadence>82</gpxdata:cadence>
     <gpxdata:speed>2.900</gpxdata:speed>
    </extensions>
   </trkpt>
   <trkpt lat="45.4267436" lon="4.4042554">
    <ele>563</ele>
    <time>2026-08-04T05:01:46Z</time>
    <extensions>
     <gpxdata:hr>127</gpxdata:hr>
     <gpxdata:distance>486.00</gpxdata:distance>
     <gpxdata:cadence>82</gpxdata:cadence>
     <gpxdata:speed>2.903</gpxdata:speed>
    </extensions>
   </trkpt>
   <trkpt lat="45.4267491" lon="4.4042322">
    <ele>563</ele>
    <time>2026-08-04T05:01:47Z</time>
    <extensions>
     <gpxdata:hr>127</gpxdata:hr>
     <gpxdata:distance>488.50</gpxdata:distance>
     <gpxdata:cadence>82</gpxdata:cadence>
     <gpxdata:speed>2.903</gpxdata:speed>
    </extensions>
   </trkpt>
   <trkpt lat="45.4267547" lon="4.4042091">
    <ele>563</ele>
    <time>2026-08-04T05:01:48Z</time>
    <extensions>
     <gpxdata:hr>127</gpxdata:hr>
     <gpxdata:distance>491.00</gpxdata:distance>
     <gpxdata:cadence>82</gpxdata:cadence>
     <gpxdata:speed>2.906</gpxdata:speed>
    </extensions>
   </trkpt>
   <trkpt lat="45.4267709" lon="4.4041388">
    <ele>563</ele>
    <time>2026-08-04T05:01:49Z</time>
    <extensions>
     <gpxdata:hr>127</gpxdata:hr>
     <gpxdata:distance>494.00</gpxdata:distance>
     <gpxdata:cadence>82</gpxdata:cadence>
     <gpxdata:speed>2.906</gpxdata:speed>
    </extensions>
   </trkpt>
   <trkpt lat="45.4267768" lon="4.4041160">
    <ele>563</ele>
    <time>2026-08-04T05:01:50Z</time>
    <extensions>
     <gpxdata:hr>128</gpxdata:hr>
     <gpxdata:distance>497.00</gpxdata:distance>
     <gpxdata:cadence>82</gpxdata:cadence>
     <gpxdata:speed>2.908</gpxdata:speed>
    </extensions>
   </trkpt>
   <trkpt lat="45.4267828" lon="4.4040933">
    <ele>562</ele>
    <time>2026-08-04T05:01:51Z</time>
    <extensions>
     <gpxdata:hr>128</gpxdata:hr>
     <gpxdata:distance>499.50</gpxdata:distance>
     <gpxdata:cadence>82</gpxdata:cadence>
     <gpxdata:speed>2.908</gpxdata:speed>
    </extensions>
   </trkpt>
   <trkpt lat="45.4267888" lon="4.4040706">
    <ele>562</ele>
    <time>2026-08-04T05:01:52Z</time>
    <extensions>
     <gpxdata:hr>129</gpxdata:hr>
     <gpxdata:distance>502.00</gpxdata:distance>
     <gpxdata:cadence>83</gpxdata:cadence>
     <gpxdata:speed>2.908</gpxdata:speed>
    </extensions>
   </trkpt>
   <trkpt lat="45.4268073" lon="4.4040047">
    <ele>562</ele>
    <time>2026-08-04T05:01:53Z</time>
    <extensions>
     <gpxdata:hr>129</gpxdata:hr>
     <gpxdata:distance>505.00</gpxdata:distance>
     <gpxdata:cadence>82</gpxdata:cadence>
     <gpxdata:speed>2.908</gpxdata:speed>
    </extensions>
   </trkpt>
   <trkpt lat="45.4268136" lon="4.4039831">
    <ele>562</ele>
    <time>2026-08-04T05:01:54Z</time>
    <extensions>
     <gpxdata:hr>129</gpxdata:hr>
     <gpxdata:distance>508.00</gpxdata:distance>
     <gpxdata:cadence>82</gpxdata:cadence>
     <gpxdata:speed>2.908</gpxdata:speed>
    </extensions>
   </trkpt>
   <trkpt lat="45.4268199" lon="4.4039615">
    <ele>562</ele>
    <time>2026-08-04T05:01:55Z</time>
    <extensions>
     <gpxdata:hr>129</gpxdata:hr>
     <gpxdata:distance>511.00</gpxdata:distance>
     <gpxdata:cadence>82</gpxdata:cadence>
     <gpxdata:speed>2.906</gpxdata:speed>
    </extensions>
   </trkpt>
   <trkpt lat="45.4268263" lon="4.4039399">
    <ele>562</ele>
    <time>2026-08-04T05:01:56Z</time>
    <extensions>
     <gpxdata:hr>129</gpxdata:hr>
     <gpxdata:distance>514.00</gpxdata:distance>
     <gpxdata:cadence>82</gpxdata:cadence>
     <gpxdata:speed>2.906</gpxdata:speed>
    </extensions>
   </trkpt>
   <trkpt lat="45.4268449" lon="4.4038739">
    <ele>562</ele>
    <time>2026-08-04T05:01:57Z</time>
    <extensions>
     <gpxdata:hr>129</gpxdata:hr>
     <gpxdata:distance>516.50</gpxdata:distance>
     <gpxdata:cadence>82</gpxdata:cadence>
     <gpxdata:speed>2.903</gpxdata:speed>
    </extensions>
   </trkpt>
   <trkpt lat="45.4268512" lon="4.4038513">
    <ele>562</ele>
    <time>2026-08-04T05:01:58Z</time>
    <extensions>
     <gpxdata:hr>129</gpxdata:hr>
     <gpxdata:distance>519.00</gpxdata:distance>
     <gpxdata:cadence>82</gpxdata:cadence>
     <gpxdata:speed>2.900</gpxdata:speed>
    </extensions>
   </trkpt>
   <trkpt lat="45.4268576" lon="4.4038287">
    <ele>562</ele>
    <time>2026-08-04T05:01:59Z</time>
    <extensions>
     <gpxdata:hr>128</gpxdata:hr>
     <gpxdata:distance>522.00</gpxdata:distance>
     <gpxdata:cadence>82</gpxdata:cadence>
     <gpxdata:speed>2.897</gpxdata:speed>
    </extensions>
   </trkpt>
   <trkpt lat="45.4268640" lon="4.4038061">
    <ele>562</ele>
    <time>2026-08-04T05:02:00Z</time>
    <extensions>
     <gpxdata:hr>128</gpxdata:hr>
     <gpxdata:distance>525.00</gpxdata:distance>
     <gpxdata:cadence>83</gpxdata:cadence>
     <gpxdata:speed>2.897</gpxdata:speed>
    </extensions>
   </trkpt>
   <trkpt lat="45.4268845" lon="4.4037358">
    <ele>562</ele>
    <time>2026-08-04T05:02:01Z</time>
    <extensions>
     <gpxdata:hr>128</gpxdata:hr>
     <gpxdata:distance>528.00</gpxdata:distance>
     <gpxdata:cadence>83</gpxdata:cadence>
     <gpxdata:speed>2.897</gpxdata:speed>
    </extensions>
   </trkpt>
   <trkpt lat="45.4268912" lon="4.4037114">
    <ele>562</ele>
    <time>2026-08-04T05:02:02Z</time>
    <extensions>
     <gpxdata:hr>128</gpxdata:hr>
     <gpxdata:distance>531.00</gpxdata:distance>
     <gpxdata:cadence>84</gpxdata:cadence>
     <gpxdata:speed>2.897</gpxdata:speed>
    </extensions>
   </trkpt>
   <trkpt lat="45.4268979" lon="4.4036870">
    <ele>562</ele>
    <time>2026-08-04T05:02:03Z</time>
    <extensions>
     <gpxdata:hr>128</gpxdata:hr>
     <gpxdata:distance>534.50</gpxdata:distance>
     <gpxdata:cadence>84</gpxdata:cadence>
     <gpxdata:speed>2.897</gpxdata:speed>
    </extensions>
   </trkpt>
   <trkpt lat="45.4269046" lon="4.4036627">
    <ele>562</ele>
    <time>2026-08-04T05:02:04Z</time>
    <extensions>
     <gpxdata:hr>129</gpxdata:hr>
     <gpxdata:distance>538.00</gpxdata:distance>
     <gpxdata:cadence>84</gpxdata:cadence>
     <gpxdata:speed>2.897</gpxdata:speed>
    </extensions>
   </trkpt>
   <trkpt lat="45.4269245" lon="4.4035889">
    <ele>562</ele>
    <time>2026-08-04T05:02:05Z</time>
    <extensions>
     <gpxdata:hr>129</gpxdata:hr>
     <gpxdata:distance>541.00</gpxdata:distance>
     <gpxdata:cadence>84</gpxdata:cadence>
     <gpxdata:speed>2.897</gpxdata:speed>
    </extensions>
   </trkpt>
   <trkpt lat="45.4269310" lon="4.4035652">
    <ele>562</ele>
    <time>2026-08-04T05:02:06Z</time>
    <extensions>
     <gpxdata:hr>128</gpxdata:hr>
     <gpxdata:distance>544.00</gpxdata:distance>
     <gpxdata:cadence>83</gpxdata:cadence>
     <gpxdata:speed>2.900</gpxdata:speed>
    </extensions>
   </trkpt>
   <trkpt lat="45.4269376" lon="4.4035416">
    <ele>561</ele>
    <time>2026-08-04T05:02:07Z</time>
    <extensions>
     <gpxdata:hr>128</gpxdata:hr>
     <gpxdata:distance>546.50</gpxdata:distance>
     <gpxdata:cadence>83</gpxdata:cadence>
     <gpxdata:speed>2.900</gpxdata:speed>
    </extensions>
   </trkpt>
   <trkpt lat="45.4269442" lon="4.4035180">
    <ele>561</ele>
    <time>2026-08-04T05:02:08Z</time>
    <extensions>
     <gpxdata:hr>127</gpxdata:hr>
     <gpxdata:distance>549.00</gpxdata:distance>
     <gpxdata:cadence>83</gpxdata:cadence>
     <gpxdata:speed>2.903</gpxdata:speed>
    </extensions>
   </trkpt>
   <trkpt lat="45.4269614" lon="4.4034533">
    <ele>561</ele>
    <time>2026-08-04T05:02:09Z</time>
    <extensions>
     <gpxdata:hr>127</gpxdata:hr>
     <gpxdata:distance>551.50</gpxdata:distance>
     <gpxdata:cadence>83</gpxdata:cadence>
     <gpxdata:speed>2.903</gpxdata:speed>
    </extensions>
   </trkpt>
   <trkpt lat="45.4269668" lon="4.4034318">
    <ele>561</ele>
    <time>2026-08-04T05:02:10Z</time>
    <extensions>
     <gpxdata:hr>127</gpxdata:hr>
     <gpxdata:distance>554.00</gpxdata:distance>
     <gpxdata:cadence>83</gpxdata:cadence>
     <gpxdata:speed>2.906</gpxdata:speed>
    </extensions>
   </trkpt>
   <trkpt lat="45.4269722" lon="4.4034103">
    <ele>561</ele>
    <time>2026-08-04T05:02:11Z</time>
    <extensions>
     <gpxdata:hr>126</gpxdata:hr>
     <gpxdata:distance>557.00</gpxdata:distance>
     <gpxdata:cadence>83</gpxdata:cadence>
     <gpxdata:speed>2.906</gpxdata:speed>
    </extensions>
   </trkpt>
   <trkpt lat="45.4269777" lon="4.4033889">
    <ele>561</ele>
    <time>2026-08-04T05:02:12Z</time>
    <extensions>
     <gpxdata:hr>127</gpxdata:hr>
     <gpxdata:distance>560.00</gpxdata:distance>
     <gpxdata:cadence>83</gpxdata:cadence>
     <gpxdata:speed>2.906</gpxdata:speed>
    </extensions>
   </trkpt>
   <trkpt lat="45.4269978" lon="4.4033227">
    <ele>561</ele>
    <time>2026-08-04T05:02:13Z</time>
    <extensions>
     <gpxdata:hr>127</gpxdata:hr>
     <gpxdata:distance>563.00</gpxdata:distance>
     <gpxdata:cadence>83</gpxdata:cadence>
     <gpxdata:speed>2.906</gpxdata:speed>
    </extensions>
   </trkpt>
   <trkpt lat="45.4270053" lon="4.4033003">
    <ele>561</ele>
    <time>2026-08-04T05:02:14Z</time>
    <extensions>
     <gpxdata:hr>127</gpxdata:hr>
     <gpxdata:distance>566.00</gpxdata:distance>
     <gpxdata:cadence>83</gpxdata:cadence>
     <gpxdata:speed>2.906</gpxdata:speed>
    </extensions>
   </trkpt>
   <trkpt lat="45.4270129" lon="4.4032779">
    <ele>561</ele>
    <time>2026-08-04T05:02:15Z</time>
    <extensions>
     <gpxdata:hr>127</gpxdata:hr>
     <gpxdata:distance>569.00</gpxdata:distance>
     <gpxdata:cadence>83</gpxdata:cadence>
     <gpxdata:speed>2.906</gpxdata:speed>
    </extensions>
   </trkpt>
   <trkpt lat="45.4270205" lon="4.4032556">
    <ele>561</ele>
    <time>2026-08-04T05:02:16Z</time>
    <extensions>
     <gpxdata:hr>127</gpxdata:hr>
     <gpxdata:distance>572.00</gpxdata:distance>
     <gpxdata:cadence>83</gpxdata:cadence>
     <gpxdata:speed>2.906</gpxdata:speed>
    </extensions>
   </trkpt>
   <trkpt lat="45.4270440" lon="4.4031886">
    <ele>561</ele>
    <time>2026-08-04T05:02:17Z</time>
    <extensions>
     <gpxdata:hr>127</gpxdata:hr>
     <gpxdata:distance>574.50</gpxdata:distance>
     <gpxdata:cadence>83</gpxdata:cadence>
     <gpxdata:speed>2.906</gpxdata:speed>
    </extensions>
   </trkpt>
   <trkpt lat="45.4270512" lon="4.4031661">
    <ele>561</ele>
    <time>2026-08-04T05:02:18Z</time>
    <extensions>
     <gpxdata:hr>127</gpxdata:hr>
     <gpxdata:distance>577.00</gpxdata:distance>
     <gpxdata:cadence>83</gpxdata:cadence>
     <gpxdata:speed>2.908</gpxdata:speed>
    </extensions>
   </trkpt>
   <trkpt lat="45.4270585" lon="4.4031437">
    <ele>561</ele>
    <time>2026-08-04T05:02:19Z</time>
    <extensions>
     <gpxdata:hr>126</gpxdata:hr>
     <gpxdata:distance>580.00</gpxdata:distance>
     <gpxdata:cadence>82</gpxdata:cadence>
     <gpxdata:speed>2.908</gpxdata:speed>
    </extensions>
   </trkpt>
   <trkpt lat="45.4270658" lon="4.4031213">
    <ele>561</ele>
    <time>2026-08-04T05:02:20Z</time>
    <extensions>
     <gpxdata:hr>126</gpxdata:hr>
     <gpxdata:distance>583.00</gpxdata:distance>
     <gpxdata:cadence>82</gpxdata:cadence>
     <gpxdata:speed>2.908</gpxdata:speed>
    </extensions>
   </trkpt>
   <trkpt lat="45.4270811" lon="4.4030542">
    <ele>561</ele>
    <time>2026-08-04T05:02:21Z</time>
    <extensions>
     <gpxdata:hr>126</gpxdata:hr>
     <gpxdata:distance>585.50</gpxdata:distance>
     <gpxdata:cadence>82</gpxdata:cadence>
     <gpxdata:speed>2.908</gpxdata:speed>
    </extensions>
   </trkpt>
   <trkpt lat="45.4270861" lon="4.4030316">
    <ele>561</ele>
    <time>2026-08-04T05:02:22Z</time>
    <extensions>
     <gpxdata:hr>126</gpxdata:hr>
     <gpxdata:distance>588.00</gpxdata:distance>
     <gpxdata:cadence>82</gpxdata:cadence>
     <gpxdata:speed>2.908</gpxdata:speed>
    </extensions>
   </trkpt>
   <trkpt lat="45.4270911" lon="4.4030090">
    <ele>561</ele>
    <time>2026-08-04T05:02:23Z</time>
    <extensions>
     <gpxdata:hr>126</gpxdata:hr>
     <gpxdata:distance>591.00</gpxdata:distance>
     <gpxdata:cadence>82</gpxdata:cadence>
     <gpxdata:speed>2.908</gpxdata:speed>
    </extensions>
   </trkpt>
   <trkpt lat="45.4270962" lon="4.4029865">
    <ele>561</ele>
    <time>2026-08-04T05:02:24Z</time>
    <extensions>
     <gpxdata:hr>126</gpxdata:hr>
     <gpxdata:distance>594.00</gpxdata:distance>
     <gpxdata:cadence>82</gpxdata:cadence>
     <gpxdata:speed>2.908</gpxdata:speed>
    </extensions>
   </trkpt>
   <trkpt lat="45.4271088" lon="4.4029166">
    <ele>561</ele>
    <time>2026-08-04T05:02:25Z</time>
    <extensions>
     <gpxdata:hr>127</gpxdata:hr>
     <gpxdata:distance>597.00</gpxdata:distance>
     <gpxdata:cadence>82</gpxdata:cadence>
     <gpxdata:speed>2.906</gpxdata:speed>
    </extensions>
   </trkpt>
   <trkpt lat="45.4271138" lon="4.4028933">
    <ele>561</ele>
    <time>2026-08-04T05:02:26Z</time>
    <extensions>
     <gpxdata:hr>128</gpxdata:hr>
     <gpxdata:distance>600.00</gpxdata:distance>
     <gpxdata:cadence>83</gpxdata:cadence>
     <gpxdata:speed>2.903</gpxdata:speed>
    </extensions>
   </trkpt>
   <trkpt lat="45.4271188" lon="4.4028700">
    <ele>560</ele>
    <time>2026-08-04T05:02:27Z</time>
    <extensions>
     <gpxdata:hr>128</gpxdata:hr>
     <gpxdata:distance>602.50</gpxdata:distance>
     <gpxdata:cadence>83</gpxdata:cadence>
     <gpxdata:speed>2.900</gpxdata:speed>
    </extensions>
   </trkpt>
   <trkpt lat="45.4271238" lon="4.4028467">
    <ele>560</ele>
    <time>2026-08-04T05:02:28Z</time>
    <extensions>
     <gpxdata:hr>127</gpxdata:hr>
     <gpxdata:distance>605.00</gpxdata:distance>
     <gpxdata:cadence>83</gpxdata:cadence>
     <gpxdata:speed>2.900</gpxdata:speed>
    </extensions>
   </trkpt>
   <trkpt lat="45.4271425" lon="4.4027806">
    <ele>560</ele>
    <time>2026-08-04T05:02:29Z</time>
    <extensions>
     <gpxdata:hr>128</gpxdata:hr>
     <gpxdata:distance>608.00</gpxdata:distance>
     <gpxdata:cadence>82</gpxdata:cadence>
     <gpxdata:speed>2.897</gpxdata:speed>
    </extensions>
   </trkpt>
   <trkpt lat="45.4271494" lon="4.4027587">
    <ele>560</ele>
    <time>2026-08-04T05:02:30Z</time>
    <extensions>
     <gpxdata:hr>127</gpxdata:hr>
     <gpxdata:distance>611.00</gpxdata:distance>
     <gpxdata:cadence>82</gpxdata:cadence>
     <gpxdata:speed>2.897</gpxdata:speed>
    </extensions>
   </trkpt>
   <trkpt lat="45.4271564" lon="4.4027368">
    <ele>560</ele>
    <time>2026-08-04T05:02:31Z</time>
    <extensions>
     <gpxdata:hr>126</gpxdata:hr>
     <gpxdata:distance>614.00</gpxdata:distance>
     <gpxdata:cadence>82</gpxdata:cadence>
     <gpxdata:speed>2.894</gpxdata:speed>
    </extensions>
   </trkpt>
   <trkpt lat="45.4271634" lon="4.4027150">
    <ele>560</ele>
    <time>2026-08-04T05:02:32Z</time>
    <extensions>
     <gpxdata:hr>125</gpxdata:hr>
     <gpxdata:distance>617.00</gpxdata:distance>
     <gpxdata:cadence>82</gpxdata:cadence>
     <gpxdata:speed>2.894</gpxdata:speed>
    </extensions>
   </trkpt>
   <trkpt lat="45.4271841" lon="4.4026442">
    <ele>560</ele>
    <time>2026-08-04T05:02:33Z</time>
    <extensions>
     <gpxdata:hr>125</gpxdata:hr>
     <gpxdata:distance>620.00</gpxdata:distance>
     <gpxdata:cadence>82</gpxdata:cadence>
     <gpxdata:speed>2.894</gpxdata:speed>
    </extensions>
   </trkpt>
   <trkpt lat="45.4271903" lon="4.4026205">
    <ele>560</ele>
    <time>2026-08-04T05:02:34Z</time>
    <extensions>
     <gpxdata:hr>125</gpxdata:hr>
     <gpxdata:distance>623.00</gpxdata:distance>
     <gpxdata:cadence>82</gpxdata:cadence>
     <gpxdata:speed>2.894</gpxdata:speed>
    </extensions>
   </trkpt>
   <trkpt lat="45.4271966" lon="4.4025968">
    <ele>560</ele>
    <time>2026-08-04T05:02:35Z</time>
    <extensions>
     <gpxdata:hr>125</gpxdata:hr>
     <gpxdata:distance>626.00</gpxdata:distance>
     <gpxdata:cadence>82</gpxdata:cadence>
     <gpxdata:speed>2.894</gpxdata:speed>
    </extensions>
   </trkpt>
   <trkpt lat="45.4272029" lon="4.4025732">
    <ele>560</ele>
    <time>2026-08-04T05:02:36Z</time>
    <extensions>
     <gpxdata:hr>126</gpxdata:hr>
     <gpxdata:distance>629.00</gpxdata:distance>
     <gpxdata:cadence>82</gpxdata:cadence>
     <gpxdata:speed>2.894</gpxdata:speed>
    </extensions>
   </trkpt>
   <trkpt lat="45.4272209" lon="4.4025038">
    <ele>560</ele>
    <time>2026-08-04T05:02:37Z</time>
    <extensions>
     <gpxdata:hr>126</gpxdata:hr>
     <gpxdata:distance>631.50</gpxdata:distance>
     <gpxdata:cadence>82</gpxdata:cadence>
     <gpxdata:speed>2.894</gpxdata:speed>
    </extensions>
   </trkpt>
   <trkpt lat="45.4272273" lon="4.4024806">
    <ele>560</ele>
    <time>2026-08-04T05:02:38Z</time>
    <extensions>
     <gpxdata:hr>126</gpxdata:hr>
     <gpxdata:distance>634.00</gpxdata:distance>
     <gpxdata:cadence>83</gpxdata:cadence>
     <gpxdata:speed>2.897</gpxdata:speed>
    </extensions>
   </trkpt>
   <trkpt lat="45.4272338" lon="4.4024574">
    <ele>560</ele>
    <time>2026-08-04T05:02:39Z</time>
    <extensions>
     <gpxdata:hr>126</gpxdata:hr>
     <gpxdata:distance>637.00</gpxdata:distance>
     <gpxdata:cadence>83</gpxdata:cadence>
     <gpxdata:speed>2.897</gpxdata:speed>
    </extensions>
   </trkpt>
   <trkpt lat="45.4272403" lon="4.4024343">
    <ele>560</ele>
    <time>2026-08-04T05:02:40Z</time>
    <extensions>
     <gpxdata:hr>126</gpxdata:hr>
     <gpxdata:distance>640.00</gpxdata:distance>
     <gpxdata:cadence>83</gpxdata:cadence>
     <gpxdata:speed>2.900</gpxdata:speed>
    </extensions>
   </trkpt>
   <trkpt lat="45.4272586" lon="4.4023607">
    <ele>560</ele>
    <time>2026-08-04T05:02:41Z</time>
    <extensions>
     <gpxdata:hr>126</gpxdata:hr>
     <gpxdata:distance>643.50</gpxdata:distance>
     <gpxdata:cadence>83</gpxdata:cadence>
     <gpxdata:speed>2.900</gpxdata:speed>
    </extensions>
   </trkpt>
   <trkpt lat="45.4272650" lon="4.4023363">
    <ele>560</ele>
    <time>2026-08-04T05:02:42Z</time>
    <extensions>
     <gpxdata:hr>127</gpxdata:hr>
     <gpxdata:distance>647.00</gpxdata:distance>
     <gpxdata:cadence>83</gpxdata:cadence>
     <gpxdata:speed>2.900</gpxdata:speed>
    </extensions>
   </trkpt>
   <trkpt lat="45.4272714" lon="4.4023119">
    <ele>559</ele>
    <time>2026-08-04T05:02:43Z</time>
    <extensions>
     <gpxdata:hr>127</gpxdata:hr>
     <gpxdata:distance>650.00</gpxdata:distance>
     <gpxdata:cadence>83</gpxdata:cadence>
     <gpxdata:speed>2.903</gpxdata:speed>
    </extensions>
   </trkpt>
   <trkpt lat="45.4272779" lon="4.4022876">
    <ele>559</ele>
    <time>2026-08-04T05:02:44Z</time>
    <extensions>
     <gpxdata:hr>127</gpxdata:hr>
     <gpxdata:distance>653.00</gpxdata:distance>
     <gpxdata:cadence>84</gpxdata:cadence>
     <gpxdata:speed>2.906</gpxdata:speed>
    </extensions>
   </trkpt>
   <trkpt lat="45.4272980" lon="4.4022143">
    <ele>559</ele>
    <time>2026-08-04T05:02:45Z</time>
    <extensions>
     <gpxdata:hr>127</gpxdata:hr>
     <gpxdata:distance>656.00</gpxdata:distance>
     <gpxdata:cadence>84</gpxdata:cadence>
     <gpxdata:speed>2.911</gpxdata:speed>
    </extensions>
   </trkpt>
   <trkpt lat="45.4273048" lon="4.4021901">
    <ele>559</ele>
    <time>2026-08-04T05:02:46Z</time>
    <extensions>
     <gpxdata:hr>127</gpxdata:hr>
     <gpxdata:distance>659.00</gpxdata:distance>
     <gpxdata:cadence>84</gpxdata:cadence>
     <gpxdata:speed>2.917</gpxdata:speed>
    </extensions>
   </trkpt>
   <trkpt lat="45.4273116" lon="4.4021660">
    <ele>559</ele>
    <time>2026-08-04T05:02:47Z</time>
    <extensions>
     <gpxdata:hr>128</gpxdata:hr>
     <gpxdata:distance>662.00</gpxdata:distance>
     <gpxdata:cadence>84</gpxdata:cadence>
     <gpxdata:speed>2.919</gpxdata:speed>
    </extensions>
   </trkpt>
   <trkpt lat="45.4273185" lon="4.4021419">
    <ele>559</ele>
    <time>2026-08-04T05:02:48Z</time>
    <extensions>
     <gpxdata:hr>128</gpxdata:hr>
     <gpxdata:distance>665.00</gpxdata:distance>
     <gpxdata:cadence>84</gpxdata:cadence>
     <gpxdata:speed>2.922</gpxdata:speed>
    </extensions>
   </trkpt>
   <trkpt lat="45.4273375" lon="4.4020711">
    <ele>559</ele>
    <time>2026-08-04T05:02:49Z</time>
    <extensions>
     <gpxdata:hr>128</gpxdata:hr>
     <gpxdata:distance>668.00</gpxdata:distance>
     <gpxdata:cadence>83</gpxdata:cadence>
     <gpxdata:speed>2.925</gpxdata:speed>
    </extensions>
   </trkpt>
   <trkpt lat="45.4273431" lon="4.4020476">
    <ele>559</ele>
    <time>2026-08-04T05:02:50Z</time>
    <extensions>
     <gpxdata:hr>128</gpxdata:hr>
     <gpxdata:distance>671.00</gpxdata:distance>
     <gpxdata:cadence>83</gpxdata:cadence>
     <gpxdata:speed>2.928</gpxdata:speed>
    </extensions>
   </trkpt>
   <trkpt lat="45.4273487" lon="4.4020242">
    <ele>559</ele>
    <time>2026-08-04T05:02:51Z</time>
    <extensions>
     <gpxdata:hr>128</gpxdata:hr>
     <gpxdata:distance>673.50</gpxdata:distance>
     <gpxdata:cadence>82</gpxdata:cadence>
     <gpxdata:speed>2.928</gpxdata:speed>
    </extensions>
   </trkpt>
   <trkpt lat="45.4273544" lon="4.4020008">
    <ele>559</ele>
    <time>2026-08-04T05:02:52Z</time>
    <extensions>
     <gpxdata:hr>128</gpxdata:hr>
     <gpxdata:distance>676.00</gpxdata:distance>
     <gpxdata:cadence>82</gpxdata:cadence>
     <gpxdata:speed>2.931</gpxdata:speed>
    </extensions>
   </trkpt>
   <trkpt lat="45.4273731" lon="4.4019295">
    <ele>559</ele>
    <time>2026-08-04T05:02:53Z</time>
    <extensions>
     <gpxdata:hr>128</gpxdata:hr>
     <gpxdata:distance>679.50</gpxdata:distance>
     <gpxdata:cadence>82</gpxdata:cadence>
     <gpxdata:speed>2.931</gpxdata:speed>
    </extensions>
   </trkpt>
   <trkpt lat="45.4273803" lon="4.4019064">
    <ele>559</ele>
    <time>2026-08-04T05:02:54Z</time>
    <extensions>
     <gpxdata:hr>129</gpxdata:hr>
     <gpxdata:distance>683.00</gpxdata:distance>
     <gpxdata:cadence>82</gpxdata:cadence>
     <gpxdata:speed>2.933</gpxdata:speed>
    </extensions>
   </trkpt>
   <trkpt lat="45.4273875" lon="4.4018833">
    <ele>559</ele>
    <time>2026-08-04T05:02:55Z</time>
    <extensions>
     <gpxdata:hr>129</gpxdata:hr>
     <gpxdata:distance>685.50</gpxdata:distance>
     <gpxdata:cadence>82</gpxdata:cadence>
     <gpxdata:speed>2.936</gpxdata:speed>
    </extensions>
   </trkpt>
   <trkpt lat="45.4273948" lon="4.4018603">
    <ele>559</ele>
    <time>2026-08-04T05:02:56Z</time>
    <extensions>
     <gpxdata:hr>129</gpxdata:hr>
     <gpxdata:distance>688.00</gpxdata:distance>
     <gpxdata:cadence>82</gpxdata:cadence>
     <gpxdata:speed>2.939</gpxdata:speed>
    </extensions>
   </trkpt>
   <trkpt lat="45.4274170" lon="4.4017910">
    <ele>559</ele>
    <time>2026-08-04T05:02:57Z</time>
    <extensions>
     <gpxdata:hr>130</gpxdata:hr>
     <gpxdata:distance>691.00</gpxdata:distance>
     <gpxdata:cadence>82</gpxdata:cadence>
     <gpxdata:speed>2.939</gpxdata:speed>
    </extensions>
   </trkpt>
   <trkpt lat="45.4274241" lon="4.4017680">
    <ele>559</ele>
    <time>2026-08-04T05:02:58Z</time>
    <extensions>
     <gpxdata:hr>130</gpxdata:hr>
     <gpxdata:distance>694.00</gpxdata:distance>
     <gpxdata:cadence>82</gpxdata:cadence>
     <gpxdata:speed>2.942</gpxdata:speed>
    </extensions>
   </trkpt>
   <trkpt lat="45.4274312" lon="4.4017450">
    <ele>559</ele>
    <time>2026-08-04T05:02:59Z</time>
    <extensions>
     <gpxdata:hr>130</gpxdata:hr>
     <gpxdata:distance>697.00</gpxdata:distance>
     <gpxdata:cadence>83</gpxdata:cadence>
     <gpxdata:speed>2.944</gpxdata:speed>
    </extensions>
   </trkpt>
   <trkpt lat="45.4274384" lon="4.4017221">
    <ele>559</ele>
    <time>2026-08-04T05:03:00Z</time>
    <extensions>
     <gpxdata:hr>130</gpxdata:hr>
     <gpxdata:distance>700.00</gpxdata:distance>
     <gpxdata:cadence>83</gpxdata:cadence>
     <gpxdata:speed>2.947</gpxdata:speed>
    </extensions>
   </trkpt>
   <trkpt lat="45.4274593" lon="4.4016542">
    <ele>559</ele>
    <time>2026-08-04T05:03:01Z</time>
    <extensions>
     <gpxdata:hr>130</gpxdata:hr>
     <gpxdata:distance>703.00</gpxdata:distance>
     <gpxdata:cadence>83</gpxdata:cadence>
     <gpxdata:speed>2.947</gpxdata:speed>
    </extensions>
   </trkpt>
   <trkpt lat="45.4274667" lon="4.4016309">
    <ele>559</ele>
    <time>2026-08-04T05:03:02Z</time>
    <extensions>
     <gpxdata:hr>131</gpxdata:hr>
     <gpxdata:distance>706.00</gpxdata:distance>
     <gpxdata:cadence>83</gpxdata:cadence>
     <gpxdata:speed>2.950</gpxdata:speed>
    </extensions>
   </trkpt>
   <trkpt lat="45.4274741" lon="4.4016076">
    <ele>558</ele>
    <time>2026-08-04T05:03:03Z</time>
    <extensions>
     <gpxdata:hr>131</gpxdata:hr>
     <gpxdata:distance>709.00</gpxdata:distance>
     <gpxdata:cadence>82</gpxdata:cadence>
     <gpxdata:speed>2.953</gpxdata:speed>
    </extensions>
   </trkpt>
   <trkpt lat="45.4274815" lon="4.4015844">
    <ele>558</ele>
    <time>2026-08-04T05:03:04Z</time>
    <extensions>
     <gpxdata:hr>131</gpxdata:hr>
     <gpxdata:distance>712.00</gpxdata:distance>
     <gpxdata:cadence>81</gpxdata:cadence>
     <gpxdata:speed>2.956</gpxdata:speed>
    </extensions>
   </trkpt>
   <trkpt lat="45.4275044" lon="4.4015123">
    <ele>558</ele>
    <time>2026-08-04T05:03:05Z</time>
    <extensions>
     <gpxdata:hr>131</gpxdata:hr>
     <gpxdata:distance>715.50</gpxdata:distance>
     <gpxdata:cadence>80</gpxdata:cadence>
     <gpxdata:speed>2.956</gpxdata:speed>
    </extensions>
   </trkpt>
   <trkpt lat="45.4275115" lon="4.4014876">
    <ele>558</ele>
    <time>2026-08-04T05:03:06Z</time>
    <extensions>
     <gpxdata:hr>131</gpxdata:hr>
     <gpxdata:distance>719.00</gpxdata:distance>
     <gpxdata:cadence>80</gpxdata:cadence>
     <gpxdata:speed>2.958</gpxdata:speed>
    </extensions>
   </trkpt>
   <trkpt lat="45.4275186" lon="4.4014630">
    <ele>558</ele>
    <time>2026-08-04T05:03:07Z</time>
    <extensions>
     <gpxdata:hr>131</gpxdata:hr>
     <gpxdata:distance>722.00</gpxdata:distance>
     <gpxdata:cadence>80</gpxdata:cadence>
     <gpxdata:speed>2.961</gpxdata:speed>
    </extensions>
   </trkpt>
   <trkpt lat="45.4275257" lon="4.4014384">
    <ele>558</ele>
    <time>2026-08-04T05:03:08Z</time>
    <extensions>
     <gpxdata:hr>131</gpxdata:hr>
     <gpxdata:distance>725.00</gpxdata:distance>
     <gpxdata:cadence>80</gpxdata:cadence>
     <gpxdata:speed>2.964</gpxdata:speed>
    </extensions>
   </trkpt>
   <trkpt lat="45.4275449" lon="4.4013647">
    <ele>558</ele>
    <time>2026-08-04T05:03:09Z</time>
    <extensions>
     <gpxdata:hr>131</gpxdata:hr>
     <gpxdata:distance>728.00</gpxdata:distance>
     <gpxdata:cadence>80</gpxdata:cadence>
     <gpxdata:speed>2.964</gpxdata:speed>
    </extensions>
   </trkpt>
   <trkpt lat="45.4275509" lon="4.4013397">
    <ele>558</ele>
    <time>2026-08-04T05:03:10Z</time>
    <extensions>
     <gpxdata:hr>130</gpxdata:hr>
     <gpxdata:distance>731.00</gpxdata:distance>
     <gpxdata:cadence>80</gpxdata:cadence>
     <gpxdata:speed>2.967</gpxdata:speed>
    </extensions>
   </trkpt>
   <trkpt lat="45.4275569" lon="4.4013148">
    <ele>558</ele>
    <time>2026-08-04T05:03:11Z</time>
    <extensions>
     <gpxdata:hr>130</gpxdata:hr>
     <gpxdata:distance>734.00</gpxdata:distance>
     <gpxdata:cadence>81</gpxdata:cadence>
     <gpxdata:speed>2.967</gpxdata:speed>
    </extensions>
   </trkpt>
   <trkpt lat="45.4275629" lon="4.4012899">
    <ele>558</ele>
    <time>2026-08-04T05:03:12Z</time>
    <extensions>
     <gpxdata:hr>129</gpxdata:hr>
     <gpxdata:distance>737.00</gpxdata:distance>
     <gpxdata:cadence>82</gpxdata:cadence>
     <gpxdata:speed>2.967</gpxdata:speed>
    </extensions>
   </trkpt>
   <trkpt lat="45.4275803" lon="4.4012181">
    <ele>558</ele>
    <time>2026-08-04T05:03:13Z</time>
    <extensions>
     <gpxdata:hr>129</gpxdata:hr>
     <gpxdata:distance>740.00</gpxdata:distance>
     <gpxdata:cadence>82</gpxdata:cadence>
     <gpxdata:speed>2.967</gpxdata:speed>
    </extensions>
   </trkpt>
   <trkpt lat="45.4275860" lon="4.4011943">
    <ele>558</ele>
    <time>2026-08-04T05:03:14Z</time>
    <extensions>
     <gpxdata:hr>129</gpxdata:hr>
     <gpxdata:distance>743.00</gpxdata:distance>
     <gpxdata:cadence>82</gpxdata:cadence>
     <gpxdata:speed>2.969</gpxdata:speed>
    </extensions>
   </trkpt>
   <trkpt lat="45.4275918" lon="4.4011706">
    <ele>558</ele>
    <time>2026-08-04T05:03:15Z</time>
    <extensions>
     <gpxdata:hr>129</gpxdata:hr>
     <gpxdata:distance>745.50</gpxdata:distance>
     <gpxdata:cadence>82</gpxdata:cadence>
     <gpxdata:speed>2.969</gpxdata:speed>
    </extensions>
   </trkpt>
   <trkpt lat="45.4275976" lon="4.4011469">
    <ele>558</ele>
    <time>2026-08-04T05:03:16Z</time>
    <extensions>
     <gpxdata:hr>129</gpxdata:hr>
     <gpxdata:distance>748.00</gpxdata:distance>
     <gpxdata:cadence>82</gpxdata:cadence>
     <gpxdata:speed>2.969</gpxdata:speed>
    </extensions>
   </trkpt>
   <trkpt lat="45.4276163" lon="4.4010766">
    <ele>558</ele>
    <time>2026-08-04T05:03:17Z</time>
    <extensions>
     <gpxdata:hr>129</gpxdata:hr>
     <gpxdata:distance>751.50</gpxdata:distance>
     <gpxdata:cadence>82</gpxdata:cadence>
     <gpxdata:speed>2.969</gpxdata:speed>
    </extensions>
   </trkpt>
   <trkpt lat="45.4276235" lon="4.4010530">
    <ele>558</ele>
    <time>2026-08-04T05:03:18Z</time>
    <extensions>
     <gpxdata:hr>130</gpxdata:hr>
     <gpxdata:distance>755.00</gpxdata:distance>
     <gpxdata:cadence>82</gpxdata:cadence>
     <gpxdata:speed>2.969</gpxdata:speed>
    </extensions>
   </trkpt>
   <trkpt lat="45.4276308" lon="4.4010294">
    <ele>557</ele>
    <time>2026-08-04T05:03:19Z</time>
    <extensions>
     <gpxdata:hr>130</gpxdata:hr>
     <gpxdata:distance>758.00</gpxdata:distance>
     <gpxdata:cadence>82</gpxdata:cadence>
     <gpxdata:speed>2.969</gpxdata:speed>
    </extensions>
   </trkpt>
   <trkpt lat="45.4276381" lon="4.4010058">
    <ele>557</ele>
    <time>2026-08-04T05:03:20Z</time>
    <extensions>
     <gpxdata:hr>131</gpxdata:hr>
     <gpxdata:distance>761.00</gpxdata:distance>
     <gpxdata:cadence>82</gpxdata:cadence>
     <gpxdata:speed>2.972</gpxdata:speed>
    </extensions>
   </trkpt>
   <trkpt lat="45.4276611" lon="4.4009368">
    <ele>557</ele>
    <time>2026-08-04T05:03:21Z</time>
    <extensions>
     <gpxdata:hr>131</gpxdata:hr>
     <gpxdata:distance>764.00</gpxdata:distance>
     <gpxdata:cadence>82</gpxdata:cadence>
     <gpxdata:speed>2.972</gpxdata:speed>
    </extensions>
   </trkpt>
   <trkpt lat="45.4276692" lon="4.4009136">
    <ele>557</ele>
    <time>2026-08-04T05:03:22Z</time>
    <extensions>
     <gpxdata:hr>132</gpxdata:hr>
     <gpxdata:distance>767.00</gpxdata:distance>
     <gpxdata:cadence>82</gpxdata:cadence>
     <gpxdata:speed>2.972</gpxdata:speed>
    </extensions>
   </trkpt>
   <trkpt lat="45.4276773" lon="4.4008904">
    <ele>557</ele>
    <time>2026-08-04T05:03:23Z</time>
    <extensions>
     <gpxdata:hr>133</gpxdata:hr>
     <gpxdata:distance>770.00</gpxdata:distance>
     <gpxdata:cadence>82</gpxdata:cadence>
     <gpxdata:speed>2.972</gpxdata:speed>
    </extensions>
   </trkpt>
   <trkpt lat="45.4276855" lon="4.4008672">
    <ele>557</ele>
    <time>2026-08-04T05:03:24Z</time>
    <extensions>
     <gpxdata:hr>133</gpxdata:hr>
     <gpxdata:distance>773.00</gpxdata:distance>
     <gpxdata:cadence>82</gpxdata:cadence>
     <gpxdata:speed>2.975</gpxdata:speed>
    </extensions>
   </trkpt>
   <trkpt lat="45.4277114" lon="4.4007995">
    <ele>557</ele>
    <time>2026-08-04T05:03:25Z</time>
    <extensions>
     <gpxdata:hr>132</gpxdata:hr>
     <gpxdata:distance>775.50</gpxdata:distance>
     <gpxdata:cadence>82</gpxdata:cadence>
     <gpxdata:speed>2.975</gpxdata:speed>
    </extensions>
   </trkpt>
   <trkpt lat="45.4277199" lon="4.4007776">
    <ele>557</ele>
    <time>2026-08-04T05:03:26Z</time>
    <extensions>
     <gpxdata:hr>132</gpxdata:hr>
     <gpxdata:distance>778.00</gpxdata:distance>
     <gpxdata:cadence>82</gpxdata:cadence>
     <gpxdata:speed>2.975</gpxdata:speed>
    </extensions>
   </trkpt>
   <trkpt lat="45.4277285" lon="4.4007558">
    <ele>557</ele>
    <time>2026-08-04T05:03:27Z</time>
    <extensions>
     <gpxdata:hr>132</gpxdata:hr>
     <gpxdata:distance>781.50</gpxdata:distance>
     <gpxdata:cadence>82</gpxdata:cadence>
     <gpxdata:speed>2.975</gpxdata:speed>
    </extensions>
   </trkpt>
   <trkpt lat="45.4277371" lon="4.4007340">
    <ele>557</ele>
    <time>2026-08-04T05:03:28Z</time>
    <extensions>
     <gpxdata:hr>133</gpxdata:hr>
     <gpxdata:distance>785.00</gpxdata:distance>
     <gpxdata:cadence>82</gpxdata:cadence>
     <gpxdata:speed>2.978</gpxdata:speed>
    </extensions>
   </trkpt>
   <trkpt lat="45.4277598" lon="4.4006690">
    <ele>557</ele>
    <time>2026-08-04T05:03:29Z</time>
    <extensions>
     <gpxdata:hr>133</gpxdata:hr>
     <gpxdata:distance>787.50</gpxdata:distance>
     <gpxdata:cadence>82</gpxdata:cadence>
     <gpxdata:speed>2.978</gpxdata:speed>
    </extensions>
   </trkpt>
   <trkpt lat="45.4277663" lon="4.4006459">
    <ele>557</ele>
    <time>2026-08-04T05:03:30Z</time>
    <extensions>
     <gpxdata:hr>133</gpxdata:hr>
     <gpxdata:distance>790.00</gpxdata:distance>
     <gpxdata:cadence>82</gpxdata:cadence>
     <gpxdata:speed>2.981</gpxdata:speed>
    </extensions>
   </trkpt>
   <trkpt lat="45.4277729" lon="4.4006229">
    <ele>557</ele>
    <time>2026-08-04T05:03:31Z</time>
    <extensions>
     <gpxdata:hr>133</gpxdata:hr>
     <gpxdata:distance>793.00</gpxdata:distance>
     <gpxdata:cadence>82</gpxdata:cadence>
     <gpxdata:speed>2.981</gpxdata:speed>
    </extensions>
   </trkpt>
   <trkpt lat="45.4277795" lon="4.4005999">
    <ele>557</ele>
    <time>2026-08-04T05:03:32Z</time>
    <extensions>
     <gpxdata:hr>133</gpxdata:hr>
     <gpxdata:distance>796.00</gpxdata:distance>
     <gpxdata:cadence>82</gpxdata:cadence>
     <gpxdata:speed>2.981</gpxdata:speed>
    </extensions>
   </trkpt>
   <trkpt lat="45.4278012" lon="4.4005280">
    <ele>557</ele>
    <time>2026-08-04T05:03:33Z</time>
    <extensions>
     <gpxdata:hr>133</gpxdata:hr>
     <gpxdata:distance>799.00</gpxdata:distance>
     <gpxdata:cadence>82</gpxdata:cadence>
     <gpxdata:speed>2.981</gpxdata:speed>
    </extensions>
   </trkpt>
   <trkpt lat="45.4278089" lon="4.4005050">
    <ele>557</ele>
    <time>2026-08-04T05:03:34Z</time>
    <extensions>
     <gpxdata:hr>133</gpxdata:hr>
     <gpxdata:distance>802.00</gpxdata:distance>
     <gpxdata:cadence>83</gpxdata:cadence>
     <gpxdata:speed>2.981</gpxdata:speed>
    </extensions>
   </trkpt>
   <trkpt lat="45.4278166" lon="4.4004820">
    <ele>556</ele>
    <time>2026-08-04T05:03:35Z</time>
    <extensions>
     <gpxdata:hr>133</gpxdata:hr>
     <gpxdata:distance>805.00</gpxdata:distance>
     <gpxdata:cadence>82</gpxdata:cadence>
     <gpxdata:speed>2.981</gpxdata:speed>
    </extensions>
   </trkpt>
   <trkpt lat="45.4278243" lon="4.4004590">
    <ele>556</ele>
    <time>2026-08-04T05:03:36Z</time>
    <extensions>
     <gpxdata:hr>133</gpxdata:hr>
     <gpxdata:distance>808.00</gpxdata:distance>
     <gpxdata:cadence>82</gpxdata:cadence>
     <gpxdata:speed>2.981</gpxdata:speed>
    </extensions>
   </trkpt>
   <trkpt lat="45.4278476" lon="4.4003919">
    <ele>556</ele>
    <time>2026-08-04T05:03:37Z</time>
    <extensions>
     <gpxdata:hr>133</gpxdata:hr>
     <gpxdata:distance>811.00</gpxdata:distance>
     <gpxdata:cadence>82</gpxdata:cadence>
     <gpxdata:speed>2.981</gpxdata:speed>
    </extensions>
   </trkpt>
   <trkpt lat="45.4278555" lon="4.4003689">
    <ele>556</ele>
    <time>2026-08-04T05:03:38Z</time>
    <extensions>
     <gpxdata:hr>133</gpxdata:hr>
     <gpxdata:distance>814.00</gpxdata:distance>
     <gpxdata:cadence>82</gpxdata:cadence>
     <gpxdata:speed>2.983</gpxdata:speed>
    </extensions>
   </trkpt>
   <trkpt lat="45.4278635" lon="4.4003459">
    <ele>556</ele>
    <time>2026-08-04T05:03:39Z</time>
    <extensions>
     <gpxdata:hr>133</gpxdata:hr>
     <gpxdata:distance>817.00</gpxdata:distance>
     <gpxdata:cadence>82</gpxdata:cadence>
     <gpxdata:speed>2.983</gpxdata:speed>
    </extensions>
   </trkpt>
   <trkpt lat="45.4278715" lon="4.4003229">
    <ele>556</ele>
    <time>2026-08-04T05:03:40Z</time>
    <extensions>
     <gpxdata:hr>133</gpxdata:hr>
     <gpxdata:distance>820.00</gpxdata:distance>
     <gpxdata:cadence>83</gpxdata:cadence>
     <gpxdata:speed>2.983</gpxdata:speed>
    </extensions>
   </trkpt>
   <trkpt lat="45.4278959" lon="4.4002538">
    <ele>556</ele>
    <time>2026-08-04T05:03:41Z</time>
    <extensions>
     <gpxdata:hr>133</gpxdata:hr>
     <gpxdata:distance>823.00</gpxdata:distance>
     <gpxdata:cadence>82</gpxdata:cadence>
     <gpxdata:speed>2.983</gpxdata:speed>
    </extensions>
   </trkpt>
   <trkpt lat="45.4279040" lon="4.4002306">
    <ele>556</ele>
    <time>2026-08-04T05:03:42Z</time>
    <extensions>
     <gpxdata:hr>132</gpxdata:hr>
     <gpxdata:distance>826.00</gpxdata:distance>
     <gpxdata:cadence>82</gpxdata:cadence>
     <gpxdata:speed>2.986</gpxdata:speed>
    </extensions>
   </trkpt>
   <trkpt lat="45.4279121" lon="4.4002074">
    <ele>556</ele>
    <time>2026-08-04T05:03:43Z</time>
    <extensions>
     <gpxdata:hr>131</gpxdata:hr>
     <gpxdata:distance>829.00</gpxdata:distance>
     <gpxdata:cadence>82</gpxdata:cadence>
     <gpxdata:speed>2.986</gpxdata:speed>
    </extensions>
   </trkpt>
   <trkpt lat="45.4279203" lon="4.4001842">
    <ele>556</ele>
    <time>2026-08-04T05:03:44Z</time>
    <extensions>
     <gpxdata:hr>131</gpxdata:hr>
     <gpxdata:distance>832.00</gpxdata:distance>
     <gpxdata:cadence>82</gpxdata:cadence>
     <gpxdata:speed>2.986</gpxdata:speed>
    </extensions>
   </trkpt>
   <trkpt lat="45.4279452" lon="4.4001137">
    <ele>556</ele>
    <time>2026-08-04T05:03:45Z</time>
    <extensions>
     <gpxdata:hr>131</gpxdata:hr>
     <gpxdata:distance>835.50</gpxdata:distance>
     <gpxdata:cadence>82</gpxdata:cadence>
     <gpxdata:speed>2.986</gpxdata:speed>
    </extensions>
   </trkpt>
   <trkpt lat="45.4279541" lon="4.4000899">
    <ele>556</ele>
    <time>2026-08-04T05:03:46Z</time>
    <extensions>
     <gpxdata:hr>131</gpxdata:hr>
     <gpxdata:distance>839.00</gpxdata:distance>
     <gpxdata:cadence>83</gpxdata:cadence>
     <gpxdata:speed>2.989</gpxdata:speed>
    </extensions>
   </trkpt>
   <trkpt lat="45.4279630" lon="4.4000661">
    <ele>555</ele>
    <time>2026-08-04T05:03:47Z</time>
    <extensions>
     <gpxdata:hr>132</gpxdata:hr>
     <gpxdata:distance>842.00</gpxdata:distance>
     <gpxdata:cadence>83</gpxdata:cadence>
     <gpxdata:speed>2.989</gpxdata:speed>
    </extensions>
   </trkpt>
   <trkpt lat="45.4279719" lon="4.4000423">
    <ele>555</ele>
    <time>2026-08-04T05:03:48Z</time>
    <extensions>
     <gpxdata:hr>132</gpxdata:hr>
     <gpxdata:distance>845.00</gpxdata:distance>
     <gpxdata:cadence>83</gpxdata:cadence>
     <gpxdata:speed>2.992</gpxdata:speed>
    </extensions>
   </trkpt>
   <trkpt lat="45.4280006" lon="4.3999751">
    <ele>555</ele>
    <time>2026-08-04T05:03:49Z</time>
    <extensions>
     <gpxdata:hr>132</gpxdata:hr>
     <gpxdata:distance>848.00</gpxdata:distance>
     <gpxdata:cadence>83</gpxdata:cadence>
     <gpxdata:speed>2.992</gpxdata:speed>
    </extensions>
   </trkpt>
   <trkpt lat="45.4280099" lon="4.3999537">
    <ele>555</ele>
    <time>2026-08-04T05:03:50Z</time>
    <extensions>
     <gpxdata:hr>133</gpxdata:hr>
     <gpxdata:distance>851.00</gpxdata:distance>
     <gpxdata:cadence>83</gpxdata:cadence>
     <gpxdata:speed>2.994</gpxdata:speed>
    </extensions>
   </trkpt>
   <trkpt lat="45.4280192" lon="4.3999323">
    <ele>555</ele>
    <time>2026-08-04T05:03:51Z</time>
    <extensions>
     <gpxdata:hr>133</gpxdata:hr>
     <gpxdata:distance>853.50</gpxdata:distance>
     <gpxdata:cadence>83</gpxdata:cadence>
     <gpxdata:speed>2.994</gpxdata:speed>
    </extensions>
   </trkpt>
   <trkpt lat="45.4280285" lon="4.3999109">
    <ele>555</ele>
    <time>2026-08-04T05:03:52Z</time>
    <extensions>
     <gpxdata:hr>133</gpxdata:hr>
     <gpxdata:distance>856.00</gpxdata:distance>
     <gpxdata:cadence>83</gpxdata:cadence>
     <gpxdata:speed>2.997</gpxdata:speed>
    </extensions>
   </trkpt>
   <trkpt lat="45.4280553" lon="4.3998447">
    <ele>555</ele>
    <time>2026-08-04T05:03:53Z</time>
    <extensions>
     <gpxdata:hr>133</gpxdata:hr>
     <gpxdata:distance>859.50</gpxdata:distance>
     <gpxdata:cadence>82</gpxdata:cadence>
     <gpxdata:speed>2.997</gpxdata:speed>
    </extensions>
   </trkpt>
   <trkpt lat="45.4280639" lon="4.3998221">
    <ele>555</ele>
    <time>2026-08-04T05:03:54Z</time>
    <extensions>
     <gpxdata:hr>133</gpxdata:hr>
     <gpxdata:distance>863.00</gpxdata:distance>
     <gpxdata:cadence>82</gpxdata:cadence>
     <gpxdata:speed>2.997</gpxdata:speed>
    </extensions>
   </trkpt>
   <trkpt lat="45.4280725" lon="4.3997996">
    <ele>555</ele>
    <time>2026-08-04T05:03:55Z</time>
    <extensions>
     <gpxdata:hr>133</gpxdata:hr>
     <gpxdata:distance>866.00</gpxdata:distance>
     <gpxdata:cadence>82</gpxdata:cadence>
     <gpxdata:speed>2.997</gpxdata:speed>
    </extensions>
   </trkpt>
   <trkpt lat="45.4280811" lon="4.3997771">
    <ele>555</ele>
    <time>2026-08-04T05:03:56Z</time>
    <extensions>
     <gpxdata:hr>133</gpxdata:hr>
     <gpxdata:distance>869.00</gpxdata:distance>
     <gpxdata:cadence>83</gpxdata:cadence>
     <gpxdata:speed>3.000</gpxdata:speed>
    </extensions>
   </trkpt>
   <trkpt lat="45.4281081" lon="4.3997104">
    <ele>555</ele>
    <time>2026-08-04T05:03:57Z</time>
    <extensions>
     <gpxdata:hr>133</gpxdata:hr>
     <gpxdata:distance>872.00</gpxdata:distance>
     <gpxdata:cadence>83</gpxdata:cadence>
     <gpxdata:speed>3.000</gpxdata:speed>
    </extensions>
   </trkpt>
   <trkpt lat="45.4281170" lon="4.3996883">
    <ele>555</ele>
    <time>2026-08-04T05:03:58Z</time>
    <extensions>
     <gpxdata:hr>133</gpxdata:hr>
     <gpxdata:distance>875.00</gpxdata:distance>
     <gpxdata:cadence>83</gpxdata:cadence>
     <gpxdata:speed>3.003</gpxdata:speed>
    </extensions>
   </trkpt>
   <trkpt lat="45.4281259" lon="4.3996662">
    <ele>555</ele>
    <time>2026-08-04T05:03:59Z</time>
    <extensions>
     <gpxdata:hr>134</gpxdata:hr>
     <gpxdata:distance>877.50</gpxdata:distance>
     <gpxdata:cadence>82</gpxdata:cadence>
     <gpxdata:speed>3.003</gpxdata:speed>
    </extensions>
   </trkpt>
   <trkpt lat="45.4281349" lon="4.3996442">
    <ele>555</ele>
    <time>2026-08-04T05:04:00Z</time>
    <extensions>
     <gpxdata:hr>134</gpxdata:hr>
     <gpxdata:distance>880.00</gpxdata:distance>
     <gpxdata:cadence>82</gpxdata:cadence>
     <gpxdata:speed>3.003</gpxdata:speed>
    </extensions>
   </trkpt>
   <trkpt lat="45.4281618" lon="4.3995802">
    <ele>555</ele>
    <time>2026-08-04T05:04:01Z</time>
    <extensions>
     <gpxdata:hr>134</gpxdata:hr>
     <gpxdata:distance>883.00</gpxdata:distance>
     <gpxdata:cadence>82</gpxdata:cadence>
     <gpxdata:speed>3.003</gpxdata:speed>
    </extensions>
   </trkpt>
   <trkpt lat="45.4281705" lon="4.3995591">
    <ele>555</ele>
    <time>2026-08-04T05:04:02Z</time>
    <extensions>
     <gpxdata:hr>133</gpxdata:hr>
     <gpxdata:distance>886.00</gpxdata:distance>
     <gpxdata:cadence>82</gpxdata:cadence>
     <gpxdata:speed>3.003</gpxdata:speed>
    </extensions>
   </trkpt>
   <trkpt lat="45.4281792" lon="4.3995381">
    <ele>554</ele>
    <time>2026-08-04T05:04:03Z</time>
    <extensions>
     <gpxdata:hr>133</gpxdata:hr>
     <gpxdata:distance>889.00</gpxdata:distance>
     <gpxdata:cadence>82</gpxdata:cadence>
     <gpxdata:speed>3.003</gpxdata:speed>
    </extensions>
   </trkpt>
   <trkpt lat="45.4281879" lon="4.3995171">
    <ele>554</ele>
    <time>2026-08-04T05:04:04Z</time>
    <extensions>
     <gpxdata:hr>133</gpxdata:hr>
     <gpxdata:distance>892.00</gpxdata:distance>
     <gpxdata:cadence>82</gpxdata:cadence>
     <gpxdata:speed>3.006</gpxdata:speed>
    </extensions>
   </trkpt>
   <trkpt lat="45.4282150" lon="4.3994537">
    <ele>554</ele>
    <time>2026-08-04T05:04:05Z</time>
    <extensions>
     <gpxdata:hr>133</gpxdata:hr>
     <gpxdata:distance>895.00</gpxdata:distance>
     <gpxdata:cadence>82</gpxdata:cadence>
     <gpxdata:speed>3.006</gpxdata:speed>
    </extensions>
   </trkpt>
   <trkpt lat="45.4282240" lon="4.3994318">
    <ele>554</ele>
    <time>2026-08-04T05:04:06Z</time>
    <extensions>
     <gpxdata:hr>132</gpxdata:hr>
     <gpxdata:distance>898.00</gpxdata:distance>
     <gpxdata:cadence>82</gpxdata:cadence>
     <gpxdata:speed>3.006</gpxdata:speed>
    </extensions>
   </trkpt>
   <trkpt lat="45.4282330" lon="4.3994100">
    <ele>554</ele>
    <time>2026-08-04T05:04:07Z</time>
    <extensions>
     <gpxdata:hr>132</gpxdata:hr>
     <gpxdata:distance>901.00</gpxdata:distance>
     <gpxdata:cadence>82</gpxdata:cadence>
     <gpxdata:speed>3.006</gpxdata:speed>
    </extensions>
   </trkpt>
   <trkpt lat="45.4282421" lon="4.3993882">
    <ele>554</ele>
    <time>2026-08-04T05:04:08Z</time>
    <extensions>
     <gpxdata:hr>132</gpxdata:hr>
     <gpxdata:distance>904.00</gpxdata:distance>
     <gpxdata:cadence>82</gpxdata:cadence>
     <gpxdata:speed>3.006</gpxdata:speed>
    </extensions>
   </trkpt>
   <trkpt lat="45.4282689" lon="4.3993198">
    <ele>554</ele>
    <time>2026-08-04T05:04:09Z</time>
    <extensions>
     <gpxdata:hr>132</gpxdata:hr>
     <gpxdata:distance>907.00</gpxdata:distance>
     <gpxdata:cadence>82</gpxdata:cadence>
     <gpxdata:speed>3.006</gpxdata:speed>
    </extensions>
   </trkpt>
   <trkpt lat="45.4282761" lon="4.3992964">
    <ele>554</ele>
    <time>2026-08-04T05:04:10Z</time>
    <extensions>
     <gpxdata:hr>131</gpxdata:hr>
     <gpxdata:distance>910.00</gpxdata:distance>
     <gpxdata:cadence>82</gpxdata:cadence>
     <gpxdata:speed>3.006</gpxdata:speed>
    </extensions>
   </trkpt>
   <trkpt lat="45.4282833" lon="4.3992730">
    <ele>554</ele>
    <time>2026-08-04T05:04:11Z</time>
    <extensions>
     <gpxdata:hr>130</gpxdata:hr>
     <gpxdata:distance>913.00</gpxdata:distance>
     <gpxdata:cadence>82</gpxdata:cadence>
     <gpxdata:speed>3.006</gpxdata:speed>
    </extensions>
   </trkpt>
   <trkpt lat="45.4282906" lon="4.3992496">
    <ele>554</ele>
    <time>2026-08-04T05:04:12Z</time>
    <extensions>
     <gpxdata:hr>130</gpxdata:hr>
     <gpxdata:distance>916.00</gpxdata:distance>
     <gpxdata:cadence>82</gpxdata:cadence>
     <gpxdata:speed>3.008</gpxdata:speed>
    </extensions>
   </trkpt>
   <trkpt lat="45.4283116" lon="4.3991785">
    <ele>554</ele>
    <time>2026-08-04T05:04:13Z</time>
    <extensions>
     <gpxdata:hr>131</gpxdata:hr>
     <gpxdata:distance>919.00</gpxdata:distance>
     <gpxdata:cadence>82</gpxdata:cadence>
     <gpxdata:speed>3.008</gpxdata:speed>
    </extensions>
   </trkpt>
   <trkpt lat="45.4283193" lon="4.3991545">
    <ele>554</ele>
    <time>2026-08-04T05:04:14Z</time>
    <extensions>
     <gpxdata:hr>131</gpxdata:hr>
     <gpxdata:distance>922.00</gpxdata:distance>
     <gpxdata:cadence>82</gpxdata:cadence>
     <gpxdata:speed>3.011</gpxdata:speed>
    </extensions>
   </trkpt>
   <trkpt lat="45.4283270" lon="4.3991305">
    <ele>554</ele>
    <time>2026-08-04T05:04:15Z</time>
    <extensions>
     <gpxdata:hr>131</gpxdata:hr>
     <gpxdata:distance>925.50</gpxdata:distance>
     <gpxdata:cadence>82</gpxdata:cadence>
     <gpxdata:speed>3.011</gpxdata:speed>
    </extensions>
   </trkpt>
   <trkpt lat="45.4283347" lon="4.3991066">
    <ele>554</ele>
    <time>2026-08-04T05:04:16Z</time>
    <extensions>
     <gpxdata:hr>130</gpxdata:hr>
     <gpxdata:distance>929.00</gpxdata:distance>
     <gpxdata:cadence>82</gpxdata:cadence>
     <gpxdata:speed>3.014</gpxdata:speed>
    </extensions>
   </trkpt>
   <trkpt lat="45.4283597" lon="4.3990370">
    <ele>554</ele>
    <time>2026-08-04T05:04:17Z</time>
    <extensions>
     <gpxdata:hr>130</gpxdata:hr>
     <gpxdata:distance>931.50</gpxdata:distance>
     <gpxdata:cadence>82</gpxdata:cadence>
     <gpxdata:speed>3.014</gpxdata:speed>
    </extensions>
   </trkpt>
   <trkpt lat="45.4283686" lon="4.3990147">
    <ele>554</ele>
    <time>2026-08-04T05:04:18Z</time>
    <extensions>
     <gpxdata:hr>130</gpxdata:hr>
     <gpxdata:distance>934.00</gpxdata:distance>
     <gpxdata:cadence>82</gpxdata:cadence>
     <gpxdata:speed>3.014</gpxdata:speed>
    </extensions>
   </trkpt>
   <trkpt lat="45.4283775" lon="4.3989924">
    <ele>554</ele>
    <time>2026-08-04T05:04:19Z</time>
    <extensions>
     <gpxdata:hr>130</gpxdata:hr>
     <gpxdata:distance>937.00</gpxdata:distance>
     <gpxdata:cadence>82</gpxdata:cadence>
     <gpxdata:speed>3.014</gpxdata:speed>
    </extensions>
   </trkpt>
   <trkpt lat="45.4283864" lon="4.3989701">
    <ele>554</ele>
    <time>2026-08-04T05:04:20Z</time>
    <extensions>
     <gpxdata:hr>130</gpxdata:hr>
     <gpxdata:distance>940.00</gpxdata:distance>
     <gpxdata:cadence>82</gpxdata:cadence>
     <gpxdata:speed>3.014</gpxdata:speed>
    </extensions>
   </trkpt>
   <trkpt lat="45.4284136" lon="4.3989064">
    <ele>554</ele>
    <time>2026-08-04T05:04:21Z</time>
    <extensions>
     <gpxdata:hr>129</gpxdata:hr>
     <gpxdata:distance>943.00</gpxdata:distance>
     <gpxdata:cadence>82</gpxdata:cadence>
     <gpxdata:speed>3.014</gpxdata:speed>
    </extensions>
   </trkpt>
   <trkpt lat="45.4284231" lon="4.3988861">
    <ele>554</ele>
    <time>2026-08-04T05:04:22Z</time>
    <extensions>
     <gpxdata:hr>130</gpxdata:hr>
     <gpxdata:distance>946.00</gpxdata:distance>
     <gpxdata:cadence>82</gpxdata:cadence>
     <gpxdata:speed>3.017</gpxdata:speed>
    </extensions>
   </trkpt>
   <trkpt lat="45.4284326" lon="4.3988658">
    <ele>553</ele>
    <time>2026-08-04T05:04:23Z</time>
    <extensions>
     <gpxdata:hr>130</gpxdata:hr>
     <gpxdata:distance>949.00</gpxdata:distance>
     <gpxdata:cadence>82</gpxdata:cadence>
     <gpxdata:speed>3.014</gpxdata:speed>
    </extensions>
   </trkpt>
   <trkpt lat="45.4284422" lon="4.3988455">
    <ele>553</ele>
    <time>2026-08-04T05:04:24Z</time>
    <extensions>
     <gpxdata:hr>130</gpxdata:hr>
     <gpxdata:distance>952.00</gpxdata:distance>
     <gpxdata:cadence>82</gpxdata:cadence>
     <gpxdata:speed>3.014</gpxdata:speed>
    </extensions>
   </trkpt>
   <trkpt lat="45.4284712" lon="4.3987824">
    <ele>553</ele>
    <time>2026-08-04T05:04:25Z</time>
    <extensions>
     <gpxdata:hr>130</gpxdata:hr>
     <gpxdata:distance>955.00</gpxdata:distance>
     <gpxdata:cadence>82</gpxdata:cadence>
     <gpxdata:speed>3.014</gpxdata:speed>
    </extensions>
   </trkpt>
   <trkpt lat="45.4284799" lon="4.3987595">
    <ele>553</ele>
    <time>2026-08-04T05:04:26Z</time>
    <extensions>
     <gpxdata:hr>130</gpxdata:hr>
     <gpxdata:distance>958.00</gpxdata:distance>
     <gpxdata:cadence>83</gpxdata:cadence>
     <gpxdata:speed>3.014</gpxdata:speed>
    </extensions>
   </trkpt>
   <trkpt lat="45.4284886" lon="4.3987367">
    <ele>553</ele>
    <time>2026-08-04T05:04:27Z</time>
    <extensions>
     <gpxdata:hr>131</gpxdata:hr>
     <gpxdata:distance>961.00</gpxdata:distance>
     <gpxdata:cadence>83</gpxdata:cadence>
     <gpxdata:speed>3.014</gpxdata:speed>
    </extensions>
   </trkpt>
   <trkpt lat="45.4284974" lon="4.3987139">
    <ele>553</ele>
    <time>2026-08-04T05:04:28Z</time>
    <extensions>
     <gpxdata:hr>131</gpxdata:hr>
     <gpxdata:distance>964.00</gpxdata:distance>
     <gpxdata:cadence>83</gpxdata:cadence>
     <gpxdata:speed>3.014</gpxdata:speed>
    </extensions>
   </trkpt>
   <trkpt lat="45.4285235" lon="4.3986461">
    <ele>553</ele>
    <time>2026-08-04T05:04:29Z</time>
    <extensions>
     <gpxdata:hr>131</gpxdata:hr>
     <gpxdata:distance>967.00</gpxdata:distance>
     <gpxdata:cadence>84</gpxdata:cadence>
     <gpxdata:speed>3.011</gpxdata:speed>
    </extensions>
   </trkpt>
   <trkpt lat="45.4285331" lon="4.3986238">
    <ele>553</ele>
    <time>2026-08-04T05:04:30Z</time>
    <extensions>
     <gpxdata:hr>130</gpxdata:hr>
     <gpxdata:distance>970.00</gpxdata:distance>
     <gpxdata:cadence>84</gpxdata:cadence>
     <gpxdata:speed>3.011</gpxdata:speed>
    </extensions>
   </trkpt>
   <trkpt lat="45.4285427" lon="4.3986016">
    <ele>553</ele>
    <time>2026-08-04T05:04:31Z</time>
    <extensions>
     <gpxdata:hr>131</gpxdata:hr>
     <gpxdata:distance>973.00</gpxdata:distance>
     <gpxdata:cadence>84</gpxdata:cadence>
     <gpxdata:speed>3.011</gpxdata:speed>
    </extensions>
   </trkpt>
   <trkpt lat="45.4285524" lon="4.3985794">
    <ele>553</ele>
    <time>2026-08-04T05:04:32Z</time>
    <extensions>
     <gpxdata:hr>130</gpxdata:hr>
     <gpxdata:distance>976.00</gpxdata:distance>
     <gpxdata:cadence>84</gpxdata:cadence>
     <gpxdata:speed>3.011</gpxdata:speed>
    </extensions>
   </trkpt>
   <trkpt lat="45.4285823" lon="4.3985198">
    <ele>553</ele>
    <time>2026-08-04T05:04:33Z</time>
    <extensions>
     <gpxdata:hr>130</gpxdata:hr>
     <gpxdata:distance>978.50</gpxdata:distance>
     <gpxdata:cadence>84</gpxdata:cadence>
     <gpxdata:speed>3.011</gpxdata:speed>
    </extensions>
   </trkpt>
   <trkpt lat="45.4285931" lon="4.3985012">
    <ele>553</ele>
    <time>2026-08-04T05:04:34Z</time>
    <extensions>
     <gpxdata:hr>131</gpxdata:hr>
     <gpxdata:distance>981.00</gpxdata:distance>
     <gpxdata:cadence>84</gpxdata:cadence>
     <gpxdata:speed>3.011</gpxdata:speed>
    </extensions>
   </trkpt>
   <trkpt lat="45.4286039" lon="4.3984826">
    <ele>552</ele>
    <time>2026-08-04T05:04:35Z</time>
    <extensions>
     <gpxdata:hr>130</gpxdata:hr>
     <gpxdata:distance>984.50</gpxdata:distance>
     <gpxdata:cadence>83</gpxdata:cadence>
     <gpxdata:speed>3.008</gpxdata:speed>
    </extensions>
   </trkpt>
   <trkpt lat="45.4286148" lon="4.3984641">
    <ele>552</ele>
    <time>2026-08-04T05:04:36Z</time>
    <extensions>
     <gpxdata:hr>131</gpxdata:hr>
     <gpxdata:distance>988.00</gpxdata:distance>
     <gpxdata:cadence>83</gpxdata:cadence>
     <gpxdata:speed>3.008</gpxdata:speed>
    </extensions>
   </trkpt>
   <trkpt lat="45.4286490" lon="4.3984058">
    <ele>552</ele>
    <time>2026-08-04T05:04:37Z</time>
    <extensions>
     <gpxdata:hr>131</gpxdata:hr>
     <gpxdata:distance>991.00</gpxdata:distance>
     <gpxdata:cadence>83</gpxdata:cadence>
     <gpxdata:speed>3.008</gpxdata:speed>
    </extensions>
   </trkpt>
   <trkpt lat="45.4286608" lon="4.3983855">
    <ele>552</ele>
    <time>2026-08-04T05:04:38Z</time>
    <extensions>
     <gpxdata:hr>132</gpxdata:hr>
     <gpxdata:distance>994.00</gpxdata:distance>
     <gpxdata:cadence>83</gpxdata:cadence>
     <gpxdata:speed>3.008</gpxdata:speed>
    </extensions>
   </trkpt>
   <trkpt lat="45.4286726" lon="4.3983652">
    <ele>552</ele>
    <time>2026-08-04T05:04:39Z</time>
    <extensions>
     <gpxdata:hr>133</gpxdata:hr>
     <gpxdata:distance>997.00</gpxdata:distance>
     <gpxdata:cadence>82</gpxdata:cadence>
     <gpxdata:speed>3.008</gpxdata:speed>
    </extensions>
   </trkpt>
   <trkpt lat="45.4286844" lon="4.3983449">
    <ele>552</ele>
    <time>2026-08-04T05:04:40Z</time>
    <extensions>
     <gpxdata:hr>133</gpxdata:hr>
     <gpxdata:distance>1000.00</gpxdata:distance>
     <gpxdata:cadence>82</gpxdata:cadence>
     <gpxdata:speed>3.008</gpxdata:speed>
    </extensions>
   </trkpt>
   <trkpt lat="45.4287216" lon="4.3982823">
    <ele>552</ele>
    <time>2026-08-04T05:04:41Z</time>
    <extensions>
     <gpxdata:hr>134</gpxdata:hr>
     <gpxdata:distance>1003.00</gpxdata:distance>
     <gpxdata:cadence>82</gpxdata:cadence>
     <gpxdata:speed>3.008</gpxdata:speed>
    </extensions>
   </trkpt>
   <trkpt lat="45.4287337" lon="4.3982613">
    <ele>552</ele>
    <time>2026-08-04T05:04:42Z</time>
    <extensions>
     <gpxdata:hr>135</gpxdata:hr>
     <gpxdata:distance>1006.00</gpxdata:distance>
     <gpxdata:cadence>82</gpxdata:cadence>
     <gpxdata:speed>3.008</gpxdata:speed>
    </extensions>
   </trkpt>
   <trkpt lat="45.4287458" lon="4.3982403">
    <ele>552</ele>
    <time>2026-08-04T05:04:43Z</time>
    <extensions>
     <gpxdata:hr>136</gpxdata:hr>
     <gpxdata:distance>1009.50</gpxdata:distance>
     <gpxdata:cadence>82</gpxdata:cadence>
     <gpxdata:speed>3.008</gpxdata:speed>
    </extensions>
   </trkpt>
   <trkpt lat="45.4287580" lon="4.3982193">
    <ele>552</ele>
    <time>2026-08-04T05:04:44Z</time>
    <extensions>
     <gpxdata:hr>136</gpxdata:hr>
     <gpxdata:distance>1013.00</gpxdata:distance>
     <gpxdata:cadence>83</gpxdata:cadence>
     <gpxdata:speed>3.011</gpxdata:speed>
    </extensions>
   </trkpt>
   <trkpt lat="45.4287916" lon="4.3981583">
    <ele>552</ele>
    <time>2026-08-04T05:04:45Z</time>
    <extensions>
     <gpxdata:hr>136</gpxdata:hr>
     <gpxdata:distance>1015.50</gpxdata:distance>
     <gpxdata:cadence>83</gpxdata:cadence>
     <gpxdata:speed>3.011</gpxdata:speed>
    </extensions>
   </trkpt>
   <trkpt lat="45.4288026" lon="4.3981385">
    <ele>552</ele>
    <time>2026-08-04T05:04:46Z</time>
    <extensions>
     <gpxdata:hr>136</gpxdata:hr>
     <gpxdata:distance>1018.00</gpxdata:distance>
     <gpxdata:cadence>83</gpxdata:cadence>
     <gpxdata:speed>3.014</gpxdata:speed>
    </extensions>
   </trkpt>
   <trkpt lat="45.4288136" lon="4.3981188">
    <ele>552</ele>
    <time>2026-08-04T05:04:47Z</time>
    <extensions>
     <gpxdata:hr>137</gpxdata:hr>
     <gpxdata:distance>1021.00</gpxdata:distance>
     <gpxdata:cadence>83</gpxdata:cadence>
     <gpxdata:speed>3.014</gpxdata:speed>
    </extensions>
   </trkpt>
   <trkpt lat="45.4288246" lon="4.3980991">
    <ele>552</ele>
    <time>2026-08-04T05:04:48Z</time>
    <extensions>
     <gpxdata:hr>137</gpxdata:hr>
     <gpxdata:distance>1024.00</gpxdata:distance>
     <gpxdata:cadence>83</gpxdata:cadence>
     <gpxdata:speed>3.017</gpxdata:speed>
    </extensions>
   </trkpt>
   <trkpt lat="45.4288609" lon="4.3980414">
    <ele>552</ele>
    <time>2026-08-04T05:04:49Z</time>
    <extensions>
     <gpxdata:hr>137</gpxdata:hr>
     <gpxdata:distance>1027.00</gpxdata:distance>
     <gpxdata:cadence>83</gpxdata:cadence>
     <gpxdata:speed>3.017</gpxdata:speed>
    </extensions>
   </trkpt>
   <trkpt lat="45.4288730" lon="4.3980221">
    <ele>552</ele>
    <time>2026-08-04T05:04:50Z</time>
    <extensions>
     <gpxdata:hr>137</gpxdata:hr>
     <gpxdata:distance>1030.00</gpxdata:distance>
     <gpxdata:cadence>83</gpxdata:cadence>
     <gpxdata:speed>3.017</gpxdata:speed>
    </extensions>
   </trkpt>
   <trkpt lat="45.4288851" lon="4.3980029">
    <ele>551</ele>
    <time>2026-08-04T05:04:51Z</time>
    <extensions>
     <gpxdata:hr>138</gpxdata:hr>
     <gpxdata:distance>1033.00</gpxdata:distance>
     <gpxdata:cadence>83</gpxdata:cadence>
     <gpxdata:speed>3.017</gpxdata:speed>
    </extensions>
   </trkpt>
   <trkpt lat="45.4288973" lon="4.3979837">
    <ele>551</ele>
    <time>2026-08-04T05:04:52Z</time>
    <extensions>
     <gpxdata:hr>138</gpxdata:hr>
     <gpxdata:distance>1036.00</gpxdata:distance>
     <gpxdata:cadence>83</gpxdata:cadence>
     <gpxdata:speed>3.019</gpxdata:speed>
    </extensions>
   </trkpt>
   <trkpt lat="45.4289318" lon="4.3979264">
    <ele>551</ele>
    <time>2026-08-04T05:04:53Z</time>
    <extensions>
     <gpxdata:hr>138</gpxdata:hr>
     <gpxdata:distance>1039.00</gpxdata:distance>
     <gpxdata:cadence>82</gpxdata:cadence>
     <gpxdata:speed>3.019</gpxdata:speed>
    </extensions>
   </trkpt>
   <trkpt lat="45.4289438" lon="4.3979082">
    <ele>551</ele>
    <time>2026-08-04T05:04:54Z</time>
    <extensions>
     <gpxdata:hr>139</gpxdata:hr>
     <gpxdata:distance>1042.00</gpxdata:distance>
     <gpxdata:cadence>82</gpxdata:cadence>
     <gpxdata:speed>3.019</gpxdata:speed>
    </extensions>
   </trkpt>
   <trkpt lat="45.4289558" lon="4.3978901">
    <ele>551</ele>
    <time>2026-08-04T05:04:55Z</time>
    <extensions>
     <gpxdata:hr>139</gpxdata:hr>
     <gpxdata:distance>1045.00</gpxdata:distance>
     <gpxdata:cadence>82</gpxdata:cadence>
     <gpxdata:speed>3.019</gpxdata:speed>
    </extensions>
   </trkpt>
   <trkpt lat="45.4289679" lon="4.3978720">
    <ele>551</ele>
    <time>2026-08-04T05:04:56Z</time>
    <extensions>
     <gpxdata:hr>139</gpxdata:hr>
     <gpxdata:distance>1048.00</gpxdata:distance>
     <gpxdata:cadence>83</gpxdata:cadence>
     <gpxdata:speed>3.019</gpxdata:speed>
    </extensions>
   </trkpt>
   <trkpt lat="45.4290047" lon="4.3978153">
    <ele>551</ele>
    <time>2026-08-04T05:04:57Z</time>
    <extensions>
     <gpxdata:hr>139</gpxdata:hr>
     <gpxdata:distance>1051.50</gpxdata:distance>
     <gpxdata:cadence>82</gpxdata:cadence>
     <gpxdata:speed>3.019</gpxdata:speed>
    </extensions>
   </trkpt>
   <trkpt lat="45.4290175" lon="4.3977954">
    <ele>551</ele>
    <time>2026-08-04T05:04:58Z</time>
    <extensions>
     <gpxdata:hr>138</gpxdata:hr>
     <gpxdata:distance>1055.00</gpxdata:distance>
     <gpxdata:cadence>82</gpxdata:cadence>
     <gpxdata:speed>3.019</gpxdata:speed>
    </extensions>
   </trkpt>
   <trkpt lat="45.4290304" lon="4.3977755">
    <ele>551</ele>
    <time>2026-08-04T05:04:59Z</time>
    <extensions>
     <gpxdata:hr>137</gpxdata:hr>
     <gpxdata:distance>1058.00</gpxdata:distance>
     <gpxdata:cadence>82</gpxdata:cadence>
     <gpxdata:speed>3.019</gpxdata:speed>
    </extensions>
   </trkpt>
   <trkpt lat="45.4290433" lon="4.3977557">
    <ele>551</ele>
    <time>2026-08-04T05:05:00Z</time>
    <extensions>
     <gpxdata:hr>137</gpxdata:hr>
     <gpxdata:distance>1061.00</gpxdata:distance>
     <gpxdata:cadence>83</gpxdata:cadence>
     <gpxdata:speed>3.022</gpxdata:speed>
    </extensions>
   </trkpt>
   <trkpt lat="45.4290823" lon="4.3976974">
    <ele>551</ele>
    <time>2026-08-04T05:05:01Z</time>
    <extensions>
     <gpxdata:hr>137</gpxdata:hr>
     <gpxdata:distance>1064.00</gpxdata:distance>
     <gpxdata:cadence>83</gpxdata:cadence>
     <gpxdata:speed>3.022</gpxdata:speed>
    </extensions>
   </trkpt>
   <trkpt lat="45.4290953" lon="4.3976774">
    <ele>551</ele>
    <time>2026-08-04T05:05:02Z</time>
    <extensions>
     <gpxdata:hr>137</gpxdata:hr>
     <gpxdata:distance>1067.00</gpxdata:distance>
     <gpxdata:cadence>83</gpxdata:cadence>
     <gpxdata:speed>3.025</gpxdata:speed>
    </extensions>
   </trkpt>
   <trkpt lat="45.4291083" lon="4.3976575">
    <ele>551</ele>
    <time>2026-08-04T05:05:03Z</time>
    <extensions>
     <gpxdata:hr>137</gpxdata:hr>
     <gpxdata:distance>1070.50</gpxdata:distance>
     <gpxdata:cadence>83</gpxdata:cadence>
     <gpxdata:speed>3.025</gpxdata:speed>
    </extensions>
   </trkpt>
   <trkpt lat="45.4291214" lon="4.3976376">
    <ele>551</ele>
    <time>2026-08-04T05:05:04Z</time>
    <extensions>
     <gpxdata:hr>136</gpxdata:hr>
     <gpxdata:distance>1074.00</gpxdata:distance>
     <gpxdata:cadence>83</gpxdata:cadence>
     <gpxdata:speed>3.028</gpxdata:speed>
    </extensions>
   </trkpt>
   <trkpt lat="45.4291583" lon="4.3975818">
    <ele>551</ele>
    <time>2026-08-04T05:05:05Z</time>
    <extensions>
     <gpxdata:hr>136</gpxdata:hr>
     <gpxdata:distance>1076.50</gpxdata:distance>
     <gpxdata:cadence>83</gpxdata:cadence>
     <gpxdata:speed>3.028</gpxdata:speed>
    </extensions>
   </trkpt>
   <trkpt lat="45.4291709" lon="4.3975654">
    <ele>551</ele>
    <time>2026-08-04T05:05:06Z</time>
    <extensions>
     <gpxdata:hr>135</gpxdata:hr>
     <gpxdata:distance>1079.00</gpxdata:distance>
     <gpxdata:cadence>83</gpxdata:cadence>
     <gpxdata:speed>3.031</gpxdata:speed>
    </extensions>
   </trkpt>
   <trkpt lat="45.4291835" lon="4.3975490">
    <ele>550</ele>
    <time>2026-08-04T05:05:07Z</time>
    <extensions>
     <gpxdata:hr>135</gpxdata:hr>
     <gpxdata:distance>1082.00</gpxdata:distance>
     <gpxdata:cadence>83</gpxdata:cadence>
     <gpxdata:speed>3.031</gpxdata:speed>
    </extensions>
   </trkpt>
   <trkpt lat="45.4291962" lon="4.3975326">
    <ele>550</ele>
    <time>2026-08-04T05:05:08Z</time>
    <extensions>
     <gpxdata:hr>135</gpxdata:hr>
     <gpxdata:distance>1085.00</gpxdata:distance>
     <gpxdata:cadence>83</gpxdata:cadence>
     <gpxdata:speed>3.031</gpxdata:speed>
    </extensions>
   </trkpt>
   <trkpt lat="45.4292366" lon="4.3974841">
    <ele>550</ele>
    <time>2026-08-04T05:05:09Z</time>
    <extensions>
     <gpxdata:hr>135</gpxdata:hr>
     <gpxdata:distance>1088.00</gpxdata:distance>
     <gpxdata:cadence>83</gpxdata:cadence>
     <gpxdata:speed>3.031</gpxdata:speed>
    </extensions>
   </trkpt>
   <trkpt lat="45.4292507" lon="4.3974679">
    <ele>550</ele>
    <time>2026-08-04T05:05:10Z</time>
    <extensions>
     <gpxdata:hr>134</gpxdata:hr>
     <gpxdata:distance>1091.00</gpxdata:distance>
     <gpxdata:cadence>83</gpxdata:cadence>
     <gpxdata:speed>3.031</gpxdata:speed>
    </extensions>
   </trkpt>
   <trkpt lat="45.4292649" lon="4.3974517">
    <ele>550</ele>
    <time>2026-08-04T05:05:11Z</time>
    <extensions>
     <gpxdata:hr>134</gpxdata:hr>
     <gpxdata:distance>1094.00</gpxdata:distance>
     <gpxdata:cadence>83</gpxdata:cadence>
     <gpxdata:speed>3.031</gpxdata:speed>
    </extensions>
   </trkpt>
   <trkpt lat="45.4292791" lon="4.3974355">
    <ele>550</ele>
    <time>2026-08-04T05:05:12Z</time>
    <extensions>
     <gpxdata:hr>133</gpxdata:hr>
     <gpxdata:distance>1097.00</gpxdata:distance>
     <gpxdata:cadence>83</gpxdata:cadence>
     <gpxdata:speed>3.031</gpxdata:speed>
    </extensions>
   </trkpt>
   <trkpt lat="45.4293217" lon="4.3973868">
    <ele>550</ele>
    <time>2026-08-04T05:05:13Z</time>
    <extensions>
     <gpxdata:hr>133</gpxdata:hr>
     <gpxdata:distance>1100.00</gpxdata:distance>
     <gpxdata:cadence>83</gpxdata:cadence>
     <gpxdata:speed>3.031</gpxdata:speed>
    </extensions>
   </trkpt>
   <trkpt lat="45.4293355" lon="4.3973700">
    <ele>550</ele>
    <time>2026-08-04T05:05:14Z</time>
    <extensions>
     <gpxdata:hr>132</gpxdata:hr>
     <gpxdata:distance>1103.00</gpxdata:distance>
     <gpxdata:cadence>83</gpxdata:cadence>
     <gpxdata:speed>3.031</gpxdata:speed>
    </extensions>
   </trkpt>
   <trkpt lat="45.4293493" lon="4.3973533">
    <ele>550</ele>
    <time>2026-08-04T05:05:15Z</time>
    <extensions>
     <gpxdata:hr>132</gpxdata:hr>
     <gpxdata:distance>1106.00</gpxdata:distance>
     <gpxdata:cadence>83</gpxdata:cadence>
     <gpxdata:speed>3.031</gpxdata:speed>
    </extensions>
   </trkpt>
   <trkpt lat="45.4293632" lon="4.3973366">
    <ele>550</ele>
    <time>2026-08-04T05:05:16Z</time>
    <extensions>
     <gpxdata:hr>132</gpxdata:hr>
     <gpxdata:distance>1109.00</gpxdata:distance>
     <gpxdata:cadence>83</gpxdata:cadence>
     <gpxdata:speed>3.033</gpxdata:speed>
    </extensions>
   </trkpt>
   <trkpt lat="45.4294051" lon="4.3972871">
    <ele>550</ele>
    <time>2026-08-04T05:05:17Z</time>
    <extensions>
     <gpxdata:hr>132</gpxdata:hr>
     <gpxdata:distance>1112.00</gpxdata:distance>
     <gpxdata:cadence>82</gpxdata:cadence>
     <gpxdata:speed>3.033</gpxdata:speed>
    </extensions>
   </trkpt>
   <trkpt lat="45.4294196" lon="4.3972709">
    <ele>550</ele>
    <time>2026-08-04T05:05:18Z</time>
    <extensions>
     <gpxdata:hr>132</gpxdata:hr>
     <gpxdata:distance>1115.00</gpxdata:distance>
     <gpxdata:cadence>82</gpxdata:cadence>
     <gpxdata:speed>3.033</gpxdata:speed>
    </extensions>
   </trkpt>
   <trkpt lat="45.4294342" lon="4.3972547">
    <ele>550</ele>
    <time>2026-08-04T05:05:19Z</time>
    <extensions>
     <gpxdata:hr>132</gpxdata:hr>
     <gpxdata:distance>1118.00</gpxdata:distance>
     <gpxdata:cadence>82</gpxdata:cadence>
     <gpxdata:speed>3.033</gpxdata:speed>
    </extensions>
   </trkpt>
   <trkpt lat="45.4294488" lon="4.3972385">
    <ele>550</ele>
    <time>2026-08-04T05:05:20Z</time>
    <extensions>
     <gpxdata:hr>132</gpxdata:hr>
     <gpxdata:distance>1121.00</gpxdata:distance>
     <gpxdata:cadence>82</gpxdata:cadence>
     <gpxdata:speed>3.036</gpxdata:speed>
    </extensions>
   </trkpt>
   <trkpt lat="45.4294920" lon="4.3971907">
    <ele>550</ele>
    <time>2026-08-04T05:05:21Z</time>
    <extensions>
     <gpxdata:hr>131</gpxdata:hr>
     <gpxdata:distance>1124.00</gpxdata:distance>
     <gpxdata:cadence>82</gpxdata:cadence>
     <gpxdata:speed>3.036</gpxdata:speed>
    </extensions>
   </trkpt>
   <trkpt lat="45.4295056" lon="4.3971758">
    <ele>550</ele>
    <time>2026-08-04T05:05:22Z</time>
    <extensions>
     <gpxdata:hr>131</gpxdata:hr>
     <gpxdata:distance>1127.00</gpxdata:distance>
     <gpxdata:cadence>82</gpxdata:cadence>
     <gpxdata:speed>3.036</gpxdata:speed>
    </extensions>
   </trkpt>
   <trkpt lat="45.4295192" lon="4.3971609">
    <ele>549</ele>
    <time>2026-08-04T05:05:23Z</time>
    <extensions>
     <gpxdata:hr>132</gpxdata:hr>
     <gpxdata:distance>1130.00</gpxdata:distance>
     <gpxdata:cadence>82</gpxdata:cadence>
     <gpxdata:speed>3.036</gpxdata:speed>
    </extensions>
   </trkpt>
   <trkpt lat="45.4295328" lon="4.3971460">
    <ele>549</ele>
    <time>2026-08-04T05:05:24Z</time>
    <extensions>
     <gpxdata:hr>132</gpxdata:hr>
     <gpxdata:distance>1133.00</gpxdata:distance>
     <gpxdata:cadence>82</gpxdata:cadence>
     <gpxdata:speed>3.039</gpxdata:speed>
    </extensions>
   </trkpt>
   <trkpt lat="45.4295770" lon="4.3970995">
    <ele>549</ele>
    <time>2026-08-04T05:05:25Z</time>
    <extensions>
     <gpxdata:hr>132</gpxdata:hr>
     <gpxdata:distance>1136.00</gpxdata:distance>
     <gpxdata:cadence>82</gpxdata:cadence>
     <gpxdata:speed>3.039</gpxdata:speed>
    </extensions>
   </trkpt>
   <trkpt lat="45.4295924" lon="4.3970848">
    <ele>549</ele>
    <time>2026-08-04T05:05:26Z</time>
    <extensions>
     <gpxdata:hr>132</gpxdata:hr>
     <gpxdata:distance>1139.00</gpxdata:distance>
     <gpxdata:cadence>82</gpxdata:cadence>
     <gpxdata:speed>3.039</gpxdata:speed>
    </extensions>
   </trkpt>
   <trkpt lat="45.4296079" lon="4.3970702">
    <ele>549</ele>
    <time>2026-08-04T05:05:27Z</time>
    <extensions>
     <gpxdata:hr>132</gpxdata:hr>
     <gpxdata:distance>1142.50</gpxdata:distance>
     <gpxdata:cadence>82</gpxdata:cadence>
     <gpxdata:speed>3.039</gpxdata:speed>
    </extensions>
   </trkpt>
   <trkpt lat="45.4296234" lon="4.3970556">
    <ele>549</ele>
    <time>2026-08-04T05:05:28Z</time>
    <extensions>
     <gpxdata:hr>133</gpxdata:hr>
     <gpxdata:distance>1146.00</gpxdata:distance>
     <gpxdata:cadence>83</gpxdata:cadence>
     <gpxdata:speed>3.039</gpxdata:speed>
    </extensions>
   </trkpt>
   <trkpt lat="45.4296725" lon="4.3970106">
    <ele>549</ele>
    <time>2026-08-04T05:05:29Z</time>
    <extensions>
     <gpxdata:hr>133</gpxdata:hr>
     <gpxdata:distance>1149.50</gpxdata:distance>
     <gpxdata:cadence>83</gpxdata:cadence>
     <gpxdata:speed>3.039</gpxdata:speed>
    </extensions>
   </trkpt>
   <trkpt lat="45.4296890" lon="4.3969952">
    <ele>549</ele>
    <time>2026-08-04T05:05:30Z</time>
    <extensions>
     <gpxdata:hr>133</gpxdata:hr>
     <gpxdata:distance>1153.00</gpxdata:distance>
     <gpxdata:cadence>83</gpxdata:cadence>
     <gpxdata:speed>3.039</gpxdata:speed>
    </extensions>
   </trkpt>
   <trkpt lat="45.4297055" lon="4.3969798">
    <ele>549</ele>
    <time>2026-08-04T05:05:31Z</time>
    <extensions>
     <gpxdata:hr>134</gpxdata:hr>
     <gpxdata:distance>1156.00</gpxdata:distance>
     <gpxdata:cadence>83</gpxdata:cadence>
     <gpxdata:speed>3.042</gpxdata:speed>
    </extensions>
   </trkpt>
   <trkpt lat="45.4297220" lon="4.3969645">
    <ele>549</ele>
    <time>2026-08-04T05:05:32Z</time>
    <extensions>
     <gpxdata:hr>134</gpxdata:hr>
     <gpxdata:distance>1159.00</gpxdata:distance>
     <gpxdata:cadence>83</gpxdata:cadence>
     <gpxdata:speed>3.044</gpxdata:speed>
    </extensions>
   </trkpt>
   <trkpt lat="45.4297680" lon="4.3969185">
    <ele>549</ele>
    <time>2026-08-04T05:05:33Z</time>
    <extensions>
     <gpxdata:hr>134</gpxdata:hr>
     <gpxdata:distance>1161.50</gpxdata:distance>
     <gpxdata:cadence>83</gpxdata:cadence>
     <gpxdata:speed>3.044</gpxdata:speed>
    </extensions>
   </trkpt>
   <trkpt lat="45.4297819" lon="4.3969029">
    <ele>549</ele>
    <time>2026-08-04T05:05:34Z</time>
    <extensions>
     <gpxdata:hr>135</gpxdata:hr>
     <gpxdata:distance>1164.00</gpxdata:distance>
     <gpxdata:cadence>83</gpxdata:cadence>
     <gpxdata:speed>3.047</gpxdata:speed>
    </extensions>
   </trkpt>
   <trkpt lat="45.4297958" lon="4.3968874">
    <ele>549</ele>
    <time>2026-08-04T05:05:35Z</time>
    <extensions>
     <gpxdata:hr>135</gpxdata:hr>
     <gpxdata:distance>1167.00</gpxdata:distance>
     <gpxdata:cadence>83</gpxdata:cadence>
     <gpxdata:speed>3.047</gpxdata:speed>
    </extensions>
   </trkpt>
   <trkpt lat="45.4298098" lon="4.3968719">
    <ele>549</ele>
    <time>2026-08-04T05:05:36Z</time>
    <extensions>
     <gpxdata:hr>136</gpxdata:hr>
     <gpxdata:distance>1170.00</gpxdata:distance>
     <gpxdata:cadence>83</gpxdata:cadence>
     <gpxdata:speed>3.050</gpxdata:speed>
    </extensions>
   </trkpt>
   <trkpt lat="45.4298505" lon="4.3968233">
    <ele>549</ele>
    <time>2026-08-04T05:05:37Z</time>
    <extensions>
     <gpxdata:hr>136</gpxdata:hr>
     <gpxdata:distance>1173.50</gpxdata:distance>
     <gpxdata:cadence>83</gpxdata:cadence>
     <gpxdata:speed>3.050</gpxdata:speed>
    </extensions>
   </trkpt>
   <trkpt lat="45.4298650" lon="4.3968073">
    <ele>549</ele>
    <time>2026-08-04T05:05:38Z</time>
    <extensions>
     <gpxdata:hr>137</gpxdata:hr>
     <gpxdata:distance>1177.00</gpxdata:distance>
     <gpxdata:cadence>83</gpxdata:cadence>
     <gpxdata:speed>3.053</gpxdata:speed>
    </extensions>
   </trkpt>
   <trkpt lat="45.4298796" lon="4.3967913">
    <ele>549</ele>
    <time>2026-08-04T05:05:39Z</time>
    <extensions>
     <gpxdata:hr>137</gpxdata:hr>
     <gpxdata:distance>1180.00</gpxdata:distance>
     <gpxdata:cadence>83</gpxdata:cadence>
     <gpxdata:speed>3.053</gpxdata:speed>
    </extensions>
   </trkpt>
   <trkpt lat="45.4298942" lon="4.3967754">
    <ele>549</ele>
    <time>2026-08-04T05:05:40Z</time>
    <extensions>
     <gpxdata:hr>137</gpxdata:hr>
     <gpxdata:distance>1183.00</gpxdata:distance>
     <gpxdata:cadence>83</gpxdata:cadence>
     <gpxdata:speed>3.053</gpxdata:speed>
    </extensions>
   </trkpt>
   <trkpt lat="45.4299424" lon="4.3967300">
    <ele>549</ele>
    <time>2026-08-04T05:05:41Z</time>
    <extensions>
     <gpxdata:hr>138</gpxdata:hr>
     <gpxdata:distance>1186.50</gpxdata:distance>
     <gpxdata:cadence>83</gpxdata:cadence>
     <gpxdata:speed>3.053</gpxdata:speed>
    </extensions>
   </trkpt>
   <trkpt lat="45.4299601" lon="4.3967157">
    <ele>549</ele>
    <time>2026-08-04T05:05:42Z</time>
    <extensions>
     <gpxdata:hr>138</gpxdata:hr>
     <gpxdata:distance>1190.00</gpxdata:distance>
     <gpxdata:cadence>83</gpxdata:cadence>
     <gpxdata:speed>3.056</gpxdata:speed>
    </extensions>
   </trkpt>
   <trkpt lat="45.4299779" lon="4.3967015">
    <ele>548</ele>
    <time>2026-08-04T05:05:43Z</time>
    <extensions>
     <gpxdata:hr>138</gpxdata:hr>
     <gpxdata:distance>1193.50</gpxdata:distance>
     <gpxdata:cadence>83</gpxdata:cadence>
     <gpxdata:speed>3.056</gpxdata:speed>
    </extensions>
   </trkpt>
   <trkpt lat="45.4299957" lon="4.3966873">
    <ele>548</ele>
    <time>2026-08-04T05:05:44Z</time>
    <extensions>
     <gpxdata:hr>138</gpxdata:hr>
     <gpxdata:distance>1197.00</gpxdata:distance>
     <gpxdata:cadence>83</gpxdata:cadence>
     <gpxdata:speed>3.058</gpxdata:speed>
    </extensions>
   </trkpt>
   <trkpt lat="45.4300500" lon="4.3966431">
    <ele>548</ele>
    <time>2026-08-04T05:05:45Z</time>
    <extensions>
     <gpxdata:hr>138</gpxdata:hr>
     <gpxdata:distance>1200.50</gpxdata:distance>
     <gpxdata:cadence>83</gpxdata:cadence>
     <gpxdata:speed>3.061</gpxdata:speed>
    </extensions>
   </trkpt>
   <trkpt lat="45.4300669" lon="4.3966285">
    <ele>548</ele>
    <time>2026-08-04T05:05:46Z</time>
    <extensions>
     <gpxdata:hr>138</gpxdata:hr>
     <gpxdata:distance>1204.00</gpxdata:distance>
     <gpxdata:cadence>84</gpxdata:cadence>
     <gpxdata:speed>3.064</gpxdata:speed>
    </extensions>
   </trkpt>
   <trkpt lat="45.4300838" lon="4.3966140">
    <ele>548</ele>
    <time>2026-08-04T05:05:47Z</time>
    <extensions>
     <gpxdata:hr>138</gpxdata:hr>
     <gpxdata:distance>1207.00</gpxdata:distance>
     <gpxdata:cadence>84</gpxdata:cadence>
     <gpxdata:speed>3.067</gpxdata:speed>
    </extensions>
   </trkpt>
   <trkpt lat="45.4301008" lon="4.3965995">
    <ele>548</ele>
    <time>2026-08-04T05:05:48Z</time>
    <extensions>
     <gpxdata:hr>138</gpxdata:hr>
     <gpxdata:distance>1210.00</gpxdata:distance>
     <gpxdata:cadence>84</gpxdata:cadence>
     <gpxdata:speed>3.069</gpxdata:speed>
    </extensions>
   </trkpt>
   <trkpt lat="45.4301488" lon="4.3965592">
    <ele>548</ele>
    <time>2026-08-04T05:05:49Z</time>
    <extensions>
     <gpxdata:hr>138</gpxdata:hr>
     <gpxdata:distance>1213.00</gpxdata:distance>
     <gpxdata:cadence>84</gpxdata:cadence>
     <gpxdata:speed>3.072</gpxdata:speed>
    </extensions>
   </trkpt>
   <trkpt lat="45.4301648" lon="4.3965457">
    <ele>548</ele>
    <time>2026-08-04T05:05:50Z</time>
    <extensions>
     <gpxdata:hr>138</gpxdata:hr>
     <gpxdata:distance>1216.00</gpxdata:distance>
     <gpxdata:cadence>84</gpxdata:cadence>
     <gpxdata:speed>3.075</gpxdata:speed>
    </extensions>
   </trkpt>
   <trkpt lat="45.4301808" lon="4.3965322">
    <ele>548</ele>
    <time>2026-08-04T05:05:51Z</time>
    <extensions>
     <gpxdata:hr>139</gpxdata:hr>
     <gpxdata:distance>1219.00</gpxdata:distance>
     <gpxdata:cadence>84</gpxdata:cadence>
     <gpxdata:speed>3.078</gpxdata:speed>
    </extensions>
   </trkpt>
   <trkpt lat="45.4301968" lon="4.3965188">
    <ele>548</ele>
    <time>2026-08-04T05:05:52Z</time>
    <extensions>
     <gpxdata:hr>139</gpxdata:hr>
     <gpxdata:distance>1222.00</gpxdata:distance>
     <gpxdata:cadence>84</gpxdata:cadence>
     <gpxdata:speed>3.081</gpxdata:speed>
    </extensions>
   </trkpt>
   <trkpt lat="45.4302442" lon="4.3964766">
    <ele>548</ele>
    <time>2026-08-04T05:05:53Z</time>
    <extensions>
     <gpxdata:hr>139</gpxdata:hr>
     <gpxdata:distance>1225.00</gpxdata:distance>
     <gpxdata:cadence>83</gpxdata:cadence>
     <gpxdata:speed>3.083</gpxdata:speed>
    </extensions>
   </trkpt>
   <trkpt lat="45.4302602" lon="4.3964632">
    <ele>548</ele>
    <time>2026-08-04T05:05:54Z</time>
    <extensions>
     <gpxdata:hr>139</gpxdata:hr>
     <gpxdata:distance>1228.00</gpxdata:distance>
     <gpxdata:cadence>83</gpxdata:cadence>
     <gpxdata:speed>3.086</gpxdata:speed>
    </extensions>
   </trkpt>
   <trkpt lat="45.4302762" lon="4.3964498">
    <ele>548</ele>
    <time>2026-08-04T05:05:55Z</time>
    <extensions>
     <gpxdata:hr>139</gpxdata:hr>
     <gpxdata:distance>1231.50</gpxdata:distance>
     <gpxdata:cadence>83</gpxdata:cadence>
     <gpxdata:speed>3.089</gpxdata:speed>
    </extensions>
   </trkpt>
   <trkpt lat="45.4302923" lon="4.3964364">
    <ele>548</ele>
    <time>2026-08-04T05:05:56Z</time>
    <extensions>
     <gpxdata:hr>139</gpxdata:hr>
     <gpxdata:distance>1235.00</gpxdata:distance>
     <gpxdata:cadence>84</gpxdata:cadence>
     <gpxdata:speed>3.092</gpxdata:speed>
    </extensions>
   </trkpt>
   <trkpt lat="45.4303423" lon="4.3963989">
    <ele>548</ele>
    <time>2026-08-04T05:05:57Z</time>
    <extensions>
     <gpxdata:hr>139</gpxdata:hr>
     <gpxdata:distance>1238.00</gpxdata:distance>
     <gpxdata:cadence>84</gpxdata:cadence>
     <gpxdata:speed>3.092</gpxdata:speed>
    </extensions>
   </trkpt>
   <trkpt lat="45.4303595" lon="4.3963872">
    <ele>548</ele>
    <time>2026-08-04T05:05:58Z</time>
    <extensions>
     <gpxdata:hr>139</gpxdata:hr>
     <gpxdata:distance>1241.00</gpxdata:distance>
     <gpxdata:cadence>84</gpxdata:cadence>
     <gpxdata:speed>3.094</gpxdata:speed>
    </extensions>
   </trkpt>
   <trkpt lat="45.4303767" lon="4.3963755">
    <ele>547</ele>
    <time>2026-08-04T05:05:59Z</time>
    <extensions>
     <gpxdata:hr>138</gpxdata:hr>
     <gpxdata:distance>1244.00</gpxdata:distance>
     <gpxdata:cadence>84</gpxdata:cadence>
     <gpxdata:speed>3.094</gpxdata:speed>
    </extensions>
   </trkpt>
   <trkpt lat="45.4303939" lon="4.3963639">
    <ele>547</ele>
    <time>2026-08-04T05:06:00Z</time>
    <extensions>
     <gpxdata:hr>137</gpxdata:hr>
     <gpxdata:distance>1247.00</gpxdata:distance>
     <gpxdata:cadence>84</gpxdata:cadence>
     <gpxdata:speed>3.097</gpxdata:speed>
    </extensions>
   </trkpt>
   <trkpt lat="45.4304482" lon="4.3963351">
    <ele>547</ele>
    <time>2026-08-04T05:06:01Z</time>
    <extensions>
     <gpxdata:hr>135</gpxdata:hr>
     <gpxdata:distance>1250.50</gpxdata:distance>
     <gpxdata:cadence>84</gpxdata:cadence>
     <gpxdata:speed>3.100</gpxdata:speed>
    </extensions>
   </trkpt>
   <trkpt lat="45.4304661" lon="4.3963271">
    <ele>547</ele>
    <time>2026-08-04T05:06:02Z</time>
    <extensions>
     <gpxdata:hr>135</gpxdata:hr>
     <gpxdata:distance>1254.00</gpxdata:distance>
     <gpxdata:cadence>84</gpxdata:cadence>
     <gpxdata:speed>3.103</gpxdata:speed>
    </extensions>
   </trkpt>
   <trkpt lat="45.4304840" lon="4.3963191">
    <ele>547</ele>
    <time>2026-08-04T05:06:03Z</time>
    <extensions>
     <gpxdata:hr>135</gpxdata:hr>
     <gpxdata:distance>1256.50</gpxdata:distance>
     <gpxdata:cadence>83</gpxdata:cadence>
     <gpxdata:speed>3.103</gpxdata:speed>
    </extensions>
   </trkpt>
   <trkpt lat="45.4305019" lon="4.3963112">
    <ele>547</ele>
    <time>2026-08-04T05:06:04Z</time>
    <extensions>
     <gpxdata:hr>135</gpxdata:hr>
     <gpxdata:distance>1259.00</gpxdata:distance>
     <gpxdata:cadence>83</gpxdata:cadence>
     <gpxdata:speed>3.106</gpxdata:speed>
    </extensions>
   </trkpt>
   <trkpt lat="45.4305523" lon="4.3962822">
    <ele>547</ele>
    <time>2026-08-04T05:06:05Z</time>
    <extensions>
     <gpxdata:hr>135</gpxdata:hr>
     <gpxdata:distance>1262.50</gpxdata:distance>
     <gpxdata:cadence>83</gpxdata:cadence>
     <gpxdata:speed>3.106</gpxdata:speed>
    </extensions>
   </trkpt>
   <trkpt lat="45.4305683" lon="4.3962692">
    <ele>547</ele>
    <time>2026-08-04T05:06:06Z</time>
    <extensions>
     <gpxdata:hr>136</gpxdata:hr>
     <gpxdata:distance>1266.00</gpxdata:distance>
     <gpxdata:cadence>83</gpxdata:cadence>
     <gpxdata:speed>3.108</gpxdata:speed>
    </extensions>
   </trkpt>
   <trkpt lat="45.4305844" lon="4.3962562">
    <ele>547</ele>
    <time>2026-08-04T05:06:07Z</time>
    <extensions>
     <gpxdata:hr>136</gpxdata:hr>
     <gpxdata:distance>1269.00</gpxdata:distance>
     <gpxdata:cadence>83</gpxdata:cadence>
     <gpxdata:speed>3.108</gpxdata:speed>
    </extensions>
   </trkpt>
   <trkpt lat="45.4306005" lon="4.3962433">
    <ele>547</ele>
    <time>2026-08-04T05:06:08Z</time>
    <extensions>
     <gpxdata:hr>136</gpxdata:hr>
     <gpxdata:distance>1272.00</gpxdata:distance>
     <gpxdata:cadence>83</gpxdata:cadence>
     <gpxdata:speed>3.111</gpxdata:speed>
    </extensions>
   </trkpt>
   <trkpt lat="45.4306512" lon="4.3962008">
    <ele>547</ele>
    <time>2026-08-04T05:06:09Z</time>
    <extensions>
     <gpxdata:hr>136</gpxdata:hr>
     <gpxdata:distance>1275.50</gpxdata:distance>
     <gpxdata:cadence>83</gpxdata:cadence>
     <gpxdata:speed>3.111</gpxdata:speed>
    </extensions>
   </trkpt>
   <trkpt lat="45.4306688" lon="4.3961876">
    <ele>547</ele>
    <time>2026-08-04T05:06:10Z</time>
    <extensions>
     <gpxdata:hr>137</gpxdata:hr>
     <gpxdata:distance>1279.00</gpxdata:distance>
     <gpxdata:cadence>83</gpxdata:cadence>
     <gpxdata:speed>3.114</gpxdata:speed>
    </extensions>
   </trkpt>
   <trkpt lat="45.4306864" lon="4.3961745">
    <ele>547</ele>
    <time>2026-08-04T05:06:11Z</time>
    <extensions>
     <gpxdata:hr>136</gpxdata:hr>
     <gpxdata:distance>1282.50</gpxdata:distance>
     <gpxdata:cadence>83</gpxdata:cadence>
     <gpxdata:speed>3.117</gpxdata:speed>
    </extensions>
   </trkpt>
   <trkpt lat="45.4307040" lon="4.3961614">
    <ele>547</ele>
    <time>2026-08-04T05:06:12Z</time>
    <extensions>
     <gpxdata:hr>137</gpxdata:hr>
     <gpxdata:distance>1286.00</gpxdata:distance>
     <gpxdata:cadence>83</gpxdata:cadence>
     <gpxdata:speed>3.119</gpxdata:speed>
    </extensions>
   </trkpt>
   <trkpt lat="45.4307577" lon="4.3961333">
    <ele>547</ele>
    <time>2026-08-04T05:06:13Z</time>
    <extensions>
     <gpxdata:hr>138</gpxdata:hr>
     <gpxdata:distance>1288.50</gpxdata:distance>
     <gpxdata:cadence>83</gpxdata:cadence>
     <gpxdata:speed>3.122</gpxdata:speed>
    </extensions>
   </trkpt>
   <trkpt lat="45.4307714" lon="4.3961251">
    <ele>547</ele>
    <time>2026-08-04T05:06:14Z</time>
    <extensions>
     <gpxdata:hr>139</gpxdata:hr>
     <gpxdata:distance>1291.00</gpxdata:distance>
     <gpxdata:cadence>83</gpxdata:cadence>
     <gpxdata:speed>3.125</gpxdata:speed>
    </extensions>
   </trkpt>
   <trkpt lat="45.4307851" lon="4.3961170">
    <ele>546</ele>
    <time>2026-08-04T05:06:15Z</time>
    <extensions>
     <gpxdata:hr>139</gpxdata:hr>
     <gpxdata:distance>1292.50</gpxdata:distance>
     <gpxdata:cadence>83</gpxdata:cadence>
     <gpxdata:speed>3.117</gpxdata:speed>
    </extensions>
   </trkpt>
   <trkpt lat="45.4307989" lon="4.3961089">
    <ele>546</ele>
    <time>2026-08-04T05:06:16Z</time>
    <extensions>
     <gpxdata:hr>138</gpxdata:hr>
     <gpxdata:distance>1294.00</gpxdata:distance>
     <gpxdata:cadence>83</gpxdata:cadence>
     <gpxdata:speed>3.108</gpxdata:speed>
    </extensions>
   </trkpt>
   <trkpt lat="45.4308001" lon="4.3961022">
    <ele>546</ele>
    <time>2026-08-04T05:06:17Z</time>
    <extensions>
     <gpxdata:hr>138</gpxdata:hr>
     <gpxdata:distance>1295.50</gpxdata:distance>
     <gpxdata:cadence>83</gpxdata:cadence>
     <gpxdata:speed>3.044</gpxdata:speed>
    </extensions>
   </trkpt>
   <trkpt lat="45.4307887" lon="4.3961089">
    <ele>546</ele>
    <time>2026-08-04T05:06:18Z</time>
    <extensions>
     <gpxdata:hr>137</gpxdata:hr>
     <gpxdata:distance>1297.00</gpxdata:distance>
     <gpxdata:cadence>83</gpxdata:cadence>
     <gpxdata:speed>2.983</gpxdata:speed>
    </extensions>
   </trkpt>
   <trkpt lat="45.4307773" lon="4.3961156">
    <ele>546</ele>
    <time>2026-08-04T05:06:19Z</time>
    <extensions>
     <gpxdata:hr>137</gpxdata:hr>
     <gpxdata:distance>1300.50</gpxdata:distance>
     <gpxdata:cadence>83</gpxdata:cadence>
     <gpxdata:speed>2.947</gpxdata:speed>
    </extensions>
   </trkpt>
   <trkpt lat="45.4307659" lon="4.3961223">
    <ele>546</ele>
    <time>2026-08-04T05:06:20Z</time>
    <extensions>
     <gpxdata:hr>137</gpxdata:hr>
     <gpxdata:distance>1304.00</gpxdata:distance>
     <gpxdata:cadence>83</gpxdata:cadence>
     <gpxdata:speed>2.914</gpxdata:speed>
    </extensions>
   </trkpt>
   <trkpt lat="45.4307138" lon="4.3961585">
    <ele>546</ele>
    <time>2026-08-04T05:06:21Z</time>
    <extensions>
     <gpxdata:hr>136</gpxdata:hr>
     <gpxdata:distance>1307.00</gpxdata:distance>
     <gpxdata:cadence>83</gpxdata:cadence>
     <gpxdata:speed>2.933</gpxdata:speed>
    </extensions>
   </trkpt>
   <trkpt lat="45.4306951" lon="4.3961726">
    <ele>546</ele>
    <time>2026-08-04T05:06:22Z</time>
    <extensions>
     <gpxdata:hr>136</gpxdata:hr>
     <gpxdata:distance>1310.00</gpxdata:distance>
     <gpxdata:cadence>83</gpxdata:cadence>
     <gpxdata:speed>2.953</gpxdata:speed>
    </extensions>
   </trkpt>
   <trkpt lat="45.4306764" lon="4.3961867">
    <ele>546</ele>
    <time>2026-08-04T05:06:23Z</time>
    <extensions>
     <gpxdata:hr>135</gpxdata:hr>
     <gpxdata:distance>1313.50</gpxdata:distance>
     <gpxdata:cadence>83</gpxdata:cadence>
     <gpxdata:speed>2.967</gpxdata:speed>
    </extensions>
   </trkpt>
   <trkpt lat="45.4306578" lon="4.3962009">
    <ele>546</ele>
    <time>2026-08-04T05:06:24Z</time>
    <extensions>
     <gpxdata:hr>136</gpxdata:hr>
     <gpxdata:distance>1317.00</gpxdata:distance>
     <gpxdata:cadence>83</gpxdata:cadence>
     <gpxdata:speed>2.981</gpxdata:speed>
    </extensions>
   </trkpt>
   <trkpt lat="45.4306050" lon="4.3962438">
    <ele>546</ele>
    <time>2026-08-04T05:06:25Z</time>
    <extensions>
     <gpxdata:hr>136</gpxdata:hr>
     <gpxdata:distance>1320.00</gpxdata:distance>
     <gpxdata:cadence>83</gpxdata:cadence>
     <gpxdata:speed>2.992</gpxdata:speed>
    </extensions>
   </trkpt>
   <trkpt lat="45.4305886" lon="4.3962576">
    <ele>546</ele>
    <time>2026-08-04T05:06:26Z</time>
    <extensions>
     <gpxdata:hr>136</gpxdata:hr>
     <gpxdata:distance>1323.00</gpxdata:distance>
     <gpxdata:cadence>83</gpxdata:cadence>
     <gpxdata:speed>3.006</gpxdata:speed>
    </extensions>
   </trkpt>
   <trkpt lat="45.4305723" lon="4.3962714">
    <ele>546</ele>
    <time>2026-08-04T05:06:27Z</time>
    <extensions>
     <gpxdata:hr>138</gpxdata:hr>
     <gpxdata:distance>1325.50</gpxdata:distance>
     <gpxdata:cadence>83</gpxdata:cadence>
     <gpxdata:speed>3.014</gpxdata:speed>
    </extensions>
   </trkpt>
   <trkpt lat="45.4305560" lon="4.3962853">
    <ele>546</ele>
    <time>2026-08-04T05:06:28Z</time>
    <extensions>
     <gpxdata:hr>138</gpxdata:hr>
     <gpxdata:distance>1328.00</gpxdata:distance>
     <gpxdata:cadence>83</gpxdata:cadence>
     <gpxdata:speed>3.025</gpxdata:speed>
    </extensions>
   </trkpt>
   <trkpt lat="45.4305093" lon="4.3963240">
    <ele>546</ele>
    <time>2026-08-04T05:06:29Z</time>
    <extensions>
     <gpxdata:hr>139</gpxdata:hr>
     <gpxdata:distance>1331.00</gpxdata:distance>
     <gpxdata:cadence>83</gpxdata:cadence>
     <gpxdata:speed>3.033</gpxdata:speed>
    </extensions>
   </trkpt>
   <trkpt lat="45.4304944" lon="4.3963359">
    <ele>546</ele>
    <time>2026-08-04T05:06:30Z</time>
    <extensions>
     <gpxdata:hr>139</gpxdata:hr>
     <gpxdata:distance>1334.00</gpxdata:distance>
     <gpxdata:cadence>83</gpxdata:cadence>
     <gpxdata:speed>3.042</gpxdata:speed>
    </extensions>
   </trkpt>
   <trkpt lat="45.4304795" lon="4.3963478">
    <ele>546</ele>
    <time>2026-08-04T05:06:31Z</time>
    <extensions>
     <gpxdata:hr>139</gpxdata:hr>
     <gpxdata:distance>1336.50</gpxdata:distance>
     <gpxdata:cadence>83</gpxdata:cadence>
     <gpxdata:speed>3.047</gpxdata:speed>
    </extensions>
   </trkpt>
   <trkpt lat="45.4304646" lon="4.3963598">
    <ele>546</ele>
    <time>2026-08-04T05:06:32Z</time>
    <extensions>
     <gpxdata:hr>138</gpxdata:hr>
     <gpxdata:distance>1339.00</gpxdata:distance>
     <gpxdata:cadence>83</gpxdata:cadence>
     <gpxdata:speed>3.053</gpxdata:speed>
    </extensions>
   </trkpt>
   <trkpt lat="45.4304232" lon="4.3963991">
    <ele>546</ele>
    <time>2026-08-04T05:06:33Z</time>
    <extensions>
     <gpxdata:hr>137</gpxdata:hr>
     <gpxdata:distance>1342.00</gpxdata:distance>
     <gpxdata:cadence>83</gpxdata:cadence>
     <gpxdata:speed>3.053</gpxdata:speed>
    </extensions>
   </trkpt>
   <trkpt lat="45.4304096" lon="4.3964123">
    <ele>546</ele>
    <time>2026-08-04T05:06:34Z</time>
    <extensions>
     <gpxdata:hr>137</gpxdata:hr>
     <gpxdata:distance>1345.00</gpxdata:distance>
     <gpxdata:cadence>83</gpxdata:cadence>
     <gpxdata:speed>3.056</gpxdata:speed>
    </extensions>
   </trkpt>
   <trkpt lat="45.4303960" lon="4.3964256">
    <ele>546</ele>
    <time>2026-08-04T05:06:35Z</time>
    <extensions>
     <gpxdata:hr>137</gpxdata:hr>
     <gpxdata:distance>1348.00</gpxdata:distance>
     <gpxdata:cadence>83</gpxdata:cadence>
     <gpxdata:speed>3.056</gpxdata:speed>
    </extensions>
   </trkpt>
   <trkpt lat="45.4303825" lon="4.3964389">
    <ele>546</ele>
    <time>2026-08-04T05:06:36Z</time>
    <extensions>
     <gpxdata:hr>137</gpxdata:hr>
     <gpxdata:distance>1351.00</gpxdata:distance>
     <gpxdata:cadence>83</gpxdata:cadence>
     <gpxdata:speed>3.056</gpxdata:speed>
    </extensions>
   </trkpt>
   <trkpt lat="45.4303392" lon="4.3964766">
    <ele>546</ele>
    <time>2026-08-04T05:06:37Z</time>
    <extensions>
     <gpxdata:hr>137</gpxdata:hr>
     <gpxdata:distance>1354.00</gpxdata:distance>
     <gpxdata:cadence>83</gpxdata:cadence>
     <gpxdata:speed>3.053</gpxdata:speed>
    </extensions>
   </trkpt>
   <trkpt lat="45.4303238" lon="4.3964878">
    <ele>546</ele>
    <time>2026-08-04T05:06:38Z</time>
    <extensions>
     <gpxdata:hr>137</gpxdata:hr>
     <gpxdata:distance>1357.00</gpxdata:distance>
     <gpxdata:cadence>83</gpxdata:cadence>
     <gpxdata:speed>3.053</gpxdata:speed>
    </extensions>
   </trkpt>
   <trkpt lat="45.4303084" lon="4.3964990">
    <ele>546</ele>
    <time>2026-08-04T05:06:39Z</time>
    <extensions>
     <gpxdata:hr>138</gpxdata:hr>
     <gpxdata:distance>1360.00</gpxdata:distance>
     <gpxdata:cadence>83</gpxdata:cadence>
     <gpxdata:speed>3.050</gpxdata:speed>
    </extensions>
   </trkpt>
   <trkpt lat="45.4302931" lon="4.3965103">
    <ele>546</ele>
    <time>2026-08-04T05:06:40Z</time>
    <extensions>
     <gpxdata:hr>138</gpxdata:hr>
     <gpxdata:distance>1363.00</gpxdata:distance>
     <gpxdata:cadence>83</gpxdata:cadence>
     <gpxdata:speed>3.047</gpxdata:speed>
    </extensions>
   </trkpt>
   <trkpt lat="45.4302449" lon="4.3965409">
    <ele>546</ele>
    <time>2026-08-04T05:06:41Z</time>
    <extensions>
     <gpxdata:hr>139</gpxdata:hr>
     <gpxdata:distance>1365.50</gpxdata:distance>
     <gpxdata:cadence>83</gpxdata:cadence>
     <gpxdata:speed>3.044</gpxdata:speed>
    </extensions>
   </trkpt>
   <trkpt lat="45.4302288" lon="4.3965503">
    <ele>546</ele>
    <time>2026-08-04T05:06:42Z</time>
    <extensions>
     <gpxdata:hr>139</gpxdata:hr>
     <gpxdata:distance>1368.00</gpxdata:distance>
     <gpxdata:cadence>83</gpxdata:cadence>
     <gpxdata:speed>3.042</gpxdata:speed>
    </extensions>
   </trkpt>
   <trkpt lat="45.4302127" lon="4.3965598">
    <ele>546</ele>
    <time>2026-08-04T05:06:43Z</time>
    <extensions>
     <gpxdata:hr>139</gpxdata:hr>
     <gpxdata:distance>1371.00</gpxdata:distance>
     <gpxdata:cadence>83</gpxdata:cadence>
     <gpxdata:speed>3.039</gpxdata:speed>
    </extensions>
   </trkpt>
   <trkpt lat="45.4301966" lon="4.3965693">
    <ele>546</ele>
    <time>2026-08-04T05:06:44Z</time>
    <extensions>
     <gpxdata:hr>139</gpxdata:hr>
     <gpxdata:distance>1374.00</gpxdata:distance>
     <gpxdata:cadence>84</gpxdata:cadence>
     <gpxdata:speed>3.036</gpxdata:speed>
    </extensions>
   </trkpt>
   <trkpt lat="45.4301490" lon="4.3965964">
    <ele>546</ele>
    <time>2026-08-04T05:06:45Z</time>
    <extensions>
     <gpxdata:hr>140</gpxdata:hr>
     <gpxdata:distance>1377.00</gpxdata:distance>
     <gpxdata:cadence>84</gpxdata:cadence>
     <gpxdata:speed>3.031</gpxdata:speed>
    </extensions>
   </trkpt>
   <trkpt lat="45.4301340" lon="4.3966068">
    <ele>546</ele>
    <time>2026-08-04T05:06:46Z</time>
    <extensions>
     <gpxdata:hr>139</gpxdata:hr>
     <gpxdata:distance>1380.00</gpxdata:distance>
     <gpxdata:cadence>84</gpxdata:cadence>
     <gpxdata:speed>3.028</gpxdata:speed>
    </extensions>
   </trkpt>
   <trkpt lat="45.4301191" lon="4.3966172">
    <ele>546</ele>
    <time>2026-08-04T05:06:47Z</time>
    <extensions>
     <gpxdata:hr>139</gpxdata:hr>
     <gpxdata:distance>1382.50</gpxdata:distance>
     <gpxdata:cadence>84</gpxdata:cadence>
     <gpxdata:speed>3.025</gpxdata:speed>
    </extensions>
   </trkpt>
   <trkpt lat="45.4301042" lon="4.3966276">
    <ele>546</ele>
    <time>2026-08-04T05:06:48Z</time>
    <extensions>
     <gpxdata:hr>139</gpxdata:hr>
     <gpxdata:distance>1385.00</gpxdata:distance>
     <gpxdata:cadence>84</gpxdata:cadence>
     <gpxdata:speed>3.022</gpxdata:speed>
    </extensions>
   </trkpt>
   <trkpt lat="45.4300586" lon="4.3966676">
    <ele>546</ele>
    <time>2026-08-04T05:06:49Z</time>
    <extensions>
     <gpxdata:hr>140</gpxdata:hr>
     <gpxdata:distance>1388.50</gpxdata:distance>
     <gpxdata:cadence>84</gpxdata:cadence>
     <gpxdata:speed>3.017</gpxdata:speed>
    </extensions>
   </trkpt>
   <trkpt lat="45.4300436" lon="4.3966818">
    <ele>547</ele>
    <time>2026-08-04T05:06:50Z</time>
    <extensions>
     <gpxdata:hr>140</gpxdata:hr>
     <gpxdata:distance>1392.00</gpxdata:distance>
     <gpxdata:cadence>84</gpxdata:cadence>
     <gpxdata:speed>3.014</gpxdata:speed>
    </extensions>
   </trkpt>
   <trkpt lat="45.4300286" lon="4.3966960">
    <ele>547</ele>
    <time>2026-08-04T05:06:51Z</time>
    <extensions>
     <gpxdata:hr>141</gpxdata:hr>
     <gpxdata:distance>1395.00</gpxdata:distance>
     <gpxdata:cadence>84</gpxdata:cadence>
     <gpxdata:speed>3.008</gpxdata:speed>
    </extensions>
   </trkpt>
   <trkpt lat="45.4300137" lon="4.3967103">
    <ele>547</ele>
    <time>2026-08-04T05:06:52Z</time>
    <extensions>
     <gpxdata:hr>141</gpxdata:hr>
     <gpxdata:distance>1398.00</gpxdata:distance>
     <gpxdata:cadence>84</gpxdata:cadence>
     <gpxdata:speed>3.006</gpxdata:speed>
    </extensions>
   </trkpt>
   <trkpt lat="45.4299682" lon="4.3967531">
    <ele>547</ele>
    <time>2026-08-04T05:06:53Z</time>
    <extensions>
     <gpxdata:hr>142</gpxdata:hr>
     <gpxdata:distance>1401.00</gpxdata:distance>
     <gpxdata:cadence>84</gpxdata:cadence>
     <gpxdata:speed>3.003</gpxdata:speed>
    </extensions>
   </trkpt>
   <trkpt lat="45.4299521" lon="4.3967691">
    <ele>547</ele>
    <time>2026-08-04T05:06:54Z</time>
    <extensions>
     <gpxdata:hr>142</gpxdata:hr>
     <gpxdata:distance>1404.00</gpxdata:distance>
     <gpxdata:cadence>84</gpxdata:cadence>
     <gpxdata:speed>3.000</gpxdata:speed>
    </extensions>
   </trkpt>
   <trkpt lat="45.4299360" lon="4.3967851">
    <ele>547</ele>
    <time>2026-08-04T05:06:55Z</time>
    <extensions>
     <gpxdata:hr>143</gpxdata:hr>
     <gpxdata:distance>1407.50</gpxdata:distance>
     <gpxdata:cadence>84</gpxdata:cadence>
     <gpxdata:speed>2.997</gpxdata:speed>
    </extensions>
   </trkpt>
   <trkpt lat="45.4299200" lon="4.3968011">
    <ele>547</ele>
    <time>2026-08-04T05:06:56Z</time>
    <extensions>
     <gpxdata:hr>143</gpxdata:hr>
     <gpxdata:distance>1411.00</gpxdata:distance>
     <gpxdata:cadence>84</gpxdata:cadence>
     <gpxdata:speed>2.994</gpxdata:speed>
    </extensions>
   </trkpt>
   <trkpt lat="45.4298744" lon="4.3968533">
    <ele>547</ele>
    <time>2026-08-04T05:06:57Z</time>
    <extensions>
     <gpxdata:hr>144</gpxdata:hr>
     <gpxdata:distance>1414.00</gpxdata:distance>
     <gpxdata:cadence>84</gpxdata:cadence>
     <gpxdata:speed>2.992</gpxdata:speed>
    </extensions>
   </trkpt>
   <trkpt lat="45.4298592" lon="4.3968687">
    <ele>547</ele>
    <time>2026-08-04T05:06:58Z</time>
    <extensions>
     <gpxdata:hr>144</gpxdata:hr>
     <gpxdata:distance>1417.00</gpxdata:distance>
     <gpxdata:cadence>84</gpxdata:cadence>
     <gpxdata:speed>2.992</gpxdata:speed>
    </extensions>
   </trkpt>
   <trkpt lat="45.4298440" lon="4.3968842">
    <ele>547</ele>
    <time>2026-08-04T05:06:59Z</time>
    <extensions>
     <gpxdata:hr>144</gpxdata:hr>
     <gpxdata:distance>1420.00</gpxdata:distance>
     <gpxdata:cadence>84</gpxdata:cadence>
     <gpxdata:speed>2.992</gpxdata:speed>
    </extensions>
   </trkpt>
   <trkpt lat="45.4298289" lon="4.3968997">
    <ele>547</ele>
    <time>2026-08-04T05:07:00Z</time>
    <extensions>
     <gpxdata:hr>145</gpxdata:hr>
     <gpxdata:distance>1423.00</gpxdata:distance>
     <gpxdata:cadence>84</gpxdata:cadence>
     <gpxdata:speed>2.992</gpxdata:speed>
    </extensions>
   </trkpt>
   <trkpt lat="45.4297824" lon="4.3969432">
    <ele>547</ele>
    <time>2026-08-04T05:07:01Z</time>
    <extensions>
     <gpxdata:hr>145</gpxdata:hr>
     <gpxdata:distance>1426.00</gpxdata:distance>
     <gpxdata:cadence>84</gpxdata:cadence>
     <gpxdata:speed>2.992</gpxdata:speed>
    </extensions>
   </trkpt>
   <trkpt lat="45.4297676" lon="4.3969576">
    <ele>547</ele>
    <time>2026-08-04T05:07:02Z</time>
    <extensions>
     <gpxdata:hr>145</gpxdata:hr>
     <gpxdata:distance>1429.00</gpxdata:distance>
     <gpxdata:cadence>84</gpxdata:cadence>
     <gpxdata:speed>2.992</gpxdata:speed>
    </extensions>
   </trkpt>
   <trkpt lat="45.4297529" lon="4.3969721">
    <ele>547</ele>
    <time>2026-08-04T05:07:03Z</time>
    <extensions>
     <gpxdata:hr>145</gpxdata:hr>
     <gpxdata:distance>1432.00</gpxdata:distance>
     <gpxdata:cadence>84</gpxdata:cadence>
     <gpxdata:speed>2.992</gpxdata:speed>
    </extensions>
   </trkpt>
   <trkpt lat="45.4297382" lon="4.3969866">
    <ele>547</ele>
    <time>2026-08-04T05:07:04Z</time>
    <extensions>
     <gpxdata:hr>146</gpxdata:hr>
     <gpxdata:distance>1435.00</gpxdata:distance>
     <gpxdata:cadence>84</gpxdata:cadence>
     <gpxdata:speed>2.992</gpxdata:speed>
    </extensions>
   </trkpt>
   <trkpt lat="45.4296965" lon="4.3970292">
    <ele>547</ele>
    <time>2026-08-04T05:07:05Z</time>
    <extensions>
     <gpxdata:hr>146</gpxdata:hr>
     <gpxdata:distance>1438.00</gpxdata:distance>
     <gpxdata:cadence>84</gpxdata:cadence>
     <gpxdata:speed>2.992</gpxdata:speed>
    </extensions>
   </trkpt>
   <trkpt lat="45.4296820" lon="4.3970442">
    <ele>548</ele>
    <time>2026-08-04T05:07:06Z</time>
    <extensions>
     <gpxdata:hr>146</gpxdata:hr>
     <gpxdata:distance>1441.00</gpxdata:distance>
     <gpxdata:cadence>84</gpxdata:cadence>
     <gpxdata:speed>2.994</gpxdata:speed>
    </extensions>
   </trkpt>
   <trkpt lat="45.4296675" lon="4.3970592">
    <ele>548</ele>
    <time>2026-08-04T05:07:07Z</time>
    <extensions>
     <gpxdata:hr>146</gpxdata:hr>
     <gpxdata:distance>1444.00</gpxdata:distance>
     <gpxdata:cadence>84</gpxdata:cadence>
     <gpxdata:speed>2.994</gpxdata:speed>
    </extensions>
   </trkpt>
   <trkpt lat="45.4296531" lon="4.3970743">
    <ele>548</ele>
    <time>2026-08-04T05:07:08Z</time>
    <extensions>
     <gpxdata:hr>146</gpxdata:hr>
     <gpxdata:distance>1447.00</gpxdata:distance>
     <gpxdata:cadence>84</gpxdata:cadence>
     <gpxdata:speed>2.994</gpxdata:speed>
    </extensions>
   </trkpt>
   <trkpt lat="45.4296109" lon="4.3971208">
    <ele>548</ele>
    <time>2026-08-04T05:07:09Z</time>
    <extensions>
     <gpxdata:hr>146</gpxdata:hr>
     <gpxdata:distance>1450.00</gpxdata:distance>
     <gpxdata:cadence>84</gpxdata:cadence>
     <gpxdata:speed>2.994</gpxdata:speed>
    </extensions>
   </trkpt>
   <trkpt lat="45.4295972" lon="4.3971362">
    <ele>548</ele>
    <time>2026-08-04T05:07:10Z</time>
    <extensions>
     <gpxdata:hr>146</gpxdata:hr>
     <gpxdata:distance>1453.00</gpxdata:distance>
     <gpxdata:cadence>84</gpxdata:cadence>
     <gpxdata:speed>2.994</gpxdata:speed>
    </extensions>
   </trkpt>
   <trkpt lat="45.4295835" lon="4.3971516">
    <ele>548</ele>
    <time>2026-08-04T05:07:11Z</time>
    <extensions>
     <gpxdata:hr>146</gpxdata:hr>
     <gpxdata:distance>1455.50</gpxdata:distance>
     <gpxdata:cadence>83</gpxdata:cadence>
     <gpxdata:speed>2.994</gpxdata:speed>
    </extensions>
   </trkpt>
   <trkpt lat="45.4295699" lon="4.3971671">
    <ele>548</ele>
    <time>2026-08-04T05:07:12Z</time>
    <extensions>
     <gpxdata:hr>146</gpxdata:hr>
     <gpxdata:distance>1458.00</gpxdata:distance>
     <gpxdata:cadence>83</gpxdata:cadence>
     <gpxdata:speed>2.994</gpxdata:speed>
    </extensions>
   </trkpt>
   <trkpt lat="45.4295301" lon="4.3972127">
    <ele>548</ele>
    <time>2026-08-04T05:07:13Z</time>
    <extensions>
     <gpxdata:hr>146</gpxdata:hr>
     <gpxdata:distance>1461.00</gpxdata:distance>
     <gpxdata:cadence>83</gpxdata:cadence>
     <gpxdata:speed>2.994</gpxdata:speed>
    </extensions>
   </trkpt>
   <trkpt lat="45.4295164" lon="4.3972261">
    <ele>548</ele>
    <time>2026-08-04T05:07:14Z</time>
    <extensions>
     <gpxdata:hr>146</gpxdata:hr>
     <gpxdata:distance>1464.00</gpxdata:distance>
     <gpxdata:cadence>83</gpxdata:cadence>
     <gpxdata:speed>2.994</gpxdata:speed>
    </extensions>
   </trkpt>
   <trkpt lat="45.4295027" lon="4.3972395">
    <ele>548</ele>
    <time>2026-08-04T05:07:15Z</time>
    <extensions>
     <gpxdata:hr>146</gpxdata:hr>
     <gpxdata:distance>1466.50</gpxdata:distance>
     <gpxdata:cadence>83</gpxdata:cadence>
     <gpxdata:speed>2.992</gpxdata:speed>
    </extensions>
   </trkpt>
   <trkpt lat="45.4294890" lon="4.3972529">
    <ele>548</ele>
    <time>2026-08-04T05:07:16Z</time>
    <extensions>
     <gpxdata:hr>146</gpxdata:hr>
     <gpxdata:distance>1469.00</gpxdata:distance>
     <gpxdata:cadence>83</gpxdata:cadence>
     <gpxdata:speed>2.992</gpxdata:speed>
    </extensions>
   </trkpt>
   <trkpt lat="45.4294473" lon="4.3972903">
    <ele>548</ele>
    <time>2026-08-04T05:07:17Z</time>
    <extensions>
     <gpxdata:hr>146</gpxdata:hr>
     <gpxdata:distance>1472.00</gpxdata:distance>
     <gpxdata:cadence>83</gpxdata:cadence>
     <gpxdata:speed>2.989</gpxdata:speed>
    </extensions>
   </trkpt>
   <trkpt lat="45.4294339" lon="4.3973038">
    <ele>548</ele>
    <time>2026-08-04T05:07:18Z</time>
    <extensions>
     <gpxdata:hr>146</gpxdata:hr>
     <gpxdata:distance>1475.00</gpxdata:distance>
     <gpxdata:cadence>83</gpxdata:cadence>
     <gpxdata:speed>2.989</gpxdata:speed>
    </extensions>
   </trkpt>
   <trkpt lat="45.4294206" lon="4.3973173">
    <ele>548</ele>
    <time>2026-08-04T05:07:19Z</time>
    <extensions>
     <gpxdata:hr>146</gpxdata:hr>
     <gpxdata:distance>1477.50</gpxdata:distance>
     <gpxdata:cadence>83</gpxdata:cadence>
     <gpxdata:speed>2.986</gpxdata:speed>
    </extensions>
   </trkpt>
   <trkpt lat="45.4294073" lon="4.3973308">
    <ele>548</ele>
    <time>2026-08-04T05:07:20Z</time>
    <extensions>
     <gpxdata:hr>146</gpxdata:hr>
     <gpxdata:distance>1480.00</gpxdata:distance>
     <gpxdata:cadence>83</gpxdata:cadence>
     <gpxdata:speed>2.983</gpxdata:speed>
    </extensions>
   </trkpt>
   <trkpt lat="45.4293674" lon="4.3973770">
    <ele>548</ele>
    <time>2026-08-04T05:07:21Z</time>
    <extensions>
     <gpxdata:hr>146</gpxdata:hr>
     <gpxdata:distance>1483.00</gpxdata:distance>
     <gpxdata:cadence>83</gpxdata:cadence>
     <gpxdata:speed>2.981</gpxdata:speed>
    </extensions>
   </trkpt>
   <trkpt lat="45.4293542" lon="4.3973934">
    <ele>549</ele>
    <time>2026-08-04T05:07:22Z</time>
    <extensions>
     <gpxdata:hr>146</gpxdata:hr>
     <gpxdata:distance>1486.00</gpxdata:distance>
     <gpxdata:cadence>83</gpxdata:cadence>
     <gpxdata:speed>2.981</gpxdata:speed>
    </extensions>
   </trkpt>
   <trkpt lat="45.4293410" lon="4.3974099">
    <ele>549</ele>
    <time>2026-08-04T05:07:23Z</time>
    <extensions>
     <gpxdata:hr>147</gpxdata:hr>
     <gpxdata:distance>1489.00</gpxdata:distance>
     <gpxdata:cadence>83</gpxdata:cadence>
     <gpxdata:speed>2.978</gpxdata:speed>
    </extensions>
   </trkpt>
   <trkpt lat="45.4293279" lon="4.3974264">
    <ele>549</ele>
    <time>2026-08-04T05:07:24Z</time>
    <extensions>
     <gpxdata:hr>147</gpxdata:hr>
     <gpxdata:distance>1492.00</gpxdata:distance>
     <gpxdata:cadence>84</gpxdata:cadence>
     <gpxdata:speed>2.975</gpxdata:speed>
    </extensions>
   </trkpt>
   <trkpt lat="45.4292895" lon="4.3974781">
    <ele>549</ele>
    <time>2026-08-04T05:07:25Z</time>
    <extensions>
     <gpxdata:hr>147</gpxdata:hr>
     <gpxdata:distance>1495.00</gpxdata:distance>
     <gpxdata:cadence>84</gpxdata:cadence>
     <gpxdata:speed>2.972</gpxdata:speed>
    </extensions>
   </trkpt>
   <trkpt lat="45.4292770" lon="4.3974962">
    <ele>549</ele>
    <time>2026-08-04T05:07:26Z</time>
    <extensions>
     <gpxdata:hr>147</gpxdata:hr>
     <gpxdata:distance>1498.00</gpxdata:distance>
     <gpxdata:cadence>84</gpxdata:cadence>
     <gpxdata:speed>2.969</gpxdata:speed>
    </extensions>
   </trkpt>
   <trkpt lat="45.4292645" lon="4.3975143">
    <ele>549</ele>
    <time>2026-08-04T05:07:27Z</time>
    <extensions>
     <gpxdata:hr>148</gpxdata:hr>
     <gpxdata:distance>1501.00</gpxdata:distance>
     <gpxdata:cadence>84</gpxdata:cadence>
     <gpxdata:speed>2.967</gpxdata:speed>
    </extensions>
   </trkpt>
   <trkpt lat="45.4292521" lon="4.3975324">
    <ele>549</ele>
    <time>2026-08-04T05:07:28Z</time>
    <extensions>
     <gpxdata:hr>148</gpxdata:hr>
     <gpxdata:distance>1504.00</gpxdata:distance>
     <gpxdata:cadence>84</gpxdata:cadence>
     <gpxdata:speed>2.964</gpxdata:speed>
    </extensions>
   </trkpt>
   <trkpt lat="45.4292138" lon="4.3975868">
    <ele>549</ele>
    <time>2026-08-04T05:07:29Z</time>
    <extensions>
     <gpxdata:hr>148</gpxdata:hr>
     <gpxdata:distance>1507.00</gpxdata:distance>
     <gpxdata:cadence>84</gpxdata:cadence>
     <gpxdata:speed>2.961</gpxdata:speed>
    </extensions>
   </trkpt>
   <trkpt lat="45.4292005" lon="4.3976042">
    <ele>549</ele>
    <time>2026-08-04T05:07:30Z</time>
    <extensions>
     <gpxdata:hr>148</gpxdata:hr>
     <gpxdata:distance>1510.00</gpxdata:distance>
     <gpxdata:cadence>84</gpxdata:cadence>
     <gpxdata:speed>2.961</gpxdata:speed>
    </extensions>
   </trkpt>
   <trkpt lat="45.4291873" lon="4.3976216">
    <ele>549</ele>
    <time>2026-08-04T05:07:31Z</time>
    <extensions>
     <gpxdata:hr>147</gpxdata:hr>
     <gpxdata:distance>1513.00</gpxdata:distance>
     <gpxdata:cadence>84</gpxdata:cadence>
     <gpxdata:speed>2.958</gpxdata:speed>
    </extensions>
   </trkpt>
   <trkpt lat="45.4291741" lon="4.3976390">
    <ele>549</ele>
    <time>2026-08-04T05:07:32Z</time>
    <extensions>
     <gpxdata:hr>147</gpxdata:hr>
     <gpxdata:distance>1516.00</gpxdata:distance>
     <gpxdata:cadence>84</gpxdata:cadence>
     <gpxdata:speed>2.958</gpxdata:speed>
    </extensions>
   </trkpt>
   <trkpt lat="45.4291345" lon="4.3976886">
    <ele>549</ele>
    <time>2026-08-04T05:07:33Z</time>
    <extensions>
     <gpxdata:hr>147</gpxdata:hr>
     <gpxdata:distance>1519.00</gpxdata:distance>
     <gpxdata:cadence>84</gpxdata:cadence>
     <gpxdata:speed>2.956</gpxdata:speed>
    </extensions>
   </trkpt>
   <trkpt lat="45.4291218" lon="4.3977057">
    <ele>549</ele>
    <time>2026-08-04T05:07:34Z</time>
    <extensions>
     <gpxdata:hr>147</gpxdata:hr>
     <gpxdata:distance>1522.00</gpxdata:distance>
     <gpxdata:cadence>83</gpxdata:cadence>
     <gpxdata:speed>2.956</gpxdata:speed>
    </extensions>
   </trkpt>
   <trkpt lat="45.4291091" lon="4.3977229">
    <ele>549</ele>
    <time>2026-08-04T05:07:35Z</time>
    <extensions>
     <gpxdata:hr>147</gpxdata:hr>
     <gpxdata:distance>1525.00</gpxdata:distance>
     <gpxdata:cadence>83</gpxdata:cadence>
     <gpxdata:speed>2.953</gpxdata:speed>
    </extensions>
   </trkpt>
   <trkpt lat="45.4290964" lon="4.3977401">
    <ele>549</ele>
    <time>2026-08-04T05:07:36Z</time>
    <extensions>
     <gpxdata:hr>147</gpxdata:hr>
     <gpxdata:distance>1528.00</gpxdata:distance>
     <gpxdata:cadence>82</gpxdata:cadence>
     <gpxdata:speed>2.953</gpxdata:speed>
    </extensions>
   </trkpt>
   <trkpt lat="45.4290608" lon="4.3977977">
    <ele>549</ele>
    <time>2026-08-04T05:07:37Z</time>
    <extensions>
     <gpxdata:hr>147</gpxdata:hr>
     <gpxdata:distance>1531.00</gpxdata:distance>
     <gpxdata:cadence>82</gpxdata:cadence>
     <gpxdata:speed>2.950</gpxdata:speed>
    </extensions>
   </trkpt>
   <trkpt lat="45.4290492" lon="4.3978168">
    <ele>549</ele>
    <time>2026-08-04T05:07:38Z</time>
    <extensions>
     <gpxdata:hr>146</gpxdata:hr>
     <gpxdata:distance>1534.00</gpxdata:distance>
     <gpxdata:cadence>82</gpxdata:cadence>
     <gpxdata:speed>2.950</gpxdata:speed>
    </extensions>
   </trkpt>
   <trkpt lat="45.4290377" lon="4.3978359">
    <ele>549</ele>
    <time>2026-08-04T05:07:39Z</time>
    <extensions>
     <gpxdata:hr>146</gpxdata:hr>
     <gpxdata:distance>1537.00</gpxdata:distance>
     <gpxdata:cadence>82</gpxdata:cadence>
     <gpxdata:speed>2.947</gpxdata:speed>
    </extensions>
   </trkpt>
   <trkpt lat="45.4290262" lon="4.3978551">
    <ele>549</ele>
    <time>2026-08-04T05:07:40Z</time>
    <extensions>
     <gpxdata:hr>146</gpxdata:hr>
     <gpxdata:distance>1540.00</gpxdata:distance>
     <gpxdata:cadence>82</gpxdata:cadence>
     <gpxdata:speed>2.947</gpxdata:speed>
    </extensions>
   </trkpt>
   <trkpt lat="45.4289924" lon="4.3979121">
    <ele>549</ele>
    <time>2026-08-04T05:07:41Z</time>
    <extensions>
     <gpxdata:hr>145</gpxdata:hr>
     <gpxdata:distance>1543.00</gpxdata:distance>
     <gpxdata:cadence>82</gpxdata:cadence>
     <gpxdata:speed>2.944</gpxdata:speed>
    </extensions>
   </trkpt>
   <trkpt lat="45.4289813" lon="4.3979318">
    <ele>550</ele>
    <time>2026-08-04T05:07:42Z</time>
    <extensions>
     <gpxdata:hr>146</gpxdata:hr>
     <gpxdata:distance>1546.00</gpxdata:distance>
     <gpxdata:cadence>83</gpxdata:cadence>
     <gpxdata:speed>2.944</gpxdata:speed>
    </extensions>
   </trkpt>
   <trkpt lat="45.4289702" lon="4.3979516">
    <ele>550</ele>
    <time>2026-08-04T05:07:43Z</time>
    <extensions>
     <gpxdata:hr>146</gpxdata:hr>
     <gpxdata:distance>1549.00</gpxdata:distance>
     <gpxdata:cadence>83</gpxdata:cadence>
     <gpxdata:speed>2.944</gpxdata:speed>
    </extensions>
   </trkpt>
   <trkpt lat="45.4289592" lon="4.3979714">
    <ele>550</ele>
    <time>2026-08-04T05:07:44Z</time>
    <extensions>
     <gpxdata:hr>145</gpxdata:hr>
     <gpxdata:distance>1552.00</gpxdata:distance>
     <gpxdata:cadence>83</gpxdata:cadence>
     <gpxdata:speed>2.944</gpxdata:speed>
    </extensions>
   </trkpt>
   <trkpt lat="45.4289282" lon="4.3980301">
    <ele>550</ele>
    <time>2026-08-04T05:07:45Z</time>
    <extensions>
     <gpxdata:hr>146</gpxdata:hr>
     <gpxdata:distance>1554.50</gpxdata:distance>
     <gpxdata:cadence>82</gpxdata:cadence>
     <gpxdata:speed>2.942</gpxdata:speed>
    </extensions>
   </trkpt>
   <trkpt lat="45.4289189" lon="4.3980503">
    <ele>550</ele>
    <time>2026-08-04T05:07:46Z</time>
    <extensions>
     <gpxdata:hr>146</gpxdata:hr>
     <gpxdata:distance>1557.00</gpxdata:distance>
     <gpxdata:cadence>82</gpxdata:cadence>
     <gpxdata:speed>2.942</gpxdata:speed>
    </extensions>
   </trkpt>
   <trkpt lat="45.4289096" lon="4.3980705">
    <ele>550</ele>
    <time>2026-08-04T05:07:47Z</time>
    <extensions>
     <gpxdata:hr>146</gpxdata:hr>
     <gpxdata:distance>1560.00</gpxdata:distance>
     <gpxdata:cadence>82</gpxdata:cadence>
     <gpxdata:speed>2.942</gpxdata:speed>
    </extensions>
   </trkpt>
   <trkpt lat="45.4289003" lon="4.3980908">
    <ele>550</ele>
    <time>2026-08-04T05:07:48Z</time>
    <extensions>
     <gpxdata:hr>146</gpxdata:hr>
     <gpxdata:distance>1563.00</gpxdata:distance>
     <gpxdata:cadence>82</gpxdata:cadence>
     <gpxdata:speed>2.942</gpxdata:speed>
    </extensions>
   </trkpt>
   <trkpt lat="45.4288726" lon="4.3981494">
    <ele>550</ele>
    <time>2026-08-04T05:07:49Z</time>
    <extensions>
     <gpxdata:hr>146</gpxdata:hr>
     <gpxdata:distance>1565.50</gpxdata:distance>
     <gpxdata:cadence>82</gpxdata:cadence>
     <gpxdata:speed>2.939</gpxdata:speed>
    </extensions>
   </trkpt>
   <trkpt lat="45.4288629" lon="4.3981690">
    <ele>550</ele>
    <time>2026-08-04T05:07:50Z</time>
    <extensions>
     <gpxdata:hr>146</gpxdata:hr>
     <gpxdata:distance>1568.00</gpxdata:distance>
     <gpxdata:cadence>82</gpxdata:cadence>
     <gpxdata:speed>2.939</gpxdata:speed>
    </extensions>
   </trkpt>
   <trkpt lat="45.4288532" lon="4.3981886">
    <ele>550</ele>
    <time>2026-08-04T05:07:51Z</time>
    <extensions>
     <gpxdata:hr>146</gpxdata:hr>
     <gpxdata:distance>1571.00</gpxdata:distance>
     <gpxdata:cadence>82</gpxdata:cadence>
     <gpxdata:speed>2.939</gpxdata:speed>
    </extensions>
   </trkpt>
   <trkpt lat="45.4288435" lon="4.3982083">
    <ele>550</ele>
    <time>2026-08-04T05:07:52Z</time>
    <extensions>
     <gpxdata:hr>146</gpxdata:hr>
     <gpxdata:distance>1574.00</gpxdata:distance>
     <gpxdata:cadence>83</gpxdata:cadence>
     <gpxdata:speed>2.939</gpxdata:speed>
    </extensions>
   </trkpt>
   <trkpt lat="45.4288122" lon="4.3982651">
    <ele>550</ele>
    <time>2026-08-04T05:07:53Z</time>
    <extensions>
     <gpxdata:hr>145</gpxdata:hr>
     <gpxdata:distance>1577.00</gpxdata:distance>
     <gpxdata:cadence>83</gpxdata:cadence>
     <gpxdata:speed>2.936</gpxdata:speed>
    </extensions>
   </trkpt>
   <trkpt lat="45.4288008" lon="4.3982836">
    <ele>550</ele>
    <time>2026-08-04T05:07:54Z</time>
    <extensions>
     <gpxdata:hr>145</gpxdata:hr>
     <gpxdata:distance>1580.00</gpxdata:distance>
     <gpxdata:cadence>83</gpxdata:cadence>
     <gpxdata:speed>2.936</gpxdata:speed>
    </extensions>
   </trkpt>
   <trkpt lat="45.4287894" lon="4.3983021">
    <ele>550</ele>
    <time>2026-08-04T05:07:55Z</time>
    <extensions>
     <gpxdata:hr>145</gpxdata:hr>
     <gpxdata:distance>1583.00</gpxdata:distance>
     <gpxdata:cadence>83</gpxdata:cadence>
     <gpxdata:speed>2.933</gpxdata:speed>
    </extensions>
   </trkpt>
   <trkpt lat="45.4287780" lon="4.3983206">
    <ele>550</ele>
    <time>2026-08-04T05:07:56Z</time>
    <extensions>
     <gpxdata:hr>145</gpxdata:hr>
     <gpxdata:distance>1586.00</gpxdata:distance>
     <gpxdata:cadence>83</gpxdata:cadence>
     <gpxdata:speed>2.933</gpxdata:speed>
    </extensions>
   </trkpt>
   <trkpt lat="45.4287419" lon="4.3983750">
    <ele>550</ele>
    <time>2026-08-04T05:07:57Z</time>
    <extensions>
     <gpxdata:hr>145</gpxdata:hr>
     <gpxdata:distance>1589.00</gpxdata:distance>
     <gpxdata:cadence>83</gpxdata:cadence>
     <gpxdata:speed>2.933</gpxdata:speed>
    </extensions>
   </trkpt>
   <trkpt lat="45.4287284" lon="4.3983945">
    <ele>550</ele>
    <time>2026-08-04T05:07:58Z</time>
    <extensions>
     <gpxdata:hr>145</gpxdata:hr>
     <gpxdata:distance>1592.00</gpxdata:distance>
     <gpxdata:cadence>83</gpxdata:cadence>
     <gpxdata:speed>2.933</gpxdata:speed>
    </extensions>
   </trkpt>
   <trkpt lat="45.4287150" lon="4.3984141">
    <ele>550</ele>
    <time>2026-08-04T05:07:59Z</time>
    <extensions>
     <gpxdata:hr>145</gpxdata:hr>
     <gpxdata:distance>1595.50</gpxdata:distance>
     <gpxdata:cadence>83</gpxdata:cadence>
     <gpxdata:speed>2.931</gpxdata:speed>
    </extensions>
   </trkpt>
   <trkpt lat="45.4287016" lon="4.3984337">
    <ele>550</ele>
    <time>2026-08-04T05:08:00Z</time>
    <extensions>
     <gpxdata:hr>145</gpxdata:hr>
     <gpxdata:distance>1599.00</gpxdata:distance>
     <gpxdata:cadence>83</gpxdata:cadence>
     <gpxdata:speed>2.931</gpxdata:speed>
    </extensions>
   </trkpt>
   <trkpt lat="45.4286637" lon="4.3984964">
    <ele>550</ele>
    <time>2026-08-04T05:08:01Z</time>
    <extensions>
     <gpxdata:hr>144</gpxdata:hr>
     <gpxdata:distance>1601.50</gpxdata:distance>
     <gpxdata:cadence>83</gpxdata:cadence>
     <gpxdata:speed>2.931</gpxdata:speed>
    </extensions>
   </trkpt>
   <trkpt lat="45.4286522" lon="4.3985162">
    <ele>551</ele>
    <time>2026-08-04T05:08:02Z</time>
    <extensions>
     <gpxdata:hr>144</gpxdata:hr>
     <gpxdata:distance>1604.00</gpxdata:distance>
     <gpxdata:cadence>83</gpxdata:cadence>
     <gpxdata:speed>2.933</gpxdata:speed>
    </extensions>
   </trkpt>
   <trkpt lat="45.4286407" lon="4.3985361">
    <ele>551</ele>
    <time>2026-08-04T05:08:03Z</time>
    <extensions>
     <gpxdata:hr>145</gpxdata:hr>
     <gpxdata:distance>1607.00</gpxdata:distance>
     <gpxdata:cadence>83</gpxdata:cadence>
     <gpxdata:speed>2.936</gpxdata:speed>
    </extensions>
   </trkpt>
   <trkpt lat="45.4286293" lon="4.3985560">
    <ele>551</ele>
    <time>2026-08-04T05:08:04Z</time>
    <extensions>
     <gpxdata:hr>145</gpxdata:hr>
     <gpxdata:distance>1610.00</gpxdata:distance>
     <gpxdata:cadence>83</gpxdata:cadence>
     <gpxdata:speed>2.939</gpxdata:speed>
    </extensions>
   </trkpt>
   <trkpt lat="45.4285954" lon="4.3986114">
    <ele>551</ele>
    <time>2026-08-04T05:08:05Z</time>
    <extensions>
     <gpxdata:hr>145</gpxdata:hr>
     <gpxdata:distance>1613.00</gpxdata:distance>
     <gpxdata:cadence>83</gpxdata:cadence>
     <gpxdata:speed>2.942</gpxdata:speed>
    </extensions>
   </trkpt>
   <trkpt lat="45.4285850" lon="4.3986304">
    <ele>551</ele>
    <time>2026-08-04T05:08:06Z</time>
    <extensions>
     <gpxdata:hr>145</gpxdata:hr>
     <gpxdata:distance>1616.00</gpxdata:distance>
     <gpxdata:cadence>83</gpxdata:cadence>
     <gpxdata:speed>2.947</gpxdata:speed>
    </extensions>
   </trkpt>
   <trkpt lat="45.4285746" lon="4.3986495">
    <ele>551</ele>
    <time>2026-08-04T05:08:07Z</time>
    <extensions>
     <gpxdata:hr>145</gpxdata:hr>
     <gpxdata:distance>1618.50</gpxdata:distance>
     <gpxdata:cadence>83</gpxdata:cadence>
     <gpxdata:speed>2.947</gpxdata:speed>
    </extensions>
   </trkpt>
   <trkpt lat="45.4285643" lon="4.3986686">
    <ele>551</ele>
    <time>2026-08-04T05:08:08Z</time>
    <extensions>
     <gpxdata:hr>145</gpxdata:hr>
     <gpxdata:distance>1621.00</gpxdata:distance>
     <gpxdata:cadence>83</gpxdata:cadence>
     <gpxdata:speed>2.950</gpxdata:speed>
    </extensions>
   </trkpt>
   <trkpt lat="45.4285372" lon="4.3987301">
    <ele>551</ele>
    <time>2026-08-04T05:08:09Z</time>
    <extensions>
     <gpxdata:hr>145</gpxdata:hr>
     <gpxdata:distance>1624.00</gpxdata:distance>
     <gpxdata:cadence>83</gpxdata:cadence>
     <gpxdata:speed>2.950</gpxdata:speed>
    </extensions>
   </trkpt>
   <trkpt lat="45.4285285" lon="4.3987514">
    <ele>551</ele>
    <time>2026-08-04T05:08:10Z</time>
    <extensions>
     <gpxdata:hr>145</gpxdata:hr>
     <gpxdata:distance>1627.00</gpxdata:distance>
     <gpxdata:cadence>83</gpxdata:cadence>
     <gpxdata:speed>2.953</gpxdata:speed>
    </extensions>
   </trkpt>
   <trkpt lat="45.4285198" lon="4.3987727">
    <ele>551</ele>
    <time>2026-08-04T05:08:11Z</time>
    <extensions>
     <gpxdata:hr>145</gpxdata:hr>
     <gpxdata:distance>1630.00</gpxdata:distance>
     <gpxdata:cadence>83</gpxdata:cadence>
     <gpxdata:speed>2.953</gpxdata:speed>
    </extensions>
   </trkpt>
   <trkpt lat="45.4285111" lon="4.3987941">
    <ele>551</ele>
    <time>2026-08-04T05:08:12Z</time>
    <extensions>
     <gpxdata:hr>145</gpxdata:hr>
     <gpxdata:distance>1633.00</gpxdata:distance>
     <gpxdata:cadence>83</gpxdata:cadence>
     <gpxdata:speed>2.956</gpxdata:speed>
    </extensions>
   </trkpt>
   <trkpt lat="45.4284874" lon="4.3988599">
    <ele>551</ele>
    <time>2026-08-04T05:08:13Z</time>
    <extensions>
     <gpxdata:hr>145</gpxdata:hr>
     <gpxdata:distance>1636.00</gpxdata:distance>
     <gpxdata:cadence>83</gpxdata:cadence>
     <gpxdata:speed>2.956</gpxdata:speed>
    </extensions>
   </trkpt>
   <trkpt lat="45.4284791" lon="4.3988827">
    <ele>551</ele>
    <time>2026-08-04T05:08:14Z</time>
    <extensions>
     <gpxdata:hr>146</gpxdata:hr>
     <gpxdata:distance>1639.00</gpxdata:distance>
     <gpxdata:cadence>84</gpxdata:cadence>
     <gpxdata:speed>2.956</gpxdata:speed>
    </extensions>
   </trkpt>
   <trkpt lat="45.4284708" lon="4.3989055">
    <ele>551</ele>
    <time>2026-08-04T05:08:15Z</time>
    <extensions>
     <gpxdata:hr>146</gpxdata:hr>
     <gpxdata:distance>1642.00</gpxdata:distance>
     <gpxdata:cadence>84</gpxdata:cadence>
     <gpxdata:speed>2.956</gpxdata:speed>
    </extensions>
   </trkpt>
   <trkpt lat="45.4284626" lon="4.3989283">
    <ele>551</ele>
    <time>2026-08-04T05:08:16Z</time>
    <extensions>
     <gpxdata:hr>146</gpxdata:hr>
     <gpxdata:distance>1645.00</gpxdata:distance>
     <gpxdata:cadence>84</gpxdata:cadence>
     <gpxdata:speed>2.956</gpxdata:speed>
    </extensions>
   </trkpt>
   <trkpt lat="45.4284377" lon="4.3989967">
    <ele>551</ele>
    <time>2026-08-04T05:08:17Z</time>
    <extensions>
     <gpxdata:hr>146</gpxdata:hr>
     <gpxdata:distance>1648.00</gpxdata:distance>
     <gpxdata:cadence>84</gpxdata:cadence>
     <gpxdata:speed>2.956</gpxdata:speed>
    </extensions>
   </trkpt>
   <trkpt lat="45.4284294" lon="4.3990188">
    <ele>552</ele>
    <time>2026-08-04T05:08:18Z</time>
    <extensions>
     <gpxdata:hr>146</gpxdata:hr>
     <gpxdata:distance>1651.00</gpxdata:distance>
     <gpxdata:cadence>84</gpxdata:cadence>
     <gpxdata:speed>2.956</gpxdata:speed>
    </extensions>
   </trkpt>
   <trkpt lat="45.4284211" lon="4.3990410">
    <ele>552</ele>
    <time>2026-08-04T05:08:19Z</time>
    <extensions>
     <gpxdata:hr>146</gpxdata:hr>
     <gpxdata:distance>1654.00</gpxdata:distance>
     <gpxdata:cadence>84</gpxdata:cadence>
     <gpxdata:speed>2.956</gpxdata:speed>
    </extensions>
   </trkpt>
   <trkpt lat="45.4284129" lon="4.3990632">
    <ele>552</ele>
    <time>2026-08-04T05:08:20Z</time>
    <extensions>
     <gpxdata:hr>146</gpxdata:hr>
     <gpxdata:distance>1657.00</gpxdata:distance>
     <gpxdata:cadence>84</gpxdata:cadence>
     <gpxdata:speed>2.956</gpxdata:speed>
    </extensions>
   </trkpt>
   <trkpt lat="45.4283878" lon="4.3991290">
    <ele>552</ele>
    <time>2026-08-04T05:08:21Z</time>
    <extensions>
     <gpxdata:hr>146</gpxdata:hr>
     <gpxdata:distance>1660.00</gpxdata:distance>
     <gpxdata:cadence>84</gpxdata:cadence>
     <gpxdata:speed>2.956</gpxdata:speed>
    </extensions>
   </trkpt>
   <trkpt lat="45.4283790" lon="4.3991512">
    <ele>552</ele>
    <time>2026-08-04T05:08:22Z</time>
    <extensions>
     <gpxdata:hr>146</gpxdata:hr>
     <gpxdata:distance>1663.00</gpxdata:distance>
     <gpxdata:cadence>84</gpxdata:cadence>
     <gpxdata:speed>2.958</gpxdata:speed>
    </extensions>
   </trkpt>
   <trkpt lat="45.4283702" lon="4.3991735">
    <ele>552</ele>
    <time>2026-08-04T05:08:23Z</time>
    <extensions>
     <gpxdata:hr>146</gpxdata:hr>
     <gpxdata:distance>1666.00</gpxdata:distance>
     <gpxdata:cadence>84</gpxdata:cadence>
     <gpxdata:speed>2.958</gpxdata:speed>
    </extensions>
   </trkpt>
   <trkpt lat="45.4283614" lon="4.3991958">
    <ele>552</ele>
    <time>2026-08-04T05:08:24Z</time>
    <extensions>
     <gpxdata:hr>146</gpxdata:hr>
     <gpxdata:distance>1669.00</gpxdata:distance>
     <gpxdata:cadence>84</gpxdata:cadence>
     <gpxdata:speed>2.958</gpxdata:speed>
    </extensions>
   </trkpt>
   <trkpt lat="45.4283316" lon="4.3992582">
    <ele>552</ele>
    <time>2026-08-04T05:08:25Z</time>
    <extensions>
     <gpxdata:hr>146</gpxdata:hr>
     <gpxdata:distance>1672.00</gpxdata:distance>
     <gpxdata:cadence>84</gpxdata:cadence>
     <gpxdata:speed>2.958</gpxdata:speed>
    </extensions>
   </trkpt>
   <trkpt lat="45.4283213" lon="4.3992784">
    <ele>552</ele>
    <time>2026-08-04T05:08:26Z</time>
    <extensions>
     <gpxdata:hr>146</gpxdata:hr>
     <gpxdata:distance>1675.00</gpxdata:distance>
     <gpxdata:cadence>84</gpxdata:cadence>
     <gpxdata:speed>2.958</gpxdata:speed>
    </extensions>
   </trkpt>
   <trkpt lat="45.4283110" lon="4.3992986">
    <ele>552</ele>
    <time>2026-08-04T05:08:27Z</time>
    <extensions>
     <gpxdata:hr>146</gpxdata:hr>
     <gpxdata:distance>1677.50</gpxdata:distance>
     <gpxdata:cadence>83</gpxdata:cadence>
     <gpxdata:speed>2.958</gpxdata:speed>
    </extensions>
   </trkpt>
   <trkpt lat="45.4283008" lon="4.3993188">
    <ele>552</ele>
    <time>2026-08-04T05:08:28Z</time>
    <extensions>
     <gpxdata:hr>146</gpxdata:hr>
     <gpxdata:distance>1680.00</gpxdata:distance>
     <gpxdata:cadence>83</gpxdata:cadence>
     <gpxdata:speed>2.961</gpxdata:speed>
    </extensions>
   </trkpt>
   <trkpt lat="45.4282707" lon="4.3993820">
    <ele>552</ele>
    <time>2026-08-04T05:08:29Z</time>
    <extensions>
     <gpxdata:hr>147</gpxdata:hr>
     <gpxdata:distance>1683.50</gpxdata:distance>
     <gpxdata:cadence>83</gpxdata:cadence>
     <gpxdata:speed>2.961</gpxdata:speed>
    </extensions>
   </trkpt>
   <trkpt lat="45.4282603" lon="4.3994041">
    <ele>552</ele>
    <time>2026-08-04T05:08:30Z</time>
    <extensions>
     <gpxdata:hr>147</gpxdata:hr>
     <gpxdata:distance>1687.00</gpxdata:distance>
     <gpxdata:cadence>83</gpxdata:cadence>
     <gpxdata:speed>2.964</gpxdata:speed>
    </extensions>
   </trkpt>
   <trkpt lat="45.4282499" lon="4.3994262">
    <ele>552</ele>
    <time>2026-08-04T05:08:31Z</time>
    <extensions>
     <gpxdata:hr>148</gpxdata:hr>
     <gpxdata:distance>1690.00</gpxdata:distance>
     <gpxdata:cadence>83</gpxdata:cadence>
     <gpxdata:speed>2.964</gpxdata:speed>
    </extensions>
   </trkpt>
   <trkpt lat="45.4282395" lon="4.3994483">
    <ele>552</ele>
    <time>2026-08-04T05:08:32Z</time>
    <extensions>
     <gpxdata:hr>148</gpxdata:hr>
     <gpxdata:distance>1693.00</gpxdata:distance>
     <gpxdata:cadence>83</gpxdata:cadence>
     <gpxdata:speed>2.964</gpxdata:speed>
    </extensions>
   </trkpt>
   <trkpt lat="45.4282075" lon="4.3995144">
    <ele>552</ele>
    <time>2026-08-04T05:08:33Z</time>
    <extensions>
     <gpxdata:hr>148</gpxdata:hr>
     <gpxdata:distance>1696.00</gpxdata:distance>
     <gpxdata:cadence>83</gpxdata:cadence>
     <gpxdata:speed>2.964</gpxdata:speed>
    </extensions>
   </trkpt>
   <trkpt lat="45.4281971" lon="4.3995363">
    <ele>553</ele>
    <time>2026-08-04T05:08:34Z</time>
    <extensions>
     <gpxdata:hr>149</gpxdata:hr>
     <gpxdata:distance>1699.00</gpxdata:distance>
     <gpxdata:cadence>84</gpxdata:cadence>
     <gpxdata:speed>2.967</gpxdata:speed>
    </extensions>
   </trkpt>
   <trkpt lat="45.4281867" lon="4.3995582">
    <ele>553</ele>
    <time>2026-08-04T05:08:35Z</time>
    <extensions>
     <gpxdata:hr>149</gpxdata:hr>
     <gpxdata:distance>1702.00</gpxdata:distance>
     <gpxdata:cadence>84</gpxdata:cadence>
     <gpxdata:speed>2.967</gpxdata:speed>
    </extensions>
   </trkpt>
   <trkpt lat="45.4281764" lon="4.3995801">
    <ele>553</ele>
    <time>2026-08-04T05:08:36Z</time>
    <extensions>
     <gpxdata:hr>149</gpxdata:hr>
     <gpxdata:distance>1705.00</gpxdata:distance>
     <gpxdata:cadence>84</gpxdata:cadence>
     <gpxdata:speed>2.969</gpxdata:speed>
    </extensions>
   </trkpt>
   <trkpt lat="45.4281502" lon="4.3996504">
    <ele>553</ele>
    <time>2026-08-04T05:08:37Z</time>
    <extensions>
     <gpxdata:hr>150</gpxdata:hr>
     <gpxdata:distance>1708.50</gpxdata:distance>
     <gpxdata:cadence>84</gpxdata:cadence>
     <gpxdata:speed>2.972</gpxdata:speed>
    </extensions>
   </trkpt>
   <trkpt lat="45.4281414" lon="4.3996744">
    <ele>553</ele>
    <time>2026-08-04T05:08:38Z</time>
    <extensions>
     <gpxdata:hr>150</gpxdata:hr>
     <gpxdata:distance>1712.00</gpxdata:distance>
     <gpxdata:cadence>84</gpxdata:cadence>
     <gpxdata:speed>2.975</gpxdata:speed>
    </extensions>
   </trkpt>
   <trkpt lat="45.4281326" lon="4.3996984">
    <ele>553</ele>
    <time>2026-08-04T05:08:39Z</time>
    <extensions>
     <gpxdata:hr>150</gpxdata:hr>
     <gpxdata:distance>1715.00</gpxdata:distance>
     <gpxdata:cadence>84</gpxdata:cadence>
     <gpxdata:speed>2.975</gpxdata:speed>
    </extensions>
   </trkpt>
   <trkpt lat="45.4281239" lon="4.3997225">
    <ele>553</ele>
    <time>2026-08-04T05:08:40Z</time>
    <extensions>
     <gpxdata:hr>150</gpxdata:hr>
     <gpxdata:distance>1718.00</gpxdata:distance>
     <gpxdata:cadence>84</gpxdata:cadence>
     <gpxdata:speed>2.978</gpxdata:speed>
    </extensions>
   </trkpt>
   <trkpt lat="45.4280977" lon="4.3997914">
    <ele>553</ele>
    <time>2026-08-04T05:08:41Z</time>
    <extensions>
     <gpxdata:hr>150</gpxdata:hr>
     <gpxdata:distance>1721.00</gpxdata:distance>
     <gpxdata:cadence>84</gpxdata:cadence>
     <gpxdata:speed>2.981</gpxdata:speed>
    </extensions>
   </trkpt>
   <trkpt lat="45.4280888" lon="4.3998130">
    <ele>553</ele>
    <time>2026-08-04T05:08:42Z</time>
    <extensions>
     <gpxdata:hr>150</gpxdata:hr>
     <gpxdata:distance>1724.00</gpxdata:distance>
     <gpxdata:cadence>84</gpxdata:cadence>
     <gpxdata:speed>2.983</gpxdata:speed>
    </extensions>
   </trkpt>
   <trkpt lat="45.4280799" lon="4.3998347">
    <ele>553</ele>
    <time>2026-08-04T05:08:43Z</time>
    <extensions>
     <gpxdata:hr>150</gpxdata:hr>
     <gpxdata:distance>1726.50</gpxdata:distance>
     <gpxdata:cadence>84</gpxdata:cadence>
     <gpxdata:speed>2.983</gpxdata:speed>
    </extensions>
   </trkpt>
   <trkpt lat="45.4280710" lon="4.3998564">
    <ele>553</ele>
    <time>2026-08-04T05:08:44Z</time>
    <extensions>
     <gpxdata:hr>150</gpxdata:hr>
     <gpxdata:distance>1729.00</gpxdata:distance>
     <gpxdata:cadence>84</gpxdata:cadence>
     <gpxdata:speed>2.986</gpxdata:speed>
    </extensions>
   </trkpt>
   <trkpt lat="45.4280463" lon="4.3999241">
    <ele>553</ele>
    <time>2026-08-04T05:08:45Z</time>
    <extensions>
     <gpxdata:hr>150</gpxdata:hr>
     <gpxdata:distance>1732.50</gpxdata:distance>
     <gpxdata:cadence>84</gpxdata:cadence>
     <gpxdata:speed>2.986</gpxdata:speed>
    </extensions>
   </trkpt>
   <trkpt lat="45.4280396" lon="4.3999480">
    <ele>553</ele>
    <time>2026-08-04T05:08:46Z</time>
    <extensions>
     <gpxdata:hr>150</gpxdata:hr>
     <gpxdata:distance>1736.00</gpxdata:distance>
     <gpxdata:cadence>84</gpxdata:cadence>
     <gpxdata:speed>2.989</gpxdata:speed>
    </extensions>
   </trkpt>
   <trkpt lat="45.4280330" lon="4.3999720">
    <ele>553</ele>
    <time>2026-08-04T05:08:47Z</time>
    <extensions>
     <gpxdata:hr>150</gpxdata:hr>
     <gpxdata:distance>1739.00</gpxdata:distance>
     <gpxdata:cadence>84</gpxdata:cadence>
     <gpxdata:speed>2.989</gpxdata:speed>
    </extensions>
   </trkpt>
   <trkpt lat="45.4280264" lon="4.3999960">
    <ele>553</ele>
    <time>2026-08-04T05:08:48Z</time>
    <extensions>
     <gpxdata:hr>150</gpxdata:hr>
     <gpxdata:distance>1742.00</gpxdata:distance>
     <gpxdata:cadence>84</gpxdata:cadence>
     <gpxdata:speed>2.992</gpxdata:speed>
    </extensions>
   </trkpt>
   <trkpt lat="45.4280084" lon="4.4000689">
    <ele>553</ele>
    <time>2026-08-04T05:08:49Z</time>
    <extensions>
     <gpxdata:hr>150</gpxdata:hr>
     <gpxdata:distance>1745.00</gpxdata:distance>
     <gpxdata:cadence>84</gpxdata:cadence>
     <gpxdata:speed>2.992</gpxdata:speed>
    </extensions>
   </trkpt>
   <trkpt lat="45.4280008" lon="4.4000935">
    <ele>554</ele>
    <time>2026-08-04T05:08:50Z</time>
    <extensions>
     <gpxdata:hr>150</gpxdata:hr>
     <gpxdata:distance>1748.00</gpxdata:distance>
     <gpxdata:cadence>84</gpxdata:cadence>
     <gpxdata:speed>2.994</gpxdata:speed>
    </extensions>
   </trkpt>
   <trkpt lat="45.4279932" lon="4.4001181">
    <ele>554</ele>
    <time>2026-08-04T05:08:51Z</time>
    <extensions>
     <gpxdata:hr>150</gpxdata:hr>
     <gpxdata:distance>1751.50</gpxdata:distance>
     <gpxdata:cadence>84</gpxdata:cadence>
     <gpxdata:speed>2.997</gpxdata:speed>
    </extensions>
   </trkpt>
   <trkpt lat="45.4279857" lon="4.4001428">
    <ele>554</ele>
    <time>2026-08-04T05:08:52Z</time>
    <extensions>
     <gpxdata:hr>150</gpxdata:hr>
     <gpxdata:distance>1755.00</gpxdata:distance>
     <gpxdata:cadence>85</gpxdata:cadence>
     <gpxdata:speed>3.000</gpxdata:speed>
    </extensions>
   </trkpt>
   <trkpt lat="45.4279584" lon="4.4002206">
    <ele>554</ele>
    <time>2026-08-04T05:08:53Z</time>
    <extensions>
     <gpxdata:hr>150</gpxdata:hr>
     <gpxdata:distance>1758.50</gpxdata:distance>
     <gpxdata:cadence>85</gpxdata:cadence>
     <gpxdata:speed>3.003</gpxdata:speed>
    </extensions>
   </trkpt>
   <trkpt lat="45.4279478" lon="4.4002464">
    <ele>554</ele>
    <time>2026-08-04T05:08:54Z</time>
    <extensions>
     <gpxdata:hr>150</gpxdata:hr>
     <gpxdata:distance>1762.00</gpxdata:distance>
     <gpxdata:cadence>85</gpxdata:cadence>
     <gpxdata:speed>3.006</gpxdata:speed>
    </extensions>
   </trkpt>
   <trkpt lat="45.4279373" lon="4.4002723">
    <ele>554</ele>
    <time>2026-08-04T05:08:55Z</time>
    <extensions>
     <gpxdata:hr>150</gpxdata:hr>
     <gpxdata:distance>1765.50</gpxdata:distance>
     <gpxdata:cadence>85</gpxdata:cadence>
     <gpxdata:speed>3.011</gpxdata:speed>
    </extensions>
   </trkpt>
   <trkpt lat="45.4279268" lon="4.4002982">
    <ele>554</ele>
    <time>2026-08-04T05:08:56Z</time>
    <extensions>
     <gpxdata:hr>150</gpxdata:hr>
     <gpxdata:distance>1769.00</gpxdata:distance>
     <gpxdata:cadence>85</gpxdata:cadence>
     <gpxdata:speed>3.019</gpxdata:speed>
    </extensions>
   </trkpt>
   <trkpt lat="45.4278940" lon="4.4003696">
    <ele>554</ele>
    <time>2026-08-04T05:08:57Z</time>
    <extensions>
     <gpxdata:hr>150</gpxdata:hr>
     <gpxdata:distance>1772.00</gpxdata:distance>
     <gpxdata:cadence>84</gpxdata:cadence>
     <gpxdata:speed>3.028</gpxdata:speed>
    </extensions>
   </trkpt>
   <trkpt lat="45.4278838" lon="4.4003919">
    <ele>554</ele>
    <time>2026-08-04T05:08:58Z</time>
    <extensions>
     <gpxdata:hr>150</gpxdata:hr>
     <gpxdata:distance>1775.00</gpxdata:distance>
     <gpxdata:cadence>84</gpxdata:cadence>
     <gpxdata:speed>3.039</gpxdata:speed>
    </extensions>
   </trkpt>
   <trkpt lat="45.4278736" lon="4.4004142">
    <ele>554</ele>
    <time>2026-08-04T05:08:59Z</time>
    <extensions>
     <gpxdata:hr>151</gpxdata:hr>
     <gpxdata:distance>1778.00</gpxdata:distance>
     <gpxdata:cadence>84</gpxdata:cadence>
     <gpxdata:speed>3.047</gpxdata:speed>
    </extensions>
   </trkpt>
   <trkpt lat="45.4278634" lon="4.4004366">
    <ele>554</ele>
    <time>2026-08-04T05:09:00Z</time>
    <extensions>
     <gpxdata:hr>151</gpxdata:hr>
     <gpxdata:distance>1781.00</gpxdata:distance>
     <gpxdata:cadence>84</gpxdata:cadence>
     <gpxdata:speed>3.056</gpxdata:speed>
    </extensions>
   </trkpt>
   <trkpt lat="45.4278340" lon="4.4005002">
    <ele>554</ele>
    <time>2026-08-04T05:09:01Z</time>
    <extensions>
     <gpxdata:hr>151</gpxdata:hr>
     <gpxdata:distance>1783.50</gpxdata:distance>
     <gpxdata:cadence>84</gpxdata:cadence>
     <gpxdata:speed>3.061</gpxdata:speed>
    </extensions>
   </trkpt>
   <trkpt lat="45.4278248" lon="4.4005217">
    <ele>554</ele>
    <time>2026-08-04T05:09:02Z</time>
    <extensions>
     <gpxdata:hr>151</gpxdata:hr>
     <gpxdata:distance>1786.00</gpxdata:distance>
     <gpxdata:cadence>84</gpxdata:cadence>
     <gpxdata:speed>3.067</gpxdata:speed>
    </extensions>
   </trkpt>
   <trkpt lat="45.4278156" lon="4.4005432">
    <ele>554</ele>
    <time>2026-08-04T05:09:03Z</time>
    <extensions>
     <gpxdata:hr>151</gpxdata:hr>
     <gpxdata:distance>1789.50</gpxdata:distance>
     <gpxdata:cadence>84</gpxdata:cadence>
     <gpxdata:speed>3.069</gpxdata:speed>
    </extensions>
   </trkpt>
   <trkpt lat="45.4278064" lon="4.4005647">
    <ele>554</ele>
    <time>2026-08-04T05:09:04Z</time>
    <extensions>
     <gpxdata:hr>151</gpxdata:hr>
     <gpxdata:distance>1793.00</gpxdata:distance>
     <gpxdata:cadence>84</gpxdata:cadence>
     <gpxdata:speed>3.075</gpxdata:speed>
    </extensions>
   </trkpt>
   <trkpt lat="45.4277759" lon="4.4006315">
    <ele>554</ele>
    <time>2026-08-04T05:09:05Z</time>
    <extensions>
     <gpxdata:hr>151</gpxdata:hr>
     <gpxdata:distance>1796.00</gpxdata:distance>
     <gpxdata:cadence>84</gpxdata:cadence>
     <gpxdata:speed>3.078</gpxdata:speed>
    </extensions>
   </trkpt>
   <trkpt lat="45.4277660" lon="4.4006549">
    <ele>555</ele>
    <time>2026-08-04T05:09:06Z</time>
    <extensions>
     <gpxdata:hr>151</gpxdata:hr>
     <gpxdata:distance>1799.00</gpxdata:distance>
     <gpxdata:cadence>84</gpxdata:cadence>
     <gpxdata:speed>3.083</gpxdata:speed>
    </extensions>
   </trkpt>
   <trkpt lat="45.4277562" lon="4.4006784">
    <ele>555</ele>
    <time>2026-08-04T05:09:07Z</time>
    <extensions>
     <gpxdata:hr>151</gpxdata:hr>
     <gpxdata:distance>1802.50</gpxdata:distance>
     <gpxdata:cadence>83</gpxdata:cadence>
     <gpxdata:speed>3.086</gpxdata:speed>
    </extensions>
   </trkpt>
   <trkpt lat="45.4277464" lon="4.4007019">
    <ele>555</ele>
    <time>2026-08-04T05:09:08Z</time>
    <extensions>
     <gpxdata:hr>151</gpxdata:hr>
     <gpxdata:distance>1806.00</gpxdata:distance>
     <gpxdata:cadence>83</gpxdata:cadence>
     <gpxdata:speed>3.089</gpxdata:speed>
    </extensions>
   </trkpt>
   <trkpt lat="45.4277238" lon="4.4007747">
    <ele>555</ele>
    <time>2026-08-04T05:09:09Z</time>
    <extensions>
     <gpxdata:hr>150</gpxdata:hr>
     <gpxdata:distance>1809.00</gpxdata:distance>
     <gpxdata:cadence>84</gpxdata:cadence>
     <gpxdata:speed>3.092</gpxdata:speed>
    </extensions>
   </trkpt>
   <trkpt lat="45.4277168" lon="4.4007981">
    <ele>555</ele>
    <time>2026-08-04T05:09:10Z</time>
    <extensions>
     <gpxdata:hr>150</gpxdata:hr>
     <gpxdata:distance>1812.00</gpxdata:distance>
     <gpxdata:cadence>84</gpxdata:cadence>
     <gpxdata:speed>3.094</gpxdata:speed>
    </extensions>
   </trkpt>
   <trkpt lat="45.4277098" lon="4.4008215">
    <ele>555</ele>
    <time>2026-08-04T05:09:11Z</time>
    <extensions>
     <gpxdata:hr>150</gpxdata:hr>
     <gpxdata:distance>1814.50</gpxdata:distance>
     <gpxdata:cadence>84</gpxdata:cadence>
     <gpxdata:speed>3.094</gpxdata:speed>
    </extensions>
   </trkpt>
   <trkpt lat="45.4277028" lon="4.4008449">
    <ele>555</ele>
    <time>2026-08-04T05:09:12Z</time>
    <extensions>
     <gpxdata:hr>150</gpxdata:hr>
     <gpxdata:distance>1817.00</gpxdata:distance>
     <gpxdata:cadence>84</gpxdata:cadence>
     <gpxdata:speed>3.097</gpxdata:speed>
    </extensions>
   </trkpt>
   <trkpt lat="45.4276790" lon="4.4009151">
    <ele>555</ele>
    <time>2026-08-04T05:09:13Z</time>
    <extensions>
     <gpxdata:hr>149</gpxdata:hr>
     <gpxdata:distance>1820.50</gpxdata:distance>
     <gpxdata:cadence>84</gpxdata:cadence>
     <gpxdata:speed>3.097</gpxdata:speed>
    </extensions>
   </trkpt>
   <trkpt lat="45.4276701" lon="4.4009385">
    <ele>555</ele>
    <time>2026-08-04T05:09:14Z</time>
    <extensions>
     <gpxdata:hr>149</gpxdata:hr>
     <gpxdata:distance>1824.00</gpxdata:distance>
     <gpxdata:cadence>84</gpxdata:cadence>
     <gpxdata:speed>3.100</gpxdata:speed>
    </extensions>
   </trkpt>
   <trkpt lat="45.4276612" lon="4.4009619">
    <ele>555</ele>
    <time>2026-08-04T05:09:15Z</time>
    <extensions>
     <gpxdata:hr>149</gpxdata:hr>
     <gpxdata:distance>1827.00</gpxdata:distance>
     <gpxdata:cadence>84</gpxdata:cadence>
     <gpxdata:speed>3.100</gpxdata:speed>
    </extensions>
   </trkpt>
   <trkpt lat="45.4276523" lon="4.4009853">
    <ele>555</ele>
    <time>2026-08-04T05:09:16Z</time>
    <extensions>
     <gpxdata:hr>149</gpxdata:hr>
     <gpxdata:distance>1830.00</gpxdata:distance>
     <gpxdata:cadence>84</gpxdata:cadence>
     <gpxdata:speed>3.103</gpxdata:speed>
    </extensions>
   </trkpt>
   <trkpt lat="45.4276220" lon="4.4010549">
    <ele>555</ele>
    <time>2026-08-04T05:09:17Z</time>
    <extensions>
     <gpxdata:hr>149</gpxdata:hr>
     <gpxdata:distance>1833.50</gpxdata:distance>
     <gpxdata:cadence>83</gpxdata:cadence>
     <gpxdata:speed>3.106</gpxdata:speed>
    </extensions>
   </trkpt>
   <trkpt lat="45.4276125" lon="4.4010792">
    <ele>555</ele>
    <time>2026-08-04T05:09:18Z</time>
    <extensions>
     <gpxdata:hr>148</gpxdata:hr>
     <gpxdata:distance>1837.00</gpxdata:distance>
     <gpxdata:cadence>83</gpxdata:cadence>
     <gpxdata:speed>3.108</gpxdata:speed>
    </extensions>
   </trkpt>
   <trkpt lat="45.4276030" lon="4.4011035">
    <ele>555</ele>
    <time>2026-08-04T05:09:19Z</time>
    <extensions>
     <gpxdata:hr>148</gpxdata:hr>
     <gpxdata:distance>1840.00</gpxdata:distance>
     <gpxdata:cadence>83</gpxdata:cadence>
     <gpxdata:speed>3.108</gpxdata:speed>
    </extensions>
   </trkpt>
   <trkpt lat="45.4275936" lon="4.4011278">
    <ele>555</ele>
    <time>2026-08-04T05:09:20Z</time>
    <extensions>
     <gpxdata:hr>149</gpxdata:hr>
     <gpxdata:distance>1843.00</gpxdata:distance>
     <gpxdata:cadence>83</gpxdata:cadence>
     <gpxdata:speed>3.111</gpxdata:speed>
    </extensions>
   </trkpt>
   <trkpt lat="45.4275703" lon="4.4011999">
    <ele>555</ele>
    <time>2026-08-04T05:09:21Z</time>
    <extensions>
     <gpxdata:hr>149</gpxdata:hr>
     <gpxdata:distance>1846.00</gpxdata:distance>
     <gpxdata:cadence>83</gpxdata:cadence>
     <gpxdata:speed>3.111</gpxdata:speed>
    </extensions>
   </trkpt>
   <trkpt lat="45.4275644" lon="4.4012240">
    <ele>556</ele>
    <time>2026-08-04T05:09:22Z</time>
    <extensions>
     <gpxdata:hr>150</gpxdata:hr>
     <gpxdata:distance>1849.00</gpxdata:distance>
     <gpxdata:cadence>83</gpxdata:cadence>
     <gpxdata:speed>3.114</gpxdata:speed>
    </extensions>
   </trkpt>
   <trkpt lat="45.4275586" lon="4.4012482">
    <ele>556</ele>
    <time>2026-08-04T05:09:23Z</time>
    <extensions>
     <gpxdata:hr>151</gpxdata:hr>
     <gpxdata:distance>1852.00</gpxdata:distance>
     <gpxdata:cadence>83</gpxdata:cadence>
     <gpxdata:speed>3.114</gpxdata:speed>
    </extensions>
   </trkpt>
   <trkpt lat="45.4275528" lon="4.4012724">
    <ele>556</ele>
    <time>2026-08-04T05:09:24Z</time>
    <extensions>
     <gpxdata:hr>151</gpxdata:hr>
     <gpxdata:distance>1855.00</gpxdata:distance>
     <gpxdata:cadence>83</gpxdata:cadence>
     <gpxdata:speed>3.117</gpxdata:speed>
    </extensions>
   </trkpt>
   <trkpt lat="45.4275384" lon="4.4013462">
    <ele>556</ele>
    <time>2026-08-04T05:09:25Z</time>
    <extensions>
     <gpxdata:hr>150</gpxdata:hr>
     <gpxdata:distance>1858.00</gpxdata:distance>
     <gpxdata:cadence>83</gpxdata:cadence>
     <gpxdata:speed>3.117</gpxdata:speed>
    </extensions>
   </trkpt>
   <trkpt lat="45.4275335" lon="4.4013712">
    <ele>556</ele>
    <time>2026-08-04T05:09:26Z</time>
    <extensions>
     <gpxdata:hr>151</gpxdata:hr>
     <gpxdata:distance>1861.00</gpxdata:distance>
     <gpxdata:cadence>83</gpxdata:cadence>
     <gpxdata:speed>3.117</gpxdata:speed>
    </extensions>
   </trkpt>
   <trkpt lat="45.4275286" lon="4.4013962">
    <ele>556</ele>
    <time>2026-08-04T05:09:27Z</time>
    <extensions>
     <gpxdata:hr>151</gpxdata:hr>
     <gpxdata:distance>1864.00</gpxdata:distance>
     <gpxdata:cadence>83</gpxdata:cadence>
     <gpxdata:speed>3.117</gpxdata:speed>
    </extensions>
   </trkpt>
   <trkpt lat="45.4275238" lon="4.4014212">
    <ele>556</ele>
    <time>2026-08-04T05:09:28Z</time>
    <extensions>
     <gpxdata:hr>151</gpxdata:hr>
     <gpxdata:distance>1867.00</gpxdata:distance>
     <gpxdata:cadence>84</gpxdata:cadence>
     <gpxdata:speed>3.119</gpxdata:speed>
    </extensions>
   </trkpt>
   <trkpt lat="45.4275087" lon="4.4014958">
    <ele>556</ele>
    <time>2026-08-04T05:09:29Z</time>
    <extensions>
     <gpxdata:hr>151</gpxdata:hr>
     <gpxdata:distance>1870.00</gpxdata:distance>
     <gpxdata:cadence>84</gpxdata:cadence>
     <gpxdata:speed>3.117</gpxdata:speed>
    </extensions>
   </trkpt>
   <trkpt lat="45.4275034" lon="4.4015203">
    <ele>556</ele>
    <time>2026-08-04T05:09:30Z</time>
    <extensions>
     <gpxdata:hr>151</gpxdata:hr>
     <gpxdata:distance>1873.00</gpxdata:distance>
     <gpxdata:cadence>84</gpxdata:cadence>
     <gpxdata:speed>3.117</gpxdata:speed>
    </extensions>
   </trkpt>
   <trkpt lat="45.4274981" lon="4.4015449">
    <ele>556</ele>
    <time>2026-08-04T05:09:31Z</time>
    <extensions>
     <gpxdata:hr>151</gpxdata:hr>
     <gpxdata:distance>1876.00</gpxdata:distance>
     <gpxdata:cadence>84</gpxdata:cadence>
     <gpxdata:speed>3.117</gpxdata:speed>
    </extensions>
   </trkpt>
   <trkpt lat="45.4274928" lon="4.4015695">
    <ele>556</ele>
    <time>2026-08-04T05:09:32Z</time>
    <extensions>
     <gpxdata:hr>151</gpxdata:hr>
     <gpxdata:distance>1879.00</gpxdata:distance>
     <gpxdata:cadence>84</gpxdata:cadence>
     <gpxdata:speed>3.117</gpxdata:speed>
    </extensions>
   </trkpt>
   <trkpt lat="45.4274738" lon="4.4016424">
    <ele>556</ele>
    <time>2026-08-04T05:09:33Z</time>
    <extensions>
     <gpxdata:hr>151</gpxdata:hr>
     <gpxdata:distance>1882.00</gpxdata:distance>
     <gpxdata:cadence>84</gpxdata:cadence>
     <gpxdata:speed>3.117</gpxdata:speed>
    </extensions>
   </trkpt>
   <trkpt lat="45.4274662" lon="4.4016664">
    <ele>556</ele>
    <time>2026-08-04T05:09:34Z</time>
    <extensions>
     <gpxdata:hr>151</gpxdata:hr>
     <gpxdata:distance>1885.00</gpxdata:distance>
     <gpxdata:cadence>84</gpxdata:cadence>
     <gpxdata:speed>3.119</gpxdata:speed>
    </extensions>
   </trkpt>
   <trkpt lat="45.4274587" lon="4.4016904">
    <ele>556</ele>
    <time>2026-08-04T05:09:35Z</time>
    <extensions>
     <gpxdata:hr>151</gpxdata:hr>
     <gpxdata:distance>1888.50</gpxdata:distance>
     <gpxdata:cadence>84</gpxdata:cadence>
     <gpxdata:speed>3.119</gpxdata:speed>
    </extensions>
   </trkpt>
   <trkpt lat="45.4274512" lon="4.4017145">
    <ele>556</ele>
    <time>2026-08-04T05:09:36Z</time>
    <extensions>
     <gpxdata:hr>151</gpxdata:hr>
     <gpxdata:distance>1892.00</gpxdata:distance>
     <gpxdata:cadence>84</gpxdata:cadence>
     <gpxdata:speed>3.119</gpxdata:speed>
    </extensions>
   </trkpt>
   <trkpt lat="45.4274274" lon="4.4017899">
    <ele>556</ele>
    <time>2026-08-04T05:09:37Z</time>
    <extensions>
     <gpxdata:hr>151</gpxdata:hr>
     <gpxdata:distance>1895.00</gpxdata:distance>
     <gpxdata:cadence>84</gpxdata:cadence>
     <gpxdata:speed>3.119</gpxdata:speed>
    </extensions>
   </trkpt>
   <trkpt lat="45.4274201" lon="4.4018149">
    <ele>557</ele>
    <time>2026-08-04T05:09:38Z</time>
    <extensions>
     <gpxdata:hr>151</gpxdata:hr>
     <gpxdata:distance>1898.00</gpxdata:distance>
     <gpxdata:cadence>84</gpxdata:cadence>
     <gpxdata:speed>3.119</gpxdata:speed>
    </extensions>
   </trkpt>
   <trkpt lat="45.4274129" lon="4.4018400">
    <ele>557</ele>
    <time>2026-08-04T05:09:39Z</time>
    <extensions>
     <gpxdata:hr>152</gpxdata:hr>
     <gpxdata:distance>1901.50</gpxdata:distance>
     <gpxdata:cadence>84</gpxdata:cadence>
     <gpxdata:speed>3.119</gpxdata:speed>
    </extensions>
   </trkpt>
   <trkpt lat="45.4274057" lon="4.4018651">
    <ele>557</ele>
    <time>2026-08-04T05:09:40Z</time>
    <extensions>
     <gpxdata:hr>152</gpxdata:hr>
     <gpxdata:distance>1905.00</gpxdata:distance>
     <gpxdata:cadence>85</gpxdata:cadence>
     <gpxdata:speed>3.119</gpxdata:speed>
    </extensions>
   </trkpt>
   <trkpt lat="45.4273863" lon="4.4019448">
    <ele>557</ele>
    <time>2026-08-04T05:09:41Z</time>
    <extensions>
     <gpxdata:hr>152</gpxdata:hr>
     <gpxdata:distance>1908.00</gpxdata:distance>
     <gpxdata:cadence>85</gpxdata:cadence>
     <gpxdata:speed>3.122</gpxdata:speed>
    </extensions>
   </trkpt>
   <trkpt lat="45.4273800" lon="4.4019713">
    <ele>557</ele>
    <time>2026-08-04T05:09:42Z</time>
    <extensions>
     <gpxdata:hr>152</gpxdata:hr>
     <gpxdata:distance>1911.00</gpxdata:distance>
     <gpxdata:cadence>85</gpxdata:cadence>
     <gpxdata:speed>3.125</gpxdata:speed>
    </extensions>
   </trkpt>
   <trkpt lat="45.4273737" lon="4.4019978">
    <ele>557</ele>
    <time>2026-08-04T05:09:43Z</time>
    <extensions>
     <gpxdata:hr>152</gpxdata:hr>
     <gpxdata:distance>1914.50</gpxdata:distance>
     <gpxdata:cadence>84</gpxdata:cadence>
     <gpxdata:speed>3.128</gpxdata:speed>
    </extensions>
   </trkpt>
   <trkpt lat="45.4273674" lon="4.4020244">
    <ele>557</ele>
    <time>2026-08-04T05:09:44Z</time>
    <extensions>
     <gpxdata:hr>152</gpxdata:hr>
     <gpxdata:distance>1918.00</gpxdata:distance>
     <gpxdata:cadence>84</gpxdata:cadence>
     <gpxdata:speed>3.131</gpxdata:speed>
    </extensions>
   </trkpt>
   <trkpt lat="45.4273475" lon="4.4021021">
    <ele>557</ele>
    <time>2026-08-04T05:09:45Z</time>
    <extensions>
     <gpxdata:hr>152</gpxdata:hr>
     <gpxdata:distance>1921.00</gpxdata:distance>
     <gpxdata:cadence>84</gpxdata:cadence>
     <gpxdata:speed>3.133</gpxdata:speed>
    </extensions>
   </trkpt>
   <trkpt lat="45.4273403" lon="4.4021278">
    <ele>557</ele>
    <time>2026-08-04T05:09:46Z</time>
    <extensions>
     <gpxdata:hr>152</gpxdata:hr>
     <gpxdata:distance>1924.00</gpxdata:distance>
     <gpxdata:cadence>83</gpxdata:cadence>
     <gpxdata:speed>3.136</gpxdata:speed>
    </extensions>
   </trkpt>
   <trkpt lat="45.4273331" lon="4.4021535">
    <ele>557</ele>
    <time>2026-08-04T05:09:47Z</time>
    <extensions>
     <gpxdata:hr>151</gpxdata:hr>
     <gpxdata:distance>1927.50</gpxdata:distance>
     <gpxdata:cadence>83</gpxdata:cadence>
     <gpxdata:speed>3.139</gpxdata:speed>
    </extensions>
   </trkpt>
   <trkpt lat="45.4273259" lon="4.4021793">
    <ele>557</ele>
    <time>2026-08-04T05:09:48Z</time>
    <extensions>
     <gpxdata:hr>151</gpxdata:hr>
     <gpxdata:distance>1931.00</gpxdata:distance>
     <gpxdata:cadence>83</gpxdata:cadence>
     <gpxdata:speed>3.142</gpxdata:speed>
    </extensions>
   </trkpt>
   <trkpt lat="45.4273031" lon="4.4022557">
    <ele>557</ele>
    <time>2026-08-04T05:09:49Z</time>
    <extensions>
     <gpxdata:hr>151</gpxdata:hr>
     <gpxdata:distance>1934.00</gpxdata:distance>
     <gpxdata:cadence>82</gpxdata:cadence>
     <gpxdata:speed>3.142</gpxdata:speed>
    </extensions>
   </trkpt>
   <trkpt lat="45.4272960" lon="4.4022799">
    <ele>557</ele>
    <time>2026-08-04T05:09:50Z</time>
    <extensions>
     <gpxdata:hr>151</gpxdata:hr>
     <gpxdata:distance>1937.00</gpxdata:distance>
     <gpxdata:cadence>82</gpxdata:cadence>
     <gpxdata:speed>3.142</gpxdata:speed>
    </extensions>
   </trkpt>
   <trkpt lat="45.4272889" lon="4.4023041">
    <ele>557</ele>
    <time>2026-08-04T05:09:51Z</time>
    <extensions>
     <gpxdata:hr>152</gpxdata:hr>
     <gpxdata:distance>1940.00</gpxdata:distance>
     <gpxdata:cadence>82</gpxdata:cadence>
     <gpxdata:speed>3.142</gpxdata:speed>
    </extensions>
   </trkpt>
   <trkpt lat="45.4272819" lon="4.4023284">
    <ele>557</ele>
    <time>2026-08-04T05:09:52Z</time>
    <extensions>
     <gpxdata:hr>152</gpxdata:hr>
     <gpxdata:distance>1943.00</gpxdata:distance>
     <gpxdata:cadence>82</gpxdata:cadence>
     <gpxdata:speed>3.144</gpxdata:speed>
    </extensions>
   </trkpt>
   <trkpt lat="45.4272646" lon="4.4023984">
    <ele>557</ele>
    <time>2026-08-04T05:09:53Z</time>
    <extensions>
     <gpxdata:hr>152</gpxdata:hr>
     <gpxdata:distance>1946.00</gpxdata:distance>
     <gpxdata:cadence>82</gpxdata:cadence>
     <gpxdata:speed>3.142</gpxdata:speed>
    </extensions>
   </trkpt>
   <trkpt lat="45.4272587" lon="4.4024225">
    <ele>557</ele>
    <time>2026-08-04T05:09:54Z</time>
    <extensions>
     <gpxdata:hr>152</gpxdata:hr>
     <gpxdata:distance>1949.00</gpxdata:distance>
     <gpxdata:cadence>82</gpxdata:cadence>
     <gpxdata:speed>3.142</gpxdata:speed>
    </extensions>
   </trkpt>
   <trkpt lat="45.4272529" lon="4.4024467">
    <ele>557</ele>
    <time>2026-08-04T05:09:55Z</time>
    <extensions>
     <gpxdata:hr>152</gpxdata:hr>
     <gpxdata:distance>1952.00</gpxdata:distance>
     <gpxdata:cadence>82</gpxdata:cadence>
     <gpxdata:speed>3.139</gpxdata:speed>
    </extensions>
   </trkpt>
   <trkpt lat="45.4272471" lon="4.4024709">
    <ele>557</ele>
    <time>2026-08-04T05:09:56Z</time>
    <extensions>
     <gpxdata:hr>152</gpxdata:hr>
     <gpxdata:distance>1955.00</gpxdata:distance>
     <gpxdata:cadence>82</gpxdata:cadence>
     <gpxdata:speed>3.139</gpxdata:speed>
    </extensions>
   </trkpt>
   <trkpt lat="45.4272258" lon="4.4025435">
    <ele>557</ele>
    <time>2026-08-04T05:09:57Z</time>
    <extensions>
     <gpxdata:hr>152</gpxdata:hr>
     <gpxdata:distance>1958.00</gpxdata:distance>
     <gpxdata:cadence>82</gpxdata:cadence>
     <gpxdata:speed>3.136</gpxdata:speed>
    </extensions>
   </trkpt>
   <trkpt lat="45.4272186" lon="4.4025679">
    <ele>558</ele>
    <time>2026-08-04T05:09:58Z</time>
    <extensions>
     <gpxdata:hr>152</gpxdata:hr>
     <gpxdata:distance>1961.00</gpxdata:distance>
     <gpxdata:cadence>82</gpxdata:cadence>
     <gpxdata:speed>3.136</gpxdata:speed>
    </extensions>
   </trkpt>
   <trkpt lat="45.4272115" lon="4.4025923">
    <ele>558</ele>
    <time>2026-08-04T05:09:59Z</time>
    <extensions>
     <gpxdata:hr>153</gpxdata:hr>
     <gpxdata:distance>1964.00</gpxdata:distance>
     <gpxdata:cadence>82</gpxdata:cadence>
     <gpxdata:speed>3.133</gpxdata:speed>
    </extensions>
   </trkpt>
   <trkpt lat="45.4272044" lon="4.4026168">
    <ele>558</ele>
    <time>2026-08-04T05:10:00Z</time>
    <extensions>
     <gpxdata:hr>153</gpxdata:hr>
     <gpxdata:distance>1967.00</gpxdata:distance>
     <gpxdata:cadence>82</gpxdata:cadence>
     <gpxdata:speed>3.133</gpxdata:speed>
    </extensions>
   </trkpt>
   <trkpt lat="45.4271837" lon="4.4026927">
    <ele>558</ele>
    <time>2026-08-04T05:10:01Z</time>
    <extensions>
     <gpxdata:hr>153</gpxdata:hr>
     <gpxdata:distance>1970.50</gpxdata:distance>
     <gpxdata:cadence>82</gpxdata:cadence>
     <gpxdata:speed>3.131</gpxdata:speed>
    </extensions>
   </trkpt>
   <trkpt lat="45.4271771" lon="4.4027180">
    <ele>558</ele>
    <time>2026-08-04T05:10:02Z</time>
    <extensions>
     <gpxdata:hr>153</gpxdata:hr>
     <gpxdata:distance>1974.00</gpxdata:distance>
     <gpxdata:cadence>83</gpxdata:cadence>
     <gpxdata:speed>3.131</gpxdata:speed>
    </extensions>
   </trkpt>
   <trkpt lat="45.4271705" lon="4.4027434">
    <ele>558</ele>
    <time>2026-08-04T05:10:03Z</time>
    <extensions>
     <gpxdata:hr>153</gpxdata:hr>
     <gpxdata:distance>1977.00</gpxdata:distance>
     <gpxdata:cadence>83</gpxdata:cadence>
     <gpxdata:speed>3.128</gpxdata:speed>
    </extensions>
   </trkpt>
   <trkpt lat="45.4271639" lon="4.4027688">
    <ele>558</ele>
    <time>2026-08-04T05:10:04Z</time>
    <extensions>
     <gpxdata:hr>153</gpxdata:hr>
     <gpxdata:distance>1980.00</gpxdata:distance>
     <gpxdata:cadence>83</gpxdata:cadence>
     <gpxdata:speed>3.128</gpxdata:speed>
    </extensions>
   </trkpt>
   <trkpt lat="45.4271425" lon="4.4028428">
    <ele>558</ele>
    <time>2026-08-04T05:10:05Z</time>
    <extensions>
     <gpxdata:hr>152</gpxdata:hr>
     <gpxdata:distance>1983.00</gpxdata:distance>
     <gpxdata:cadence>83</gpxdata:cadence>
     <gpxdata:speed>3.128</gpxdata:speed>
    </extensions>
   </trkpt>
   <trkpt lat="45.4271352" lon="4.4028671">
    <ele>558</ele>
    <time>2026-08-04T05:10:06Z</time>
    <extensions>
     <gpxdata:hr>152</gpxdata:hr>
     <gpxdata:distance>1986.00</gpxdata:distance>
     <gpxdata:cadence>83</gpxdata:cadence>
     <gpxdata:speed>3.128</gpxdata:speed>
    </extensions>
   </trkpt>
   <trkpt lat="45.4271279" lon="4.4028914">
    <ele>558</ele>
    <time>2026-08-04T05:10:07Z</time>
    <extensions>
     <gpxdata:hr>152</gpxdata:hr>
     <gpxdata:distance>1989.00</gpxdata:distance>
     <gpxdata:cadence>83</gpxdata:cadence>
     <gpxdata:speed>3.128</gpxdata:speed>
    </extensions>
   </trkpt>
   <trkpt lat="45.4271207" lon="4.4029157">
    <ele>558</ele>
    <time>2026-08-04T05:10:08Z</time>
    <extensions>
     <gpxdata:hr>151</gpxdata:hr>
     <gpxdata:distance>1992.00</gpxdata:distance>
     <gpxdata:cadence>83</gpxdata:cadence>
     <gpxdata:speed>3.128</gpxdata:speed>
    </extensions>
   </trkpt>
   <trkpt lat="45.4271108" lon="4.4029526">
    <ele>558</ele>
    <time>2026-08-04T05:10:09Z</time>
    <extensions>
     <gpxdata:hr>151</gpxdata:hr>
     <gpxdata:distance>1995.00</gpxdata:distance>
     <gpxdata:cadence>83</gpxdata:cadence>
     <gpxdata:speed>3.128</gpxdata:speed>
    </extensions>
   </trkpt>
   <trkpt lat="45.4271009" lon="4.4029895">
    <ele>558</ele>
    <time>2026-08-04T05:10:10Z</time>
    <extensions>
     <gpxdata:hr>151</gpxdata:hr>
     <gpxdata:distance>1998.00</gpxdata:distance>
     <gpxdata:cadence>83</gpxdata:cadence>
     <gpxdata:speed>3.128</gpxdata:speed>
    </extensions>
   </trkpt>
   <trkpt lat="45.4270823" lon="4.4030648">
    <ele>558</ele>
    <time>2026-08-04T05:10:11Z</time>
    <extensions>
     <gpxdata:hr>152</gpxdata:hr>
     <gpxdata:distance>2001.50</gpxdata:distance>
     <gpxdata:cadence>83</gpxdata:cadence>
     <gpxdata:speed>3.128</gpxdata:speed>
    </extensions>
   </trkpt>
   <trkpt lat="45.4270761" lon="4.4030895">
    <ele>558</ele>
    <time>2026-08-04T05:10:12Z</time>
    <extensions>
     <gpxdata:hr>152</gpxdata:hr>
     <gpxdata:distance>2005.00</gpxdata:distance>
     <gpxdata:cadence>84</gpxdata:cadence>
     <gpxdata:speed>3.128</gpxdata:speed>
    </extensions>
   </trkpt>
   <trkpt lat="45.4270699" lon="4.4031142">
    <ele>558</ele>
    <time>2026-08-04T05:10:13Z</time>
    <extensions>
     <gpxdata:hr>152</gpxdata:hr>
     <gpxdata:distance>2008.00</gpxdata:distance>
     <gpxdata:cadence>84</gpxdata:cadence>
     <gpxdata:speed>3.128</gpxdata:speed>
    </extensions>
   </trkpt>
   <trkpt lat="45.4270638" lon="4.4031390">
    <ele>559</ele>
    <time>2026-08-04T05:10:14Z</time>
    <extensions>
     <gpxdata:hr>152</gpxdata:hr>
     <gpxdata:distance>2011.00</gpxdata:distance>
     <gpxdata:cadence>84</gpxdata:cadence>
     <gpxdata:speed>3.128</gpxdata:speed>
    </extensions>
   </trkpt>
   <trkpt lat="45.4270440" lon="4.4032141">
    <ele>559</ele>
    <time>2026-08-04T05:10:15Z</time>
    <extensions>
     <gpxdata:hr>152</gpxdata:hr>
     <gpxdata:distance>2014.00</gpxdata:distance>
     <gpxdata:cadence>84</gpxdata:cadence>
     <gpxdata:speed>3.128</gpxdata:speed>
    </extensions>
   </trkpt>
   <trkpt lat="45.4270369" lon="4.4032393">
    <ele>559</ele>
    <time>2026-08-04T05:10:16Z</time>
    <extensions>
     <gpxdata:hr>153</gpxdata:hr>
     <gpxdata:distance>2017.00</gpxdata:distance>
     <gpxdata:cadence>84</gpxdata:cadence>
     <gpxdata:speed>3.128</gpxdata:speed>
    </extensions>
   </trkpt>
   <trkpt lat="45.4270299" lon="4.4032646">
    <ele>559</ele>
    <time>2026-08-04T05:10:17Z</time>
    <extensions>
     <gpxdata:hr>154</gpxdata:hr>
     <gpxdata:distance>2020.50</gpxdata:distance>
     <gpxdata:cadence>84</gpxdata:cadence>
     <gpxdata:speed>3.128</gpxdata:speed>
    </extensions>
   </trkpt>
   <trkpt lat="45.4270229" lon="4.4032899">
    <ele>559</ele>
    <time>2026-08-04T05:10:18Z</time>
    <extensions>
     <gpxdata:hr>154</gpxdata:hr>
     <gpxdata:distance>2024.00</gpxdata:distance>
     <gpxdata:cadence>84</gpxdata:cadence>
     <gpxdata:speed>3.128</gpxdata:speed>
    </extensions>
   </trkpt>
   <trkpt lat="45.4270032" lon="4.4033655">
    <ele>559</ele>
    <time>2026-08-04T05:10:19Z</time>
    <extensions>
     <gpxdata:hr>155</gpxdata:hr>
     <gpxdata:distance>2027.00</gpxdata:distance>
     <gpxdata:cadence>84</gpxdata:cadence>
     <gpxdata:speed>3.128</gpxdata:speed>
    </extensions>
   </trkpt>
   <trkpt lat="45.4269967" lon="4.4033903">
    <ele>559</ele>
    <time>2026-08-04T05:10:20Z</time>
    <extensions>
     <gpxdata:hr>155</gpxdata:hr>
     <gpxdata:distance>2030.00</gpxdata:distance>
     <gpxdata:cadence>84</gpxdata:cadence>
     <gpxdata:speed>3.131</gpxdata:speed>
    </extensions>
   </trkpt>
   <trkpt lat="45.4269902" lon="4.4034151">
    <ele>559</ele>
    <time>2026-08-04T05:10:21Z</time>
    <extensions>
     <gpxdata:hr>155</gpxdata:hr>
     <gpxdata:distance>2033.00</gpxdata:distance>
     <gpxdata:cadence>84</gpxdata:cadence>
     <gpxdata:speed>3.131</gpxdata:speed>
    </extensions>
   </trkpt>
   <trkpt lat="45.4269837" lon="4.4034399">
    <ele>559</ele>
    <time>2026-08-04T05:10:22Z</time>
    <extensions>
     <gpxdata:hr>155</gpxdata:hr>
     <gpxdata:distance>2036.00</gpxdata:distance>
     <gpxdata:cadence>84</gpxdata:cadence>
     <gpxdata:speed>3.131</gpxdata:speed>
    </extensions>
   </trkpt>
   <trkpt lat="45.4269644" lon="4.4035119">
    <ele>559</ele>
    <time>2026-08-04T05:10:23Z</time>
    <extensions>
     <gpxdata:hr>155</gpxdata:hr>
     <gpxdata:distance>2039.00</gpxdata:distance>
     <gpxdata:cadence>84</gpxdata:cadence>
     <gpxdata:speed>3.131</gpxdata:speed>
    </extensions>
   </trkpt>
   <trkpt lat="45.4269578" lon="4.4035366">
    <ele>559</ele>
    <time>2026-08-04T05:10:24Z</time>
    <extensions>
     <gpxdata:hr>155</gpxdata:hr>
     <gpxdata:distance>2042.00</gpxdata:distance>
     <gpxdata:cadence>84</gpxdata:cadence>
     <gpxdata:speed>3.131</gpxdata:speed>
    </extensions>
   </trkpt>
   <trkpt lat="45.4269512" lon="4.4035613">
    <ele>559</ele>
    <time>2026-08-04T05:10:25Z</time>
    <extensions>
     <gpxdata:hr>155</gpxdata:hr>
     <gpxdata:distance>2045.50</gpxdata:distance>
     <gpxdata:cadence>84</gpxdata:cadence>
     <gpxdata:speed>3.131</gpxdata:speed>
    </extensions>
   </trkpt>
   <trkpt lat="45.4269447" lon="4.4035860">
    <ele>559</ele>
    <time>2026-08-04T05:10:26Z</time>
    <extensions>
     <gpxdata:hr>155</gpxdata:hr>
     <gpxdata:distance>2049.00</gpxdata:distance>
     <gpxdata:cadence>84</gpxdata:cadence>
     <gpxdata:speed>3.131</gpxdata:speed>
    </extensions>
   </trkpt>
   <trkpt lat="45.4269236" lon="4.4036623">
    <ele>559</ele>
    <time>2026-08-04T05:10:27Z</time>
    <extensions>
     <gpxdata:hr>155</gpxdata:hr>
     <gpxdata:distance>2052.00</gpxdata:distance>
     <gpxdata:cadence>85</gpxdata:cadence>
     <gpxdata:speed>3.131</gpxdata:speed>
    </extensions>
   </trkpt>
   <trkpt lat="45.4269162" lon="4.4036881">
    <ele>559</ele>
    <time>2026-08-04T05:10:28Z</time>
    <extensions>
     <gpxdata:hr>154</gpxdata:hr>
     <gpxdata:distance>2055.00</gpxdata:distance>
     <gpxdata:cadence>86</gpxdata:cadence>
     <gpxdata:speed>3.131</gpxdata:speed>
    </extensions>
   </trkpt>
   <trkpt lat="45.4269088" lon="4.4037139">
    <ele>559</ele>
    <time>2026-08-04T05:10:29Z</time>
    <extensions>
     <gpxdata:hr>154</gpxdata:hr>
     <gpxdata:distance>2058.50</gpxdata:distance>
     <gpxdata:cadence>86</gpxdata:cadence>
     <gpxdata:speed>3.133</gpxdata:speed>
    </extensions>
   </trkpt>
   <trkpt lat="45.4269014" lon="4.4037398">
    <ele>559</ele>
    <time>2026-08-04T05:10:30Z</time>
    <extensions>
     <gpxdata:hr>154</gpxdata:hr>
     <gpxdata:distance>2062.00</gpxdata:distance>
     <gpxdata:cadence>86</gpxdata:cadence>
     <gpxdata:speed>3.136</gpxdata:speed>
    </extensions>
   </trkpt>
   <trkpt lat="45.4268772" lon="4.4038153">
    <ele>559</ele>
    <time>2026-08-04T05:10:31Z</time>
    <extensions>
     <gpxdata:hr>153</gpxdata:hr>
     <gpxdata:distance>2065.00</gpxdata:distance>
     <gpxdata:cadence>86</gpxdata:cadence>
     <gpxdata:speed>3.136</gpxdata:speed>
    </extensions>
   </trkpt>
   <trkpt lat="45.4268687" lon="4.4038398">
    <ele>559</ele>
    <time>2026-08-04T05:10:32Z</time>
    <extensions>
     <gpxdata:hr>153</gpxdata:hr>
     <gpxdata:distance>2068.00</gpxdata:distance>
     <gpxdata:cadence>86</gpxdata:cadence>
     <gpxdata:speed>3.139</gpxdata:speed>
    </extensions>
   </trkpt>
   <trkpt lat="45.4268603" lon="4.4038643">
    <ele>559</ele>
    <time>2026-08-04T05:10:33Z</time>
    <extensions>
     <gpxdata:hr>153</gpxdata:hr>
     <gpxdata:distance>2071.00</gpxdata:distance>
     <gpxdata:cadence>86</gpxdata:cadence>
     <gpxdata:speed>3.142</gpxdata:speed>
    </extensions>
   </trkpt>
   <trkpt lat="45.4268519" lon="4.4038889">
    <ele>560</ele>
    <time>2026-08-04T05:10:34Z</time>
    <extensions>
     <gpxdata:hr>153</gpxdata:hr>
     <gpxdata:distance>2074.00</gpxdata:distance>
     <gpxdata:cadence>85</gpxdata:cadence>
     <gpxdata:speed>3.144</gpxdata:speed>
    </extensions>
   </trkpt>
   <trkpt lat="45.4268284" lon="4.4039634">
    <ele>560</ele>
    <time>2026-08-04T05:10:35Z</time>
    <extensions>
     <gpxdata:hr>152</gpxdata:hr>
     <gpxdata:distance>2077.50</gpxdata:distance>
     <gpxdata:cadence>85</gpxdata:cadence>
     <gpxdata:speed>3.144</gpxdata:speed>
    </extensions>
   </trkpt>
   <trkpt lat="45.4268208" lon="4.4039878">
    <ele>560</ele>
    <time>2026-08-04T05:10:36Z</time>
    <extensions>
     <gpxdata:hr>152</gpxdata:hr>
     <gpxdata:distance>2081.00</gpxdata:distance>
     <gpxdata:cadence>84</gpxdata:cadence>
     <gpxdata:speed>3.147</gpxdata:speed>
    </extensions>
   </trkpt>
   <trkpt lat="45.4268132" lon="4.4040122">
    <ele>560</ele>
    <time>2026-08-04T05:10:37Z</time>
    <extensions>
     <gpxdata:hr>152</gpxdata:hr>
     <gpxdata:distance>2084.00</gpxdata:distance>
     <gpxdata:cadence>84</gpxdata:cadence>
     <gpxdata:speed>3.147</gpxdata:speed>
    </extensions>
   </trkpt>
   <trkpt lat="45.4268056" lon="4.4040367">
    <ele>560</ele>
    <time>2026-08-04T05:10:38Z</time>
    <extensions>
     <gpxdata:hr>151</gpxdata:hr>
     <gpxdata:distance>2087.00</gpxdata:distance>
     <gpxdata:cadence>84</gpxdata:cadence>
     <gpxdata:speed>3.147</gpxdata:speed>
    </extensions>
   </trkpt>
   <trkpt lat="45.4267847" lon="4.4041107">
    <ele>560</ele>
    <time>2026-08-04T05:10:39Z</time>
    <extensions>
     <gpxdata:hr>151</gpxdata:hr>
     <gpxdata:distance>2090.00</gpxdata:distance>
     <gpxdata:cadence>84</gpxdata:cadence>
     <gpxdata:speed>3.147</gpxdata:speed>
    </extensions>
   </trkpt>
   <trkpt lat="45.4267775" lon="4.4041342">
    <ele>560</ele>
    <time>2026-08-04T05:10:40Z</time>
    <extensions>
     <gpxdata:hr>152</gpxdata:hr>
     <gpxdata:distance>2093.00</gpxdata:distance>
     <gpxdata:cadence>84</gpxdata:cadence>
     <gpxdata:speed>3.147</gpxdata:speed>
    </extensions>
   </trkpt>
   <trkpt lat="45.4267703" lon="4.4041578">
    <ele>560</ele>
    <time>2026-08-04T05:10:41Z</time>
    <extensions>
     <gpxdata:hr>152</gpxdata:hr>
     <gpxdata:distance>2095.50</gpxdata:distance>
     <gpxdata:cadence>84</gpxdata:cadence>
     <gpxdata:speed>3.147</gpxdata:speed>
    </extensions>
   </trkpt>
   <trkpt lat="45.4267631" lon="4.4041814">
    <ele>560</ele>
    <time>2026-08-04T05:10:42Z</time>
    <extensions>
     <gpxdata:hr>152</gpxdata:hr>
     <gpxdata:distance>2098.00</gpxdata:distance>
     <gpxdata:cadence>84</gpxdata:cadence>
     <gpxdata:speed>3.147</gpxdata:speed>
    </extensions>
   </trkpt>
   <trkpt lat="45.4267438" lon="4.4042508">
    <ele>560</ele>
    <time>2026-08-04T05:10:43Z</time>
    <extensions>
     <gpxdata:hr>153</gpxdata:hr>
     <gpxdata:distance>2101.00</gpxdata:distance>
     <gpxdata:cadence>84</gpxdata:cadence>
     <gpxdata:speed>3.147</gpxdata:speed>
    </extensions>
   </trkpt>
   <trkpt lat="45.4267369" lon="4.4042749">
    <ele>560</ele>
    <time>2026-08-04T05:10:44Z</time>
    <extensions>
     <gpxdata:hr>153</gpxdata:hr>
     <gpxdata:distance>2104.00</gpxdata:distance>
     <gpxdata:cadence>84</gpxdata:cadence>
     <gpxdata:speed>3.147</gpxdata:speed>
    </extensions>
   </trkpt>
   <trkpt lat="45.4267300" lon="4.4042991">
    <ele>560</ele>
    <time>2026-08-04T05:10:45Z</time>
    <extensions>
     <gpxdata:hr>153</gpxdata:hr>
     <gpxdata:distance>2107.50</gpxdata:distance>
     <gpxdata:cadence>84</gpxdata:cadence>
     <gpxdata:speed>3.144</gpxdata:speed>
    </extensions>
   </trkpt>
   <trkpt lat="45.4267232" lon="4.4043233">
    <ele>560</ele>
    <time>2026-08-04T05:10:46Z</time>
    <extensions>
     <gpxdata:hr>153</gpxdata:hr>
     <gpxdata:distance>2111.00</gpxdata:distance>
     <gpxdata:cadence>84</gpxdata:cadence>
     <gpxdata:speed>3.144</gpxdata:speed>
    </extensions>
   </trkpt>
   <trkpt lat="45.4267005" lon="4.4044012">
    <ele>560</ele>
    <time>2026-08-04T05:10:47Z</time>
    <extensions>
     <gpxdata:hr>153</gpxdata:hr>
     <gpxdata:distance>2114.50</gpxdata:distance>
     <gpxdata:cadence>84</gpxdata:cadence>
     <gpxdata:speed>3.144</gpxdata:speed>
    </extensions>
   </trkpt>
   <trkpt lat="45.4266923" lon="4.4044262">
    <ele>560</ele>
    <time>2026-08-04T05:10:48Z</time>
    <extensions>
     <gpxdata:hr>153</gpxdata:hr>
     <gpxdata:distance>2118.00</gpxdata:distance>
     <gpxdata:cadence>84</gpxdata:cadence>
     <gpxdata:speed>3.144</gpxdata:speed>
    </extensions>
   </trkpt>
   <trkpt lat="45.4266841" lon="4.4044512">
    <ele>560</ele>
    <time>2026-08-04T05:10:49Z</time>
    <extensions>
     <gpxdata:hr>153</gpxdata:hr>
     <gpxdata:distance>2121.00</gpxdata:distance>
     <gpxdata:cadence>84</gpxdata:cadence>
     <gpxdata:speed>3.144</gpxdata:speed>
    </extensions>
   </trkpt>
   <trkpt lat="45.4266760" lon="4.4044763">
    <ele>561</ele>
    <time>2026-08-04T05:10:50Z</time>
    <extensions>
     <gpxdata:hr>153</gpxdata:hr>
     <gpxdata:distance>2124.00</gpxdata:distance>
     <gpxdata:cadence>84</gpxdata:cadence>
     <gpxdata:speed>3.144</gpxdata:speed>
    </extensions>
   </trkpt>
   <trkpt lat="45.4266486" lon="4.4045481">
    <ele>561</ele>
    <time>2026-08-04T05:10:51Z</time>
    <extensions>
     <gpxdata:hr>153</gpxdata:hr>
     <gpxdata:distance>2127.00</gpxdata:distance>
     <gpxdata:cadence>84</gpxdata:cadence>
     <gpxdata:speed>3.144</gpxdata:speed>
    </extensions>
   </trkpt>
   <trkpt lat="45.4266384" lon="4.4045712">
    <ele>561</ele>
    <time>2026-08-04T05:10:52Z</time>
    <extensions>
     <gpxdata:hr>153</gpxdata:hr>
     <gpxdata:distance>2130.00</gpxdata:distance>
     <gpxdata:cadence>84</gpxdata:cadence>
     <gpxdata:speed>3.147</gpxdata:speed>
    </extensions>
   </trkpt>
   <trkpt lat="45.4266283" lon="4.4045943">
    <ele>561</ele>
    <time>2026-08-04T05:10:53Z</time>
    <extensions>
     <gpxdata:hr>152</gpxdata:hr>
     <gpxdata:distance>2133.50</gpxdata:distance>
     <gpxdata:cadence>84</gpxdata:cadence>
     <gpxdata:speed>3.147</gpxdata:speed>
    </extensions>
   </trkpt>
   <trkpt lat="45.4266182" lon="4.4046175">
    <ele>561</ele>
    <time>2026-08-04T05:10:54Z</time>
    <extensions>
     <gpxdata:hr>153</gpxdata:hr>
     <gpxdata:distance>2137.00</gpxdata:distance>
     <gpxdata:cadence>84</gpxdata:cadence>
     <gpxdata:speed>3.150</gpxdata:speed>
    </extensions>
   </trkpt>
   <trkpt lat="45.4265874" lon="4.4046839">
    <ele>561</ele>
    <time>2026-08-04T05:10:55Z</time>
    <extensions>
     <gpxdata:hr>153</gpxdata:hr>
     <gpxdata:distance>2140.00</gpxdata:distance>
     <gpxdata:cadence>84</gpxdata:cadence>
     <gpxdata:speed>3.150</gpxdata:speed>
    </extensions>
   </trkpt>
   <trkpt lat="45.4265785" lon="4.4047066">
    <ele>561</ele>
    <time>2026-08-04T05:10:56Z</time>
    <extensions>
     <gpxdata:hr>153</gpxdata:hr>
     <gpxdata:distance>2143.00</gpxdata:distance>
     <gpxdata:cadence>84</gpxdata:cadence>
     <gpxdata:speed>3.150</gpxdata:speed>
    </extensions>
   </trkpt>
   <trkpt lat="45.4265697" lon="4.4047293">
    <ele>561</ele>
    <time>2026-08-04T05:10:57Z</time>
    <extensions>
     <gpxdata:hr>153</gpxdata:hr>
     <gpxdata:distance>2146.00</gpxdata:distance>
     <gpxdata:cadence>84</gpxdata:cadence>
     <gpxdata:speed>3.150</gpxdata:speed>
    </extensions>
   </trkpt>
   <trkpt lat="45.4265609" lon="4.4047520">
    <ele>561</ele>
    <time>2026-08-04T05:10:58Z</time>
    <extensions>
     <gpxdata:hr>153</gpxdata:hr>
     <gpxdata:distance>2149.00</gpxdata:distance>
     <gpxdata:cadence>84</gpxdata:cadence>
     <gpxdata:speed>3.153</gpxdata:speed>
    </extensions>
   </trkpt>
   <trkpt lat="45.4265406" lon="4.4048308">
    <ele>561</ele>
    <time>2026-08-04T05:10:59Z</time>
    <extensions>
     <gpxdata:hr>153</gpxdata:hr>
     <gpxdata:distance>2152.50</gpxdata:distance>
     <gpxdata:cadence>84</gpxdata:cadence>
     <gpxdata:speed>3.153</gpxdata:speed>
    </extensions>
   </trkpt>
   <trkpt lat="45.4265347" lon="4.4048574">
    <ele>561</ele>
    <time>2026-08-04T05:11:00Z</time>
    <extensions>
     <gpxdata:hr>153</gpxdata:hr>
     <gpxdata:distance>2156.00</gpxdata:distance>
     <gpxdata:cadence>84</gpxdata:cadence>
     <gpxdata:speed>3.153</gpxdata:speed>
    </extensions>
   </trkpt>
   <trkpt lat="45.4265288" lon="4.4048841">
    <ele>561</ele>
    <time>2026-08-04T05:11:01Z</time>
    <extensions>
     <gpxdata:hr>153</gpxdata:hr>
     <gpxdata:distance>2159.00</gpxdata:distance>
     <gpxdata:cadence>84</gpxdata:cadence>
     <gpxdata:speed>3.153</gpxdata:speed>
    </extensions>
   </trkpt>
   <trkpt lat="45.4265229" lon="4.4049108">
    <ele>561</ele>
    <time>2026-08-04T05:11:02Z</time>
    <extensions>
     <gpxdata:hr>153</gpxdata:hr>
     <gpxdata:distance>2162.00</gpxdata:distance>
     <gpxdata:cadence>84</gpxdata:cadence>
     <gpxdata:speed>3.156</gpxdata:speed>
    </extensions>
   </trkpt>
   <trkpt lat="45.4264959" lon="4.4049822">
    <ele>561</ele>
    <time>2026-08-04T05:11:03Z</time>
    <extensions>
     <gpxdata:hr>153</gpxdata:hr>
     <gpxdata:distance>2165.50</gpxdata:distance>
     <gpxdata:cadence>84</gpxdata:cadence>
     <gpxdata:speed>3.156</gpxdata:speed>
    </extensions>
   </trkpt>
   <trkpt lat="45.4264844" lon="4.4050036">
    <ele>561</ele>
    <time>2026-08-04T05:11:04Z</time>
    <extensions>
     <gpxdata:hr>153</gpxdata:hr>
     <gpxdata:distance>2169.00</gpxdata:distance>
     <gpxdata:cadence>84</gpxdata:cadence>
     <gpxdata:speed>3.158</gpxdata:speed>
    </extensions>
   </trkpt>
   <trkpt lat="45.4264729" lon="4.4050250">
    <ele>561</ele>
    <time>2026-08-04T05:11:05Z</time>
    <extensions>
     <gpxdata:hr>153</gpxdata:hr>
     <gpxdata:distance>2172.00</gpxdata:distance>
     <gpxdata:cadence>84</gpxdata:cadence>
     <gpxdata:speed>3.158</gpxdata:speed>
    </extensions>
   </trkpt>
   <trkpt lat="45.4264615" lon="4.4050464">
    <ele>562</ele>
    <time>2026-08-04T05:11:06Z</time>
    <extensions>
     <gpxdata:hr>153</gpxdata:hr>
     <gpxdata:distance>2175.00</gpxdata:distance>
     <gpxdata:cadence>84</gpxdata:cadence>
     <gpxdata:speed>3.161</gpxdata:speed>
    </extensions>
   </trkpt>
   <trkpt lat="45.4264200" lon="4.4051065">
    <ele>562</ele>
    <time>2026-08-04T05:11:07Z</time>
    <extensions>
     <gpxdata:hr>153</gpxdata:hr>
     <gpxdata:distance>2178.50</gpxdata:distance>
     <gpxdata:cadence>84</gpxdata:cadence>
     <gpxdata:speed>3.164</gpxdata:speed>
    </extensions>
   </trkpt>
   <trkpt lat="45.4264043" lon="4.4051261">
    <ele>562</ele>
    <time>2026-08-04T05:11:08Z</time>
    <extensions>
     <gpxdata:hr>153</gpxdata:hr>
     <gpxdata:distance>2182.00</gpxdata:distance>
     <gpxdata:cadence>84</gpxdata:cadence>
     <gpxdata:speed>3.167</gpxdata:speed>
    </extensions>
   </trkpt>
   <trkpt lat="45.4263886" lon="4.4051457">
    <ele>562</ele>
    <time>2026-08-04T05:11:09Z</time>
    <extensions>
     <gpxdata:hr>153</gpxdata:hr>
     <gpxdata:distance>2185.50</gpxdata:distance>
     <gpxdata:cadence>84</gpxdata:cadence>
     <gpxdata:speed>3.167</gpxdata:speed>
    </extensions>
   </trkpt>
   <trkpt lat="45.4263730" lon="4.4051653">
    <ele>562</ele>
    <time>2026-08-04T05:11:10Z</time>
    <extensions>
     <gpxdata:hr>152</gpxdata:hr>
     <gpxdata:distance>2189.00</gpxdata:distance>
     <gpxdata:cadence>84</gpxdata:cadence>
     <gpxdata:speed>3.169</gpxdata:speed>
    </extensions>
   </trkpt>
   <trkpt lat="45.4263292" lon="4.4052229">
    <ele>562</ele>
    <time>2026-08-04T05:11:11Z</time>
    <extensions>
     <gpxdata:hr>152</gpxdata:hr>
     <gpxdata:distance>2192.00</gpxdata:distance>
     <gpxdata:cadence>84</gpxdata:cadence>
     <gpxdata:speed>3.172</gpxdata:speed>
    </extensions>
   </trkpt>
   <trkpt lat="45.4263171" lon="4.4052431">
    <ele>562</ele>
    <time>2026-08-04T05:11:12Z</time>
    <extensions>
     <gpxdata:hr>151</gpxdata:hr>
     <gpxdata:distance>2195.00</gpxdata:distance>
     <gpxdata:cadence>84</gpxdata:cadence>
     <gpxdata:speed>3.175</gpxdata:speed>
    </extensions>
   </trkpt>
   <trkpt lat="45.4263050" lon="4.4052633">
    <ele>562</ele>
    <time>2026-08-04T05:11:13Z</time>
    <extensions>
     <gpxdata:hr>152</gpxdata:hr>
     <gpxdata:distance>2198.00</gpxdata:distance>
     <gpxdata:cadence>83</gpxdata:cadence>
     <gpxdata:speed>3.178</gpxdata:speed>
    </extensions>
   </trkpt>
   <trkpt lat="45.4262929" lon="4.4052835">
    <ele>562</ele>
    <time>2026-08-04T05:11:14Z</time>
    <extensions>
     <gpxdata:hr>151</gpxdata:hr>
     <gpxdata:distance>2201.00</gpxdata:distance>
     <gpxdata:cadence>83</gpxdata:cadence>
     <gpxdata:speed>3.181</gpxdata:speed>
    </extensions>
   </trkpt>
   <trkpt lat="45.4262601" lon="4.4053440">
    <ele>562</ele>
    <time>2026-08-04T05:11:15Z</time>
    <extensions>
     <gpxdata:hr>150</gpxdata:hr>
     <gpxdata:distance>2204.00</gpxdata:distance>
     <gpxdata:cadence>83</gpxdata:cadence>
     <gpxdata:speed>3.183</gpxdata:speed>
    </extensions>
   </trkpt>
   <trkpt lat="45.4262488" lon="4.4053623">
    <ele>562</ele>
    <time>2026-08-04T05:11:16Z</time>
    <extensions>
     <gpxdata:hr>149</gpxdata:hr>
     <gpxdata:distance>2207.00</gpxdata:distance>
     <gpxdata:cadence>83</gpxdata:cadence>
     <gpxdata:speed>3.186</gpxdata:speed>
    </extensions>
   </trkpt>
   <trkpt lat="45.4262376" lon="4.4053807">
    <ele>562</ele>
    <time>2026-08-04T05:11:17Z</time>
    <extensions>
     <gpxdata:hr>148</gpxdata:hr>
     <gpxdata:distance>2209.50</gpxdata:distance>
     <gpxdata:cadence>83</gpxdata:cadence>
     <gpxdata:speed>3.186</gpxdata:speed>
    </extensions>
   </trkpt>
   <trkpt lat="45.4262264" lon="4.4053991">
    <ele>562</ele>
    <time>2026-08-04T05:11:18Z</time>
    <extensions>
     <gpxdata:hr>148</gpxdata:hr>
     <gpxdata:distance>2212.00</gpxdata:distance>
     <gpxdata:cadence>83</gpxdata:cadence>
     <gpxdata:speed>3.189</gpxdata:speed>
    </extensions>
   </trkpt>
   <trkpt lat="45.4261911" lon="4.4054482">
    <ele>562</ele>
    <time>2026-08-04T05:11:19Z</time>
    <extensions>
     <gpxdata:hr>147</gpxdata:hr>
     <gpxdata:distance>2214.50</gpxdata:distance>
     <gpxdata:cadence>83</gpxdata:cadence>
     <gpxdata:speed>3.192</gpxdata:speed>
    </extensions>
   </trkpt>
   <trkpt lat="45.4261791" lon="4.4054647">
    <ele>562</ele>
    <time>2026-08-04T05:11:20Z</time>
    <extensions>
     <gpxdata:hr>146</gpxdata:hr>
     <gpxdata:distance>2217.00</gpxdata:distance>
     <gpxdata:cadence>83</gpxdata:cadence>
     <gpxdata:speed>3.194</gpxdata:speed>
    </extensions>
   </trkpt>
   <trkpt lat="45.4261671" lon="4.4054812">
    <ele>562</ele>
    <time>2026-08-04T05:11:21Z</time>
    <extensions>
     <gpxdata:hr>145</gpxdata:hr>
     <gpxdata:distance>2220.50</gpxdata:distance>
     <gpxdata:cadence>82</gpxdata:cadence>
     <gpxdata:speed>3.194</gpxdata:speed>
    </extensions>
   </trkpt>
   <trkpt lat="45.4261551" lon="4.4054978">
    <ele>562</ele>
    <time>2026-08-04T05:11:22Z</time>
    <extensions>
     <gpxdata:hr>145</gpxdata:hr>
     <gpxdata:distance>2224.00</gpxdata:distance>
     <gpxdata:cadence>82</gpxdata:cadence>
     <gpxdata:speed>3.194</gpxdata:speed>
    </extensions>
   </trkpt>
   <trkpt lat="45.4261165" lon="4.4055573">
    <ele>562</ele>
    <time>2026-08-04T05:11:23Z</time>
    <extensions>
     <gpxdata:hr>145</gpxdata:hr>
     <gpxdata:distance>2227.50</gpxdata:distance>
     <gpxdata:cadence>81</gpxdata:cadence>
     <gpxdata:speed>3.194</gpxdata:speed>
    </extensions>
   </trkpt>
   <trkpt lat="45.4261027" lon="4.4055789">
    <ele>562</ele>
    <time>2026-08-04T05:11:24Z</time>
    <extensions>
     <gpxdata:hr>145</gpxdata:hr>
     <gpxdata:distance>2231.00</gpxdata:distance>
     <gpxdata:cadence>81</gpxdata:cadence>
     <gpxdata:speed>3.197</gpxdata:speed>
    </extensions>
   </trkpt>
   <trkpt lat="45.4260889" lon="4.4056005">
    <ele>562</ele>
    <time>2026-08-04T05:11:25Z</time>
    <extensions>
     <gpxdata:hr>146</gpxdata:hr>
     <gpxdata:distance>2234.50</gpxdata:distance>
     <gpxdata:cadence>80</gpxdata:cadence>
     <gpxdata:speed>3.197</gpxdata:speed>
    </extensions>
   </trkpt>
   <trkpt lat="45.4260751" lon="4.4056221">
    <ele>563</ele>
    <time>2026-08-04T05:11:26Z</time>
    <extensions>
     <gpxdata:hr>146</gpxdata:hr>
     <gpxdata:distance>2238.00</gpxdata:distance>
     <gpxdata:cadence>80</gpxdata:cadence>
     <gpxdata:speed>3.200</gpxdata:speed>
    </extensions>
   </trkpt>
   <trkpt lat="45.4260353" lon="4.4056901">
    <ele>563</ele>
    <time>2026-08-04T05:11:27Z</time>
    <extensions>
     <gpxdata:hr>146</gpxdata:hr>
     <gpxdata:distance>2241.50</gpxdata:distance>
     <gpxdata:cadence>80</gpxdata:cadence>
     <gpxdata:speed>3.203</gpxdata:speed>
    </extensions>
   </trkpt>
   <trkpt lat="45.4260218" lon="4.4057121">
    <ele>563</ele>
    <time>2026-08-04T05:11:28Z</time>
    <extensions>
     <gpxdata:hr>146</gpxdata:hr>
     <gpxdata:distance>2245.00</gpxdata:distance>
     <gpxdata:cadence>81</gpxdata:cadence>
     <gpxdata:speed>3.208</gpxdata:speed>
    </extensions>
   </trkpt>
   <trkpt lat="45.4260083" lon="4.4057342">
    <ele>563</ele>
    <time>2026-08-04T05:11:29Z</time>
    <extensions>
     <gpxdata:hr>146</gpxdata:hr>
     <gpxdata:distance>2248.50</gpxdata:distance>
     <gpxdata:cadence>82</gpxdata:cadence>
     <gpxdata:speed>3.214</gpxdata:speed>
    </extensions>
   </trkpt>
   <trkpt lat="45.4259948" lon="4.4057563">
    <ele>563</ele>
    <time>2026-08-04T05:11:30Z</time>
    <extensions>
     <gpxdata:hr>147</gpxdata:hr>
     <gpxdata:distance>2252.00</gpxdata:distance>
     <gpxdata:cadence>82</gpxdata:cadence>
     <gpxdata:speed>3.219</gpxdata:speed>
    </extensions>
   </trkpt>
   <trkpt lat="45.4259531" lon="4.4058196">
    <ele>563</ele>
    <time>2026-08-04T05:11:31Z</time>
    <extensions>
     <gpxdata:hr>147</gpxdata:hr>
     <gpxdata:distance>2255.00</gpxdata:distance>
     <gpxdata:cadence>83</gpxdata:cadence>
     <gpxdata:speed>3.219</gpxdata:speed>
    </extensions>
   </trkpt>
   <trkpt lat="45.4259391" lon="4.4058390">
    <ele>563</ele>
    <time>2026-08-04T05:11:32Z</time>
    <extensions>
     <gpxdata:hr>148</gpxdata:hr>
     <gpxdata:distance>2258.00</gpxdata:distance>
     <gpxdata:cadence>83</gpxdata:cadence>
     <gpxdata:speed>3.222</gpxdata:speed>
    </extensions>
   </trkpt>
   <trkpt lat="45.4259251" lon="4.4058584">
    <ele>563</ele>
    <time>2026-08-04T05:11:33Z</time>
    <extensions>
     <gpxdata:hr>148</gpxdata:hr>
     <gpxdata:distance>2261.00</gpxdata:distance>
     <gpxdata:cadence>83</gpxdata:cadence>
     <gpxdata:speed>3.225</gpxdata:speed>
    </extensions>
   </trkpt>
   <trkpt lat="45.4259111" lon="4.4058779">
    <ele>563</ele>
    <time>2026-08-04T05:11:34Z</time>
    <extensions>
     <gpxdata:hr>149</gpxdata:hr>
     <gpxdata:distance>2264.00</gpxdata:distance>
     <gpxdata:cadence>84</gpxdata:cadence>
     <gpxdata:speed>3.228</gpxdata:speed>
    </extensions>
   </trkpt>
   <trkpt lat="45.4258662" lon="4.4059269">
    <ele>563</ele>
    <time>2026-08-04T05:11:35Z</time>
    <extensions>
     <gpxdata:hr>152</gpxdata:hr>
     <gpxdata:distance>2267.50</gpxdata:distance>
     <gpxdata:cadence>84</gpxdata:cadence>
     <gpxdata:speed>3.228</gpxdata:speed>
    </extensions>
   </trkpt>
   <trkpt lat="45.4258497" lon="4.4059427">
    <ele>563</ele>
    <time>2026-08-04T05:11:36Z</time>
    <extensions>
     <gpxdata:hr>153</gpxdata:hr>
     <gpxdata:distance>2271.00</gpxdata:distance>
     <gpxdata:cadence>84</gpxdata:cadence>
     <gpxdata:speed>3.228</gpxdata:speed>
    </extensions>
   </trkpt>
   <trkpt lat="45.4258332" lon="4.4059585">
    <ele>563</ele>
    <time>2026-08-04T05:11:37Z</time>
    <extensions>
     <gpxdata:hr>154</gpxdata:hr>
     <gpxdata:distance>2274.50</gpxdata:distance>
     <gpxdata:cadence>84</gpxdata:cadence>
     <gpxdata:speed>3.228</gpxdata:speed>
    </extensions>
   </trkpt>
   <trkpt lat="45.4258168" lon="4.4059744">
    <ele>563</ele>
    <time>2026-08-04T05:11:38Z</time>
    <extensions>
     <gpxdata:hr>155</gpxdata:hr>
     <gpxdata:distance>2278.00</gpxdata:distance>
     <gpxdata:cadence>84</gpxdata:cadence>
     <gpxdata:speed>3.231</gpxdata:speed>
    </extensions>
   </trkpt>
   <trkpt lat="45.4257679" lon="4.4060228">
    <ele>563</ele>
    <time>2026-08-04T05:11:39Z</time>
    <extensions>
     <gpxdata:hr>155</gpxdata:hr>
     <gpxdata:distance>2281.00</gpxdata:distance>
     <gpxdata:cadence>84</gpxdata:cadence>
     <gpxdata:speed>3.231</gpxdata:speed>
    </extensions>
   </trkpt>
   <trkpt lat="45.4257520" lon="4.4060390">
    <ele>563</ele>
    <time>2026-08-04T05:11:40Z</time>
    <extensions>
     <gpxdata:hr>155</gpxdata:hr>
     <gpxdata:distance>2284.00</gpxdata:distance>
     <gpxdata:cadence>84</gpxdata:cadence>
     <gpxdata:speed>3.233</gpxdata:speed>
    </extensions>
   </trkpt>
   <trkpt lat="45.4257361" lon="4.4060552">
    <ele>563</ele>
    <time>2026-08-04T05:11:41Z</time>
    <extensions>
     <gpxdata:hr>155</gpxdata:hr>
     <gpxdata:distance>2287.50</gpxdata:distance>
     <gpxdata:cadence>84</gpxdata:cadence>
     <gpxdata:speed>3.233</gpxdata:speed>
    </extensions>
   </trkpt>
   <trkpt lat="45.4257203" lon="4.4060715">
    <ele>564</ele>
    <time>2026-08-04T05:11:42Z</time>
    <extensions>
     <gpxdata:hr>155</gpxdata:hr>
     <gpxdata:distance>2291.00</gpxdata:distance>
     <gpxdata:cadence>84</gpxdata:cadence>
     <gpxdata:speed>3.236</gpxdata:speed>
    </extensions>
   </trkpt>
   <trkpt lat="45.4256762" lon="4.4061201">
    <ele>564</ele>
    <time>2026-08-04T05:11:43Z</time>
    <extensions>
     <gpxdata:hr>155</gpxdata:hr>
     <gpxdata:distance>2293.50</gpxdata:distance>
     <gpxdata:cadence>84</gpxdata:cadence>
     <gpxdata:speed>3.236</gpxdata:speed>
    </extensions>
   </trkpt>
   <trkpt lat="45.4256628" lon="4.4061361">
    <ele>564</ele>
    <time>2026-08-04T05:11:44Z</time>
    <extensions>
     <gpxdata:hr>155</gpxdata:hr>
     <gpxdata:distance>2296.00</gpxdata:distance>
     <gpxdata:cadence>84</gpxdata:cadence>
     <gpxdata:speed>3.236</gpxdata:speed>
    </extensions>
   </trkpt>
   <trkpt lat="45.4256495" lon="4.4061521">
    <ele>564</ele>
    <time>2026-08-04T05:11:45Z</time>
    <extensions>
     <gpxdata:hr>155</gpxdata:hr>
     <gpxdata:distance>2299.00</gpxdata:distance>
     <gpxdata:cadence>84</gpxdata:cadence>
     <gpxdata:speed>3.236</gpxdata:speed>
    </extensions>
   </trkpt>
   <trkpt lat="45.4256362" lon="4.4061682">
    <ele>564</ele>
    <time>2026-08-04T05:11:46Z</time>
    <extensions>
     <gpxdata:hr>155</gpxdata:hr>
     <gpxdata:distance>2302.00</gpxdata:distance>
     <gpxdata:cadence>84</gpxdata:cadence>
     <gpxdata:speed>3.236</gpxdata:speed>
    </extensions>
   </trkpt>
   <trkpt lat="45.4256018" lon="4.4062223">
    <ele>564</ele>
    <time>2026-08-04T05:11:47Z</time>
    <extensions>
     <gpxdata:hr>155</gpxdata:hr>
     <gpxdata:distance>2305.00</gpxdata:distance>
     <gpxdata:cadence>84</gpxdata:cadence>
     <gpxdata:speed>3.233</gpxdata:speed>
    </extensions>
   </trkpt>
   <trkpt lat="45.4255896" lon="4.4062400">
    <ele>564</ele>
    <time>2026-08-04T05:11:48Z</time>
    <extensions>
     <gpxdata:hr>155</gpxdata:hr>
     <gpxdata:distance>2308.00</gpxdata:distance>
     <gpxdata:cadence>84</gpxdata:cadence>
     <gpxdata:speed>3.231</gpxdata:speed>
    </extensions>
   </trkpt>
   <trkpt lat="45.4255774" lon="4.4062577">
    <ele>564</ele>
    <time>2026-08-04T05:11:49Z</time>
    <extensions>
     <gpxdata:hr>155</gpxdata:hr>
     <gpxdata:distance>2311.00</gpxdata:distance>
     <gpxdata:cadence>84</gpxdata:cadence>
     <gpxdata:speed>3.228</gpxdata:speed>
    </extensions>
   </trkpt>
   <trkpt lat="45.4255653" lon="4.4062754">
    <ele>564</ele>
    <time>2026-08-04T05:11:50Z</time>
    <extensions>
     <gpxdata:hr>155</gpxdata:hr>
     <gpxdata:distance>2314.00</gpxdata:distance>
     <gpxdata:cadence>84</gpxdata:cadence>
     <gpxdata:speed>3.225</gpxdata:speed>
    </extensions>
   </trkpt>
   <trkpt lat="45.4255223" lon="4.4063239">
    <ele>564</ele>
    <time>2026-08-04T05:11:51Z</time>
    <extensions>
     <gpxdata:hr>155</gpxdata:hr>
     <gpxdata:distance>2317.00</gpxdata:distance>
     <gpxdata:cadence>84</gpxdata:cadence>
     <gpxdata:speed>3.222</gpxdata:speed>
    </extensions>
   </trkpt>
   <trkpt lat="45.4255072" lon="4.4063398">
    <ele>564</ele>
    <time>2026-08-04T05:11:52Z</time>
    <extensions>
     <gpxdata:hr>155</gpxdata:hr>
     <gpxdata:distance>2320.00</gpxdata:distance>
     <gpxdata:cadence>84</gpxdata:cadence>
     <gpxdata:speed>3.219</gpxdata:speed>
    </extensions>
   </trkpt>
   <trkpt lat="45.4254922" lon="4.4063558">
    <ele>564</ele>
    <time>2026-08-04T05:11:53Z</time>
    <extensions>
     <gpxdata:hr>155</gpxdata:hr>
     <gpxdata:distance>2323.00</gpxdata:distance>
     <gpxdata:cadence>84</gpxdata:cadence>
     <gpxdata:speed>3.214</gpxdata:speed>
    </extensions>
   </trkpt>
   <trkpt lat="45.4254772" lon="4.4063718">
    <ele>564</ele>
    <time>2026-08-04T05:11:54Z</time>
    <extensions>
     <gpxdata:hr>155</gpxdata:hr>
     <gpxdata:distance>2326.00</gpxdata:distance>
     <gpxdata:cadence>84</gpxdata:cadence>
     <gpxdata:speed>3.211</gpxdata:speed>
    </extensions>
   </trkpt>
   <trkpt lat="45.4254337" lon="4.4064210">
    <ele>564</ele>
    <time>2026-08-04T05:11:55Z</time>
    <extensions>
     <gpxdata:hr>155</gpxdata:hr>
     <gpxdata:distance>2329.00</gpxdata:distance>
     <gpxdata:cadence>84</gpxdata:cadence>
     <gpxdata:speed>3.206</gpxdata:speed>
    </extensions>
   </trkpt>
   <trkpt lat="45.4254200" lon="4.4064384">
    <ele>564</ele>
    <time>2026-08-04T05:11:56Z</time>
    <extensions>
     <gpxdata:hr>155</gpxdata:hr>
     <gpxdata:distance>2332.00</gpxdata:distance>
     <gpxdata:cadence>84</gpxdata:cadence>
     <gpxdata:speed>3.203</gpxdata:speed>
    </extensions>
   </trkpt>
   <trkpt lat="45.4254063" lon="4.4064559">
    <ele>564</ele>
    <time>2026-08-04T05:11:57Z</time>
    <extensions>
     <gpxdata:hr>155</gpxdata:hr>
     <gpxdata:distance>2335.00</gpxdata:distance>
     <gpxdata:cadence>84</gpxdata:cadence>
     <gpxdata:speed>3.194</gpxdata:speed>
    </extensions>
   </trkpt>
   <trkpt lat="45.4253926" lon="4.4064734">
    <ele>565</ele>
    <time>2026-08-04T05:11:58Z</time>
    <extensions>
     <gpxdata:hr>155</gpxdata:hr>
     <gpxdata:distance>2338.00</gpxdata:distance>
     <gpxdata:cadence>84</gpxdata:cadence>
     <gpxdata:speed>3.189</gpxdata:speed>
    </extensions>
   </trkpt>
   <trkpt lat="45.4253535" lon="4.4065229">
    <ele>565</ele>
    <time>2026-08-04T05:11:59Z</time>
    <extensions>
     <gpxdata:hr>155</gpxdata:hr>
     <gpxdata:distance>2341.00</gpxdata:distance>
     <gpxdata:cadence>84</gpxdata:cadence>
     <gpxdata:speed>3.181</gpxdata:speed>
    </extensions>
   </trkpt>
   <trkpt lat="45.4253391" lon="4.4065370">
    <ele>565</ele>
    <time>2026-08-04T05:12:00Z</time>
    <extensions>
     <gpxdata:hr>154</gpxdata:hr>
     <gpxdata:distance>2344.00</gpxdata:distance>
     <gpxdata:cadence>84</gpxdata:cadence>
     <gpxdata:speed>3.175</gpxdata:speed>
    </extensions>
   </trkpt>
   <trkpt lat="45.4253248" lon="4.4065512">
    <ele>565</ele>
    <time>2026-08-04T05:12:01Z</time>
    <extensions>
     <gpxdata:hr>153</gpxdata:hr>
     <gpxdata:distance>2347.00</gpxdata:distance>
     <gpxdata:cadence>84</gpxdata:cadence>
     <gpxdata:speed>3.169</gpxdata:speed>
    </extensions>
   </trkpt>
   <trkpt lat="45.4253105" lon="4.4065654">
    <ele>565</ele>
    <time>2026-08-04T05:12:02Z</time>
    <extensions>
     <gpxdata:hr>152</gpxdata:hr>
     <gpxdata:distance>2350.00</gpxdata:distance>
     <gpxdata:cadence>84</gpxdata:cadence>
     <gpxdata:speed>3.164</gpxdata:speed>
    </extensions>
   </trkpt>
   <trkpt lat="45.4252655" lon="4.4066099">
    <ele>565</ele>
    <time>2026-08-04T05:12:03Z</time>
    <extensions>
     <gpxdata:hr>150</gpxdata:hr>
     <gpxdata:distance>2353.50</gpxdata:distance>
     <gpxdata:cadence>84</gpxdata:cadence>
     <gpxdata:speed>3.158</gpxdata:speed>
    </extensions>
   </trkpt>
   <trkpt lat="45.4252504" lon="4.4066249">
    <ele>565</ele>
    <time>2026-08-04T05:12:04Z</time>
    <extensions>
     <gpxdata:hr>150</gpxdata:hr>
     <gpxdata:distance>2357.00</gpxdata:distance>
     <gpxdata:cadence>84</gpxdata:cadence>
     <gpxdata:speed>3.156</gpxdata:speed>
    </extensions>
   </trkpt>
   <trkpt lat="45.4252353" lon="4.4066399">
    <ele>565</ele>
    <time>2026-08-04T05:12:05Z</time>
    <extensions>
     <gpxdata:hr>150</gpxdata:hr>
     <gpxdata:distance>2359.50</gpxdata:distance>
     <gpxdata:cadence>83</gpxdata:cadence>
     <gpxdata:speed>3.153</gpxdata:speed>
    </extensions>
   </trkpt>
   <trkpt lat="45.4252202" lon="4.4066550">
    <ele>565</ele>
    <time>2026-08-04T05:12:06Z</time>
    <extensions>
     <gpxdata:hr>150</gpxdata:hr>
     <gpxdata:distance>2362.00</gpxdata:distance>
     <gpxdata:cadence>83</gpxdata:cadence>
     <gpxdata:speed>3.150</gpxdata:speed>
    </extensions>
   </trkpt>
   <trkpt lat="45.4251735" lon="4.4067030">
    <ele>565</ele>
    <time>2026-08-04T05:12:07Z</time>
    <extensions>
     <gpxdata:hr>150</gpxdata:hr>
     <gpxdata:distance>2365.50</gpxdata:distance>
     <gpxdata:cadence>83</gpxdata:cadence>
     <gpxdata:speed>3.147</gpxdata:speed>
    </extensions>
   </trkpt>
   <trkpt lat="45.4251577" lon="4.4067191">
    <ele>565</ele>
    <time>2026-08-04T05:12:08Z</time>
    <extensions>
     <gpxdata:hr>150</gpxdata:hr>
     <gpxdata:distance>2369.00</gpxdata:distance>
     <gpxdata:cadence>84</gpxdata:cadence>
     <gpxdata:speed>3.147</gpxdata:speed>
    </extensions>
   </trkpt>
   <trkpt lat="45.4251419" lon="4.4067353">
    <ele>565</ele>
    <time>2026-08-04T05:12:09Z</time>
    <extensions>
     <gpxdata:hr>150</gpxdata:hr>
     <gpxdata:distance>2372.50</gpxdata:distance>
     <gpxdata:cadence>84</gpxdata:cadence>
     <gpxdata:speed>3.144</gpxdata:speed>
    </extensions>
   </trkpt>
   <trkpt lat="45.4251261" lon="4.4067515">
    <ele>565</ele>
    <time>2026-08-04T05:12:10Z</time>
    <extensions>
     <gpxdata:hr>150</gpxdata:hr>
     <gpxdata:distance>2376.00</gpxdata:distance>
     <gpxdata:cadence>84</gpxdata:cadence>
     <gpxdata:speed>3.144</gpxdata:speed>
    </extensions>
   </trkpt>
   <trkpt lat="45.4250813" lon="4.4068014">
    <ele>565</ele>
    <time>2026-08-04T05:12:11Z</time>
    <extensions>
     <gpxdata:hr>151</gpxdata:hr>
     <gpxdata:distance>2379.00</gpxdata:distance>
     <gpxdata:cadence>84</gpxdata:cadence>
     <gpxdata:speed>3.142</gpxdata:speed>
    </extensions>
   </trkpt>
   <trkpt lat="45.4250658" lon="4.4068175">
    <ele>565</ele>
    <time>2026-08-04T05:12:12Z</time>
    <extensions>
     <gpxdata:hr>152</gpxdata:hr>
     <gpxdata:distance>2382.00</gpxdata:distance>
     <gpxdata:cadence>84</gpxdata:cadence>
     <gpxdata:speed>3.142</gpxdata:speed>
    </extensions>
   </trkpt>
   <trkpt lat="45.4250503" lon="4.4068336">
    <ele>565</ele>
    <time>2026-08-04T05:12:13Z</time>
    <extensions>
     <gpxdata:hr>152</gpxdata:hr>
     <gpxdata:distance>2385.50</gpxdata:distance>
     <gpxdata:cadence>84</gpxdata:cadence>
     <gpxdata:speed>3.142</gpxdata:speed>
    </extensions>
   </trkpt>
   <trkpt lat="45.4250349" lon="4.4068497">
    <ele>566</ele>
    <time>2026-08-04T05:12:14Z</time>
    <extensions>
     <gpxdata:hr>152</gpxdata:hr>
     <gpxdata:distance>2389.00</gpxdata:distance>
     <gpxdata:cadence>84</gpxdata:cadence>
     <gpxdata:speed>3.142</gpxdata:speed>
    </extensions>
   </trkpt>
   <trkpt lat="45.4249874" lon="4.4069024">
    <ele>566</ele>
    <time>2026-08-04T05:12:15Z</time>
    <extensions>
     <gpxdata:hr>153</gpxdata:hr>
     <gpxdata:distance>2392.00</gpxdata:distance>
     <gpxdata:cadence>84</gpxdata:cadence>
     <gpxdata:speed>3.142</gpxdata:speed>
    </extensions>
   </trkpt>
   <trkpt lat="45.4249736" lon="4.4069216">
    <ele>566</ele>
    <time>2026-08-04T05:12:16Z</time>
    <extensions>
     <gpxdata:hr>153</gpxdata:hr>
     <gpxdata:distance>2395.00</gpxdata:distance>
     <gpxdata:cadence>84</gpxdata:cadence>
     <gpxdata:speed>3.142</gpxdata:speed>
    </extensions>
   </trkpt>
   <trkpt lat="45.4249598" lon="4.4069408">
    <ele>566</ele>
    <time>2026-08-04T05:12:17Z</time>
    <extensions>
     <gpxdata:hr>153</gpxdata:hr>
     <gpxdata:distance>2398.00</gpxdata:distance>
     <gpxdata:cadence>84</gpxdata:cadence>
     <gpxdata:speed>3.142</gpxdata:speed>
    </extensions>
   </trkpt>
   <trkpt lat="45.4249461" lon="4.4069601">
    <ele>566</ele>
    <time>2026-08-04T05:12:18Z</time>
    <extensions>
     <gpxdata:hr>153</gpxdata:hr>
     <gpxdata:distance>2401.00</gpxdata:distance>
     <gpxdata:cadence>84</gpxdata:cadence>
     <gpxdata:speed>3.144</gpxdata:speed>
    </extensions>
   </trkpt>
   <trkpt lat="45.4249087" lon="4.4070176">
    <ele>566</ele>
    <time>2026-08-04T05:12:19Z</time>
    <extensions>
     <gpxdata:hr>153</gpxdata:hr>
     <gpxdata:distance>2404.00</gpxdata:distance>
     <gpxdata:cadence>84</gpxdata:cadence>
     <gpxdata:speed>3.147</gpxdata:speed>
    </extensions>
   </trkpt>
   <trkpt lat="45.4248947" lon="4.4070363">
    <ele>566</ele>
    <time>2026-08-04T05:12:20Z</time>
    <extensions>
     <gpxdata:hr>153</gpxdata:hr>
     <gpxdata:distance>2407.00</gpxdata:distance>
     <gpxdata:cadence>84</gpxdata:cadence>
     <gpxdata:speed>3.150</gpxdata:speed>
    </extensions>
   </trkpt>
   <trkpt lat="45.4248807" lon="4.4070551">
    <ele>566</ele>
    <time>2026-08-04T05:12:21Z</time>
    <extensions>
     <gpxdata:hr>153</gpxdata:hr>
     <gpxdata:distance>2411.00</gpxdata:distance>
     <gpxdata:cadence>84</gpxdata:cadence>
     <gpxdata:speed>3.150</gpxdata:speed>
    </extensions>
   </trkpt>
   <trkpt lat="45.4248667" lon="4.4070739">
    <ele>566</ele>
    <time>2026-08-04T05:12:22Z</time>
    <extensions>
     <gpxdata:hr>154</gpxdata:hr>
     <gpxdata:distance>2415.00</gpxdata:distance>
     <gpxdata:cadence>84</gpxdata:cadence>
     <gpxdata:speed>3.153</gpxdata:speed>
    </extensions>
   </trkpt>
   <trkpt lat="45.4248171" lon="4.4071264">
    <ele>566</ele>
    <time>2026-08-04T05:12:23Z</time>
    <extensions>
     <gpxdata:hr>154</gpxdata:hr>
     <gpxdata:distance>2418.50</gpxdata:distance>
     <gpxdata:cadence>84</gpxdata:cadence>
     <gpxdata:speed>3.156</gpxdata:speed>
    </extensions>
   </trkpt>
   <trkpt lat="45.4247990" lon="4.4071409">
    <ele>566</ele>
    <time>2026-08-04T05:12:24Z</time>
    <extensions>
     <gpxdata:hr>154</gpxdata:hr>
     <gpxdata:distance>2422.00</gpxdata:distance>
     <gpxdata:cadence>84</gpxdata:cadence>
     <gpxdata:speed>3.158</gpxdata:speed>
    </extensions>
   </trkpt>
   <trkpt lat="45.4247810" lon="4.4071555">
    <ele>566</ele>
    <time>2026-08-04T05:12:25Z</time>
    <extensions>
     <gpxdata:hr>154</gpxdata:hr>
     <gpxdata:distance>2425.00</gpxdata:distance>
     <gpxdata:cadence>84</gpxdata:cadence>
     <gpxdata:speed>3.158</gpxdata:speed>
    </extensions>
   </trkpt>
   <trkpt lat="45.4247630" lon="4.4071701">
    <ele>566</ele>
    <time>2026-08-04T05:12:26Z</time>
    <extensions>
     <gpxdata:hr>154</gpxdata:hr>
     <gpxdata:distance>2428.00</gpxdata:distance>
     <gpxdata:cadence>84</gpxdata:cadence>
     <gpxdata:speed>3.161</gpxdata:speed>
    </extensions>
   </trkpt>
   <trkpt lat="45.4247150" lon="4.4072086">
    <ele>566</ele>
    <time>2026-08-04T05:12:27Z</time>
    <extensions>
     <gpxdata:hr>154</gpxdata:hr>
     <gpxdata:distance>2430.50</gpxdata:distance>
     <gpxdata:cadence>84</gpxdata:cadence>
     <gpxdata:speed>3.164</gpxdata:speed>
    </extensions>
   </trkpt>
   <trkpt lat="45.4247010" lon="4.4072231">
    <ele>566</ele>
    <time>2026-08-04T05:12:28Z</time>
    <extensions>
     <gpxdata:hr>154</gpxdata:hr>
     <gpxdata:distance>2433.00</gpxdata:distance>
     <gpxdata:cadence>84</gpxdata:cadence>
     <gpxdata:speed>3.167</gpxdata:speed>
    </extensions>
   </trkpt>
   <trkpt lat="45.4246870" lon="4.4072376">
    <ele>566</ele>
    <time>2026-08-04T05:12:29Z</time>
    <extensions>
     <gpxdata:hr>154</gpxdata:hr>
     <gpxdata:distance>2436.50</gpxdata:distance>
     <gpxdata:cadence>84</gpxdata:cadence>
     <gpxdata:speed>3.169</gpxdata:speed>
    </extensions>
   </trkpt>
   <trkpt lat="45.4246730" lon="4.4072522">
    <ele>566</ele>
    <time>2026-08-04T05:12:30Z</time>
    <extensions>
     <gpxdata:hr>153</gpxdata:hr>
     <gpxdata:distance>2440.00</gpxdata:distance>
     <gpxdata:cadence>84</gpxdata:cadence>
     <gpxdata:speed>3.172</gpxdata:speed>
    </extensions>
   </trkpt>
   <trkpt lat="45.4246287" lon="4.4073044">
    <ele>566</ele>
    <time>2026-08-04T05:12:31Z</time>
    <extensions>
     <gpxdata:hr>153</gpxdata:hr>
     <gpxdata:distance>2443.50</gpxdata:distance>
     <gpxdata:cadence>84</gpxdata:cadence>
     <gpxdata:speed>3.172</gpxdata:speed>
    </extensions>
   </trkpt>
   <trkpt lat="45.4246145" lon="4.4073235">
    <ele>566</ele>
    <time>2026-08-04T05:12:32Z</time>
    <extensions>
     <gpxdata:hr>153</gpxdata:hr>
     <gpxdata:distance>2447.00</gpxdata:distance>
     <gpxdata:cadence>84</gpxdata:cadence>
     <gpxdata:speed>3.175</gpxdata:speed>
    </extensions>
   </trkpt>
   <trkpt lat="45.4246003" lon="4.4073426">
    <ele>566</ele>
    <time>2026-08-04T05:12:33Z</time>
    <extensions>
     <gpxdata:hr>154</gpxdata:hr>
     <gpxdata:distance>2450.00</gpxdata:distance>
     <gpxdata:cadence>84</gpxdata:cadence>
     <gpxdata:speed>3.175</gpxdata:speed>
    </extensions>
   </trkpt>
   <trkpt lat="45.4245861" lon="4.4073618">
    <ele>567</ele>
    <time>2026-08-04T05:12:34Z</time>
    <extensions>
     <gpxdata:hr>154</gpxdata:hr>
     <gpxdata:distance>2453.00</gpxdata:distance>
     <gpxdata:cadence>84</gpxdata:cadence>
     <gpxdata:speed>3.178</gpxdata:speed>
    </extensions>
   </trkpt>
   <trkpt lat="45.4245451" lon="4.4074143">
    <ele>567</ele>
    <time>2026-08-04T05:12:35Z</time>
    <extensions>
     <gpxdata:hr>155</gpxdata:hr>
     <gpxdata:distance>2455.50</gpxdata:distance>
     <gpxdata:cadence>84</gpxdata:cadence>
     <gpxdata:speed>3.178</gpxdata:speed>
    </extensions>
   </trkpt>
   <trkpt lat="45.4245301" lon="4.4074309">
    <ele>567</ele>
    <time>2026-08-04T05:12:36Z</time>
    <extensions>
     <gpxdata:hr>155</gpxdata:hr>
     <gpxdata:distance>2458.00</gpxdata:distance>
     <gpxdata:cadence>84</gpxdata:cadence>
     <gpxdata:speed>3.181</gpxdata:speed>
    </extensions>
   </trkpt>
   <trkpt lat="45.4245152" lon="4.4074475">
    <ele>567</ele>
    <time>2026-08-04T05:12:37Z</time>
    <extensions>
     <gpxdata:hr>155</gpxdata:hr>
     <gpxdata:distance>2461.50</gpxdata:distance>
     <gpxdata:cadence>84</gpxdata:cadence>
     <gpxdata:speed>3.181</gpxdata:speed>
    </extensions>
   </trkpt>
   <trkpt lat="45.4245003" lon="4.4074641">
    <ele>567</ele>
    <time>2026-08-04T05:12:38Z</time>
    <extensions>
     <gpxdata:hr>155</gpxdata:hr>
     <gpxdata:distance>2465.00</gpxdata:distance>
     <gpxdata:cadence>84</gpxdata:cadence>
     <gpxdata:speed>3.183</gpxdata:speed>
    </extensions>
   </trkpt>
   <trkpt lat="45.4244560" lon="4.4075167">
    <ele>567</ele>
    <time>2026-08-04T05:12:39Z</time>
    <extensions>
     <gpxdata:hr>155</gpxdata:hr>
     <gpxdata:distance>2468.50</gpxdata:distance>
     <gpxdata:cadence>84</gpxdata:cadence>
     <gpxdata:speed>3.183</gpxdata:speed>
    </extensions>
   </trkpt>
   <trkpt lat="45.4244403" lon="4.4075346">
    <ele>567</ele>
    <time>2026-08-04T05:12:40Z</time>
    <extensions>
     <gpxdata:hr>155</gpxdata:hr>
     <gpxdata:distance>2472.00</gpxdata:distance>
     <gpxdata:cadence>84</gpxdata:cadence>
     <gpxdata:speed>3.186</gpxdata:speed>
    </extensions>
   </trkpt>
   <trkpt lat="45.4244247" lon="4.4075525">
    <ele>567</ele>
    <time>2026-08-04T05:12:41Z</time>
    <extensions>
     <gpxdata:hr>155</gpxdata:hr>
     <gpxdata:distance>2475.50</gpxdata:distance>
     <gpxdata:cadence>84</gpxdata:cadence>
     <gpxdata:speed>3.186</gpxdata:speed>
    </extensions>
   </trkpt>
   <trkpt lat="45.4244091" lon="4.4075705">
    <ele>567</ele>
    <time>2026-08-04T05:12:42Z</time>
    <extensions>
     <gpxdata:hr>155</gpxdata:hr>
     <gpxdata:distance>2479.00</gpxdata:distance>
     <gpxdata:cadence>85</gpxdata:cadence>
     <gpxdata:speed>3.189</gpxdata:speed>
    </extensions>
   </trkpt>
   <trkpt lat="45.4243592" lon="4.4076269">
    <ele>567</ele>
    <time>2026-08-04T05:12:43Z</time>
    <extensions>
     <gpxdata:hr>154</gpxdata:hr>
     <gpxdata:distance>2482.50</gpxdata:distance>
     <gpxdata:cadence>85</gpxdata:cadence>
     <gpxdata:speed>3.189</gpxdata:speed>
    </extensions>
   </trkpt>
   <trkpt lat="45.4243425" lon="4.4076446">
    <ele>567</ele>
    <time>2026-08-04T05:12:44Z</time>
    <extensions>
     <gpxdata:hr>154</gpxdata:hr>
     <gpxdata:distance>2486.00</gpxdata:distance>
     <gpxdata:cadence>85</gpxdata:cadence>
     <gpxdata:speed>3.192</gpxdata:speed>
    </extensions>
   </trkpt>
   <trkpt lat="45.4243258" lon="4.4076623">
    <ele>567</ele>
    <time>2026-08-04T05:12:45Z</time>
    <extensions>
     <gpxdata:hr>154</gpxdata:hr>
     <gpxdata:distance>2489.00</gpxdata:distance>
     <gpxdata:cadence>85</gpxdata:cadence>
     <gpxdata:speed>3.194</gpxdata:speed>
    </extensions>
   </trkpt>
   <trkpt lat="45.4243092" lon="4.4076800">
    <ele>567</ele>
    <time>2026-08-04T05:12:46Z</time>
    <extensions>
     <gpxdata:hr>153</gpxdata:hr>
     <gpxdata:distance>2492.00</gpxdata:distance>
     <gpxdata:cadence>85</gpxdata:cadence>
     <gpxdata:speed>3.200</gpxdata:speed>
    </extensions>
   </trkpt>
   <trkpt lat="45.4242604" lon="4.4077271">
    <ele>567</ele>
    <time>2026-08-04T05:12:47Z</time>
    <extensions>
     <gpxdata:hr>153</gpxdata:hr>
     <gpxdata:distance>2495.50</gpxdata:distance>
     <gpxdata:cadence>84</gpxdata:cadence>
     <gpxdata:speed>3.203</gpxdata:speed>
    </extensions>
   </trkpt>
   <trkpt lat="45.4242449" lon="4.4077415">
    <ele>567</ele>
    <time>2026-08-04T05:12:48Z</time>
    <extensions>
     <gpxdata:hr>153</gpxdata:hr>
     <gpxdata:distance>2499.00</gpxdata:distance>
     <gpxdata:cadence>84</gpxdata:cadence>
     <gpxdata:speed>3.206</gpxdata:speed>
    </extensions>
   </trkpt>
   <trkpt lat="45.4242294" lon="4.4077560">
    <ele>567</ele>
    <time>2026-08-04T05:12:49Z</time>
    <extensions>
     <gpxdata:hr>153</gpxdata:hr>
     <gpxdata:distance>2501.50</gpxdata:distance>
     <gpxdata:cadence>84</gpxdata:cadence>
     <gpxdata:speed>3.208</gpxdata:speed>
    </extensions>
   </trkpt>
   <trkpt lat="45.4242140" lon="4.4077705">
    <ele>567</ele>
    <time>2026-08-04T05:12:50Z</time>
    <extensions>
     <gpxdata:hr>152</gpxdata:hr>
     <gpxdata:distance>2504.00</gpxdata:distance>
     <gpxdata:cadence>84</gpxdata:cadence>
     <gpxdata:speed>3.214</gpxdata:speed>
    </extensions>
   </trkpt>
   <trkpt lat="45.4241713" lon="4.4078163">
    <ele>567</ele>
    <time>2026-08-04T05:12:51Z</time>
    <extensions>
     <gpxdata:hr>153</gpxdata:hr>
     <gpxdata:distance>2507.50</gpxdata:distance>
     <gpxdata:cadence>84</gpxdata:cadence>
     <gpxdata:speed>3.217</gpxdata:speed>
    </extensions>
   </trkpt>
   <trkpt lat="45.4241574" lon="4.4078347">
    <ele>567</ele>
    <time>2026-08-04T05:12:52Z</time>
    <extensions>
     <gpxdata:hr>153</gpxdata:hr>
     <gpxdata:distance>2511.00</gpxdata:distance>
     <gpxdata:cadence>84</gpxdata:cadence>
     <gpxdata:speed>3.219</gpxdata:speed>
    </extensions>
   </trkpt>
   <trkpt lat="45.4241435" lon="4.4078531">
    <ele>567</ele>
    <time>2026-08-04T05:12:53Z</time>
    <extensions>
     <gpxdata:hr>153</gpxdata:hr>
     <gpxdata:distance>2514.50</gpxdata:distance>
     <gpxdata:cadence>84</gpxdata:cadence>
     <gpxdata:speed>3.219</gpxdata:speed>
    </extensions>
   </trkpt>
   <trkpt lat="45.4241297" lon="4.4078715">
    <ele>568</ele>
    <time>2026-08-04T05:12:54Z</time>
    <extensions>
     <gpxdata:hr>153</gpxdata:hr>
     <gpxdata:distance>2518.00</gpxdata:distance>
     <gpxdata:cadence>85</gpxdata:cadence>
     <gpxdata:speed>3.219</gpxdata:speed>
    </extensions>
   </trkpt>
   <trkpt lat="45.4240883" lon="4.4079282">
    <ele>568</ele>
    <time>2026-08-04T05:12:55Z</time>
    <extensions>
     <gpxdata:hr>152</gpxdata:hr>
     <gpxdata:distance>2520.50</gpxdata:distance>
     <gpxdata:cadence>85</gpxdata:cadence>
     <gpxdata:speed>3.219</gpxdata:speed>
    </extensions>
   </trkpt>
   <trkpt lat="45.4240747" lon="4.4079458">
    <ele>568</ele>
    <time>2026-08-04T05:12:56Z</time>
    <extensions>
     <gpxdata:hr>153</gpxdata:hr>
     <gpxdata:distance>2523.00</gpxdata:distance>
     <gpxdata:cadence>85</gpxdata:cadence>
     <gpxdata:speed>3.219</gpxdata:speed>
    </extensions>
   </trkpt>
   <trkpt lat="45.4240611" lon="4.4079634">
    <ele>568</ele>
    <time>2026-08-04T05:12:57Z</time>
    <extensions>
     <gpxdata:hr>153</gpxdata:hr>
     <gpxdata:distance>2526.50</gpxdata:distance>
     <gpxdata:cadence>85</gpxdata:cadence>
     <gpxdata:speed>3.219</gpxdata:speed>
    </extensions>
   </trkpt>
   <trkpt lat="45.4240475" lon="4.4079810">
    <ele>568</ele>
    <time>2026-08-04T05:12:58Z</time>
    <extensions>
     <gpxdata:hr>152</gpxdata:hr>
     <gpxdata:distance>2530.00</gpxdata:distance>
     <gpxdata:cadence>85</gpxdata:cadence>
     <gpxdata:speed>3.219</gpxdata:speed>
    </extensions>
   </trkpt>
   <trkpt lat="45.4240057" lon="4.4080352">
    <ele>568</ele>
    <time>2026-08-04T05:12:59Z</time>
    <extensions>
     <gpxdata:hr>152</gpxdata:hr>
     <gpxdata:distance>2533.00</gpxdata:distance>
     <gpxdata:cadence>85</gpxdata:cadence>
     <gpxdata:speed>3.219</gpxdata:speed>
    </extensions>
   </trkpt>
   <trkpt lat="45.4239912" lon="4.4080536">
    <ele>568</ele>
    <time>2026-08-04T05:13:00Z</time>
    <extensions>
     <gpxdata:hr>153</gpxdata:hr>
     <gpxdata:distance>2536.00</gpxdata:distance>
     <gpxdata:cadence>85</gpxdata:cadence>
     <gpxdata:speed>3.219</gpxdata:speed>
    </extensions>
   </trkpt>
   <trkpt lat="45.4239767" lon="4.4080720">
    <ele>568</ele>
    <time>2026-08-04T05:13:01Z</time>
    <extensions>
     <gpxdata:hr>153</gpxdata:hr>
     <gpxdata:distance>2539.50</gpxdata:distance>
     <gpxdata:cadence>84</gpxdata:cadence>
     <gpxdata:speed>3.217</gpxdata:speed>
    </extensions>
   </trkpt>
   <trkpt lat="45.4239623" lon="4.4080905">
    <ele>568</ele>
    <time>2026-08-04T05:13:02Z</time>
    <extensions>
     <gpxdata:hr>153</gpxdata:hr>
     <gpxdata:distance>2543.00</gpxdata:distance>
     <gpxdata:cadence>84</gpxdata:cadence>
     <gpxdata:speed>3.217</gpxdata:speed>
    </extensions>
   </trkpt>
   <trkpt lat="45.4239139" lon="4.4081440">
    <ele>568</ele>
    <time>2026-08-04T05:13:03Z</time>
    <extensions>
     <gpxdata:hr>153</gpxdata:hr>
     <gpxdata:distance>2546.50</gpxdata:distance>
     <gpxdata:cadence>84</gpxdata:cadence>
     <gpxdata:speed>3.217</gpxdata:speed>
    </extensions>
   </trkpt>
   <trkpt lat="45.4238968" lon="4.4081605">
    <ele>568</ele>
    <time>2026-08-04T05:13:04Z</time>
    <extensions>
     <gpxdata:hr>153</gpxdata:hr>
     <gpxdata:distance>2550.00</gpxdata:distance>
     <gpxdata:cadence>84</gpxdata:cadence>
     <gpxdata:speed>3.217</gpxdata:speed>
    </extensions>
   </trkpt>
   <trkpt lat="45.4238798" lon="4.4081771">
    <ele>568</ele>
    <time>2026-08-04T05:13:05Z</time>
    <extensions>
     <gpxdata:hr>153</gpxdata:hr>
     <gpxdata:distance>2553.50</gpxdata:distance>
     <gpxdata:cadence>84</gpxdata:cadence>
     <gpxdata:speed>3.217</gpxdata:speed>
    </extensions>
   </trkpt>
   <trkpt lat="45.4238628" lon="4.4081937">
    <ele>568</ele>
    <time>2026-08-04T05:13:06Z</time>
    <extensions>
     <gpxdata:hr>152</gpxdata:hr>
     <gpxdata:distance>2557.00</gpxdata:distance>
     <gpxdata:cadence>84</gpxdata:cadence>
     <gpxdata:speed>3.217</gpxdata:speed>
    </extensions>
   </trkpt>
   <trkpt lat="45.4238129" lon="4.4082406">
    <ele>568</ele>
    <time>2026-08-04T05:13:07Z</time>
    <extensions>
     <gpxdata:hr>152</gpxdata:hr>
     <gpxdata:distance>2560.00</gpxdata:distance>
     <gpxdata:cadence>84</gpxdata:cadence>
     <gpxdata:speed>3.217</gpxdata:speed>
    </extensions>
   </trkpt>
   <trkpt lat="45.4237965" lon="4.4082559">
    <ele>568</ele>
    <time>2026-08-04T05:13:08Z</time>
    <extensions>
     <gpxdata:hr>153</gpxdata:hr>
     <gpxdata:distance>2563.00</gpxdata:distance>
     <gpxdata:cadence>84</gpxdata:cadence>
     <gpxdata:speed>3.219</gpxdata:speed>
    </extensions>
   </trkpt>
   <trkpt lat="45.4237802" lon="4.4082712">
    <ele>568</ele>
    <time>2026-08-04T05:13:09Z</time>
    <extensions>
     <gpxdata:hr>153</gpxdata:hr>
     <gpxdata:distance>2566.50</gpxdata:distance>
     <gpxdata:cadence>84</gpxdata:cadence>
     <gpxdata:speed>3.219</gpxdata:speed>
    </extensions>
   </trkpt>
   <trkpt lat="45.4237639" lon="4.4082866">
    <ele>568</ele>
    <time>2026-08-04T05:13:10Z</time>
    <extensions>
     <gpxdata:hr>153</gpxdata:hr>
     <gpxdata:distance>2570.00</gpxdata:distance>
     <gpxdata:cadence>85</gpxdata:cadence>
     <gpxdata:speed>3.219</gpxdata:speed>
    </extensions>
   </trkpt>
   <trkpt lat="45.4237165" lon="4.4083373">
    <ele>568</ele>
    <time>2026-08-04T05:13:11Z</time>
    <extensions>
     <gpxdata:hr>153</gpxdata:hr>
     <gpxdata:distance>2573.50</gpxdata:distance>
     <gpxdata:cadence>85</gpxdata:cadence>
     <gpxdata:speed>3.219</gpxdata:speed>
    </extensions>
   </trkpt>
   <trkpt lat="45.4237011" lon="4.4083551">
    <ele>568</ele>
    <time>2026-08-04T05:13:12Z</time>
    <extensions>
     <gpxdata:hr>153</gpxdata:hr>
     <gpxdata:distance>2577.00</gpxdata:distance>
     <gpxdata:cadence>85</gpxdata:cadence>
     <gpxdata:speed>3.219</gpxdata:speed>
    </extensions>
   </trkpt>
   <trkpt lat="45.4236858" lon="4.4083729">
    <ele>568</ele>
    <time>2026-08-04T05:13:13Z</time>
    <extensions>
     <gpxdata:hr>153</gpxdata:hr>
     <gpxdata:distance>2579.50</gpxdata:distance>
     <gpxdata:cadence>84</gpxdata:cadence>
     <gpxdata:speed>3.219</gpxdata:speed>
    </extensions>
   </trkpt>
   <trkpt lat="45.4236705" lon="4.4083907">
    <ele>569</ele>
    <time>2026-08-04T05:13:14Z</time>
    <extensions>
     <gpxdata:hr>153</gpxdata:hr>
     <gpxdata:distance>2582.00</gpxdata:distance>
     <gpxdata:cadence>84</gpxdata:cadence>
     <gpxdata:speed>3.222</gpxdata:speed>
    </extensions>
   </trkpt>
   <trkpt lat="45.4236339" lon="4.4084467">
    <ele>569</ele>
    <time>2026-08-04T05:13:15Z</time>
    <extensions>
     <gpxdata:hr>153</gpxdata:hr>
     <gpxdata:distance>2585.00</gpxdata:distance>
     <gpxdata:cadence>84</gpxdata:cadence>
     <gpxdata:speed>3.222</gpxdata:speed>
    </extensions>
   </trkpt>
   <trkpt lat="45.4236272" lon="4.4084673">
    <ele>569</ele>
    <time>2026-08-04T05:13:16Z</time>
    <extensions>
     <gpxdata:hr>153</gpxdata:hr>
     <gpxdata:distance>2588.00</gpxdata:distance>
     <gpxdata:cadence>83</gpxdata:cadence>
     <gpxdata:speed>3.222</gpxdata:speed>
    </extensions>
   </trkpt>
   <trkpt lat="45.4236205" lon="4.4084879">
    <ele>569</ele>
    <time>2026-08-04T05:13:17Z</time>
    <extensions>
     <gpxdata:hr>153</gpxdata:hr>
     <gpxdata:distance>2590.50</gpxdata:distance>
     <gpxdata:cadence>83</gpxdata:cadence>
     <gpxdata:speed>3.222</gpxdata:speed>
    </extensions>
   </trkpt>
   <trkpt lat="45.4236138" lon="4.4085085">
    <ele>569</ele>
    <time>2026-08-04T05:13:18Z</time>
    <extensions>
     <gpxdata:hr>153</gpxdata:hr>
     <gpxdata:distance>2593.00</gpxdata:distance>
     <gpxdata:cadence>83</gpxdata:cadence>
     <gpxdata:speed>3.222</gpxdata:speed>
    </extensions>
   </trkpt>
   <trkpt lat="45.4236313" lon="4.4086217">
    <ele>569</ele>
    <time>2026-08-04T05:13:19Z</time>
    <extensions>
     <gpxdata:hr>153</gpxdata:hr>
     <gpxdata:distance>2595.50</gpxdata:distance>
     <gpxdata:cadence>82</gpxdata:cadence>
     <gpxdata:speed>3.217</gpxdata:speed>
    </extensions>
   </trkpt>
  </trkseg>
 </trk>
</gpx>
