<?xml version="1.0" encoding="UTF-8"?>
<TrainingCenterDatabase xsi:schemaLocation="http://www.garmin.com/xmlschemas/TrainingCenterDatabase/v2 http://www.garmin.com/xmlschemas/TrainingCenterDatabasev2.xsd" xmlns:ns5="http://www.garmin.com/xmlschemas/ActivityGoals/v1" xmlns:ns3="http://www.garmin.com/xmlschemas/ActivityExtension/v2" xmlns:ns2="http://www.garmin.com/xmlschemas/UserProfile/v2" xmlns="http://www.garmin.com/xmlschemas/TrainingCenterDatabase/v2" xmlns:xsi="http://www.w3.org/2001/XMLSchema-instance" xmlns:ns4="http://www.garmin.com/xmlschemas/ProfileExtension/v1">
 <Activities>
  <Activity Sport="Running">
   <Id>2026-08-04T04:58:54Z</Id>
   <Lap StartTime="2026-08-04T04:58:54Z">
    <TotalTimeSeconds>346</TotalTimeSeconds>
    <DistanceMeters>1000</DistanceMeters>
    <Intensity>Active</Intensity>
    <TriggerMethod>Manual</TriggerMethod>
    <MaximumHeartRateBpm>
     <Value>134</Value>
    </MaximumHeartRateBpm>
    <AverageHeartRateBpm>
     <Value>124</Value>
    </AverageHeartRateBpm>
    <Track>
     <Trackpoint>
      <Time>2026-08-04T04:58:54Z</Time>
      <DistanceMeters>0</DistanceMeters>
     </Trackpoint>
     <Trackpoint>
      <Time>2026-08-04T04:58:55Z</Time>
      <HeartRateBpm>
       <Value>112</Value>
      </HeartRateBpm>
     </Trackpoint>
     <Trackpoint>
      <Time>2026-08-04T04:58:56Z</Time>
      <HeartRateBpm>
       <Value>111</Value>
      </HeartRateBpm>
     </Trackpoint>
     <Trackpoint>
      <Time>2026-08-04T04:58:57Z</Time>
      <DistanceMeters>0</DistanceMeters>
      <HeartRateBpm>
       <Value>111</Value>
      </HeartRateBpm>
      <Extensions>
       <Speed>8.430000</Speed>
      </Extensions>
     </Trackpoint>
     <Trackpoint>
      <Time>2026-08-04T04:58:58Z</Time>
      <DistanceMeters>0</DistanceMeters>
      <HeartRateBpm>
       <Value>110</Value>
      </HeartRateBpm>
      <Extensions>
       <Speed>8.430000</Speed>
      </Extensions>
     </Trackpoint>
     <Trackpoint>
      <Time>2026-08-04T04:58:59Z</Time>
      <AltitudeMeters>571</AltitudeMeters>
      <DistanceMeters>4</DistanceMeters>
      <HeartRateBpm>
       <Value>110</Value>
      </HeartRateBpm>
      <Cadence>77</Cadence>
      <Extensions>
       <Speed>8.430000</Speed>
      </Extensions>
     </Trackpoint>
     <Trackpoint>
      <Time>2026-08-04T04:59:00Z</Time>
      <AltitudeMeters>571</AltitudeMeters>
      <DistanceMeters>9</DistanceMeters>
      <HeartRateBpm>
       <Value>109</Value>
      </HeartRateBpm>
      <Cadence>78</Cadence>
      <Extensions>
       <Speed>8.430000</Speed>
      </Extensions>
     </Trackpoint>
     <Trackpoint>
      <Time>2026-08-04T04:59:01Z</Time>
      <AltitudeMeters>571</AltitudeMeters>
      <DistanceMeters>12</DistanceMeters>
      <HeartRateBpm>
       <Value>109</Value>
      </HeartRateBpm>
      <Cadence>79</Cadence>
      <Extensions>
       <Speed>8.590000</Speed>
      </Extensions>
     </Trackpoint>
     <Trackpoint>
      <Time>2026-08-04T04:59:02Z</Time>
      <AltitudeMeters>571</AltitudeMeters>
      <DistanceMeters>14</DistanceMeters>
      <HeartRateBpm>
       <Value>108</Value>
      </HeartRateBpm>
      <Cadence>80</Cadence>
      <Extensions>
       <Speed>8.760000</Speed>
      </Extensions>
     </Trackpoint>
     <Trackpoint>
      <Time>2026-08-04T04:59:03Z</Time>
      <AltitudeMeters>571</AltitudeMeters>
      <DistanceMeters>16</DistanceMeters>
      <HeartRateBpm>
       <Value>108</Value>
      </HeartRateBpm>
      <Cadence>80</Cadence>
      <Extensions>
       <Speed>8.960000</Speed>
      </Extensions>
     </Trackpoint>
     <Trackpoint>
      <Time>2026-08-04T04:59:04Z</Time>
      <AltitudeMeters>571</AltitudeMeters>
      <DistanceMeters>18</DistanceMeters>
      <HeartRateBpm>
       <Value>107</Value>
      </HeartRateBpm>
      <Cadence>80</Cadence>
      <Extensions>
       <Speed>9.170000</Speed>
      </Extensions>
     </Trackpoint>
     <Trackpoint>
      <Time>2026-08-04T04:59:05Z</Time>
      <AltitudeMeters>571</AltitudeMeters>
      <DistanceMeters>21</DistanceMeters>
      <HeartRateBpm>
       <Value>107</Value>
      </HeartRateBpm>
      <Cadence>82</Cadence>
      <Extensions>
       <Speed>9.270000</Speed>
      </Extensions>
     </Trackpoint>
     <Trackpoint>
      <Time>2026-08-04T04:59:06Z</Time>
      <AltitudeMeters>571</AltitudeMeters>
      <DistanceMeters>24</DistanceMeters>
      <HeartRateBpm>
       <Value>107</Value>
      </HeartRateBpm>
      <Cadence>84</Cadence>
      <Extensions>
       <Speed>9.380000</Speed>
      </Extensions>
     </Trackpoint>
     <Trackpoint>
      <Time>2026-08-04T04:59:07Z</Time>
      <AltitudeMeters>571</AltitudeMeters>
      <DistanceMeters>26</DistanceMeters>
      <HeartRateBpm>
       <Value>107</Value>
      </HeartRateBpm>
      <Cadence>84</Cadence>
      <Extensions>
       <Speed>9.700000</Speed>
      </Extensions>
     </Trackpoint>
     <Trackpoint>
      <Time>2026-08-04T04:59:08Z</Time>
      <AltitudeMeters>571</AltitudeMeters>
      <DistanceMeters>29</DistanceMeters>
      <HeartRateBpm>
       <Value>107</Value>
      </HeartRateBpm>
      <Cadence>84</Cadence>
      <Extensions>
       <Speed>10.030000</Speed>
      </Extensions>
     </Trackpoint>
     <Trackpoint>
      <Time>2026-08-04T04:59:09Z</Time>
      <AltitudeMeters>571</AltitudeMeters>
      <DistanceMeters>32</DistanceMeters>
      <HeartRateBpm>
       <Value>106</Value>
      </HeartRateBpm>
      <Cadence>84</Cadence>
      <Extensions>
       <Speed>10.150000</Speed>
      </Extensions>
     </Trackpoint>
     <Trackpoint>
      <Time>2026-08-04T04:59:10Z</Time>
      <AltitudeMeters>571</AltitudeMeters>
      <DistanceMeters>34</DistanceMeters>
      <HeartRateBpm>
       <Value>106</Value>
      </HeartRateBpm>
      <Cadence>84</Cadence>
      <Extensions>
       <Speed>10.280000</Speed>
      </Extensions>
     </Trackpoint>
     <Trackpoint>
      <Time>2026-08-04T04:59:11Z</Time>
      <AltitudeMeters>570</AltitudeMeters>
      <DistanceMeters>38</DistanceMeters>
      <HeartRateBpm>
       <Value>105</Value>
      </HeartRateBpm>
      <Cadence>84</Cadence>
      <Extensions>
       <Speed>10.300000</Speed>
      </Extensions>
     </Trackpoint>
     <Trackpoint>
      <Time>2026-08-04T04:59:12Z</Time>
      <AltitudeMeters>570</AltitudeMeters>
      <DistanceMeters>42</DistanceMeters>
      <HeartRateBpm>
       <Value>105</Value>
      </HeartRateBpm>
      <Cadence>84</Cadence>
      <Extensions>
       <Speed>10.320000</Speed>
      </Extensions>
     </Trackpoint>
     <Trackpoint>
      <Time>2026-08-04T04:59:13Z</Time>
      <AltitudeMeters>570</AltitudeMeters>
      <DistanceMeters>46</DistanceMeters>
      <HeartRateBpm>
       <Value>105</Value>
      </HeartRateBpm>
      <Cadence>84</Cadence>
      <Extensions>
       <Speed>10.320000</Speed>
      </Extensions>
     </Trackpoint>
     <Trackpoint>
      <Time>2026-08-04T04:59:14Z</Time>
      <AltitudeMeters>570</AltitudeMeters>
      <DistanceMeters>49</DistanceMeters>
      <HeartRateBpm>
       <Value>106</Value>
      </HeartRateBpm>
      <Cadence>84</Cadence>
      <Extensions>
       <Speed>10.330000</Speed>
      </Extensions>
     </Trackpoint>
     <Trackpoint>
      <Time>2026-08-04T04:59:15Z</Time>
      <AltitudeMeters>570</AltitudeMeters>
      <DistanceMeters>50</DistanceMeters>
      <HeartRateBpm>
       <Value>106</Value>
      </HeartRateBpm>
      <Cadence>84</Cadence>
      <Extensions>
       <Speed>10.330000</Speed>
      </Extensions>
     </Trackpoint>
     <Trackpoint>
      <Time>2026-08-04T04:59:16Z</Time>
      <Position>
       <LatitudeDegrees>45.4239325</LatitudeDegrees>
       <LongitudeDegrees>4.4079502</LongitudeDegrees>
      </Position>
      <AltitudeMeters>570</AltitudeMeters>
      <DistanceMeters>50</DistanceMeters>
      <HeartRateBpm>
       <Value>107</Value>
      </HeartRateBpm>
      <Cadence>84</Cadence>
      <Extensions>
       <Speed>10.330000</Speed>
      </Extensions>
     </Trackpoint>
     <Trackpoint>
      <Time>2026-08-04T04:59:17Z</Time>
      <Position>
       <LatitudeDegrees>45.4239913</LatitudeDegrees>
       <LongitudeDegrees>4.4079487</LongitudeDegrees>
      </Position>
      <AltitudeMeters>570</AltitudeMeters>
      <DistanceMeters>50</DistanceMeters>
      <HeartRateBpm>
       <Value>107</Value>
      </HeartRateBpm>
      <Cadence>85</Cadence>
      <Extensions>
       <Speed>10.330000</Speed>
      </Extensions>
     </Trackpoint>
     <Trackpoint>
      <Time>2026-08-04T04:59:18Z</Time>
      <Position>
       <LatitudeDegrees>45.4240020</LatitudeDegrees>
       <LongitudeDegrees>4.4079364</LongitudeDegrees>
      </Position>
      <AltitudeMeters>570</AltitudeMeters>
      <DistanceMeters>50</DistanceMeters>
      <HeartRateBpm>
       <Value>107</Value>
      </HeartRateBpm>
      <Cadence>86</Cadence>
      <Extensions>
       <Speed>10.330000</Speed>
      </Extensions>
     </Trackpoint>
     <Trackpoint>
      <Time>2026-08-04T04:59:19Z</Time>
      <Position>
       <LatitudeDegrees>45.4240128</LatitudeDegrees>
       <LongitudeDegrees>4.4079242</LongitudeDegrees>
      </Position>
      <AltitudeMeters>570</AltitudeMeters>
      <DistanceMeters>58</DistanceMeters>
      <HeartRateBpm>
       <Value>110</Value>
      </HeartRateBpm>
      <Cadence>86</Cadence>
      <Extensions>
       <Speed>10.600000</Speed>
      </Extensions>
     </Trackpoint>
     <Trackpoint>
      <Time>2026-08-04T04:59:20Z</Time>
      <Position>
       <LatitudeDegrees>45.4240236</LatitudeDegrees>
       <LongitudeDegrees>4.4079120</LongitudeDegrees>
      </Position>
      <AltitudeMeters>570</AltitudeMeters>
      <DistanceMeters>65</DistanceMeters>
      <HeartRateBpm>
       <Value>111</Value>
      </HeartRateBpm>
      <Cadence>87</Cadence>
      <Extensions>
       <Speed>10.880000</Speed>
      </Extensions>
     </Trackpoint>
     <Trackpoint>
      <Time>2026-08-04T04:59:21Z</Time>
      <Position>
       <LatitudeDegrees>45.4240523</LatitudeDegrees>
       <LongitudeDegrees>4.4078699</LongitudeDegrees>
      </Position>
      <AltitudeMeters>570</AltitudeMeters>
      <DistanceMeters>68</DistanceMeters>
      <HeartRateBpm>
       <Value>111</Value>
      </HeartRateBpm>
      <Cadence>87</Cadence>
      <Extensions>
       <Speed>10.570000</Speed>
      </Extensions>
     </Trackpoint>
     <Trackpoint>
      <Time>2026-08-04T04:59:22Z</Time>
      <Position>
       <LatitudeDegrees>45.4240612</LatitudeDegrees>
       <LongitudeDegrees>4.4078566</LongitudeDegrees>
      </Position>
      <AltitudeMeters>570</AltitudeMeters>
      <DistanceMeters>70</DistanceMeters>
      <HeartRateBpm>
       <Value>112</Value>
      </HeartRateBpm>
      <Cadence>87</Cadence>
      <Extensions>
       <Speed>10.270000</Speed>
      </Extensions>
     </Trackpoint>
     <Trackpoint>
      <Time>2026-08-04T04:59:23Z</Time>
      <Position>
       <LatitudeDegrees>45.4240701</LatitudeDegrees>
       <LongitudeDegrees>4.4078434</LongitudeDegrees>
      </Position>
      <AltitudeMeters>570</AltitudeMeters>
      <DistanceMeters>72</DistanceMeters>
      <HeartRateBpm>
       <Value>112</Value>
      </HeartRateBpm>
      <Cadence>87</Cadence>
      <Extensions>
       <Speed>9.950000</Speed>
      </Extensions>
     </Trackpoint>
     <Trackpoint>
      <Time>2026-08-04T04:59:24Z</Time>
      <Position>
       <LatitudeDegrees>45.4240790</LatitudeDegrees>
       <LongitudeDegrees>4.4078302</LongitudeDegrees>
      </Position>
      <AltitudeMeters>570</AltitudeMeters>
      <DistanceMeters>74</DistanceMeters>
      <HeartRateBpm>
       <Value>112</Value>
      </HeartRateBpm>
      <Cadence>87</Cadence>
      <Extensions>
       <Speed>9.640000</Speed>
      </Extensions>
     </Trackpoint>
     <Trackpoint>
      <Time>2026-08-04T04:59:25Z</Time>
      <Position>
       <LatitudeDegrees>45.4241128</LatitudeDegrees>
       <LongitudeDegrees>4.4077903</LongitudeDegrees>
      </Position>
      <AltitudeMeters>570</AltitudeMeters>
      <DistanceMeters>77</DistanceMeters>
      <HeartRateBpm>
       <Value>113</Value>
      </HeartRateBpm>
      <Cadence>86</Cadence>
      <Extensions>
       <Speed>9.540000</Speed>
      </Extensions>
     </Trackpoint>
     <Trackpoint>
      <Time>2026-08-04T04:59:26Z</Time>
      <Position>
       <LatitudeDegrees>45.4241271</LatitudeDegrees>
       <LongitudeDegrees>4.4077762</LongitudeDegrees>
      </Position>
      <AltitudeMeters>570</AltitudeMeters>
      <DistanceMeters>80</DistanceMeters>
      <HeartRateBpm>
       <Value>114</Value>
      </HeartRateBpm>
      <Cadence>86</Cadence>
      <Extensions>
       <Speed>9.450000</Speed>
      </Extensions>
     </Trackpoint>
     <Trackpoint>
      <Time>2026-08-04T04:59:27Z</Time>
      <Position>
       <LatitudeDegrees>45.4241414</LatitudeDegrees>
       <LongitudeDegrees>4.4077621</LongitudeDegrees>
      </Position>
      <AltitudeMeters>570</AltitudeMeters>
      <DistanceMeters>84</DistanceMeters>
      <HeartRateBpm>
       <Value>115</Value>
      </HeartRateBpm>
      <Cadence>85</Cadence>
      <Extensions>
       <Speed>9.500000</Speed>
      </Extensions>
     </Trackpoint>
     <Trackpoint>
      <Time>2026-08-04T04:59:28Z</Time>
      <Position>
       <LatitudeDegrees>45.4241557</LatitudeDegrees>
       <LongitudeDegrees>4.4077480</LongitudeDegrees>
      </Position>
      <AltitudeMeters>570</AltitudeMeters>
      <DistanceMeters>87</DistanceMeters>
      <HeartRateBpm>
       <Value>115</Value>
      </HeartRateBpm>
      <Cadence>85</Cadence>
      <Extensions>
       <Speed>9.560000</Speed>
      </Extensions>
     </Trackpoint>
     <Trackpoint>
      <Time>2026-08-04T04:59:29Z</Time>
      <Position>
       <LatitudeDegrees>45.4242035</LatitudeDegrees>
       <LongitudeDegrees>4.4077033</LongitudeDegrees>
      </Position>
      <AltitudeMeters>570</AltitudeMeters>
      <DistanceMeters>90</DistanceMeters>
      <HeartRateBpm>
       <Value>115</Value>
      </HeartRateBpm>
      <Cadence>84</Cadence>
      <Extensions>
       <Speed>9.690000</Speed>
      </Extensions>
     </Trackpoint>
     <Trackpoint>
      <Time>2026-08-04T04:59:30Z</Time>
      <Position>
       <LatitudeDegrees>45.4242201</LatitudeDegrees>
       <LongitudeDegrees>4.4076882</LongitudeDegrees>
      </Position>
      <AltitudeMeters>570</AltitudeMeters>
      <DistanceMeters>93</DistanceMeters>
      <HeartRateBpm>
       <Value>116</Value>
      </HeartRateBpm>
      <Cadence>84</Cadence>
      <Extensions>
       <Speed>9.820000</Speed>
      </Extensions>
     </Trackpoint>
     <Trackpoint>
      <Time>2026-08-04T04:59:31Z</Time>
      <Position>
       <LatitudeDegrees>45.4242367</LatitudeDegrees>
       <LongitudeDegrees>4.4076731</LongitudeDegrees>
      </Position>
      <AltitudeMeters>570</AltitudeMeters>
      <DistanceMeters>96</DistanceMeters>
      <HeartRateBpm>
       <Value>116</Value>
      </HeartRateBpm>
      <Cadence>84</Cadence>
      <Extensions>
       <Speed>9.960000</Speed>
      </Extensions>
     </Trackpoint>
     <Trackpoint>
      <Time>2026-08-04T04:59:32Z</Time>
      <Position>
       <LatitudeDegrees>45.4242534</LatitudeDegrees>
       <LongitudeDegrees>4.4076580</LongitudeDegrees>
      </Position>
      <AltitudeMeters>570</AltitudeMeters>
      <DistanceMeters>100</DistanceMeters>
      <HeartRateBpm>
       <Value>117</Value>
      </HeartRateBpm>
      <Cadence>84</Cadence>
      <Extensions>
       <Speed>10.110000</Speed>
      </Extensions>
     </Trackpoint>
     <Trackpoint>
      <Time>2026-08-04T04:59:33Z</Time>
      <Position>
       <LatitudeDegrees>45.4243024</LatitudeDegrees>
       <LongitudeDegrees>4.4076142</LongitudeDegrees>
      </Position>
      <AltitudeMeters>570</AltitudeMeters>
      <DistanceMeters>103</DistanceMeters>
      <HeartRateBpm>
       <Value>117</Value>
      </HeartRateBpm>
      <Cadence>84</Cadence>
      <Extensions>
       <Speed>10.230000</Speed>
      </Extensions>
     </Trackpoint>
     <Trackpoint>
      <Time>2026-08-04T04:59:34Z</Time>
      <Position>
       <LatitudeDegrees>45.4243175</LatitudeDegrees>
       <LongitudeDegrees>4.4076008</LongitudeDegrees>
      </Position>
      <AltitudeMeters>570</AltitudeMeters>
      <DistanceMeters>106</DistanceMeters>
      <HeartRateBpm>
       <Value>117</Value>
      </HeartRateBpm>
      <Cadence>84</Cadence>
      <Extensions>
       <Speed>10.350000</Speed>
      </Extensions>
     </Trackpoint>
     <Trackpoint>
      <Time>2026-08-04T04:59:35Z</Time>
      <Position>
       <LatitudeDegrees>45.4243327</LatitudeDegrees>
       <LongitudeDegrees>4.4075874</LongitudeDegrees>
      </Position>
      <AltitudeMeters>569</AltitudeMeters>
      <DistanceMeters>108</DistanceMeters>
      <HeartRateBpm>
       <Value>117</Value>
      </HeartRateBpm>
      <Cadence>84</Cadence>
      <Extensions>
       <Speed>10.410000</Speed>
      </Extensions>
     </Trackpoint>
     <Trackpoint>
      <Time>2026-08-04T04:59:36Z</Time>
      <Position>
       <LatitudeDegrees>45.4243479</LatitudeDegrees>
       <LongitudeDegrees>4.4075740</LongitudeDegrees>
      </Position>
      <AltitudeMeters>569</AltitudeMeters>
      <DistanceMeters>111</DistanceMeters>
      <HeartRateBpm>
       <Value>117</Value>
      </HeartRateBpm>
      <Cadence>84</Cadence>
      <Extensions>
       <Speed>10.480000</Speed>
      </Extensions>
     </Trackpoint>
     <Trackpoint>
      <Time>2026-08-04T04:59:37Z</Time>
      <Position>
       <LatitudeDegrees>45.4243872</LatitudeDegrees>
       <LongitudeDegrees>4.4075347</LongitudeDegrees>
      </Position>
      <AltitudeMeters>569</AltitudeMeters>
      <DistanceMeters>114</DistanceMeters>
      <HeartRateBpm>
       <Value>117</Value>
      </HeartRateBpm>
      <Cadence>84</Cadence>
      <Extensions>
       <Speed>10.490000</Speed>
      </Extensions>
     </Trackpoint>
     <Trackpoint>
      <Time>2026-08-04T04:59:38Z</Time>
      <Position>
       <LatitudeDegrees>45.4243989</LatitudeDegrees>
       <LongitudeDegrees>4.4075215</LongitudeDegrees>
      </Position>
      <AltitudeMeters>569</AltitudeMeters>
      <DistanceMeters>116</DistanceMeters>
      <HeartRateBpm>
       <Value>117</Value>
      </HeartRateBpm>
      <Cadence>84</Cadence>
      <Extensions>
       <Speed>10.510000</Speed>
      </Extensions>
     </Trackpoint>
     <Trackpoint>
      <Time>2026-08-04T04:59:39Z</Time>
      <Position>
       <LatitudeDegrees>45.4244107</LatitudeDegrees>
       <LongitudeDegrees>4.4075083</LongitudeDegrees>
      </Position>
      <AltitudeMeters>569</AltitudeMeters>
      <DistanceMeters>118</DistanceMeters>
      <HeartRateBpm>
       <Value>117</Value>
      </HeartRateBpm>
      <Cadence>84</Cadence>
      <Extensions>
       <Speed>10.490000</Speed>
      </Extensions>
     </Trackpoint>
     <Trackpoint>
      <Time>2026-08-04T04:59:40Z</Time>
      <Position>
       <LatitudeDegrees>45.4244225</LatitudeDegrees>
       <LongitudeDegrees>4.4074952</LongitudeDegrees>
      </Position>
      <AltitudeMeters>569</AltitudeMeters>
      <DistanceMeters>121</DistanceMeters>
      <HeartRateBpm>
       <Value>117</Value>
      </HeartRateBpm>
      <Cadence>84</Cadence>
      <Extensions>
       <Speed>10.480000</Speed>
      </Extensions>
     </Trackpoint>
     <Trackpoint>
      <Time>2026-08-04T04:59:41Z</Time>
      <Position>
       <LatitudeDegrees>45.4244592</LatitudeDegrees>
       <LongitudeDegrees>4.4074517</LongitudeDegrees>
      </Position>
      <AltitudeMeters>569</AltitudeMeters>
      <DistanceMeters>124</DistanceMeters>
      <HeartRateBpm>
       <Value>117</Value>
      </HeartRateBpm>
      <Cadence>83</Cadence>
      <Extensions>
       <Speed>10.460000</Speed>
      </Extensions>
     </Trackpoint>
     <Trackpoint>
      <Time>2026-08-04T04:59:42Z</Time>
      <Position>
       <LatitudeDegrees>45.4244715</LatitudeDegrees>
       <LongitudeDegrees>4.4074362</LongitudeDegrees>
      </Position>
      <AltitudeMeters>569</AltitudeMeters>
      <DistanceMeters>127</DistanceMeters>
      <HeartRateBpm>
       <Value>117</Value>
      </HeartRateBpm>
      <Cadence>83</Cadence>
      <Extensions>
       <Speed>10.450000</Speed>
      </Extensions>
     </Trackpoint>
     <Trackpoint>
      <Time>2026-08-04T04:59:43Z</Time>
      <Position>
       <LatitudeDegrees>45.4244838</LatitudeDegrees>
       <LongitudeDegrees>4.4074207</LongitudeDegrees>
      </Position>
      <AltitudeMeters>569</AltitudeMeters>
      <DistanceMeters>130</DistanceMeters>
      <HeartRateBpm>
       <Value>117</Value>
      </HeartRateBpm>
      <Cadence>83</Cadence>
      <Extensions>
       <Speed>10.440000</Speed>
      </Extensions>
     </Trackpoint>
     <Trackpoint>
      <Time>2026-08-04T04:59:44Z</Time>
      <Position>
       <LatitudeDegrees>45.4244962</LatitudeDegrees>
       <LongitudeDegrees>4.4074052</LongitudeDegrees>
      </Position>
      <AltitudeMeters>569</AltitudeMeters>
      <DistanceMeters>132</DistanceMeters>
      <HeartRateBpm>
       <Value>117</Value>
      </HeartRateBpm>
      <Cadence>83</Cadence>
      <Extensions>
       <Speed>10.430000</Speed>
      </Extensions>
     </Trackpoint>
     <Trackpoint>
      <Time>2026-08-04T04:59:45Z</Time>
      <Position>
       <LatitudeDegrees>45.4245344</LatitudeDegrees>
       <LongitudeDegrees>4.4073585</LongitudeDegrees>
      </Position>
      <AltitudeMeters>569</AltitudeMeters>
      <DistanceMeters>136</DistanceMeters>
      <HeartRateBpm>
       <Value>118</Value>
      </HeartRateBpm>
      <Cadence>83</Cadence>
      <Extensions>
       <Speed>10.420000</Speed>
      </Extensions>
     </Trackpoint>
     <Trackpoint>
      <Time>2026-08-04T04:59:46Z</Time>
      <Position>
       <LatitudeDegrees>45.4245482</LatitudeDegrees>
       <LongitudeDegrees>4.4073424</LongitudeDegrees>
      </Position>
      <AltitudeMeters>569</AltitudeMeters>
      <DistanceMeters>139</DistanceMeters>
      <HeartRateBpm>
       <Value>118</Value>
      </HeartRateBpm>
      <Cadence>83</Cadence>
      <Extensions>
       <Speed>10.420000</Speed>
      </Extensions>
     </Trackpoint>
     <Trackpoint>
      <Time>2026-08-04T04:59:47Z</Time>
      <Position>
       <LatitudeDegrees>45.4245620</LatitudeDegrees>
       <LongitudeDegrees>4.4073263</LongitudeDegrees>
      </Position>
      <AltitudeMeters>569</AltitudeMeters>
      <DistanceMeters>142</DistanceMeters>
      <HeartRateBpm>
       <Value>118</Value>
      </HeartRateBpm>
      <Cadence>83</Cadence>
      <Extensions>
       <Speed>10.420000</Speed>
      </Extensions>
     </Trackpoint>
     <Trackpoint>
      <Time>2026-08-04T04:59:48Z</Time>
      <Position>
       <LatitudeDegrees>45.4245759</LatitudeDegrees>
       <LongitudeDegrees>4.4073102</LongitudeDegrees>
      </Position>
      <AltitudeMeters>569</AltitudeMeters>
      <DistanceMeters>145</DistanceMeters>
      <HeartRateBpm>
       <Value>119</Value>
      </HeartRateBpm>
      <Cadence>84</Cadence>
      <Extensions>
       <Speed>10.420000</Speed>
      </Extensions>
     </Trackpoint>
     <Trackpoint>
      <Time>2026-08-04T04:59:49Z</Time>
      <Position>
       <LatitudeDegrees>45.4246196</LatitudeDegrees>
       <LongitudeDegrees>4.4072605</LongitudeDegrees>
      </Position>
      <AltitudeMeters>569</AltitudeMeters>
      <DistanceMeters>148</DistanceMeters>
      <HeartRateBpm>
       <Value>119</Value>
      </HeartRateBpm>
      <Cadence>84</Cadence>
      <Extensions>
       <Speed>10.420000</Speed>
      </Extensions>
     </Trackpoint>
     <Trackpoint>
      <Time>2026-08-04T04:59:50Z</Time>
      <Position>
       <LatitudeDegrees>45.4246345</LatitudeDegrees>
       <LongitudeDegrees>4.4072437</LongitudeDegrees>
      </Position>
      <AltitudeMeters>569</AltitudeMeters>
      <DistanceMeters>151</DistanceMeters>
      <HeartRateBpm>
       <Value>119</Value>
      </HeartRateBpm>
      <Cadence>84</Cadence>
      <Extensions>
       <Speed>10.420000</Speed>
      </Extensions>
     </Trackpoint>
     <Trackpoint>
      <Time>2026-08-04T04:59:51Z</Time>
      <Position>
       <LatitudeDegrees>45.4246494</LatitudeDegrees>
       <LongitudeDegrees>4.4072270</LongitudeDegrees>
      </Position>
      <AltitudeMeters>569</AltitudeMeters>
      <DistanceMeters>154</DistanceMeters>
      <HeartRateBpm>
       <Value>120</Value>
      </HeartRateBpm>
      <Cadence>84</Cadence>
      <Extensions>
       <Speed>10.420000</Speed>
      </Extensions>
     </Trackpoint>
     <Trackpoint>
      <Time>2026-08-04T04:59:52Z</Time>
      <Position>
       <LatitudeDegrees>45.4246644</LatitudeDegrees>
       <LongitudeDegrees>4.4072103</LongitudeDegrees>
      </Position>
      <AltitudeMeters>569</AltitudeMeters>
      <DistanceMeters>157</DistanceMeters>
      <HeartRateBpm>
       <Value>120</Value>
      </HeartRateBpm>
      <Cadence>84</Cadence>
      <Extensions>
       <Speed>10.420000</Speed>
      </Extensions>
     </Trackpoint>
     <Trackpoint>
      <Time>2026-08-04T04:59:53Z</Time>
      <Position>
       <LatitudeDegrees>45.4247058</LatitudeDegrees>
       <LongitudeDegrees>4.4071626</LongitudeDegrees>
      </Position>
      <AltitudeMeters>569</AltitudeMeters>
      <DistanceMeters>160</DistanceMeters>
      <HeartRateBpm>
       <Value>120</Value>
      </HeartRateBpm>
      <Cadence>84</Cadence>
      <Extensions>
       <Speed>10.420000</Speed>
      </Extensions>
     </Trackpoint>
     <Trackpoint>
      <Time>2026-08-04T04:59:54Z</Time>
      <Position>
       <LatitudeDegrees>45.4247188</LatitudeDegrees>
       <LongitudeDegrees>4.4071476</LongitudeDegrees>
      </Position>
      <AltitudeMeters>569</AltitudeMeters>
      <DistanceMeters>163</DistanceMeters>
      <HeartRateBpm>
       <Value>120</Value>
      </HeartRateBpm>
      <Cadence>84</Cadence>
      <Extensions>
       <Speed>10.430000</Speed>
      </Extensions>
     </Trackpoint>
     <Trackpoint>
      <Time>2026-08-04T04:59:55Z</Time>
      <Position>
       <LatitudeDegrees>45.4247319</LatitudeDegrees>
       <LongitudeDegrees>4.4071326</LongitudeDegrees>
      </Position>
      <AltitudeMeters>569</AltitudeMeters>
      <DistanceMeters>166</DistanceMeters>
      <HeartRateBpm>
       <Value>120</Value>
      </HeartRateBpm>
      <Cadence>84</Cadence>
      <Extensions>
       <Speed>10.430000</Speed>
      </Extensions>
     </Trackpoint>
     <Trackpoint>
      <Time>2026-08-04T04:59:56Z</Time>
      <Position>
       <LatitudeDegrees>45.4247450</LatitudeDegrees>
       <LongitudeDegrees>4.4071176</LongitudeDegrees>
      </Position>
      <AltitudeMeters>569</AltitudeMeters>
      <DistanceMeters>168</DistanceMeters>
      <HeartRateBpm>
       <Value>119</Value>
      </HeartRateBpm>
      <Cadence>84</Cadence>
      <Extensions>
       <Speed>10.430000</Speed>
      </Extensions>
     </Trackpoint>
     <Trackpoint>
      <Time>2026-08-04T04:59:57Z</Time>
      <Position>
       <LatitudeDegrees>45.4247847</LatitudeDegrees>
       <LongitudeDegrees>4.4070743</LongitudeDegrees>
      </Position>
      <AltitudeMeters>569</AltitudeMeters>
      <DistanceMeters>171</DistanceMeters>
      <HeartRateBpm>
       <Value>119</Value>
      </HeartRateBpm>
      <Cadence>84</Cadence>
      <Extensions>
       <Speed>10.430000</Speed>
      </Extensions>
     </Trackpoint>
     <Trackpoint>
      <Time>2026-08-04T04:59:58Z</Time>
      <Position>
       <LatitudeDegrees>45.4247984</LatitudeDegrees>
       <LongitudeDegrees>4.4070594</LongitudeDegrees>
      </Position>
      <AltitudeMeters>569</AltitudeMeters>
      <DistanceMeters>174</DistanceMeters>
      <HeartRateBpm>
       <Value>119</Value>
      </HeartRateBpm>
      <Cadence>84</Cadence>
      <Extensions>
       <Speed>10.430000</Speed>
      </Extensions>
     </Trackpoint>
     <Trackpoint>
      <Time>2026-08-04T04:59:59Z</Time>
      <Position>
       <LatitudeDegrees>45.4248121</LatitudeDegrees>
       <LongitudeDegrees>4.4070445</LongitudeDegrees>
      </Position>
      <AltitudeMeters>569</AltitudeMeters>
      <DistanceMeters>177</DistanceMeters>
      <HeartRateBpm>
       <Value>119</Value>
      </HeartRateBpm>
      <Cadence>84</Cadence>
      <Extensions>
       <Speed>10.420000</Speed>
      </Extensions>
     </Trackpoint>
     <Trackpoint>
      <Time>2026-08-04T05:00:00Z</Time>
      <Position>
       <LatitudeDegrees>45.4248258</LatitudeDegrees>
       <LongitudeDegrees>4.4070297</LongitudeDegrees>
      </Position>
      <AltitudeMeters>569</AltitudeMeters>
      <DistanceMeters>180</DistanceMeters>
      <HeartRateBpm>
       <Value>119</Value>
      </HeartRateBpm>
      <Cadence>84</Cadence>
      <Extensions>
       <Speed>10.420000</Speed>
      </Extensions>
     </Trackpoint>
     <Trackpoint>
      <Time>2026-08-04T05:00:01Z</Time>
      <Position>
       <LatitudeDegrees>45.4248666</LatitudeDegrees>
       <LongitudeDegrees>4.4069862</LongitudeDegrees>
      </Position>
      <AltitudeMeters>569</AltitudeMeters>
      <DistanceMeters>182</DistanceMeters>
      <HeartRateBpm>
       <Value>118</Value>
      </HeartRateBpm>
      <Cadence>83</Cadence>
      <Extensions>
       <Speed>10.420000</Speed>
      </Extensions>
     </Trackpoint>
     <Trackpoint>
      <Time>2026-08-04T05:00:02Z</Time>
      <Position>
       <LatitudeDegrees>45.4248796</LatitudeDegrees>
       <LongitudeDegrees>4.4069718</LongitudeDegrees>
      </Position>
      <AltitudeMeters>569</AltitudeMeters>
      <DistanceMeters>185</DistanceMeters>
      <HeartRateBpm>
       <Value>118</Value>
      </HeartRateBpm>
      <Cadence>83</Cadence>
      <Extensions>
       <Speed>10.420000</Speed>
      </Extensions>
     </Trackpoint>
     <Trackpoint>
      <Time>2026-08-04T05:00:03Z</Time>
      <Position>
       <LatitudeDegrees>45.4248926</LatitudeDegrees>
       <LongitudeDegrees>4.4069574</LongitudeDegrees>
      </Position>
      <AltitudeMeters>568</AltitudeMeters>
      <DistanceMeters>188</DistanceMeters>
      <HeartRateBpm>
       <Value>118</Value>
      </HeartRateBpm>
      <Cadence>82</Cadence>
      <Extensions>
       <Speed>10.410000</Speed>
      </Extensions>
     </Trackpoint>
     <Trackpoint>
      <Time>2026-08-04T05:00:04Z</Time>
      <Position>
       <LatitudeDegrees>45.4249057</LatitudeDegrees>
       <LongitudeDegrees>4.4069431</LongitudeDegrees>
      </Position>
      <AltitudeMeters>568</AltitudeMeters>
      <DistanceMeters>191</DistanceMeters>
      <HeartRateBpm>
       <Value>119</Value>
      </HeartRateBpm>
      <Cadence>81</Cadence>
      <Extensions>
       <Speed>10.410000</Speed>
      </Extensions>
     </Trackpoint>
     <Trackpoint>
      <Time>2026-08-04T05:00:05Z</Time>
      <Position>
       <LatitudeDegrees>45.4249442</LatitudeDegrees>
       <LongitudeDegrees>4.4068982</LongitudeDegrees>
      </Position>
      <AltitudeMeters>568</AltitudeMeters>
      <DistanceMeters>194</DistanceMeters>
      <HeartRateBpm>
       <Value>119</Value>
      </HeartRateBpm>
      <Cadence>81</Cadence>
      <Extensions>
       <Speed>10.410000</Speed>
      </Extensions>
     </Trackpoint>
     <Trackpoint>
      <Time>2026-08-04T05:00:06Z</Time>
      <Position>
       <LatitudeDegrees>45.4249572</LatitudeDegrees>
       <LongitudeDegrees>4.4068833</LongitudeDegrees>
      </Position>
      <AltitudeMeters>568</AltitudeMeters>
      <DistanceMeters>196</DistanceMeters>
      <HeartRateBpm>
       <Value>119</Value>
      </HeartRateBpm>
      <Cadence>81</Cadence>
      <Extensions>
       <Speed>10.410000</Speed>
      </Extensions>
     </Trackpoint>
     <Trackpoint>
      <Time>2026-08-04T05:00:07Z</Time>
      <Position>
       <LatitudeDegrees>45.4249703</LatitudeDegrees>
       <LongitudeDegrees>4.4068684</LongitudeDegrees>
      </Position>
      <AltitudeMeters>568</AltitudeMeters>
      <DistanceMeters>199</DistanceMeters>
      <HeartRateBpm>
       <Value>119</Value>
      </HeartRateBpm>
      <Cadence>81</Cadence>
      <Extensions>
       <Speed>10.400000</Speed>
      </Extensions>
     </Trackpoint>
     <Trackpoint>
      <Time>2026-08-04T05:00:08Z</Time>
      <Position>
       <LatitudeDegrees>45.4249834</LatitudeDegrees>
       <LongitudeDegrees>4.4068536</LongitudeDegrees>
      </Position>
      <AltitudeMeters>568</AltitudeMeters>
      <DistanceMeters>202</DistanceMeters>
      <HeartRateBpm>
       <Value>119</Value>
      </HeartRateBpm>
      <Cadence>81</Cadence>
      <Extensions>
       <Speed>10.400000</Speed>
      </Extensions>
     </Trackpoint>
     <Trackpoint>
      <Time>2026-08-04T05:00:09Z</Time>
      <Position>
       <LatitudeDegrees>45.4250230</LatitudeDegrees>
       <LongitudeDegrees>4.4068083</LongitudeDegrees>
      </Position>
      <AltitudeMeters>568</AltitudeMeters>
      <DistanceMeters>205</DistanceMeters>
      <HeartRateBpm>
       <Value>119</Value>
      </HeartRateBpm>
      <Cadence>81</Cadence>
      <Extensions>
       <Speed>10.390000</Speed>
      </Extensions>
     </Trackpoint>
     <Trackpoint>
      <Time>2026-08-04T05:00:10Z</Time>
      <Position>
       <LatitudeDegrees>45.4250366</LatitudeDegrees>
       <LongitudeDegrees>4.4067931</LongitudeDegrees>
      </Position>
      <AltitudeMeters>568</AltitudeMeters>
      <DistanceMeters>208</DistanceMeters>
      <HeartRateBpm>
       <Value>119</Value>
      </HeartRateBpm>
      <Cadence>81</Cadence>
      <Extensions>
       <Speed>10.390000</Speed>
      </Extensions>
     </Trackpoint>
     <Trackpoint>
      <Time>2026-08-04T05:00:11Z</Time>
      <Position>
       <LatitudeDegrees>45.4250502</LatitudeDegrees>
       <LongitudeDegrees>4.4067779</LongitudeDegrees>
      </Position>
      <AltitudeMeters>568</AltitudeMeters>
      <DistanceMeters>210</DistanceMeters>
      <HeartRateBpm>
       <Value>119</Value>
      </HeartRateBpm>
      <Cadence>82</Cadence>
      <Extensions>
       <Speed>10.390000</Speed>
      </Extensions>
     </Trackpoint>
     <Trackpoint>
      <Time>2026-08-04T05:00:12Z</Time>
      <Position>
       <LatitudeDegrees>45.4250638</LatitudeDegrees>
       <LongitudeDegrees>4.4067627</LongitudeDegrees>
      </Position>
      <AltitudeMeters>568</AltitudeMeters>
      <DistanceMeters>213</DistanceMeters>
      <HeartRateBpm>
       <Value>119</Value>
      </HeartRateBpm>
      <Cadence>82</Cadence>
      <Extensions>
       <Speed>10.390000</Speed>
      </Extensions>
     </Trackpoint>
     <Trackpoint>
      <Time>2026-08-04T05:00:13Z</Time>
      <Position>
       <LatitudeDegrees>45.4251055</LatitudeDegrees>
       <LongitudeDegrees>4.4067191</LongitudeDegrees>
      </Position>
      <AltitudeMeters>568</AltitudeMeters>
      <DistanceMeters>216</DistanceMeters>
      <HeartRateBpm>
       <Value>119</Value>
      </HeartRateBpm>
      <Cadence>82</Cadence>
      <Extensions>
       <Speed>10.380000</Speed>
      </Extensions>
     </Trackpoint>
     <Trackpoint>
      <Time>2026-08-04T05:00:14Z</Time>
      <Position>
       <LatitudeDegrees>45.4251196</LatitudeDegrees>
       <LongitudeDegrees>4.4067049</LongitudeDegrees>
      </Position>
      <AltitudeMeters>568</AltitudeMeters>
      <DistanceMeters>219</DistanceMeters>
      <HeartRateBpm>
       <Value>119</Value>
      </HeartRateBpm>
      <Cadence>82</Cadence>
      <Extensions>
       <Speed>10.380000</Speed>
      </Extensions>
     </Trackpoint>
     <Trackpoint>
      <Time>2026-08-04T05:00:15Z</Time>
      <Position>
       <LatitudeDegrees>45.4251337</LatitudeDegrees>
       <LongitudeDegrees>4.4066907</LongitudeDegrees>
      </Position>
      <AltitudeMeters>568</AltitudeMeters>
      <DistanceMeters>222</DistanceMeters>
      <HeartRateBpm>
       <Value>118</Value>
      </HeartRateBpm>
      <Cadence>82</Cadence>
      <Extensions>
       <Speed>10.380000</Speed>
      </Extensions>
     </Trackpoint>
     <Trackpoint>
      <Time>2026-08-04T05:00:16Z</Time>
      <Position>
       <LatitudeDegrees>45.4251478</LatitudeDegrees>
       <LongitudeDegrees>4.4066766</LongitudeDegrees>
      </Position>
      <AltitudeMeters>568</AltitudeMeters>
      <DistanceMeters>225</DistanceMeters>
      <HeartRateBpm>
       <Value>118</Value>
      </HeartRateBpm>
      <Cadence>82</Cadence>
      <Extensions>
       <Speed>10.380000</Speed>
      </Extensions>
     </Trackpoint>
     <Trackpoint>
      <Time>2026-08-04T05:00:17Z</Time>
      <Position>
       <LatitudeDegrees>45.4251904</LatitudeDegrees>
       <LongitudeDegrees>4.4066314</LongitudeDegrees>
      </Position>
      <AltitudeMeters>568</AltitudeMeters>
      <DistanceMeters>228</DistanceMeters>
      <HeartRateBpm>
       <Value>118</Value>
      </HeartRateBpm>
      <Cadence>82</Cadence>
      <Extensions>
       <Speed>10.380000</Speed>
      </Extensions>
     </Trackpoint>
     <Trackpoint>
      <Time>2026-08-04T05:00:18Z</Time>
      <Position>
       <LatitudeDegrees>45.4252044</LatitudeDegrees>
       <LongitudeDegrees>4.4066155</LongitudeDegrees>
      </Position>
      <AltitudeMeters>568</AltitudeMeters>
      <DistanceMeters>231</DistanceMeters>
      <HeartRateBpm>
       <Value>118</Value>
      </HeartRateBpm>
      <Cadence>82</Cadence>
      <Extensions>
       <Speed>10.380000</Speed>
      </Extensions>
     </Trackpoint>
     <Trackpoint>
      <Time>2026-08-04T05:00:19Z</Time>
      <Position>
       <LatitudeDegrees>45.4252184</LatitudeDegrees>
       <LongitudeDegrees>4.4065996</LongitudeDegrees>
      </Position>
      <AltitudeMeters>568</AltitudeMeters>
      <DistanceMeters>234</DistanceMeters>
      <HeartRateBpm>
       <Value>118</Value>
      </HeartRateBpm>
      <Cadence>82</Cadence>
      <Extensions>
       <Speed>10.380000</Speed>
      </Extensions>
     </Trackpoint>
     <Trackpoint>
      <Time>2026-08-04T05:00:20Z</Time>
      <Position>
       <LatitudeDegrees>45.4252325</LatitudeDegrees>
       <LongitudeDegrees>4.4065837</LongitudeDegrees>
      </Position>
      <AltitudeMeters>568</AltitudeMeters>
      <DistanceMeters>237</DistanceMeters>
      <HeartRateBpm>
       <Value>119</Value>
      </HeartRateBpm>
      <Cadence>83</Cadence>
      <Extensions>
       <Speed>10.390000</Speed>
      </Extensions>
     </Trackpoint>
     <Trackpoint>
      <Time>2026-08-04T05:00:21Z</Time>
      <Position>
       <LatitudeDegrees>45.4252757</LatitudeDegrees>
       <LongitudeDegrees>4.4065372</LongitudeDegrees>
      </Position>
      <AltitudeMeters>568</AltitudeMeters>
      <DistanceMeters>240</DistanceMeters>
      <HeartRateBpm>
       <Value>119</Value>
      </HeartRateBpm>
      <Cadence>83</Cadence>
      <Extensions>
       <Speed>10.390000</Speed>
      </Extensions>
     </Trackpoint>
     <Trackpoint>
      <Time>2026-08-04T05:00:22Z</Time>
      <Position>
       <LatitudeDegrees>45.4252901</LatitudeDegrees>
       <LongitudeDegrees>4.4065225</LongitudeDegrees>
      </Position>
      <AltitudeMeters>568</AltitudeMeters>
      <DistanceMeters>243</DistanceMeters>
      <HeartRateBpm>
       <Value>119</Value>
      </HeartRateBpm>
      <Cadence>83</Cadence>
      <Extensions>
       <Speed>10.400000</Speed>
      </Extensions>
     </Trackpoint>
     <Trackpoint>
      <Time>2026-08-04T05:00:23Z</Time>
      <Position>
       <LatitudeDegrees>45.4253046</LatitudeDegrees>
       <LongitudeDegrees>4.4065078</LongitudeDegrees>
      </Position>
      <AltitudeMeters>567</AltitudeMeters>
      <DistanceMeters>246</DistanceMeters>
      <HeartRateBpm>
       <Value>120</Value>
      </HeartRateBpm>
      <Cadence>83</Cadence>
      <Extensions>
       <Speed>10.400000</Speed>
      </Extensions>
     </Trackpoint>
     <Trackpoint>
      <Time>2026-08-04T05:00:24Z</Time>
      <Position>
       <LatitudeDegrees>45.4253191</LatitudeDegrees>
       <LongitudeDegrees>4.4064931</LongitudeDegrees>
      </Position>
      <AltitudeMeters>567</AltitudeMeters>
      <DistanceMeters>249</DistanceMeters>
      <HeartRateBpm>
       <Value>120</Value>
      </HeartRateBpm>
      <Cadence>83</Cadence>
      <Extensions>
       <Speed>10.410000</Speed>
      </Extensions>
     </Trackpoint>
     <Trackpoint>
      <Time>2026-08-04T05:00:25Z</Time>
      <Position>
       <LatitudeDegrees>45.4253606</LatitudeDegrees>
       <LongitudeDegrees>4.4064490</LongitudeDegrees>
      </Position>
      <AltitudeMeters>567</AltitudeMeters>
      <DistanceMeters>252</DistanceMeters>
      <HeartRateBpm>
       <Value>120</Value>
      </HeartRateBpm>
      <Cadence>83</Cadence>
      <Extensions>
       <Speed>10.410000</Speed>
      </Extensions>
     </Trackpoint>
     <Trackpoint>
      <Time>2026-08-04T05:00:26Z</Time>
      <Position>
       <LatitudeDegrees>45.4253745</LatitudeDegrees>
       <LongitudeDegrees>4.4064341</LongitudeDegrees>
      </Position>
      <AltitudeMeters>567</AltitudeMeters>
      <DistanceMeters>255</DistanceMeters>
      <HeartRateBpm>
       <Value>121</Value>
      </HeartRateBpm>
      <Cadence>83</Cadence>
      <Extensions>
       <Speed>10.420000</Speed>
      </Extensions>
     </Trackpoint>
     <Trackpoint>
      <Time>2026-08-04T05:00:27Z</Time>
      <Position>
       <LatitudeDegrees>45.4253884</LatitudeDegrees>
       <LongitudeDegrees>4.4064192</LongitudeDegrees>
      </Position>
      <AltitudeMeters>567</AltitudeMeters>
      <DistanceMeters>258</DistanceMeters>
      <HeartRateBpm>
       <Value>121</Value>
      </HeartRateBpm>
      <Cadence>83</Cadence>
      <Extensions>
       <Speed>10.420000</Speed>
      </Extensions>
     </Trackpoint>
     <Trackpoint>
      <Time>2026-08-04T05:00:28Z</Time>
      <Position>
       <LatitudeDegrees>45.4254023</LatitudeDegrees>
       <LongitudeDegrees>4.4064043</LongitudeDegrees>
      </Position>
      <AltitudeMeters>567</AltitudeMeters>
      <DistanceMeters>260</DistanceMeters>
      <HeartRateBpm>
       <Value>121</Value>
      </HeartRateBpm>
      <Cadence>83</Cadence>
      <Extensions>
       <Speed>10.430000</Speed>
      </Extensions>
     </Trackpoint>
     <Trackpoint>
      <Time>2026-08-04T05:00:29Z</Time>
      <Position>
       <LatitudeDegrees>45.4254426</LatitudeDegrees>
       <LongitudeDegrees>4.4063589</LongitudeDegrees>
      </Position>
      <AltitudeMeters>567</AltitudeMeters>
      <DistanceMeters>263</DistanceMeters>
      <HeartRateBpm>
       <Value>121</Value>
      </HeartRateBpm>
      <Cadence>83</Cadence>
      <Extensions>
       <Speed>10.440000</Speed>
      </Extensions>
     </Trackpoint>
     <Trackpoint>
      <Time>2026-08-04T05:00:30Z</Time>
      <Position>
       <LatitudeDegrees>45.4254557</LatitudeDegrees>
       <LongitudeDegrees>4.4063436</LongitudeDegrees>
      </Position>
      <AltitudeMeters>567</AltitudeMeters>
      <DistanceMeters>266</DistanceMeters>
      <HeartRateBpm>
       <Value>121</Value>
      </HeartRateBpm>
      <Cadence>83</Cadence>
      <Extensions>
       <Speed>10.450000</Speed>
      </Extensions>
     </Trackpoint>
     <Trackpoint>
      <Time>2026-08-04T05:00:31Z</Time>
      <Position>
       <LatitudeDegrees>45.4254689</LatitudeDegrees>
       <LongitudeDegrees>4.4063284</LongitudeDegrees>
      </Position>
      <AltitudeMeters>567</AltitudeMeters>
      <DistanceMeters>269</DistanceMeters>
      <HeartRateBpm>
       <Value>122</Value>
      </HeartRateBpm>
      <Cadence>83</Cadence>
      <Extensions>
       <Speed>10.450000</Speed>
      </Extensions>
     </Trackpoint>
     <Trackpoint>
      <Time>2026-08-04T05:00:32Z</Time>
      <Position>
       <LatitudeDegrees>45.4254821</LatitudeDegrees>
       <LongitudeDegrees>4.4063132</LongitudeDegrees>
      </Position>
      <AltitudeMeters>567</AltitudeMeters>
      <DistanceMeters>272</DistanceMeters>
      <HeartRateBpm>
       <Value>122</Value>
      </HeartRateBpm>
      <Cadence>83</Cadence>
      <Extensions>
       <Speed>10.450000</Speed>
      </Extensions>
     </Trackpoint>
     <Trackpoint>
      <Time>2026-08-04T05:00:33Z</Time>
      <Position>
       <LatitudeDegrees>45.4255218</LatitudeDegrees>
       <LongitudeDegrees>4.4062675</LongitudeDegrees>
      </Position>
      <AltitudeMeters>567</AltitudeMeters>
      <DistanceMeters>274</DistanceMeters>
      <HeartRateBpm>
       <Value>122</Value>
      </HeartRateBpm>
      <Cadence>83</Cadence>
      <Extensions>
       <Speed>10.450000</Speed>
      </Extensions>
     </Trackpoint>
     <Trackpoint>
      <Time>2026-08-04T05:00:34Z</Time>
      <Position>
       <LatitudeDegrees>45.4255351</LatitudeDegrees>
       <LongitudeDegrees>4.4062529</LongitudeDegrees>
      </Position>
      <AltitudeMeters>567</AltitudeMeters>
      <DistanceMeters>277</DistanceMeters>
      <HeartRateBpm>
       <Value>121</Value>
      </HeartRateBpm>
      <Cadence>83</Cadence>
      <Extensions>
       <Speed>10.450000</Speed>
      </Extensions>
     </Trackpoint>
     <Trackpoint>
      <Time>2026-08-04T05:00:35Z</Time>
      <Position>
       <LatitudeDegrees>45.4255484</LatitudeDegrees>
       <LongitudeDegrees>4.4062384</LongitudeDegrees>
      </Position>
      <AltitudeMeters>567</AltitudeMeters>
      <DistanceMeters>280</DistanceMeters>
      <HeartRateBpm>
       <Value>121</Value>
      </HeartRateBpm>
      <Cadence>82</Cadence>
      <Extensions>
       <Speed>10.450000</Speed>
      </Extensions>
     </Trackpoint>
     <Trackpoint>
      <Time>2026-08-04T05:00:36Z</Time>
      <Position>
       <LatitudeDegrees>45.4255617</LatitudeDegrees>
       <LongitudeDegrees>4.4062239</LongitudeDegrees>
      </Position>
      <AltitudeMeters>567</AltitudeMeters>
      <DistanceMeters>283</DistanceMeters>
      <HeartRateBpm>
       <Value>121</Value>
      </HeartRateBpm>
      <Cadence>82</Cadence>
      <Extensions>
       <Speed>10.450000</Speed>
      </Extensions>
     </Trackpoint>
     <Trackpoint>
      <Time>2026-08-04T05:00:37Z</Time>
      <Position>
       <LatitudeDegrees>45.4256017</LatitudeDegrees>
       <LongitudeDegrees>4.4061824</LongitudeDegrees>
      </Position>
      <AltitudeMeters>567</AltitudeMeters>
      <DistanceMeters>286</DistanceMeters>
      <HeartRateBpm>
       <Value>120</Value>
      </HeartRateBpm>
      <Cadence>82</Cadence>
      <Extensions>
       <Speed>10.450000</Speed>
      </Extensions>
     </Trackpoint>
     <Trackpoint>
      <Time>2026-08-04T05:00:38Z</Time>
      <Position>
       <LatitudeDegrees>45.4256151</LatitudeDegrees>
       <LongitudeDegrees>4.4061680</LongitudeDegrees>
      </Position>
      <AltitudeMeters>567</AltitudeMeters>
      <DistanceMeters>288</DistanceMeters>
      <HeartRateBpm>
       <Value>120</Value>
      </HeartRateBpm>
      <Cadence>83</Cadence>
      <Extensions>
       <Speed>10.450000</Speed>
      </Extensions>
     </Trackpoint>
     <Trackpoint>
      <Time>2026-08-04T05:00:39Z</Time>
      <Position>
       <LatitudeDegrees>45.4256286</LatitudeDegrees>
       <LongitudeDegrees>4.4061536</LongitudeDegrees>
      </Position>
      <AltitudeMeters>567</AltitudeMeters>
      <DistanceMeters>291</DistanceMeters>
      <HeartRateBpm>
       <Value>119</Value>
      </HeartRateBpm>
      <Cadence>83</Cadence>
      <Extensions>
       <Speed>10.450000</Speed>
      </Extensions>
     </Trackpoint>
     <Trackpoint>
      <Time>2026-08-04T05:00:40Z</Time>
      <Position>
       <LatitudeDegrees>45.4256421</LatitudeDegrees>
       <LongitudeDegrees>4.4061392</LongitudeDegrees>
      </Position>
      <AltitudeMeters>567</AltitudeMeters>
      <DistanceMeters>294</DistanceMeters>
      <HeartRateBpm>
       <Value>119</Value>
      </HeartRateBpm>
      <Cadence>83</Cadence>
      <Extensions>
       <Speed>10.450000</Speed>
      </Extensions>
     </Trackpoint>
     <Trackpoint>
      <Time>2026-08-04T05:00:41Z</Time>
      <Position>
       <LatitudeDegrees>45.4256828</LatitudeDegrees>
       <LongitudeDegrees>4.4060928</LongitudeDegrees>
      </Position>
      <AltitudeMeters>567</AltitudeMeters>
      <DistanceMeters>297</DistanceMeters>
      <HeartRateBpm>
       <Value>119</Value>
      </HeartRateBpm>
      <Cadence>83</Cadence>
      <Extensions>
       <Speed>10.450000</Speed>
      </Extensions>
     </Trackpoint>
     <Trackpoint>
      <Time>2026-08-04T05:00:42Z</Time>
      <Position>
       <LatitudeDegrees>45.4256958</LatitudeDegrees>
       <LongitudeDegrees>4.4060767</LongitudeDegrees>
      </Position>
      <AltitudeMeters>567</AltitudeMeters>
      <DistanceMeters>300</DistanceMeters>
      <HeartRateBpm>
       <Value>119</Value>
      </HeartRateBpm>
      <Cadence>83</Cadence>
      <Extensions>
       <Speed>10.450000</Speed>
      </Extensions>
     </Trackpoint>
     <Trackpoint>
      <Time>2026-08-04T05:00:43Z</Time>
      <Position>
       <LatitudeDegrees>45.4257088</LatitudeDegrees>
       <LongitudeDegrees>4.4060606</LongitudeDegrees>
      </Position>
      <AltitudeMeters>566</AltitudeMeters>
      <DistanceMeters>303</DistanceMeters>
      <HeartRateBpm>
       <Value>119</Value>
      </HeartRateBpm>
      <Cadence>83</Cadence>
      <Extensions>
       <Speed>10.440000</Speed>
      </Extensions>
     </Trackpoint>
     <Trackpoint>
      <Time>2026-08-04T05:00:44Z</Time>
      <Position>
       <LatitudeDegrees>45.4257218</LatitudeDegrees>
       <LongitudeDegrees>4.4060446</LongitudeDegrees>
      </Position>
      <AltitudeMeters>566</AltitudeMeters>
      <DistanceMeters>306</DistanceMeters>
      <HeartRateBpm>
       <Value>119</Value>
      </HeartRateBpm>
      <Cadence>83</Cadence>
      <Extensions>
       <Speed>10.440000</Speed>
      </Extensions>
     </Trackpoint>
     <Trackpoint>
      <Time>2026-08-04T05:00:45Z</Time>
      <Position>
       <LatitudeDegrees>45.4257604</LatitudeDegrees>
       <LongitudeDegrees>4.4059974</LongitudeDegrees>
      </Position>
      <AltitudeMeters>566</AltitudeMeters>
      <DistanceMeters>308</DistanceMeters>
      <HeartRateBpm>
       <Value>119</Value>
      </HeartRateBpm>
      <Cadence>83</Cadence>
      <Extensions>
       <Speed>10.440000</Speed>
      </Extensions>
     </Trackpoint>
     <Trackpoint>
      <Time>2026-08-04T05:00:46Z</Time>
      <Position>
       <LatitudeDegrees>45.4257734</LatitudeDegrees>
       <LongitudeDegrees>4.4059824</LongitudeDegrees>
      </Position>
      <AltitudeMeters>566</AltitudeMeters>
      <DistanceMeters>311</DistanceMeters>
      <HeartRateBpm>
       <Value>119</Value>
      </HeartRateBpm>
      <Cadence>83</Cadence>
      <Extensions>
       <Speed>10.440000</Speed>
      </Extensions>
     </Trackpoint>
     <Trackpoint>
      <Time>2026-08-04T05:00:47Z</Time>
      <Position>
       <LatitudeDegrees>45.4257864</LatitudeDegrees>
       <LongitudeDegrees>4.4059674</LongitudeDegrees>
      </Position>
      <AltitudeMeters>566</AltitudeMeters>
      <DistanceMeters>314</DistanceMeters>
      <HeartRateBpm>
       <Value>120</Value>
      </HeartRateBpm>
      <Cadence>83</Cadence>
      <Extensions>
       <Speed>10.440000</Speed>
      </Extensions>
     </Trackpoint>
     <Trackpoint>
      <Time>2026-08-04T05:00:48Z</Time>
      <Position>
       <LatitudeDegrees>45.4257994</LatitudeDegrees>
       <LongitudeDegrees>4.4059525</LongitudeDegrees>
      </Position>
      <AltitudeMeters>566</AltitudeMeters>
      <DistanceMeters>317</DistanceMeters>
      <HeartRateBpm>
       <Value>119</Value>
      </HeartRateBpm>
      <Cadence>83</Cadence>
      <Extensions>
       <Speed>10.440000</Speed>
      </Extensions>
     </Trackpoint>
     <Trackpoint>
      <Time>2026-08-04T05:00:49Z</Time>
      <Position>
       <LatitudeDegrees>45.4258396</LatitudeDegrees>
       <LongitudeDegrees>4.4059077</LongitudeDegrees>
      </Position>
      <AltitudeMeters>566</AltitudeMeters>
      <DistanceMeters>320</DistanceMeters>
      <HeartRateBpm>
       <Value>119</Value>
      </HeartRateBpm>
      <Cadence>83</Cadence>
      <Extensions>
       <Speed>10.430000</Speed>
      </Extensions>
     </Trackpoint>
     <Trackpoint>
      <Time>2026-08-04T05:00:50Z</Time>
      <Position>
       <LatitudeDegrees>45.4258525</LatitudeDegrees>
       <LongitudeDegrees>4.4058906</LongitudeDegrees>
      </Position>
      <AltitudeMeters>566</AltitudeMeters>
      <DistanceMeters>323</DistanceMeters>
      <HeartRateBpm>
       <Value>120</Value>
      </HeartRateBpm>
      <Cadence>83</Cadence>
      <Extensions>
       <Speed>10.430000</Speed>
      </Extensions>
     </Trackpoint>
     <Trackpoint>
      <Time>2026-08-04T05:00:51Z</Time>
      <Position>
       <LatitudeDegrees>45.4258655</LatitudeDegrees>
       <LongitudeDegrees>4.4058736</LongitudeDegrees>
      </Position>
      <AltitudeMeters>566</AltitudeMeters>
      <DistanceMeters>326</DistanceMeters>
      <HeartRateBpm>
       <Value>119</Value>
      </HeartRateBpm>
      <Cadence>83</Cadence>
      <Extensions>
       <Speed>10.420000</Speed>
      </Extensions>
     </Trackpoint>
     <Trackpoint>
      <Time>2026-08-04T05:00:52Z</Time>
      <Position>
       <LatitudeDegrees>45.4258785</LatitudeDegrees>
       <LongitudeDegrees>4.4058566</LongitudeDegrees>
      </Position>
      <AltitudeMeters>566</AltitudeMeters>
      <DistanceMeters>329</DistanceMeters>
      <HeartRateBpm>
       <Value>119</Value>
      </HeartRateBpm>
      <Cadence>83</Cadence>
      <Extensions>
       <Speed>10.420000</Speed>
      </Extensions>
     </Trackpoint>
     <Trackpoint>
      <Time>2026-08-04T05:00:53Z</Time>
      <Position>
       <LatitudeDegrees>45.4259152</LatitudeDegrees>
       <LongitudeDegrees>4.4058019</LongitudeDegrees>
      </Position>
      <AltitudeMeters>566</AltitudeMeters>
      <DistanceMeters>332</DistanceMeters>
      <HeartRateBpm>
       <Value>119</Value>
      </HeartRateBpm>
      <Cadence>83</Cadence>
      <Extensions>
       <Speed>10.420000</Speed>
      </Extensions>
     </Trackpoint>
     <Trackpoint>
      <Time>2026-08-04T05:00:54Z</Time>
      <Position>
       <LatitudeDegrees>45.4259278</LatitudeDegrees>
       <LongitudeDegrees>4.4057835</LongitudeDegrees>
      </Position>
      <AltitudeMeters>566</AltitudeMeters>
      <DistanceMeters>335</DistanceMeters>
      <HeartRateBpm>
       <Value>119</Value>
      </HeartRateBpm>
      <Cadence>83</Cadence>
      <Extensions>
       <Speed>10.420000</Speed>
      </Extensions>
     </Trackpoint>
     <Trackpoint>
      <Time>2026-08-04T05:00:55Z</Time>
      <Position>
       <LatitudeDegrees>45.4259404</LatitudeDegrees>
       <LongitudeDegrees>4.4057651</LongitudeDegrees>
      </Position>
      <AltitudeMeters>566</AltitudeMeters>
      <DistanceMeters>338</DistanceMeters>
      <HeartRateBpm>
       <Value>120</Value>
      </HeartRateBpm>
      <Cadence>83</Cadence>
      <Extensions>
       <Speed>10.420000</Speed>
      </Extensions>
     </Trackpoint>
     <Trackpoint>
      <Time>2026-08-04T05:00:56Z</Time>
      <Position>
       <LatitudeDegrees>45.4259530</LatitudeDegrees>
       <LongitudeDegrees>4.4057468</LongitudeDegrees>
      </Position>
      <AltitudeMeters>566</AltitudeMeters>
      <DistanceMeters>341</DistanceMeters>
      <HeartRateBpm>
       <Value>120</Value>
      </HeartRateBpm>
      <Cadence>83</Cadence>
      <Extensions>
       <Speed>10.420000</Speed>
      </Extensions>
     </Trackpoint>
     <Trackpoint>
      <Time>2026-08-04T05:00:57Z</Time>
      <Position>
       <LatitudeDegrees>45.4259932</LatitudeDegrees>
       <LongitudeDegrees>4.4056942</LongitudeDegrees>
      </Position>
      <AltitudeMeters>566</AltitudeMeters>
      <DistanceMeters>344</DistanceMeters>
      <HeartRateBpm>
       <Value>120</Value>
      </HeartRateBpm>
      <Cadence>83</Cadence>
      <Extensions>
       <Speed>10.420000</Speed>
      </Extensions>
     </Trackpoint>
     <Trackpoint>
      <Time>2026-08-04T05:00:58Z</Time>
      <Position>
       <LatitudeDegrees>45.4260066</LatitudeDegrees>
       <LongitudeDegrees>4.4056766</LongitudeDegrees>
      </Position>
      <AltitudeMeters>566</AltitudeMeters>
      <DistanceMeters>347</DistanceMeters>
      <HeartRateBpm>
       <Value>120</Value>
      </HeartRateBpm>
      <Cadence>83</Cadence>
      <Extensions>
       <Speed>10.430000</Speed>
      </Extensions>
     </Trackpoint>
     <Trackpoint>
      <Time>2026-08-04T05:00:59Z</Time>
      <Position>
       <LatitudeDegrees>45.4260200</LatitudeDegrees>
       <LongitudeDegrees>4.4056590</LongitudeDegrees>
      </Position>
      <AltitudeMeters>566</AltitudeMeters>
      <DistanceMeters>350</DistanceMeters>
      <HeartRateBpm>
       <Value>120</Value>
      </HeartRateBpm>
      <Cadence>83</Cadence>
      <Extensions>
       <Speed>10.430000</Speed>
      </Extensions>
     </Trackpoint>
     <Trackpoint>
      <Time>2026-08-04T05:01:00Z</Time>
      <Position>
       <LatitudeDegrees>45.4260335</LatitudeDegrees>
       <LongitudeDegrees>4.4056415</LongitudeDegrees>
      </Position>
      <AltitudeMeters>566</AltitudeMeters>
      <DistanceMeters>353</DistanceMeters>
      <HeartRateBpm>
       <Value>120</Value>
      </HeartRateBpm>
      <Cadence>83</Cadence>
      <Extensions>
       <Speed>10.440000</Speed>
      </Extensions>
     </Trackpoint>
     <Trackpoint>
      <Time>2026-08-04T05:01:01Z</Time>
      <Position>
       <LatitudeDegrees>45.4260715</LatitudeDegrees>
       <LongitudeDegrees>4.4055863</LongitudeDegrees>
      </Position>
      <AltitudeMeters>566</AltitudeMeters>
      <DistanceMeters>356</DistanceMeters>
      <HeartRateBpm>
       <Value>120</Value>
      </HeartRateBpm>
      <Cadence>82</Cadence>
      <Extensions>
       <Speed>10.450000</Speed>
      </Extensions>
     </Trackpoint>
     <Trackpoint>
      <Time>2026-08-04T05:01:02Z</Time>
      <Position>
       <LatitudeDegrees>45.4260834</LatitudeDegrees>
       <LongitudeDegrees>4.4055680</LongitudeDegrees>
      </Position>
      <AltitudeMeters>566</AltitudeMeters>
      <DistanceMeters>359</DistanceMeters>
      <HeartRateBpm>
       <Value>121</Value>
      </HeartRateBpm>
      <Cadence>82</Cadence>
      <Extensions>
       <Speed>10.470000</Speed>
      </Extensions>
     </Trackpoint>
     <Trackpoint>
      <Time>2026-08-04T05:01:03Z</Time>
      <Position>
       <LatitudeDegrees>45.4260954</LatitudeDegrees>
       <LongitudeDegrees>4.4055497</LongitudeDegrees>
      </Position>
      <AltitudeMeters>565</AltitudeMeters>
      <DistanceMeters>362</DistanceMeters>
      <HeartRateBpm>
       <Value>122</Value>
      </HeartRateBpm>
      <Cadence>82</Cadence>
      <Extensions>
       <Speed>10.480000</Speed>
      </Extensions>
     </Trackpoint>
     <Trackpoint>
      <Time>2026-08-04T05:01:04Z</Time>
      <Position>
       <LatitudeDegrees>45.4261074</LatitudeDegrees>
       <LongitudeDegrees>4.4055314</LongitudeDegrees>
      </Position>
      <AltitudeMeters>565</AltitudeMeters>
      <DistanceMeters>365</DistanceMeters>
      <HeartRateBpm>
       <Value>123</Value>
      </HeartRateBpm>
      <Cadence>83</Cadence>
      <Extensions>
       <Speed>10.490000</Speed>
      </Extensions>
     </Trackpoint>
     <Trackpoint>
      <Time>2026-08-04T05:01:05Z</Time>
      <Position>
       <LatitudeDegrees>45.4261419</LatitudeDegrees>
       <LongitudeDegrees>4.4054757</LongitudeDegrees>
      </Position>
      <AltitudeMeters>565</AltitudeMeters>
      <DistanceMeters>368</DistanceMeters>
      <HeartRateBpm>
       <Value>123</Value>
      </HeartRateBpm>
      <Cadence>83</Cadence>
      <Extensions>
       <Speed>10.500000</Speed>
      </Extensions>
     </Trackpoint>
     <Trackpoint>
      <Time>2026-08-04T05:01:06Z</Time>
      <Position>
       <LatitudeDegrees>45.4261532</LatitudeDegrees>
       <LongitudeDegrees>4.4054573</LongitudeDegrees>
      </Position>
      <AltitudeMeters>565</AltitudeMeters>
      <DistanceMeters>370</DistanceMeters>
      <HeartRateBpm>
       <Value>123</Value>
      </HeartRateBpm>
      <Cadence>83</Cadence>
      <Extensions>
       <Speed>10.510000</Speed>
      </Extensions>
     </Trackpoint>
     <Trackpoint>
      <Time>2026-08-04T05:01:07Z</Time>
      <Position>
       <LatitudeDegrees>45.4261645</LatitudeDegrees>
       <LongitudeDegrees>4.4054389</LongitudeDegrees>
      </Position>
      <AltitudeMeters>565</AltitudeMeters>
      <DistanceMeters>373</DistanceMeters>
      <HeartRateBpm>
       <Value>123</Value>
      </HeartRateBpm>
      <Cadence>83</Cadence>
      <Extensions>
       <Speed>10.510000</Speed>
      </Extensions>
     </Trackpoint>
     <Trackpoint>
      <Time>2026-08-04T05:01:08Z</Time>
      <Position>
       <LatitudeDegrees>45.4261759</LatitudeDegrees>
       <LongitudeDegrees>4.4054205</LongitudeDegrees>
      </Position>
      <AltitudeMeters>565</AltitudeMeters>
      <DistanceMeters>376</DistanceMeters>
      <HeartRateBpm>
       <Value>123</Value>
      </HeartRateBpm>
      <Cadence>83</Cadence>
      <Extensions>
       <Speed>10.520000</Speed>
      </Extensions>
     </Trackpoint>
     <Trackpoint>
      <Time>2026-08-04T05:01:09Z</Time>
      <Position>
       <LatitudeDegrees>45.4262092</LatitudeDegrees>
       <LongitudeDegrees>4.4053655</LongitudeDegrees>
      </Position>
      <AltitudeMeters>565</AltitudeMeters>
      <DistanceMeters>379</DistanceMeters>
      <HeartRateBpm>
       <Value>123</Value>
      </HeartRateBpm>
      <Cadence>83</Cadence>
      <Extensions>
       <Speed>10.520000</Speed>
      </Extensions>
     </Trackpoint>
     <Trackpoint>
      <Time>2026-08-04T05:01:10Z</Time>
      <Position>
       <LatitudeDegrees>45.4262205</LatitudeDegrees>
       <LongitudeDegrees>4.4053475</LongitudeDegrees>
      </Position>
      <AltitudeMeters>565</AltitudeMeters>
      <DistanceMeters>382</DistanceMeters>
      <HeartRateBpm>
       <Value>122</Value>
      </HeartRateBpm>
      <Cadence>83</Cadence>
      <Extensions>
       <Speed>10.520000</Speed>
      </Extensions>
     </Trackpoint>
     <Trackpoint>
      <Time>2026-08-04T05:01:11Z</Time>
      <Position>
       <LatitudeDegrees>45.4262318</LatitudeDegrees>
       <LongitudeDegrees>4.4053295</LongitudeDegrees>
      </Position>
      <AltitudeMeters>565</AltitudeMeters>
      <DistanceMeters>384</DistanceMeters>
      <HeartRateBpm>
       <Value>122</Value>
      </HeartRateBpm>
      <Cadence>83</Cadence>
      <Extensions>
       <Speed>10.520000</Speed>
      </Extensions>
     </Trackpoint>
     <Trackpoint>
      <Time>2026-08-04T05:01:12Z</Time>
      <Position>
       <LatitudeDegrees>45.4262431</LatitudeDegrees>
       <LongitudeDegrees>4.4053115</LongitudeDegrees>
      </Position>
      <AltitudeMeters>565</AltitudeMeters>
      <DistanceMeters>387</DistanceMeters>
      <HeartRateBpm>
       <Value>123</Value>
      </HeartRateBpm>
      <Cadence>83</Cadence>
      <Extensions>
       <Speed>10.520000</Speed>
      </Extensions>
     </Trackpoint>
     <Trackpoint>
      <Time>2026-08-04T05:01:13Z</Time>
      <Position>
       <LatitudeDegrees>45.4262762</LatitudeDegrees>
       <LongitudeDegrees>4.4052564</LongitudeDegrees>
      </Position>
      <AltitudeMeters>565</AltitudeMeters>
      <DistanceMeters>390</DistanceMeters>
      <HeartRateBpm>
       <Value>123</Value>
      </HeartRateBpm>
      <Cadence>82</Cadence>
      <Extensions>
       <Speed>10.510000</Speed>
      </Extensions>
     </Trackpoint>
     <Trackpoint>
      <Time>2026-08-04T05:01:14Z</Time>
      <Position>
       <LatitudeDegrees>45.4262871</LatitudeDegrees>
       <LongitudeDegrees>4.4052378</LongitudeDegrees>
      </Position>
      <AltitudeMeters>565</AltitudeMeters>
      <DistanceMeters>393</DistanceMeters>
      <HeartRateBpm>
       <Value>123</Value>
      </HeartRateBpm>
      <Cadence>82</Cadence>
      <Extensions>
       <Speed>10.510000</Speed>
      </Extensions>
     </Trackpoint>
     <Trackpoint>
      <Time>2026-08-04T05:01:15Z</Time>
      <Position>
       <LatitudeDegrees>45.4262980</LatitudeDegrees>
       <LongitudeDegrees>4.4052193</LongitudeDegrees>
      </Position>
      <AltitudeMeters>565</AltitudeMeters>
      <DistanceMeters>396</DistanceMeters>
      <HeartRateBpm>
       <Value>123</Value>
      </HeartRateBpm>
      <Cadence>82</Cadence>
      <Extensions>
       <Speed>10.500000</Speed>
      </Extensions>
     </Trackpoint>
     <Trackpoint>
      <Time>2026-08-04T05:01:16Z</Time>
      <Position>
       <LatitudeDegrees>45.4263089</LatitudeDegrees>
       <LongitudeDegrees>4.4052008</LongitudeDegrees>
      </Position>
      <AltitudeMeters>565</AltitudeMeters>
      <DistanceMeters>399</DistanceMeters>
      <HeartRateBpm>
       <Value>123</Value>
      </HeartRateBpm>
      <Cadence>83</Cadence>
      <Extensions>
       <Speed>10.500000</Speed>
      </Extensions>
     </Trackpoint>
     <Trackpoint>
      <Time>2026-08-04T05:01:17Z</Time>
      <Position>
       <LatitudeDegrees>45.4263409</LatitudeDegrees>
       <LongitudeDegrees>4.4051457</LongitudeDegrees>
      </Position>
      <AltitudeMeters>565</AltitudeMeters>
      <DistanceMeters>402</DistanceMeters>
      <HeartRateBpm>
       <Value>123</Value>
      </HeartRateBpm>
      <Cadence>82</Cadence>
      <Extensions>
       <Speed>10.490000</Speed>
      </Extensions>
     </Trackpoint>
     <Trackpoint>
      <Time>2026-08-04T05:01:18Z</Time>
      <Position>
       <LatitudeDegrees>45.4263514</LatitudeDegrees>
       <LongitudeDegrees>4.4051272</LongitudeDegrees>
      </Position>
      <AltitudeMeters>565</AltitudeMeters>
      <DistanceMeters>404</DistanceMeters>
      <HeartRateBpm>
       <Value>124</Value>
      </HeartRateBpm>
      <Cadence>82</Cadence>
      <Extensions>
       <Speed>10.490000</Speed>
      </Extensions>
     </Trackpoint>
     <Trackpoint>
      <Time>2026-08-04T05:01:19Z</Time>
      <Position>
       <LatitudeDegrees>45.4263619</LatitudeDegrees>
       <LongitudeDegrees>4.4051087</LongitudeDegrees>
      </Position>
      <AltitudeMeters>564</AltitudeMeters>
      <DistanceMeters>407</DistanceMeters>
      <HeartRateBpm>
       <Value>124</Value>
      </HeartRateBpm>
      <Cadence>82</Cadence>
      <Extensions>
       <Speed>10.490000</Speed>
      </Extensions>
     </Trackpoint>
     <Trackpoint>
      <Time>2026-08-04T05:01:20Z</Time>
      <Position>
       <LatitudeDegrees>45.4263725</LatitudeDegrees>
       <LongitudeDegrees>4.4050902</LongitudeDegrees>
      </Position>
      <AltitudeMeters>564</AltitudeMeters>
      <DistanceMeters>410</DistanceMeters>
      <HeartRateBpm>
       <Value>124</Value>
      </HeartRateBpm>
      <Cadence>82</Cadence>
      <Extensions>
       <Speed>10.490000</Speed>
      </Extensions>
     </Trackpoint>
     <Trackpoint>
      <Time>2026-08-04T05:01:21Z</Time>
      <Position>
       <LatitudeDegrees>45.4264047</LatitudeDegrees>
       <LongitudeDegrees>4.4050326</LongitudeDegrees>
      </Position>
      <AltitudeMeters>564</AltitudeMeters>
      <DistanceMeters>413</DistanceMeters>
      <HeartRateBpm>
       <Value>125</Value>
      </HeartRateBpm>
      <Cadence>82</Cadence>
      <Extensions>
       <Speed>10.480000</Speed>
      </Extensions>
     </Trackpoint>
     <Trackpoint>
      <Time>2026-08-04T05:01:22Z</Time>
      <Position>
       <LatitudeDegrees>45.4264153</LatitudeDegrees>
       <LongitudeDegrees>4.4050131</LongitudeDegrees>
      </Position>
      <AltitudeMeters>564</AltitudeMeters>
      <DistanceMeters>416</DistanceMeters>
      <HeartRateBpm>
       <Value>125</Value>
      </HeartRateBpm>
      <Cadence>83</Cadence>
      <Extensions>
       <Speed>10.480000</Speed>
      </Extensions>
     </Trackpoint>
     <Trackpoint>
      <Time>2026-08-04T05:01:23Z</Time>
      <Position>
       <LatitudeDegrees>45.4264259</LatitudeDegrees>
       <LongitudeDegrees>4.4049937</LongitudeDegrees>
      </Position>
      <AltitudeMeters>564</AltitudeMeters>
      <DistanceMeters>418</DistanceMeters>
      <HeartRateBpm>
       <Value>125</Value>
      </HeartRateBpm>
      <Cadence>83</Cadence>
      <Extensions>
       <Speed>10.480000</Speed>
      </Extensions>
     </Trackpoint>
     <Trackpoint>
      <Time>2026-08-04T05:01:24Z</Time>
      <Position>
       <LatitudeDegrees>45.4264365</LatitudeDegrees>
       <LongitudeDegrees>4.4049743</LongitudeDegrees>
      </Position>
      <AltitudeMeters>564</AltitudeMeters>
      <DistanceMeters>421</DistanceMeters>
      <HeartRateBpm>
       <Value>125</Value>
      </HeartRateBpm>
      <Cadence>83</Cadence>
      <Extensions>
       <Speed>10.480000</Speed>
      </Extensions>
     </Trackpoint>
     <Trackpoint>
      <Time>2026-08-04T05:01:25Z</Time>
      <Position>
       <LatitudeDegrees>45.4264683</LatitudeDegrees>
       <LongitudeDegrees>4.4049162</LongitudeDegrees>
      </Position>
      <AltitudeMeters>564</AltitudeMeters>
      <DistanceMeters>424</DistanceMeters>
      <HeartRateBpm>
       <Value>124</Value>
      </HeartRateBpm>
      <Cadence>83</Cadence>
      <Extensions>
       <Speed>10.470000</Speed>
      </Extensions>
     </Trackpoint>
     <Trackpoint>
      <Time>2026-08-04T05:01:26Z</Time>
      <Position>
       <LatitudeDegrees>45.4264786</LatitudeDegrees>
       <LongitudeDegrees>4.4048959</LongitudeDegrees>
      </Position>
      <AltitudeMeters>564</AltitudeMeters>
      <DistanceMeters>427</DistanceMeters>
      <HeartRateBpm>
       <Value>124</Value>
      </HeartRateBpm>
      <Cadence>83</Cadence>
      <Extensions>
       <Speed>10.470000</Speed>
      </Extensions>
     </Trackpoint>
     <Trackpoint>
      <Time>2026-08-04T05:01:27Z</Time>
      <Position>
       <LatitudeDegrees>45.4264890</LatitudeDegrees>
       <LongitudeDegrees>4.4048757</LongitudeDegrees>
      </Position>
      <AltitudeMeters>564</AltitudeMeters>
      <DistanceMeters>430</DistanceMeters>
      <HeartRateBpm>
       <Value>125</Value>
      </HeartRateBpm>
      <Cadence>83</Cadence>
      <Extensions>
       <Speed>10.470000</Speed>
      </Extensions>
     </Trackpoint>
     <Trackpoint>
      <Time>2026-08-04T05:01:28Z</Time>
      <Position>
       <LatitudeDegrees>45.4264994</LatitudeDegrees>
       <LongitudeDegrees>4.4048555</LongitudeDegrees>
      </Position>
      <AltitudeMeters>564</AltitudeMeters>
      <DistanceMeters>433</DistanceMeters>
      <HeartRateBpm>
       <Value>126</Value>
      </HeartRateBpm>
      <Cadence>83</Cadence>
      <Extensions>
       <Speed>10.470000</Speed>
      </Extensions>
     </Trackpoint>
     <Trackpoint>
      <Time>2026-08-04T05:01:29Z</Time>
      <Position>
       <LatitudeDegrees>45.4265287</LatitudeDegrees>
       <LongitudeDegrees>4.4047929</LongitudeDegrees>
      </Position>
      <AltitudeMeters>564</AltitudeMeters>
      <DistanceMeters>436</DistanceMeters>
      <HeartRateBpm>
       <Value>126</Value>
      </HeartRateBpm>
      <Cadence>83</Cadence>
      <Extensions>
       <Speed>10.460000</Speed>
      </Extensions>
     </Trackpoint>
     <Trackpoint>
      <Time>2026-08-04T05:01:30Z</Time>
      <Position>
       <LatitudeDegrees>45.4265382</LatitudeDegrees>
       <LongitudeDegrees>4.4047722</LongitudeDegrees>
      </Position>
      <AltitudeMeters>564</AltitudeMeters>
      <DistanceMeters>439</DistanceMeters>
      <HeartRateBpm>
       <Value>127</Value>
      </HeartRateBpm>
      <Cadence>83</Cadence>
      <Extensions>
       <Speed>10.460000</Speed>
      </Extensions>
     </Trackpoint>
     <Trackpoint>
      <Time>2026-08-04T05:01:31Z</Time>
      <Position>
       <LatitudeDegrees>45.4265478</LatitudeDegrees>
       <LongitudeDegrees>4.4047516</LongitudeDegrees>
      </Position>
      <AltitudeMeters>564</AltitudeMeters>
      <DistanceMeters>442</DistanceMeters>
      <HeartRateBpm>
       <Value>127</Value>
      </HeartRateBpm>
      <Cadence>83</Cadence>
      <Extensions>
       <Speed>10.460000</Speed>
      </Extensions>
     </Trackpoint>
     <Trackpoint>
      <Time>2026-08-04T05:01:32Z</Time>
      <Position>
       <LatitudeDegrees>45.4265574</LatitudeDegrees>
       <LongitudeDegrees>4.4047310</LongitudeDegrees>
      </Position>
      <AltitudeMeters>564</AltitudeMeters>
      <DistanceMeters>445</DistanceMeters>
      <HeartRateBpm>
       <Value>127</Value>
      </HeartRateBpm>
      <Cadence>83</Cadence>
      <Extensions>
       <Speed>10.460000</Speed>
      </Extensions>
     </Trackpoint>
     <Trackpoint>
      <Time>2026-08-04T05:01:33Z</Time>
      <Position>
       <LatitudeDegrees>45.4265856</LatitudeDegrees>
       <LongitudeDegrees>4.4046702</LongitudeDegrees>
      </Position>
      <AltitudeMeters>564</AltitudeMeters>
      <DistanceMeters>448</DistanceMeters>
      <HeartRateBpm>
       <Value>127</Value>
      </HeartRateBpm>
      <Cadence>83</Cadence>
      <Extensions>
       <Speed>10.450000</Speed>
      </Extensions>
     </Trackpoint>
     <Trackpoint>
      <Time>2026-08-04T05:01:34Z</Time>
      <Position>
       <LatitudeDegrees>45.4265942</LatitudeDegrees>
       <LongitudeDegrees>4.4046500</LongitudeDegrees>
      </Position>
      <AltitudeMeters>564</AltitudeMeters>
      <DistanceMeters>450</DistanceMeters>
      <HeartRateBpm>
       <Value>126</Value>
      </HeartRateBpm>
      <Cadence>83</Cadence>
      <Extensions>
       <Speed>10.450000</Speed>
      </Extensions>
     </Trackpoint>
     <Trackpoint>
      <Time>2026-08-04T05:01:35Z</Time>
      <Position>
       <LatitudeDegrees>45.4266028</LatitudeDegrees>
       <LongitudeDegrees>4.4046298</LongitudeDegrees>
      </Position>
      <AltitudeMeters>563</AltitudeMeters>
      <DistanceMeters>453</DistanceMeters>
      <HeartRateBpm>
       <Value>125</Value>
      </HeartRateBpm>
      <Cadence>83</Cadence>
      <Extensions>
       <Speed>10.450000</Speed>
      </Extensions>
     </Trackpoint>
     <Trackpoint>
      <Time>2026-08-04T05:01:36Z</Time>
      <Position>
       <LatitudeDegrees>45.4266115</LatitudeDegrees>
       <LongitudeDegrees>4.4046097</LongitudeDegrees>
      </Position>
      <AltitudeMeters>563</AltitudeMeters>
      <DistanceMeters>456</DistanceMeters>
      <HeartRateBpm>
       <Value>125</Value>
      </HeartRateBpm>
      <Cadence>83</Cadence>
      <Extensions>
       <Speed>10.450000</Speed>
      </Extensions>
     </Trackpoint>
     <Trackpoint>
      <Time>2026-08-04T05:01:37Z</Time>
      <Position>
       <LatitudeDegrees>45.4266372</LatitudeDegrees>
       <LongitudeDegrees>4.4045479</LongitudeDegrees>
      </Position>
      <AltitudeMeters>563</AltitudeMeters>
      <DistanceMeters>459</DistanceMeters>
      <HeartRateBpm>
       <Value>124</Value>
      </HeartRateBpm>
      <Cadence>82</Cadence>
      <Extensions>
       <Speed>10.440000</Speed>
      </Extensions>
     </Trackpoint>
     <Trackpoint>
      <Time>2026-08-04T05:01:38Z</Time>
      <Position>
       <LatitudeDegrees>45.4266461</LatitudeDegrees>
       <LongitudeDegrees>4.4045264</LongitudeDegrees>
      </Position>
      <AltitudeMeters>563</AltitudeMeters>
      <DistanceMeters>462</DistanceMeters>
      <HeartRateBpm>
       <Value>124</Value>
      </HeartRateBpm>
      <Cadence>82</Cadence>
      <Extensions>
       <Speed>10.440000</Speed>
      </Extensions>
     </Trackpoint>
     <Trackpoint>
      <Time>2026-08-04T05:01:39Z</Time>
      <Position>
       <LatitudeDegrees>45.4266550</LatitudeDegrees>
       <LongitudeDegrees>4.4045049</LongitudeDegrees>
      </Position>
      <AltitudeMeters>563</AltitudeMeters>
      <DistanceMeters>465</DistanceMeters>
      <HeartRateBpm>
       <Value>125</Value>
      </HeartRateBpm>
      <Cadence>82</Cadence>
      <Extensions>
       <Speed>10.430000</Speed>
      </Extensions>
     </Trackpoint>
     <Trackpoint>
      <Time>2026-08-04T05:01:40Z</Time>
      <Position>
       <LatitudeDegrees>45.4266639</LatitudeDegrees>
       <LongitudeDegrees>4.4044835</LongitudeDegrees>
      </Position>
      <AltitudeMeters>563</AltitudeMeters>
      <DistanceMeters>468</DistanceMeters>
      <HeartRateBpm>
       <Value>125</Value>
      </HeartRateBpm>
      <Cadence>82</Cadence>
      <Extensions>
       <Speed>10.430000</Speed>
      </Extensions>
     </Trackpoint>
     <Trackpoint>
      <Time>2026-08-04T05:01:41Z</Time>
      <Position>
       <LatitudeDegrees>45.4266911</LatitudeDegrees>
       <LongitudeDegrees>4.4044177</LongitudeDegrees>
      </Position>
      <AltitudeMeters>563</AltitudeMeters>
      <DistanceMeters>471</DistanceMeters>
      <HeartRateBpm>
       <Value>125</Value>
      </HeartRateBpm>
      <Cadence>82</Cadence>
      <Extensions>
       <Speed>10.420000</Speed>
      </Extensions>
     </Trackpoint>
     <Trackpoint>
      <Time>2026-08-04T05:01:42Z</Time>
      <Position>
       <LatitudeDegrees>45.4266996</LatitudeDegrees>
       <LongitudeDegrees>4.4043949</LongitudeDegrees>
      </Position>
      <AltitudeMeters>563</AltitudeMeters>
      <DistanceMeters>474</DistanceMeters>
      <HeartRateBpm>
       <Value>126</Value>
      </HeartRateBpm>
      <Cadence>82</Cadence>
      <Extensions>
       <Speed>10.420000</Speed>
      </Extensions>
     </Trackpoint>
     <Trackpoint>
      <Time>2026-08-04T05:01:43Z</Time>
      <Position>
       <LatitudeDegrees>45.4267081</LatitudeDegrees>
       <LongitudeDegrees>4.4043721</LongitudeDegrees>
      </Position>
      <AltitudeMeters>563</AltitudeMeters>
      <DistanceMeters>477</DistanceMeters>
      <HeartRateBpm>
       <Value>126</Value>
      </HeartRateBpm>
      <Cadence>82</Cadence>
      <Extensions>
       <Speed>10.420000</Speed>
      </Extensions>
     </Trackpoint>
     <Trackpoint>
      <Time>2026-08-04T05:01:44Z</Time>
      <Position>
       <LatitudeDegrees>45.4267166</LatitudeDegrees>
       <LongitudeDegrees>4.4043493</LongitudeDegrees>
      </Position>
      <AltitudeMeters>563</AltitudeMeters>
      <DistanceMeters>480</DistanceMeters>
      <HeartRateBpm>
       <Value>126</Value>
      </HeartRateBpm>
      <Cadence>82</Cadence>
      <Extensions>
       <Speed>10.430000</Speed>
      </Extensions>
     </Trackpoint>
     <Trackpoint>
      <Time>2026-08-04T05:01:45Z</Time>
      <Position>
       <LatitudeDegrees>45.4267381</LatitudeDegrees>
       <LongitudeDegrees>4.4042786</LongitudeDegrees>
      </Position>
      <AltitudeMeters>563</AltitudeMeters>
      <DistanceMeters>483</DistanceMeters>
      <HeartRateBpm>
       <Value>126</Value>
      </HeartRateBpm>
      <Cadence>82</Cadence>
      <Extensions>
       <Speed>10.440000</Speed>
      </Extensions>
     </Trackpoint>
     <Trackpoint>
      <Time>2026-08-04T05:01:46Z</Time>
      <Position>
       <LatitudeDegrees>45.4267436</LatitudeDegrees>
       <LongitudeDegrees>4.4042554</LongitudeDegrees>
      </Position>
      <AltitudeMeters>563</AltitudeMeters>
      <DistanceMeters>486</DistanceMeters>
      <HeartRateBpm>
       <Value>127</Value>
      </HeartRateBpm>
      <Cadence>82</Cadence>
      <Extensions>
       <Speed>10.450000</Speed>
      </Extensions>
     </Trackpoint>
     <Trackpoint>
      <Time>2026-08-04T05:01:47Z</Time>
      <Position>
       <LatitudeDegrees>45.4267491</LatitudeDegrees>
       <LongitudeDegrees>4.4042322</LongitudeDegrees>
      </Position>
      <AltitudeMeters>563</AltitudeMeters>
      <DistanceMeters>488</DistanceMeters>
      <HeartRateBpm>
       <Value>127</Value>
      </HeartRateBpm>
      <Cadence>82</Cadence>
      <Extensions>
       <Speed>10.450000</Speed>
      </Extensions>
     </Trackpoint>
     <Trackpoint>
      <Time>2026-08-04T05:01:48Z</Time>
      <Position>
       <LatitudeDegrees>45.4267547</LatitudeDegrees>
       <LongitudeDegrees>4.4042091</LongitudeDegrees>
      </Position>
      <AltitudeMeters>563</AltitudeMeters>
      <DistanceMeters>491</DistanceMeters>
      <HeartRateBpm>
       <Value>127</Value>
      </HeartRateBpm>
      <Cadence>82</Cadence>
      <Extensions>
       <Speed>10.460000</Speed>
      </Extensions>
     </Trackpoint>
     <Trackpoint>
      <Time>2026-08-04T05:01:49Z</Time>
      <Position>
       <LatitudeDegrees>45.4267709</LatitudeDegrees>
       <LongitudeDegrees>4.4041388</LongitudeDegrees>
      </Position>
      <AltitudeMeters>563</AltitudeMeters>
      <DistanceMeters>494</DistanceMeters>
      <HeartRateBpm>
       <Value>127</Value>
      </HeartRateBpm>
      <Cadence>82</Cadence>
      <Extensions>
       <Speed>10.460000</Speed>
      </Extensions>
     </Trackpoint>
     <Trackpoint>
      <Time>2026-08-04T05:01:50Z</Time>
      <Position>
       <LatitudeDegrees>45.4267768</LatitudeDegrees>
       <LongitudeDegrees>4.4041160</LongitudeDegrees>
      </Position>
      <AltitudeMeters>563</AltitudeMeters>
      <DistanceMeters>497</DistanceMeters>
      <HeartRateBpm>
       <Value>128</Value>
      </HeartRateBpm>
      <Cadence>82</Cadence>
      <Extensions>
       <Speed>10.470000</Speed>
      </Extensions>
     </Trackpoint>
     <Trackpoint>
      <Time>2026-08-04T05:01:51Z</Time>
      <Position>
       <LatitudeDegrees>45.4267828</LatitudeDegrees>
       <LongitudeDegrees>4.4040933</LongitudeDegrees>
      </Position>
      <AltitudeMeters>562</AltitudeMeters>
      <DistanceMeters>500</DistanceMeters>
      <HeartRateBpm>
       <Value>128</Value>
      </HeartRateBpm>
      <Cadence>82</Cadence>
      <Extensions>
       <Speed>10.470000</Speed>
      </Extensions>
     </Trackpoint>
     <Trackpoint>
      <Time>2026-08-04T05:01:52Z</Time>
      <Position>
       <LatitudeDegrees>45.4267888</LatitudeDegrees>
       <LongitudeDegrees>4.4040706</LongitudeDegrees>
      </Position>
      <AltitudeMeters>562</AltitudeMeters>
      <DistanceMeters>502</DistanceMeters>
      <HeartRateBpm>
       <Value>129</Value>
      </HeartRateBpm>
      <Cadence>83</Cadence>
      <Extensions>
       <Speed>10.470000</Speed>
      </Extensions>
     </Trackpoint>
     <Trackpoint>
      <Time>2026-08-04T05:01:53Z</Time>
      <Position>
       <LatitudeDegrees>45.4268073</LatitudeDegrees>
       <LongitudeDegrees>4.4040047</LongitudeDegrees>
      </Position>
      <AltitudeMeters>562</AltitudeMeters>
      <DistanceMeters>505</DistanceMeters>
      <HeartRateBpm>
       <Value>129</Value>
      </HeartRateBpm>
      <Cadence>82</Cadence>
      <Extensions>
       <Speed>10.470000</Speed>
      </Extensions>
     </Trackpoint>
     <Trackpoint>
      <Time>2026-08-04T05:01:54Z</Time>
      <Position>
       <LatitudeDegrees>45.4268136</LatitudeDegrees>
       <LongitudeDegrees>4.4039831</LongitudeDegrees>
      </Position>
      <AltitudeMeters>562</AltitudeMeters>
      <DistanceMeters>508</DistanceMeters>
      <HeartRateBpm>
       <Value>129</Value>
      </HeartRateBpm>
      <Cadence>82</Cadence>
      <Extensions>
       <Speed>10.470000</Speed>
      </Extensions>
     </Trackpoint>
     <Trackpoint>
      <Time>2026-08-04T05:01:55Z</Time>
      <Position>
       <LatitudeDegrees>45.4268199</LatitudeDegrees>
       <LongitudeDegrees>4.4039615</LongitudeDegrees>
      </Position>
      <AltitudeMeters>562</AltitudeMeters>
      <DistanceMeters>511</DistanceMeters>
      <HeartRateBpm>
       <Value>129</Value>
      </HeartRateBpm>
      <Cadence>82</Cadence>
      <Extensions>
       <Speed>10.460000</Speed>
      </Extensions>
     </Trackpoint>
     <Trackpoint>
      <Time>2026-08-04T05:01:56Z</Time>
      <Position>
       <LatitudeDegrees>45.4268263</LatitudeDegrees>
       <LongitudeDegrees>4.4039399</LongitudeDegrees>
      </Position>
      <AltitudeMeters>562</AltitudeMeters>
      <DistanceMeters>514</DistanceMeters>
      <HeartRateBpm>
       <Value>129</Value>
      </HeartRateBpm>
      <Cadence>82</Cadence>
      <Extensions>
       <Speed>10.460000</Speed>
      </Extensions>
     </Trackpoint>
     <Trackpoint>
      <Time>2026-08-04T05:01:57Z</Time>
      <Position>
       <LatitudeDegrees>45.4268449</LatitudeDegrees>
       <LongitudeDegrees>4.4038739</LongitudeDegrees>
      </Position>
      <AltitudeMeters>562</AltitudeMeters>
      <DistanceMeters>516</DistanceMeters>
      <HeartRateBpm>
       <Value>129</Value>
      </HeartRateBpm>
      <Cadence>82</Cadence>
      <Extensions>
       <Speed>10.450000</Speed>
      </Extensions>
     </Trackpoint>
     <Trackpoint>
      <Time>2026-08-04T05:01:58Z</Time>
      <Position>
       <LatitudeDegrees>45.4268512</LatitudeDegrees>
       <LongitudeDegrees>4.4038513</LongitudeDegrees>
      </Position>
      <AltitudeMeters>562</AltitudeMeters>
      <DistanceMeters>519</DistanceMeters>
      <HeartRateBpm>
       <Value>129</Value>
      </HeartRateBpm>
      <Cadence>82</Cadence>
      <Extensions>
       <Speed>10.440000</Speed>
      </Extensions>
     </Trackpoint>
     <Trackpoint>
      <Time>2026-08-04T05:01:59Z</Time>
      <Position>
       <LatitudeDegrees>45.4268576</LatitudeDegrees>
       <LongitudeDegrees>4.4038287</LongitudeDegrees>
      </Position>
      <AltitudeMeters>562</AltitudeMeters>
      <DistanceMeters>522</DistanceMeters>
      <HeartRateBpm>
       <Value>128</Value>
      </HeartRateBpm>
      <Cadence>82</Cadence>
      <Extensions>
       <Speed>10.430000</Speed>
      </Extensions>
     </Trackpoint>
     <Trackpoint>
      <Time>2026-08-04T05:02:00Z</Time>
      <Position>
       <LatitudeDegrees>45.4268640</LatitudeDegrees>
       <LongitudeDegrees>4.4038061</LongitudeDegrees>
      </Position>
      <AltitudeMeters>562</AltitudeMeters>
      <DistanceMeters>525</DistanceMeters>
      <HeartRateBpm>
       <Value>128</Value>
      </HeartRateBpm>
      <Cadence>83</Cadence>
      <Extensions>
       <Speed>10.430000</Speed>
      </Extensions>
     </Trackpoint>
     <Trackpoint>
      <Time>2026-08-04T05:02:01Z</Time>
      <Position>
       <LatitudeDegrees>45.4268845</LatitudeDegrees>
       <LongitudeDegrees>4.4037358</LongitudeDegrees>
      </Position>
      <AltitudeMeters>562</AltitudeMeters>
      <DistanceMeters>528</DistanceMeters>
      <HeartRateBpm>
       <Value>128</Value>
      </HeartRateBpm>
      <Cadence>83</Cadence>
      <Extensions>
       <Speed>10.430000</Speed>
      </Extensions>
     </Trackpoint>
     <Trackpoint>
      <Time>2026-08-04T05:02:02Z</Time>
      <Position>
       <LatitudeDegrees>45.4268912</LatitudeDegrees>
       <LongitudeDegrees>4.4037114</LongitudeDegrees>
      </Position>
      <AltitudeMeters>562</AltitudeMeters>
      <DistanceMeters>531</DistanceMeters>
      <HeartRateBpm>
       <Value>128</Value>
      </HeartRateBpm>
      <Cadence>84</Cadence>
      <Extensions>
       <Speed>10.430000</Speed>
      </Extensions>
     </Trackpoint>
     <Trackpoint>
      <Time>2026-08-04T05:02:03Z</Time>
      <Position>
       <LatitudeDegrees>45.4268979</LatitudeDegrees>
       <LongitudeDegrees>4.4036870</LongitudeDegrees>
      </Position>
      <AltitudeMeters>562</AltitudeMeters>
      <DistanceMeters>534</DistanceMeters>
      <HeartRateBpm>
       <Value>128</Value>
      </HeartRateBpm>
      <Cadence>84</Cadence>
      <Extensions>
       <Speed>10.430000</Speed>
      </Extensions>
     </Trackpoint>
     <Trackpoint>
      <Time>2026-08-04T05:02:04Z</Time>
      <Position>
       <LatitudeDegrees>45.4269046</LatitudeDegrees>
       <LongitudeDegrees>4.4036627</LongitudeDegrees>
      </Position>
      <AltitudeMeters>562</AltitudeMeters>
      <DistanceMeters>538</DistanceMeters>
      <HeartRateBpm>
       <Value>129</Value>
      </HeartRateBpm>
      <Cadence>84</Cadence>
      <Extensions>
       <Speed>10.430000</Speed>
      </Extensions>
     </Trackpoint>
     <Trackpoint>
      <Time>2026-08-04T05:02:05Z</Time>
      <Position>
       <LatitudeDegrees>45.4269245</LatitudeDegrees>
       <LongitudeDegrees>4.4035889</LongitudeDegrees>
      </Position>
      <AltitudeMeters>562</AltitudeMeters>
      <DistanceMeters>541</DistanceMeters>
      <HeartRateBpm>
       <Value>129</Value>
      </HeartRateBpm>
      <Cadence>84</Cadence>
      <Extensions>
       <Speed>10.430000</Speed>
      </Extensions>
     </Trackpoint>
     <Trackpoint>
      <Time>2026-08-04T05:02:06Z</Time>
      <Position>
       <LatitudeDegrees>45.4269310</LatitudeDegrees>
       <LongitudeDegrees>4.4035652</LongitudeDegrees>
      </Position>
      <AltitudeMeters>562</AltitudeMeters>
      <DistanceMeters>544</DistanceMeters>
      <HeartRateBpm>
       <Value>128</Value>
      </HeartRateBpm>
      <Cadence>83</Cadence>
      <Extensions>
       <Speed>10.440000</Speed>
      </Extensions>
     </Trackpoint>
     <Trackpoint>
      <Time>2026-08-04T05:02:07Z</Time>
      <Position>
       <LatitudeDegrees>45.4269376</LatitudeDegrees>
       <LongitudeDegrees>4.4035416</LongitudeDegrees>
      </Position>
      <AltitudeMeters>561</AltitudeMeters>
      <DistanceMeters>546</DistanceMeters>
      <HeartRateBpm>
       <Value>128</Value>
      </HeartRateBpm>
      <Cadence>83</Cadence>
      <Extensions>
       <Speed>10.440000</Speed>
      </Extensions>
     </Trackpoint>
     <Trackpoint>
      <Time>2026-08-04T05:02:08Z</Time>
      <Position>
       <LatitudeDegrees>45.4269442</LatitudeDegrees>
       <LongitudeDegrees>4.4035180</LongitudeDegrees>
      </Position>
      <AltitudeMeters>561</AltitudeMeters>
      <DistanceMeters>549</DistanceMeters>
      <HeartRateBpm>
       <Value>127</Value>
      </HeartRateBpm>
      <Cadence>83</Cadence>
      <Extensions>
       <Speed>10.450000</Speed>
      </Extensions>
     </Trackpoint>
     <Trackpoint>
      <Time>2026-08-04T05:02:09Z</Time>
      <Position>
       <LatitudeDegrees>45.4269614</LatitudeDegrees>
       <LongitudeDegrees>4.4034533</LongitudeDegrees>
      </Position>
      <AltitudeMeters>561</AltitudeMeters>
      <DistanceMeters>552</DistanceMeters>
      <HeartRateBpm>
       <Value>127</Value>
      </HeartRateBpm>
      <Cadence>83</Cadence>
      <Extensions>
       <Speed>10.450000</Speed>
      </Extensions>
     </Trackpoint>
     <Trackpoint>
      <Time>2026-08-04T05:02:10Z</Time>
      <Position>
       <LatitudeDegrees>45.4269668</LatitudeDegrees>
       <LongitudeDegrees>4.4034318</LongitudeDegrees>
      </Position>
      <AltitudeMeters>561</AltitudeMeters>
      <DistanceMeters>554</DistanceMeters>
      <HeartRateBpm>
       <Value>127</Value>
      </HeartRateBpm>
      <Cadence>83</Cadence>
      <Extensions>
       <Speed>10.460000</Speed>
      </Extensions>
     </Trackpoint>
     <Trackpoint>
      <Time>2026-08-04T05:02:11Z</Time>
      <Position>
       <LatitudeDegrees>45.4269722</LatitudeDegrees>
       <LongitudeDegrees>4.4034103</LongitudeDegrees>
      </Position>
      <AltitudeMeters>561</AltitudeMeters>
      <DistanceMeters>557</DistanceMeters>
      <HeartRateBpm>
       <Value>126</Value>
      </HeartRateBpm>
      <Cadence>83</Cadence>
      <Extensions>
       <Speed>10.460000</Speed>
      </Extensions>
     </Trackpoint>
     <Trackpoint>
      <Time>2026-08-04T05:02:12Z</Time>
      <Position>
       <LatitudeDegrees>45.4269777</LatitudeDegrees>
       <LongitudeDegrees>4.4033889</LongitudeDegrees>
      </Position>
      <AltitudeMeters>561</AltitudeMeters>
      <DistanceMeters>560</DistanceMeters>
      <HeartRateBpm>
       <Value>127</Value>
      </HeartRateBpm>
      <Cadence>83</Cadence>
      <Extensions>
       <Speed>10.460000</Speed>
      </Extensions>
     </Trackpoint>
     <Trackpoint>
      <Time>2026-08-04T05:02:13Z</Time>
      <Position>
       <LatitudeDegrees>45.4269978</LatitudeDegrees>
       <LongitudeDegrees>4.4033227</LongitudeDegrees>
      </Position>
      <AltitudeMeters>561</AltitudeMeters>
      <DistanceMeters>563</DistanceMeters>
      <HeartRateBpm>
       <Value>127</Value>
      </HeartRateBpm>
      <Cadence>83</Cadence>
      <Extensions>
       <Speed>10.460000</Speed>
      </Extensions>
     </Trackpoint>
     <Trackpoint>
      <Time>2026-08-04T05:02:14Z</Time>
      <Position>
       <LatitudeDegrees>45.4270053</LatitudeDegrees>
       <LongitudeDegrees>4.4033003</LongitudeDegrees>
      </Position>
      <AltitudeMeters>561</AltitudeMeters>
      <DistanceMeters>566</DistanceMeters>
      <HeartRateBpm>
       <Value>127</Value>
      </HeartRateBpm>
      <Cadence>83</Cadence>
      <Extensions>
       <Speed>10.460000</Speed>
      </Extensions>
     </Trackpoint>
     <Trackpoint>
      <Time>2026-08-04T05:02:15Z</Time>
      <Position>
       <LatitudeDegrees>45.4270129</LatitudeDegrees>
       <LongitudeDegrees>4.4032779</LongitudeDegrees>
      </Position>
      <AltitudeMeters>561</AltitudeMeters>
      <DistanceMeters>569</DistanceMeters>
      <HeartRateBpm>
       <Value>127</Value>
      </HeartRateBpm>
      <Cadence>83</Cadence>
      <Extensions>
       <Speed>10.460000</Speed>
      </Extensions>
     </Trackpoint>
     <Trackpoint>
      <Time>2026-08-04T05:02:16Z</Time>
      <Position>
       <LatitudeDegrees>45.4270205</LatitudeDegrees>
       <LongitudeDegrees>4.4032556</LongitudeDegrees>
      </Position>
      <AltitudeMeters>561</AltitudeMeters>
      <DistanceMeters>572</DistanceMeters>
      <HeartRateBpm>
       <Value>127</Value>
      </HeartRateBpm>
      <Cadence>83</Cadence>
      <Extensions>
       <Speed>10.460000</Speed>
      </Extensions>
     </Trackpoint>
     <Trackpoint>
      <Time>2026-08-04T05:02:17Z</Time>
      <Position>
       <LatitudeDegrees>45.4270440</LatitudeDegrees>
       <LongitudeDegrees>4.4031886</LongitudeDegrees>
      </Position>
      <AltitudeMeters>561</AltitudeMeters>
      <DistanceMeters>574</DistanceMeters>
      <HeartRateBpm>
       <Value>127</Value>
      </HeartRateBpm>
      <Cadence>83</Cadence>
      <Extensions>
       <Speed>10.460000</Speed>
      </Extensions>
     </Trackpoint>
     <Trackpoint>
      <Time>2026-08-04T05:02:18Z</Time>
      <Position>
       <LatitudeDegrees>45.4270512</LatitudeDegrees>
       <LongitudeDegrees>4.4031661</LongitudeDegrees>
      </Position>
      <AltitudeMeters>561</AltitudeMeters>
      <DistanceMeters>577</DistanceMeters>
      <HeartRateBpm>
       <Value>127</Value>
      </HeartRateBpm>
      <Cadence>83</Cadence>
      <Extensions>
       <Speed>10.470000</Speed>
      </Extensions>
     </Trackpoint>
     <Trackpoint>
      <Time>2026-08-04T05:02:19Z</Time>
      <Position>
       <LatitudeDegrees>45.4270585</LatitudeDegrees>
       <LongitudeDegrees>4.4031437</LongitudeDegrees>
      </Position>
      <AltitudeMeters>561</AltitudeMeters>
      <DistanceMeters>580</DistanceMeters>
      <HeartRateBpm>
       <Value>126</Value>
      </HeartRateBpm>
      <Cadence>82</Cadence>
      <Extensions>
       <Speed>10.470000</Speed>
      </Extensions>
     </Trackpoint>
     <Trackpoint>
      <Time>2026-08-04T05:02:20Z</Time>
      <Position>
       <LatitudeDegrees>45.4270658</LatitudeDegrees>
       <LongitudeDegrees>4.4031213</LongitudeDegrees>
      </Position>
      <AltitudeMeters>561</AltitudeMeters>
      <DistanceMeters>583</DistanceMeters>
      <HeartRateBpm>
       <Value>126</Value>
      </HeartRateBpm>
      <Cadence>82</Cadence>
      <Extensions>
       <Speed>10.470000</Speed>
      </Extensions>
     </Trackpoint>
     <Trackpoint>
      <Time>2026-08-04T05:02:21Z</Time>
      <Position>
       <LatitudeDegrees>45.4270811</LatitudeDegrees>
       <LongitudeDegrees>4.4030542</LongitudeDegrees>
      </Position>
      <AltitudeMeters>561</AltitudeMeters>
      <DistanceMeters>586</DistanceMeters>
      <HeartRateBpm>
       <Value>126</Value>
      </HeartRateBpm>
      <Cadence>82</Cadence>
      <Extensions>
       <Speed>10.470000</Speed>
      </Extensions>
     </Trackpoint>
     <Trackpoint>
      <Time>2026-08-04T05:02:22Z</Time>
      <Position>
       <LatitudeDegrees>45.4270861</LatitudeDegrees>
       <LongitudeDegrees>4.4030316</LongitudeDegrees>
      </Position>
      <AltitudeMeters>561</AltitudeMeters>
      <DistanceMeters>588</DistanceMeters>
      <HeartRateBpm>
       <Value>126</Value>
      </HeartRateBpm>
      <Cadence>82</Cadence>
      <Extensions>
       <Speed>10.470000</Speed>
      </Extensions>
     </Trackpoint>
     <Trackpoint>
      <Time>2026-08-04T05:02:23Z</Time>
      <Position>
       <LatitudeDegrees>45.4270911</LatitudeDegrees>
       <LongitudeDegrees>4.4030090</LongitudeDegrees>
      </Position>
      <AltitudeMeters>561</AltitudeMeters>
      <DistanceMeters>591</DistanceMeters>
      <HeartRateBpm>
       <Value>126</Value>
      </HeartRateBpm>
      <Cadence>82</Cadence>
      <Extensions>
       <Speed>10.470000</Speed>
      </Extensions>
     </Trackpoint>
     <Trackpoint>
      <Time>2026-08-04T05:02:24Z</Time>
      <Position>
       <LatitudeDegrees>45.4270962</LatitudeDegrees>
       <LongitudeDegrees>4.4029865</LongitudeDegrees>
      </Position>
      <AltitudeMeters>561</AltitudeMeters>
      <DistanceMeters>594</DistanceMeters>
      <HeartRateBpm>
       <Value>126</Value>
      </HeartRateBpm>
      <Cadence>82</Cadence>
      <Extensions>
       <Speed>10.470000</Speed>
      </Extensions>
     </Trackpoint>
     <Trackpoint>
      <Time>2026-08-04T05:02:25Z</Time>
      <Position>
       <LatitudeDegrees>45.4271088</LatitudeDegrees>
       <LongitudeDegrees>4.4029166</LongitudeDegrees>
      </Position>
      <AltitudeMeters>561</AltitudeMeters>
      <DistanceMeters>597</DistanceMeters>
      <HeartRateBpm>
       <Value>127</Value>
      </HeartRateBpm>
      <Cadence>82</Cadence>
      <Extensions>
       <Speed>10.460000</Speed>
      </Extensions>
     </Trackpoint>
     <Trackpoint>
      <Time>2026-08-04T05:02:26Z</Time>
      <Position>
       <LatitudeDegrees>45.4271138</LatitudeDegrees>
       <LongitudeDegrees>4.4028933</LongitudeDegrees>
      </Position>
      <AltitudeMeters>561</AltitudeMeters>
      <DistanceMeters>600</DistanceMeters>
      <HeartRateBpm>
       <Value>128</Value>
      </HeartRateBpm>
      <Cadence>83</Cadence>
      <Extensions>
       <Speed>10.450000</Speed>
      </Extensions>
     </Trackpoint>
     <Trackpoint>
      <Time>2026-08-04T05:02:27Z</Time>
      <Position>
       <LatitudeDegrees>45.4271188</LatitudeDegrees>
       <LongitudeDegrees>4.4028700</LongitudeDegrees>
      </Position>
      <AltitudeMeters>560</AltitudeMeters>
      <DistanceMeters>602</DistanceMeters>
      <HeartRateBpm>
       <Value>128</Value>
      </HeartRateBpm>
      <Cadence>83</Cadence>
      <Extensions>
       <Speed>10.440000</Speed>
      </Extensions>
     </Trackpoint>
     <Trackpoint>
      <Time>2026-08-04T05:02:28Z</Time>
      <Position>
       <LatitudeDegrees>45.4271238</LatitudeDegrees>
       <LongitudeDegrees>4.4028467</LongitudeDegrees>
      </Position>
      <AltitudeMeters>560</AltitudeMeters>
      <DistanceMeters>605</DistanceMeters>
      <HeartRateBpm>
       <Value>127</Value>
      </HeartRateBpm>
      <Cadence>83</Cadence>
      <Extensions>
       <Speed>10.440000</Speed>
      </Extensions>
     </Trackpoint>
     <Trackpoint>
      <Time>2026-08-04T05:02:29Z</Time>
      <Position>
       <LatitudeDegrees>45.4271425</LatitudeDegrees>
       <LongitudeDegrees>4.4027806</LongitudeDegrees>
      </Position>
      <AltitudeMeters>560</AltitudeMeters>
      <DistanceMeters>608</DistanceMeters>
      <HeartRateBpm>
       <Value>128</Value>
      </HeartRateBpm>
      <Cadence>82</Cadence>
      <Extensions>
       <Speed>10.430000</Speed>
      </Extensions>
     </Trackpoint>
     <Trackpoint>
      <Time>2026-08-04T05:02:30Z</Time>
      <Position>
       <LatitudeDegrees>45.4271494</LatitudeDegrees>
       <LongitudeDegrees>4.4027587</LongitudeDegrees>
      </Position>
      <AltitudeMeters>560</AltitudeMeters>
      <DistanceMeters>611</DistanceMeters>
      <HeartRateBpm>
       <Value>127</Value>
      </HeartRateBpm>
      <Cadence>82</Cadence>
      <Extensions>
       <Speed>10.430000</Speed>
      </Extensions>
     </Trackpoint>
     <Trackpoint>
      <Time>2026-08-04T05:02:31Z</Time>
      <Position>
       <LatitudeDegrees>45.4271564</LatitudeDegrees>
       <LongitudeDegrees>4.4027368</LongitudeDegrees>
      </Position>
      <AltitudeMeters>560</AltitudeMeters>
      <DistanceMeters>614</DistanceMeters>
      <HeartRateBpm>
       <Value>126</Value>
      </HeartRateBpm>
      <Cadence>82</Cadence>
      <Extensions>
       <Speed>10.420000</Speed>
      </Extensions>
     </Trackpoint>
     <Trackpoint>
      <Time>2026-08-04T05:02:32Z</Time>
      <Position>
       <LatitudeDegrees>45.4271634</LatitudeDegrees>
       <LongitudeDegrees>4.4027150</LongitudeDegrees>
      </Position>
      <AltitudeMeters>560</AltitudeMeters>
      <DistanceMeters>617</DistanceMeters>
      <HeartRateBpm>
       <Value>125</Value>
      </HeartRateBpm>
      <Cadence>82</Cadence>
      <Extensions>
       <Speed>10.420000</Speed>
      </Extensions>
     </Trackpoint>
     <Trackpoint>
      <Time>2026-08-04T05:02:33Z</Time>
      <Position>
       <LatitudeDegrees>45.4271841</LatitudeDegrees>
       <LongitudeDegrees>4.4026442</LongitudeDegrees>
      </Position>
      <AltitudeMeters>560</AltitudeMeters>
      <DistanceMeters>620</DistanceMeters>
      <HeartRateBpm>
       <Value>125</Value>
      </HeartRateBpm>
      <Cadence>82</Cadence>
      <Extensions>
       <Speed>10.420000</Speed>
      </Extensions>
     </Trackpoint>
     <Trackpoint>
      <Time>2026-08-04T05:02:34Z</Time>
      <Position>
       <LatitudeDegrees>45.4271903</LatitudeDegrees>
       <LongitudeDegrees>4.4026205</LongitudeDegrees>
      </Position>
      <AltitudeMeters>560</AltitudeMeters>
      <DistanceMeters>623</DistanceMeters>
      <HeartRateBpm>
       <Value>125</Value>
      </HeartRateBpm>
      <Cadence>82</Cadence>
      <Extensions>
       <Speed>10.420000</Speed>
      </Extensions>
     </Trackpoint>
     <Trackpoint>
      <Time>2026-08-04T05:02:35Z</Time>
      <Position>
       <LatitudeDegrees>45.4271966</LatitudeDegrees>
       <LongitudeDegrees>4.4025968</LongitudeDegrees>
      </Position>
      <AltitudeMeters>560</AltitudeMeters>
      <DistanceMeters>626</DistanceMeters>
      <HeartRateBpm>
       <Value>125</Value>
      </HeartRateBpm>
      <Cadence>82</Cadence>
      <Extensions>
       <Speed>10.420000</Speed>
      </Extensions>
     </Trackpoint>
     <Trackpoint>
      <Time>2026-08-04T05:02:36Z</Time>
      <Position>
       <LatitudeDegrees>45.4272029</LatitudeDegrees>
       <LongitudeDegrees>4.4025732</LongitudeDegrees>
      </Position>
      <AltitudeMeters>560</AltitudeMeters>
      <DistanceMeters>629</DistanceMeters>
      <HeartRateBpm>
       <Value>126</Value>
      </HeartRateBpm>
      <Cadence>82</Cadence>
      <Extensions>
       <Speed>10.420000</Speed>
      </Extensions>
     </Trackpoint>
     <Trackpoint>
      <Time>2026-08-04T05:02:37Z</Time>
      <Position>
       <LatitudeDegrees>45.4272209</LatitudeDegrees>
       <LongitudeDegrees>4.4025038</LongitudeDegrees>
      </Position>
      <AltitudeMeters>560</AltitudeMeters>
      <DistanceMeters>632</DistanceMeters>
      <HeartRateBpm>
       <Value>126</Value>
      </HeartRateBpm>
      <Cadence>82</Cadence>
      <Extensions>
       <Speed>10.420000</Speed>
      </Extensions>
     </Trackpoint>
     <Trackpoint>
      <Time>2026-08-04T05:02:38Z</Time>
      <Position>
       <LatitudeDegrees>45.4272273</LatitudeDegrees>
       <LongitudeDegrees>4.4024806</LongitudeDegrees>
      </Position>
      <AltitudeMeters>560</AltitudeMeters>
      <DistanceMeters>634</DistanceMeters>
      <HeartRateBpm>
       <Value>126</Value>
      </HeartRateBpm>
      <Cadence>83</Cadence>
      <Extensions>
       <Speed>10.430000</Speed>
      </Extensions>
     </Trackpoint>
     <Trackpoint>
      <Time>2026-08-04T05:02:39Z</Time>
      <Position>
       <LatitudeDegrees>45.4272338</LatitudeDegrees>
       <LongitudeDegrees>4.4024574</LongitudeDegrees>
      </Position>
      <AltitudeMeters>560</AltitudeMeters>
      <DistanceMeters>637</DistanceMeters>
      <HeartRateBpm>
       <Value>126</Value>
      </HeartRateBpm>
      <Cadence>83</Cadence>
      <Extensions>
       <Speed>10.430000</Speed>
      </Extensions>
     </Trackpoint>
     <Trackpoint>
      <Time>2026-08-04T05:02:40Z</Time>
      <Position>
       <LatitudeDegrees>45.4272403</LatitudeDegrees>
       <LongitudeDegrees>4.4024343</LongitudeDegrees>
      </Position>
      <AltitudeMeters>560</AltitudeMeters>
      <DistanceMeters>640</DistanceMeters>
      <HeartRateBpm>
       <Value>126</Value>
      </HeartRateBpm>
      <Cadence>83</Cadence>
      <Extensions>
       <Speed>10.440000</Speed>
      </Extensions>
     </Trackpoint>
     <Trackpoint>
      <Time>2026-08-04T05:02:41Z</Time>
      <Position>
       <LatitudeDegrees>45.4272586</LatitudeDegrees>
       <LongitudeDegrees>4.4023607</LongitudeDegrees>
      </Position>
      <AltitudeMeters>560</AltitudeMeters>
      <DistanceMeters>644</DistanceMeters>
      <HeartRateBpm>
       <Value>126</Value>
      </HeartRateBpm>
      <Cadence>83</Cadence>
      <Extensions>
       <Speed>10.440000</Speed>
      </Extensions>
     </Trackpoint>
     <Trackpoint>
      <Time>2026-08-04T05:02:42Z</Time>
      <Position>
       <LatitudeDegrees>45.4272650</LatitudeDegrees>
       <LongitudeDegrees>4.4023363</LongitudeDegrees>
      </Position>
      <AltitudeMeters>560</AltitudeMeters>
      <DistanceMeters>647</DistanceMeters>
      <HeartRateBpm>
       <Value>127</Value>
      </HeartRateBpm>
      <Cadence>83</Cadence>
      <Extensions>
       <Speed>10.440000</Speed>
      </Extensions>
     </Trackpoint>
     <Trackpoint>
      <Time>2026-08-04T05:02:43Z</Time>
      <Position>
       <LatitudeDegrees>45.4272714</LatitudeDegrees>
       <LongitudeDegrees>4.4023119</LongitudeDegrees>
      </Position>
      <AltitudeMeters>559</AltitudeMeters>
      <DistanceMeters>650</DistanceMeters>
      <HeartRateBpm>
       <Value>127</Value>
      </HeartRateBpm>
      <Cadence>83</Cadence>
      <Extensions>
       <Speed>10.450000</Speed>
      </Extensions>
     </Trackpoint>
     <Trackpoint>
      <Time>2026-08-04T05:02:44Z</Time>
      <Position>
       <LatitudeDegrees>45.4272779</LatitudeDegrees>
       <LongitudeDegrees>4.4022876</LongitudeDegrees>
      </Position>
      <AltitudeMeters>559</AltitudeMeters>
      <DistanceMeters>653</DistanceMeters>
      <HeartRateBpm>
       <Value>127</Value>
      </HeartRateBpm>
      <Cadence>84</Cadence>
      <Extensions>
       <Speed>10.460000</Speed>
      </Extensions>
     </Trackpoint>
     <Trackpoint>
      <Time>2026-08-04T05:02:45Z</Time>
      <Position>
       <LatitudeDegrees>45.4272980</LatitudeDegrees>
       <LongitudeDegrees>4.4022143</LongitudeDegrees>
      </Position>
      <AltitudeMeters>559</AltitudeMeters>
      <DistanceMeters>656</DistanceMeters>
      <HeartRateBpm>
       <Value>127</Value>
      </HeartRateBpm>
      <Cadence>84</Cadence>
      <Extensions>
       <Speed>10.480000</Speed>
      </Extensions>
     </Trackpoint>
     <Trackpoint>
      <Time>2026-08-04T05:02:46Z</Time>
      <Position>
       <LatitudeDegrees>45.4273048</LatitudeDegrees>
       <LongitudeDegrees>4.4021901</LongitudeDegrees>
      </Position>
      <AltitudeMeters>559</AltitudeMeters>
      <DistanceMeters>659</DistanceMeters>
      <HeartRateBpm>
       <Value>127</Value>
      </HeartRateBpm>
      <Cadence>84</Cadence>
      <Extensions>
       <Speed>10.500000</Speed>
      </Extensions>
     </Trackpoint>
     <Trackpoint>
      <Time>2026-08-04T05:02:47Z</Time>
      <Position>
       <LatitudeDegrees>45.4273116</LatitudeDegrees>
       <LongitudeDegrees>4.4021660</LongitudeDegrees>
      </Position>
      <AltitudeMeters>559</AltitudeMeters>
      <DistanceMeters>662</DistanceMeters>
      <HeartRateBpm>
       <Value>128</Value>
      </HeartRateBpm>
      <Cadence>84</Cadence>
      <Extensions>
       <Speed>10.510000</Speed>
      </Extensions>
     </Trackpoint>
     <Trackpoint>
      <Time>2026-08-04T05:02:48Z</Time>
      <Position>
       <LatitudeDegrees>45.4273185</LatitudeDegrees>
       <LongitudeDegrees>4.4021419</LongitudeDegrees>
      </Position>
      <AltitudeMeters>559</AltitudeMeters>
      <DistanceMeters>665</DistanceMeters>
      <HeartRateBpm>
       <Value>128</Value>
      </HeartRateBpm>
      <Cadence>84</Cadence>
      <Extensions>
       <Speed>10.520000</Speed>
      </Extensions>
     </Trackpoint>
     <Trackpoint>
      <Time>2026-08-04T05:02:49Z</Time>
      <Position>
       <LatitudeDegrees>45.4273375</LatitudeDegrees>
       <LongitudeDegrees>4.4020711</LongitudeDegrees>
      </Position>
      <AltitudeMeters>559</AltitudeMeters>
      <DistanceMeters>668</DistanceMeters>
      <HeartRateBpm>
       <Value>128</Value>
      </HeartRateBpm>
      <Cadence>83</Cadence>
      <Extensions>
       <Speed>10.530000</Speed>
      </Extensions>
     </Trackpoint>
     <Trackpoint>
      <Time>2026-08-04T05:02:50Z</Time>
      <Position>
       <LatitudeDegrees>45.4273431</LatitudeDegrees>
       <LongitudeDegrees>4.4020476</LongitudeDegrees>
      </Position>
      <AltitudeMeters>559</AltitudeMeters>
      <DistanceMeters>671</DistanceMeters>
      <HeartRateBpm>
       <Value>128</Value>
      </HeartRateBpm>
      <Cadence>83</Cadence>
      <Extensions>
       <Speed>10.540000</Speed>
      </Extensions>
     </Trackpoint>
     <Trackpoint>
      <Time>2026-08-04T05:02:51Z</Time>
      <Position>
       <LatitudeDegrees>45.4273487</LatitudeDegrees>
       <LongitudeDegrees>4.4020242</LongitudeDegrees>
      </Position>
      <AltitudeMeters>559</AltitudeMeters>
      <DistanceMeters>674</DistanceMeters>
      <HeartRateBpm>
       <Value>128</Value>
      </HeartRateBpm>
      <Cadence>82</Cadence>
      <Extensions>
       <Speed>10.540000</Speed>
      </Extensions>
     </Trackpoint>
     <Trackpoint>
      <Time>2026-08-04T05:02:52Z</Time>
      <Position>
       <LatitudeDegrees>45.4273544</LatitudeDegrees>
       <LongitudeDegrees>4.4020008</LongitudeDegrees>
      </Position>
      <AltitudeMeters>559</AltitudeMeters>
      <DistanceMeters>676</DistanceMeters>
      <HeartRateBpm>
       <Value>128</Value>
      </HeartRateBpm>
      <Cadence>82</Cadence>
      <Extensions>
       <Speed>10.550000</Speed>
      </Extensions>
     </Trackpoint>
     <Trackpoint>
      <Time>2026-08-04T05:02:53Z</Time>
      <Position>
       <LatitudeDegrees>45.4273731</LatitudeDegrees>
       <LongitudeDegrees>4.4019295</LongitudeDegrees>
      </Position>
      <AltitudeMeters>559</AltitudeMeters>
      <DistanceMeters>680</DistanceMeters>
      <HeartRateBpm>
       <Value>128</Value>
      </HeartRateBpm>
      <Cadence>82</Cadence>
      <Extensions>
       <Speed>10.550000</Speed>
      </Extensions>
     </Trackpoint>
     <Trackpoint>
      <Time>2026-08-04T05:02:54Z</Time>
      <Position>
       <LatitudeDegrees>45.4273803</LatitudeDegrees>
       <LongitudeDegrees>4.4019064</LongitudeDegrees>
      </Position>
      <AltitudeMeters>559</AltitudeMeters>
      <DistanceMeters>683</DistanceMeters>
      <HeartRateBpm>
       <Value>129</Value>
      </HeartRateBpm>
      <Cadence>82</Cadence>
      <Extensions>
       <Speed>10.560000</Speed>
      </Extensions>
     </Trackpoint>
     <Trackpoint>
      <Time>2026-08-04T05:02:55Z</Time>
      <Position>
       <LatitudeDegrees>45.4273875</LatitudeDegrees>
       <LongitudeDegrees>4.4018833</LongitudeDegrees>
      </Position>
      <AltitudeMeters>559</AltitudeMeters>
      <DistanceMeters>686</DistanceMeters>
      <HeartRateBpm>
       <Value>129</Value>
      </HeartRateBpm>
      <Cadence>82</Cadence>
      <Extensions>
       <Speed>10.570000</Speed>
      </Extensions>
     </Trackpoint>
     <Trackpoint>
      <Time>2026-08-04T05:02:56Z</Time>
      <Position>
       <LatitudeDegrees>45.4273948</LatitudeDegrees>
       <LongitudeDegrees>4.4018603</LongitudeDegrees>
      </Position>
      <AltitudeMeters>559</AltitudeMeters>
      <DistanceMeters>688</DistanceMeters>
      <HeartRateBpm>
       <Value>129</Value>
      </HeartRateBpm>
      <Cadence>82</Cadence>
      <Extensions>
       <Speed>10.580000</Speed>
      </Extensions>
     </Trackpoint>
     <Trackpoint>
      <Time>2026-08-04T05:02:57Z</Time>
      <Position>
       <LatitudeDegrees>45.4274170</LatitudeDegrees>
       <LongitudeDegrees>4.4017910</LongitudeDegrees>
      </Position>
      <AltitudeMeters>559</AltitudeMeters>
      <DistanceMeters>691</DistanceMeters>
      <HeartRateBpm>
       <Value>130</Value>
      </HeartRateBpm>
      <Cadence>82</Cadence>
      <Extensions>
       <Speed>10.580000</Speed>
      </Extensions>
     </Trackpoint>
     <Trackpoint>
      <Time>2026-08-04T05:02:58Z</Time>
      <Position>
       <LatitudeDegrees>45.4274241</LatitudeDegrees>
       <LongitudeDegrees>4.4017680</LongitudeDegrees>
      </Position>
      <AltitudeMeters>559</AltitudeMeters>
      <DistanceMeters>694</DistanceMeters>
      <HeartRateBpm>
       <Value>130</Value>
      </HeartRateBpm>
      <Cadence>82</Cadence>
      <Extensions>
       <Speed>10.590000</Speed>
      </Extensions>
     </Trackpoint>
     <Trackpoint>
      <Time>2026-08-04T05:02:59Z</Time>
      <Position>
       <LatitudeDegrees>45.4274312</LatitudeDegrees>
       <LongitudeDegrees>4.4017450</LongitudeDegrees>
      </Position>
      <AltitudeMeters>559</AltitudeMeters>
      <DistanceMeters>697</DistanceMeters>
      <HeartRateBpm>
       <Value>130</Value>
      </HeartRateBpm>
      <Cadence>83</Cadence>
      <Extensions>
       <Speed>10.600000</Speed>
      </Extensions>
     </Trackpoint>
     <Trackpoint>
      <Time>2026-08-04T05:03:00Z</Time>
      <Position>
       <LatitudeDegrees>45.4274384</LatitudeDegrees>
       <LongitudeDegrees>4.4017221</LongitudeDegrees>
      </Position>
      <AltitudeMeters>559</AltitudeMeters>
      <DistanceMeters>700</DistanceMeters>
      <HeartRateBpm>
       <Value>130</Value>
      </HeartRateBpm>
      <Cadence>83</Cadence>
      <Extensions>
       <Speed>10.610000</Speed>
      </Extensions>
     </Trackpoint>
     <Trackpoint>
      <Time>2026-08-04T05:03:01Z</Time>
      <Position>
       <LatitudeDegrees>45.4274593</LatitudeDegrees>
       <LongitudeDegrees>4.4016542</LongitudeDegrees>
      </Position>
      <AltitudeMeters>559</AltitudeMeters>
      <DistanceMeters>703</DistanceMeters>
      <HeartRateBpm>
       <Value>130</Value>
      </HeartRateBpm>
      <Cadence>83</Cadence>
      <Extensions>
       <Speed>10.610000</Speed>
      </Extensions>
     </Trackpoint>
     <Trackpoint>
      <Time>2026-08-04T05:03:02Z</Time>
      <Position>
       <LatitudeDegrees>45.4274667</LatitudeDegrees>
       <LongitudeDegrees>4.4016309</LongitudeDegrees>
      </Position>
      <AltitudeMeters>559</AltitudeMeters>
      <DistanceMeters>706</DistanceMeters>
      <HeartRateBpm>
       <Value>131</Value>
      </HeartRateBpm>
      <Cadence>83</Cadence>
      <Extensions>
       <Speed>10.620000</Speed>
      </Extensions>
     </Trackpoint>
     <Trackpoint>
      <Time>2026-08-04T05:03:03Z</Time>
      <Position>
       <LatitudeDegrees>45.4274741</LatitudeDegrees>
       <LongitudeDegrees>4.4016076</LongitudeDegrees>
      </Position>
      <AltitudeMeters>558</AltitudeMeters>
      <DistanceMeters>709</DistanceMeters>
      <HeartRateBpm>
       <Value>131</Value>
      </HeartRateBpm>
      <Cadence>82</Cadence>
      <Extensions>
       <Speed>10.630000</Speed>
      </Extensions>
     </Trackpoint>
     <Trackpoint>
      <Time>2026-08-04T05:03:04Z</Time>
      <Position>
       <LatitudeDegrees>45.4274815</LatitudeDegrees>
       <LongitudeDegrees>4.4015844</LongitudeDegrees>
      </Position>
      <AltitudeMeters>558</AltitudeMeters>
      <DistanceMeters>712</DistanceMeters>
      <HeartRateBpm>
       <Value>131</Value>
      </HeartRateBpm>
      <Cadence>81</Cadence>
      <Extensions>
       <Speed>10.640000</Speed>
      </Extensions>
     </Trackpoint>
     <Trackpoint>
      <Time>2026-08-04T05:03:05Z</Time>
      <Position>
       <LatitudeDegrees>45.4275044</LatitudeDegrees>
       <LongitudeDegrees>4.4015123</LongitudeDegrees>
      </Position>
      <AltitudeMeters>558</AltitudeMeters>
      <DistanceMeters>716</DistanceMeters>
      <HeartRateBpm>
       <Value>131</Value>
      </HeartRateBpm>
      <Cadence>80</Cadence>
      <Extensions>
       <Speed>10.640000</Speed>
      </Extensions>
     </Trackpoint>
     <Trackpoint>
      <Time>2026-08-04T05:03:06Z</Time>
      <Position>
       <LatitudeDegrees>45.4275115</LatitudeDegrees>
       <LongitudeDegrees>4.4014876</LongitudeDegrees>
      </Position>
      <AltitudeMeters>558</AltitudeMeters>
      <DistanceMeters>719</DistanceMeters>
      <HeartRateBpm>
       <Value>131</Value>
      </HeartRateBpm>
      <Cadence>80</Cadence>
      <Extensions>
       <Speed>10.650000</Speed>
      </Extensions>
     </Trackpoint>
     <Trackpoint>
      <Time>2026-08-04T05:03:07Z</Time>
      <Position>
       <LatitudeDegrees>45.4275186</LatitudeDegrees>
       <LongitudeDegrees>4.4014630</LongitudeDegrees>
      </Position>
      <AltitudeMeters>558</AltitudeMeters>
      <DistanceMeters>722</DistanceMeters>
      <HeartRateBpm>
       <Value>131</Value>
      </HeartRateBpm>
      <Cadence>80</Cadence>
      <Extensions>
       <Speed>10.660000</Speed>
      </Extensions>
     </Trackpoint>
     <Trackpoint>
      <Time>2026-08-04T05:03:08Z</Time>
      <Position>
       <LatitudeDegrees>45.4275257</LatitudeDegrees>
       <LongitudeDegrees>4.4014384</LongitudeDegrees>
      </Position>
      <AltitudeMeters>558</AltitudeMeters>
      <DistanceMeters>725</DistanceMeters>
      <HeartRateBpm>
       <Value>131</Value>
      </HeartRateBpm>
      <Cadence>80</Cadence>
      <Extensions>
       <Speed>10.670000</Speed>
      </Extensions>
     </Trackpoint>
     <Trackpoint>
      <Time>2026-08-04T05:03:09Z</Time>
      <Position>
       <LatitudeDegrees>45.4275449</LatitudeDegrees>
       <LongitudeDegrees>4.4013647</LongitudeDegrees>
      </Position>
      <AltitudeMeters>558</AltitudeMeters>
      <DistanceMeters>728</DistanceMeters>
      <HeartRateBpm>
       <Value>131</Value>
      </HeartRateBpm>
      <Cadence>80</Cadence>
      <Extensions>
       <Speed>10.670000</Speed>
      </Extensions>
     </Trackpoint>
     <Trackpoint>
      <Time>2026-08-04T05:03:10Z</Time>
      <Position>
       <LatitudeDegrees>45.4275509</LatitudeDegrees>
       <LongitudeDegrees>4.4013397</LongitudeDegrees>
      </Position>
      <AltitudeMeters>558</AltitudeMeters>
      <DistanceMeters>731</DistanceMeters>
      <HeartRateBpm>
       <Value>130</Value>
      </HeartRateBpm>
      <Cadence>80</Cadence>
      <Extensions>
       <Speed>10.680000</Speed>
      </Extensions>
     </Trackpoint>
     <Trackpoint>
      <Time>2026-08-04T05:03:11Z</Time>
      <Position>
       <LatitudeDegrees>45.4275569</LatitudeDegrees>
       <LongitudeDegrees>4.4013148</LongitudeDegrees>
      </Position>
      <AltitudeMeters>558</AltitudeMeters>
      <DistanceMeters>734</DistanceMeters>
      <HeartRateBpm>
       <Value>130</Value>
      </HeartRateBpm>
      <Cadence>81</Cadence>
      <Extensions>
       <Speed>10.680000</Speed>
      </Extensions>
     </Trackpoint>
     <Trackpoint>
      <Time>2026-08-04T05:03:12Z</Time>
      <Position>
       <LatitudeDegrees>45.4275629</LatitudeDegrees>
       <LongitudeDegrees>4.4012899</LongitudeDegrees>
      </Position>
      <AltitudeMeters>558</AltitudeMeters>
      <DistanceMeters>737</DistanceMeters>
      <HeartRateBpm>
       <Value>129</Value>
      </HeartRateBpm>
      <Cadence>82</Cadence>
      <Extensions>
       <Speed>10.680000</Speed>
      </Extensions>
     </Trackpoint>
     <Trackpoint>
      <Time>2026-08-04T05:03:13Z</Time>
      <Position>
       <LatitudeDegrees>45.4275803</LatitudeDegrees>
       <LongitudeDegrees>4.4012181</LongitudeDegrees>
      </Position>
      <AltitudeMeters>558</AltitudeMeters>
      <DistanceMeters>740</DistanceMeters>
      <HeartRateBpm>
       <Value>129</Value>
      </HeartRateBpm>
      <Cadence>82</Cadence>
      <Extensions>
       <Speed>10.680000</Speed>
      </Extensions>
     </Trackpoint>
     <Trackpoint>
      <Time>2026-08-04T05:03:14Z</Time>
      <Position>
       <LatitudeDegrees>45.4275860</LatitudeDegrees>
       <LongitudeDegrees>4.4011943</LongitudeDegrees>
      </Position>
      <AltitudeMeters>558</AltitudeMeters>
      <DistanceMeters>743</DistanceMeters>
      <HeartRateBpm>
       <Value>129</Value>
      </HeartRateBpm>
      <Cadence>82</Cadence>
      <Extensions>
       <Speed>10.690000</Speed>
      </Extensions>
     </Trackpoint>
     <Trackpoint>
      <Time>2026-08-04T05:03:15Z</Time>
      <Position>
       <LatitudeDegrees>45.4275918</LatitudeDegrees>
       <LongitudeDegrees>4.4011706</LongitudeDegrees>
      </Position>
      <AltitudeMeters>558</AltitudeMeters>
      <DistanceMeters>746</DistanceMeters>
      <HeartRateBpm>
       <Value>129</Value>
      </HeartRateBpm>
      <Cadence>82</Cadence>
      <Extensions>
       <Speed>10.690000</Speed>
      </Extensions>
     </Trackpoint>
     <Trackpoint>
      <Time>2026-08-04T05:03:16Z</Time>
      <Position>
       <LatitudeDegrees>45.4275976</LatitudeDegrees>
       <LongitudeDegrees>4.4011469</LongitudeDegrees>
      </Position>
      <AltitudeMeters>558</AltitudeMeters>
      <DistanceMeters>748</DistanceMeters>
      <HeartRateBpm>
       <Value>129</Value>
      </HeartRateBpm>
      <Cadence>82</Cadence>
      <Extensions>
       <Speed>10.690000</Speed>
      </Extensions>
     </Trackpoint>
     <Trackpoint>
      <Time>2026-08-04T05:03:17Z</Time>
      <Position>
       <LatitudeDegrees>45.4276163</LatitudeDegrees>
       <LongitudeDegrees>4.4010766</LongitudeDegrees>
      </Position>
      <AltitudeMeters>558</AltitudeMeters>
      <DistanceMeters>752</DistanceMeters>
      <HeartRateBpm>
       <Value>129</Value>
      </HeartRateBpm>
      <Cadence>82</Cadence>
      <Extensions>
       <Speed>10.690000</Speed>
      </Extensions>
     </Trackpoint>
     <Trackpoint>
      <Time>2026-08-04T05:03:18Z</Time>
      <Position>
       <LatitudeDegrees>45.4276235</LatitudeDegrees>
       <LongitudeDegrees>4.4010530</LongitudeDegrees>
      </Position>
      <AltitudeMeters>558</AltitudeMeters>
      <DistanceMeters>755</DistanceMeters>
      <HeartRateBpm>
       <Value>130</Value>
      </HeartRateBpm>
      <Cadence>82</Cadence>
      <Extensions>
       <Speed>10.690000</Speed>
      </Extensions>
     </Trackpoint>
     <Trackpoint>
      <Time>2026-08-04T05:03:19Z</Time>
      <Position>
       <LatitudeDegrees>45.4276308</LatitudeDegrees>
       <LongitudeDegrees>4.4010294</LongitudeDegrees>
      </Position>
      <AltitudeMeters>557</AltitudeMeters>
      <DistanceMeters>758</DistanceMeters>
      <HeartRateBpm>
       <Value>130</Value>
      </HeartRateBpm>
      <Cadence>82</Cadence>
      <Extensions>
       <Speed>10.690000</Speed>
      </Extensions>
     </Trackpoint>
     <Trackpoint>
      <Time>2026-08-04T05:03:20Z</Time>
      <Position>
       <LatitudeDegrees>45.4276381</LatitudeDegrees>
       <LongitudeDegrees>4.4010058</LongitudeDegrees>
      </Position>
      <AltitudeMeters>557</AltitudeMeters>
      <DistanceMeters>761</DistanceMeters>
      <HeartRateBpm>
       <Value>131</Value>
      </HeartRateBpm>
      <Cadence>82</Cadence>
      <Extensions>
       <Speed>10.700000</Speed>
      </Extensions>
     </Trackpoint>
     <Trackpoint>
      <Time>2026-08-04T05:03:21Z</Time>
      <Position>
       <LatitudeDegrees>45.4276611</LatitudeDegrees>
       <LongitudeDegrees>4.4009368</LongitudeDegrees>
      </Position>
      <AltitudeMeters>557</AltitudeMeters>
      <DistanceMeters>764</DistanceMeters>
      <HeartRateBpm>
       <Value>131</Value>
      </HeartRateBpm>
      <Cadence>82</Cadence>
      <Extensions>
       <Speed>10.700000</Speed>
      </Extensions>
     </Trackpoint>
     <Trackpoint>
      <Time>2026-08-04T05:03:22Z</Time>
      <Position>
       <LatitudeDegrees>45.4276692</LatitudeDegrees>
       <LongitudeDegrees>4.4009136</LongitudeDegrees>
      </Position>
      <AltitudeMeters>557</AltitudeMeters>
      <DistanceMeters>767</DistanceMeters>
      <HeartRateBpm>
       <Value>132</Value>
      </HeartRateBpm>
      <Cadence>82</Cadence>
      <Extensions>
       <Speed>10.700000</Speed>
      </Extensions>
     </Trackpoint>
     <Trackpoint>
      <Time>2026-08-04T05:03:23Z</Time>
      <Position>
       <LatitudeDegrees>45.4276773</LatitudeDegrees>
       <LongitudeDegrees>4.4008904</LongitudeDegrees>
      </Position>
      <AltitudeMeters>557</AltitudeMeters>
      <DistanceMeters>770</DistanceMeters>
      <HeartRateBpm>
       <Value>133</Value>
      </HeartRateBpm>
      <Cadence>82</Cadence>
      <Extensions>
       <Speed>10.700000</Speed>
      </Extensions>
     </Trackpoint>
     <Trackpoint>
      <Time>2026-08-04T05:03:24Z</Time>
      <Position>
       <LatitudeDegrees>45.4276855</LatitudeDegrees>
       <LongitudeDegrees>4.4008672</LongitudeDegrees>
      </Position>
      <AltitudeMeters>557</AltitudeMeters>
      <DistanceMeters>773</DistanceMeters>
      <HeartRateBpm>
       <Value>133</Value>
      </HeartRateBpm>
      <Cadence>82</Cadence>
      <Extensions>
       <Speed>10.710000</Speed>
      </Extensions>
     </Trackpoint>
     <Trackpoint>
      <Time>2026-08-04T05:03:25Z</Time>
      <Position>
       <LatitudeDegrees>45.4277114</LatitudeDegrees>
       <LongitudeDegrees>4.4007995</LongitudeDegrees>
      </Position>
      <AltitudeMeters>557</AltitudeMeters>
      <DistanceMeters>776</DistanceMeters>
      <HeartRateBpm>
       <Value>132</Value>
      </HeartRateBpm>
      <Cadence>82</Cadence>
      <Extensions>
       <Speed>10.710000</Speed>
      </Extensions>
     </Trackpoint>
     <Trackpoint>
      <Time>2026-08-04T05:03:26Z</Time>
      <Position>
       <LatitudeDegrees>45.4277199</LatitudeDegrees>
       <LongitudeDegrees>4.4007776</LongitudeDegrees>
      </Position>
      <AltitudeMeters>557</AltitudeMeters>
      <DistanceMeters>778</DistanceMeters>
      <HeartRateBpm>
       <Value>132</Value>
      </HeartRateBpm>
      <Cadence>82</Cadence>
      <Extensions>
       <Speed>10.710000</Speed>
      </Extensions>
     </Trackpoint>
     <Trackpoint>
      <Time>2026-08-04T05:03:27Z</Time>
      <Position>
       <LatitudeDegrees>45.4277285</LatitudeDegrees>
       <LongitudeDegrees>4.4007558</LongitudeDegrees>
      </Position>
      <AltitudeMeters>557</AltitudeMeters>
      <DistanceMeters>782</DistanceMeters>
      <HeartRateBpm>
       <Value>132</Value>
      </HeartRateBpm>
      <Cadence>82</Cadence>
      <Extensions>
       <Speed>10.710000</Speed>
      </Extensions>
     </Trackpoint>
     <Trackpoint>
      <Time>2026-08-04T05:03:28Z</Time>
      <Position>
       <LatitudeDegrees>45.4277371</LatitudeDegrees>
       <LongitudeDegrees>4.4007340</LongitudeDegrees>
      </Position>
      <AltitudeMeters>557</AltitudeMeters>
      <DistanceMeters>785</DistanceMeters>
      <HeartRateBpm>
       <Value>133</Value>
      </HeartRateBpm>
      <Cadence>82</Cadence>
      <Extensions>
       <Speed>10.720000</Speed>
      </Extensions>
     </Trackpoint>
     <Trackpoint>
      <Time>2026-08-04T05:03:29Z</Time>
      <Position>
       <LatitudeDegrees>45.4277598</LatitudeDegrees>
       <LongitudeDegrees>4.4006690</LongitudeDegrees>
      </Position>
      <AltitudeMeters>557</AltitudeMeters>
      <DistanceMeters>788</DistanceMeters>
      <HeartRateBpm>
       <Value>133</Value>
      </HeartRateBpm>
      <Cadence>82</Cadence>
      <Extensions>
       <Speed>10.720000</Speed>
      </Extensions>
     </Trackpoint>
     <Trackpoint>
      <Time>2026-08-04T05:03:30Z</Time>
      <Position>
       <LatitudeDegrees>45.4277663</LatitudeDegrees>
       <LongitudeDegrees>4.4006459</LongitudeDegrees>
      </Position>
      <AltitudeMeters>557</AltitudeMeters>
      <DistanceMeters>790</DistanceMeters>
      <HeartRateBpm>
       <Value>133</Value>
      </HeartRateBpm>
      <Cadence>82</Cadence>
      <Extensions>
       <Speed>10.730000</Speed>
      </Extensions>
     </Trackpoint>
     <Trackpoint>
      <Time>2026-08-04T05:03:31Z</Time>
      <Position>
       <LatitudeDegrees>45.4277729</LatitudeDegrees>
       <LongitudeDegrees>4.4006229</LongitudeDegrees>
      </Position>
      <AltitudeMeters>557</AltitudeMeters>
      <DistanceMeters>793</DistanceMeters>
      <HeartRateBpm>
       <Value>133</Value>
      </HeartRateBpm>
      <Cadence>82</Cadence>
      <Extensions>
       <Speed>10.730000</Speed>
      </Extensions>
     </Trackpoint>
     <Trackpoint>
      <Time>2026-08-04T05:03:32Z</Time>
      <Position>
       <LatitudeDegrees>45.4277795</LatitudeDegrees>
       <LongitudeDegrees>4.4005999</LongitudeDegrees>
      </Position>
      <AltitudeMeters>557</AltitudeMeters>
      <DistanceMeters>796</DistanceMeters>
      <HeartRateBpm>
       <Value>133</Value>
      </HeartRateBpm>
      <Cadence>82</Cadence>
      <Extensions>
       <Speed>10.730000</Speed>
      </Extensions>
     </Trackpoint>
     <Trackpoint>
      <Time>2026-08-04T05:03:33Z</Time>
      <Position>
       <LatitudeDegrees>45.4278012</LatitudeDegrees>
       <LongitudeDegrees>4.4005280</LongitudeDegrees>
      </Position>
      <AltitudeMeters>557</AltitudeMeters>
      <DistanceMeters>799</DistanceMeters>
      <HeartRateBpm>
       <Value>133</Value>
      </HeartRateBpm>
      <Cadence>82</Cadence>
      <Extensions>
       <Speed>10.730000</Speed>
      </Extensions>
     </Trackpoint>
     <Trackpoint>
      <Time>2026-08-04T05:03:34Z</Time>
      <Position>
       <LatitudeDegrees>45.4278089</LatitudeDegrees>
       <LongitudeDegrees>4.4005050</LongitudeDegrees>
      </Position>
      <AltitudeMeters>557</AltitudeMeters>
      <DistanceMeters>802</DistanceMeters>
      <HeartRateBpm>
       <Value>133</Value>
      </HeartRateBpm>
      <Cadence>83</Cadence>
      <Extensions>
       <Speed>10.730000</Speed>
      </Extensions>
     </Trackpoint>
     <Trackpoint>
      <Time>2026-08-04T05:03:35Z</Time>
      <Position>
       <LatitudeDegrees>45.4278166</LatitudeDegrees>
       <LongitudeDegrees>4.4004820</LongitudeDegrees>
      </Position>
      <AltitudeMeters>556</AltitudeMeters>
      <DistanceMeters>805</DistanceMeters>
      <HeartRateBpm>
       <Value>133</Value>
      </HeartRateBpm>
      <Cadence>82</Cadence>
      <Extensions>
       <Speed>10.730000</Speed>
      </Extensions>
     </Trackpoint>
     <Trackpoint>
      <Time>2026-08-04T05:03:36Z</Time>
      <Position>
       <LatitudeDegrees>45.4278243</LatitudeDegrees>
       <LongitudeDegrees>4.4004590</LongitudeDegrees>
      </Position>
      <AltitudeMeters>556</AltitudeMeters>
      <DistanceMeters>808</DistanceMeters>
      <HeartRateBpm>
       <Value>133</Value>
      </HeartRateBpm>
      <Cadence>82</Cadence>
      <Extensions>
       <Speed>10.730000</Speed>
      </Extensions>
     </Trackpoint>
     <Trackpoint>
      <Time>2026-08-04T05:03:37Z</Time>
      <Position>
       <LatitudeDegrees>45.4278476</LatitudeDegrees>
       <LongitudeDegrees>4.4003919</LongitudeDegrees>
      </Position>
      <AltitudeMeters>556</AltitudeMeters>
      <DistanceMeters>811</DistanceMeters>
      <HeartRateBpm>
       <Value>133</Value>
      </HeartRateBpm>
      <Cadence>82</Cadence>
      <Extensions>
       <Speed>10.730000</Speed>
      </Extensions>
     </Trackpoint>
     <Trackpoint>
      <Time>2026-08-04T05:03:38Z</Time>
      <Position>
       <LatitudeDegrees>45.4278555</LatitudeDegrees>
       <LongitudeDegrees>4.4003689</LongitudeDegrees>
      </Position>
      <AltitudeMeters>556</AltitudeMeters>
      <DistanceMeters>814</DistanceMeters>
      <HeartRateBpm>
       <Value>133</Value>
      </HeartRateBpm>
      <Cadence>82</Cadence>
      <Extensions>
       <Speed>10.740000</Speed>
      </Extensions>
     </Trackpoint>
     <Trackpoint>
      <Time>2026-08-04T05:03:39Z</Time>
      <Position>
       <LatitudeDegrees>45.4278635</LatitudeDegrees>
       <LongitudeDegrees>4.4003459</LongitudeDegrees>
      </Position>
      <AltitudeMeters>556</AltitudeMeters>
      <DistanceMeters>817</DistanceMeters>
      <HeartRateBpm>
       <Value>133</Value>
      </HeartRateBpm>
      <Cadence>82</Cadence>
      <Extensions>
       <Speed>10.740000</Speed>
      </Extensions>
     </Trackpoint>
     <Trackpoint>
      <Time>2026-08-04T05:03:40Z</Time>
      <Position>
       <LatitudeDegrees>45.4278715</LatitudeDegrees>
       <LongitudeDegrees>4.4003229</LongitudeDegrees>
      </Position>
      <AltitudeMeters>556</AltitudeMeters>
      <DistanceMeters>820</DistanceMeters>
      <HeartRateBpm>
       <Value>133</Value>
      </HeartRateBpm>
      <Cadence>83</Cadence>
      <Extensions>
       <Speed>10.740000</Speed>
      </Extensions>
     </Trackpoint>
     <Trackpoint>
      <Time>2026-08-04T05:03:41Z</Time>
      <Position>
       <LatitudeDegrees>45.4278959</LatitudeDegrees>
       <LongitudeDegrees>4.4002538</LongitudeDegrees>
      </Position>
      <AltitudeMeters>556</AltitudeMeters>
      <DistanceMeters>823</DistanceMeters>
      <HeartRateBpm>
       <Value>133</Value>
      </HeartRateBpm>
      <Cadence>82</Cadence>
      <Extensions>
       <Speed>10.740000</Speed>
      </Extensions>
     </Trackpoint>
     <Trackpoint>
      <Time>2026-08-04T05:03:42Z</Time>
      <Position>
       <LatitudeDegrees>45.4279040</LatitudeDegrees>
       <LongitudeDegrees>4.4002306</LongitudeDegrees>
      </Position>
      <AltitudeMeters>556</AltitudeMeters>
      <DistanceMeters>826</DistanceMeters>
      <HeartRateBpm>
       <Value>132</Value>
      </HeartRateBpm>
      <Cadence>82</Cadence>
      <Extensions>
       <Speed>10.750000</Speed>
      </Extensions>
     </Trackpoint>
     <Trackpoint>
      <Time>2026-08-04T05:03:43Z</Time>
      <Position>
       <LatitudeDegrees>45.4279121</LatitudeDegrees>
       <LongitudeDegrees>4.4002074</LongitudeDegrees>
      </Position>
      <AltitudeMeters>556</AltitudeMeters>
      <DistanceMeters>829</DistanceMeters>
      <HeartRateBpm>
       <Value>131</Value>
      </HeartRateBpm>
      <Cadence>82</Cadence>
      <Extensions>
       <Speed>10.750000</Speed>
      </Extensions>
     </Trackpoint>
     <Trackpoint>
      <Time>2026-08-04T05:03:44Z</Time>
      <Position>
       <LatitudeDegrees>45.4279203</LatitudeDegrees>
       <LongitudeDegrees>4.4001842</LongitudeDegrees>
      </Position>
      <AltitudeMeters>556</AltitudeMeters>
      <DistanceMeters>832</DistanceMeters>
      <HeartRateBpm>
       <Value>131</Value>
      </HeartRateBpm>
      <Cadence>82</Cadence>
      <Extensions>
       <Speed>10.750000</Speed>
      </Extensions>
     </Trackpoint>
     <Trackpoint>
      <Time>2026-08-04T05:03:45Z</Time>
      <Position>
       <LatitudeDegrees>45.4279452</LatitudeDegrees>
       <LongitudeDegrees>4.4001137</LongitudeDegrees>
      </Position>
      <AltitudeMeters>556</AltitudeMeters>
      <DistanceMeters>836</DistanceMeters>
      <HeartRateBpm>
       <Value>131</Value>
      </HeartRateBpm>
      <Cadence>82</Cadence>
      <Extensions>
       <Speed>10.750000</Speed>
      </Extensions>
     </Trackpoint>
     <Trackpoint>
      <Time>2026-08-04T05:03:46Z</Time>
      <Position>
       <LatitudeDegrees>45.4279541</LatitudeDegrees>
       <LongitudeDegrees>4.4000899</LongitudeDegrees>
      </Position>
      <AltitudeMeters>556</AltitudeMeters>
      <DistanceMeters>839</DistanceMeters>
      <HeartRateBpm>
       <Value>131</Value>
      </HeartRateBpm>
      <Cadence>83</Cadence>
      <Extensions>
       <Speed>10.760000</Speed>
      </Extensions>
     </Trackpoint>
     <Trackpoint>
      <Time>2026-08-04T05:03:47Z</Time>
      <Position>
       <LatitudeDegrees>45.4279630</LatitudeDegrees>
       <LongitudeDegrees>4.4000661</LongitudeDegrees>
      </Position>
      <AltitudeMeters>555</AltitudeMeters>
      <DistanceMeters>842</DistanceMeters>
      <HeartRateBpm>
       <Value>132</Value>
      </HeartRateBpm>
      <Cadence>83</Cadence>
      <Extensions>
       <Speed>10.760000</Speed>
      </Extensions>
     </Trackpoint>
     <Trackpoint>
      <Time>2026-08-04T05:03:48Z</Time>
      <Position>
       <LatitudeDegrees>45.4279719</LatitudeDegrees>
       <LongitudeDegrees>4.4000423</LongitudeDegrees>
      </Position>
      <AltitudeMeters>555</AltitudeMeters>
      <DistanceMeters>845</DistanceMeters>
      <HeartRateBpm>
       <Value>132</Value>
      </HeartRateBpm>
      <Cadence>83</Cadence>
      <Extensions>
       <Speed>10.770000</Speed>
      </Extensions>
     </Trackpoint>
     <Trackpoint>
      <Time>2026-08-04T05:03:49Z</Time>
      <Position>
       <LatitudeDegrees>45.4280006</LatitudeDegrees>
       <LongitudeDegrees>4.3999751</LongitudeDegrees>
      </Position>
      <AltitudeMeters>555</AltitudeMeters>
      <DistanceMeters>848</DistanceMeters>
      <HeartRateBpm>
       <Value>132</Value>
      </HeartRateBpm>
      <Cadence>83</Cadence>
      <Extensions>
       <Speed>10.770000</Speed>
      </Extensions>
     </Trackpoint>
     <Trackpoint>
      <Time>2026-08-04T05:03:50Z</Time>
      <Position>
       <LatitudeDegrees>45.4280099</LatitudeDegrees>
       <LongitudeDegrees>4.3999537</LongitudeDegrees>
      </Position>
      <AltitudeMeters>555</AltitudeMeters>
      <DistanceMeters>851</DistanceMeters>
      <HeartRateBpm>
       <Value>133</Value>
      </HeartRateBpm>
      <Cadence>83</Cadence>
      <Extensions>
       <Speed>10.780000</Speed>
      </Extensions>
     </Trackpoint>
     <Trackpoint>
      <Time>2026-08-04T05:03:51Z</Time>
      <Position>
       <LatitudeDegrees>45.4280192</LatitudeDegrees>
       <LongitudeDegrees>4.3999323</LongitudeDegrees>
      </Position>
      <AltitudeMeters>555</AltitudeMeters>
      <DistanceMeters>854</DistanceMeters>
      <HeartRateBpm>
       <Value>133</Value>
      </HeartRateBpm>
      <Cadence>83</Cadence>
      <Extensions>
       <Speed>10.780000</Speed>
      </Extensions>
     </Trackpoint>
     <Trackpoint>
      <Time>2026-08-04T05:03:52Z</Time>
      <Position>
       <LatitudeDegrees>45.4280285</LatitudeDegrees>
       <LongitudeDegrees>4.3999109</LongitudeDegrees>
      </Position>
      <AltitudeMeters>555</AltitudeMeters>
      <DistanceMeters>856</DistanceMeters>
      <HeartRateBpm>
       <Value>133</Value>
      </HeartRateBpm>
      <Cadence>83</Cadence>
      <Extensions>
       <Speed>10.790000</Speed>
      </Extensions>
     </Trackpoint>
     <Trackpoint>
      <Time>2026-08-04T05:03:53Z</Time>
      <Position>
       <LatitudeDegrees>45.4280553</LatitudeDegrees>
       <LongitudeDegrees>4.3998447</LongitudeDegrees>
      </Position>
      <AltitudeMeters>555</AltitudeMeters>
      <DistanceMeters>860</DistanceMeters>
      <HeartRateBpm>
       <Value>133</Value>
      </HeartRateBpm>
      <Cadence>82</Cadence>
      <Extensions>
       <Speed>10.790000</Speed>
      </Extensions>
     </Trackpoint>
     <Trackpoint>
      <Time>2026-08-04T05:03:54Z</Time>
      <Position>
       <LatitudeDegrees>45.4280639</LatitudeDegrees>
       <LongitudeDegrees>4.3998221</LongitudeDegrees>
      </Position>
      <AltitudeMeters>555</AltitudeMeters>
      <DistanceMeters>863</DistanceMeters>
      <HeartRateBpm>
       <Value>133</Value>
      </HeartRateBpm>
      <Cadence>82</Cadence>
      <Extensions>
       <Speed>10.790000</Speed>
      </Extensions>
     </Trackpoint>
     <Trackpoint>
      <Time>2026-08-04T05:03:55Z</Time>
      <Position>
       <LatitudeDegrees>45.4280725</LatitudeDegrees>
       <LongitudeDegrees>4.3997996</LongitudeDegrees>
      </Position>
      <AltitudeMeters>555</AltitudeMeters>
      <DistanceMeters>866</DistanceMeters>
      <HeartRateBpm>
       <Value>133</Value>
      </HeartRateBpm>
      <Cadence>82</Cadence>
      <Extensions>
       <Speed>10.790000</Speed>
      </Extensions>
     </Trackpoint>
     <Trackpoint>
      <Time>2026-08-04T05:03:56Z</Time>
      <Position>
       <LatitudeDegrees>45.4280811</LatitudeDegrees>
       <LongitudeDegrees>4.3997771</LongitudeDegrees>
      </Position>
      <AltitudeMeters>555</AltitudeMeters>
      <DistanceMeters>869</DistanceMeters>
      <HeartRateBpm>
       <Value>133</Value>
      </HeartRateBpm>
      <Cadence>83</Cadence>
      <Extensions>
       <Speed>10.800000</Speed>
      </Extensions>
     </Trackpoint>
     <Trackpoint>
      <Time>2026-08-04T05:03:57Z</Time>
      <Position>
       <LatitudeDegrees>45.4281081</LatitudeDegrees>
       <LongitudeDegrees>4.3997104</LongitudeDegrees>
      </Position>
      <AltitudeMeters>555</AltitudeMeters>
      <DistanceMeters>872</DistanceMeters>
      <HeartRateBpm>
       <Value>133</Value>
      </HeartRateBpm>
      <Cadence>83</Cadence>
      <Extensions>
       <Speed>10.800000</Speed>
      </Extensions>
     </Trackpoint>
     <Trackpoint>
      <Time>2026-08-04T05:03:58Z</Time>
      <Position>
       <LatitudeDegrees>45.4281170</LatitudeDegrees>
       <LongitudeDegrees>4.3996883</LongitudeDegrees>
      </Position>
      <AltitudeMeters>555</AltitudeMeters>
      <DistanceMeters>875</DistanceMeters>
      <HeartRateBpm>
       <Value>133</Value>
      </HeartRateBpm>
      <Cadence>83</Cadence>
      <Extensions>
       <Speed>10.810000</Speed>
      </Extensions>
     </Trackpoint>
     <Trackpoint>
      <Time>2026-08-04T05:03:59Z</Time>
      <Position>
       <LatitudeDegrees>45.4281259</LatitudeDegrees>
       <LongitudeDegrees>4.3996662</LongitudeDegrees>
      </Position>
      <AltitudeMeters>555</AltitudeMeters>
      <DistanceMeters>878</DistanceMeters>
      <HeartRateBpm>
       <Value>134</Value>
      </HeartRateBpm>
      <Cadence>82</Cadence>
      <Extensions>
       <Speed>10.810000</Speed>
      </Extensions>
     </Trackpoint>
     <Trackpoint>
      <Time>2026-08-04T05:04:00Z</Time>
      <Position>
       <LatitudeDegrees>45.4281349</LatitudeDegrees>
       <LongitudeDegrees>4.3996442</LongitudeDegrees>
      </Position>
      <AltitudeMeters>555</AltitudeMeters>
      <DistanceMeters>880</DistanceMeters>
      <HeartRateBpm>
       <Value>134</Value>
      </HeartRateBpm>
      <Cadence>82</Cadence>
      <Extensions>
       <Speed>10.810000</Speed>
      </Extensions>
     </Trackpoint>
     <Trackpoint>
      <Time>2026-08-04T05:04:01Z</Time>
      <Position>
       <LatitudeDegrees>45.4281618</LatitudeDegrees>
       <LongitudeDegrees>4.3995802</LongitudeDegrees>
      </Position>
      <AltitudeMeters>555</AltitudeMeters>
      <DistanceMeters>883</DistanceMeters>
      <HeartRateBpm>
       <Value>134</Value>
      </HeartRateBpm>
      <Cadence>82</Cadence>
      <Extensions>
       <Speed>10.810000</Speed>
      </Extensions>
     </Trackpoint>
     <Trackpoint>
      <Time>2026-08-04T05:04:02Z</Time>
      <Position>
       <LatitudeDegrees>45.4281705</LatitudeDegrees>
       <LongitudeDegrees>4.3995591</LongitudeDegrees>
      </Position>
      <AltitudeMeters>555</AltitudeMeters>
      <DistanceMeters>886</DistanceMeters>
      <HeartRateBpm>
       <Value>133</Value>
      </HeartRateBpm>
      <Cadence>82</Cadence>
      <Extensions>
       <Speed>10.810000</Speed>
      </Extensions>
     </Trackpoint>
     <Trackpoint>
      <Time>2026-08-04T05:04:03Z</Time>
      <Position>
       <LatitudeDegrees>45.4281792</LatitudeDegrees>
       <LongitudeDegrees>4.3995381</LongitudeDegrees>
      </Position>
      <AltitudeMeters>554</AltitudeMeters>
      <DistanceMeters>889</DistanceMeters>
      <HeartRateBpm>
       <Value>133</Value>
      </HeartRateBpm>
      <Cadence>82</Cadence>
      <Extensions>
       <Speed>10.810000</Speed>
      </Extensions>
     </Trackpoint>
     <Trackpoint>
      <Time>2026-08-04T05:04:04Z</Time>
      <Position>
       <LatitudeDegrees>45.4281879</LatitudeDegrees>
       <LongitudeDegrees>4.3995171</LongitudeDegrees>
      </Position>
      <AltitudeMeters>554</AltitudeMeters>
      <DistanceMeters>892</DistanceMeters>
      <HeartRateBpm>
       <Value>133</Value>
      </HeartRateBpm>
      <Cadence>82</Cadence>
      <Extensions>
       <Speed>10.820000</Speed>
      </Extensions>
     </Trackpoint>
     <Trackpoint>
      <Time>2026-08-04T05:04:05Z</Time>
      <Position>
       <LatitudeDegrees>45.4282150</LatitudeDegrees>
       <LongitudeDegrees>4.3994537</LongitudeDegrees>
      </Position>
      <AltitudeMeters>554</AltitudeMeters>
      <DistanceMeters>895</DistanceMeters>
      <HeartRateBpm>
       <Value>133</Value>
      </HeartRateBpm>
      <Cadence>82</Cadence>
      <Extensions>
       <Speed>10.820000</Speed>
      </Extensions>
     </Trackpoint>
     <Trackpoint>
      <Time>2026-08-04T05:04:06Z</Time>
      <Position>
       <LatitudeDegrees>45.4282240</LatitudeDegrees>
       <LongitudeDegrees>4.3994318</LongitudeDegrees>
      </Position>
      <AltitudeMeters>554</AltitudeMeters>
      <DistanceMeters>898</DistanceMeters>
      <HeartRateBpm>
       <Value>132</Value>
      </HeartRateBpm>
      <Cadence>82</Cadence>
      <Extensions>
       <Speed>10.820000</Speed>
      </Extensions>
     </Trackpoint>
     <Trackpoint>
      <Time>2026-08-04T05:04:07Z</Time>
      <Position>
       <LatitudeDegrees>45.4282330</LatitudeDegrees>
       <LongitudeDegrees>4.3994100</LongitudeDegrees>
      </Position>
      <AltitudeMeters>554</AltitudeMeters>
      <DistanceMeters>901</DistanceMeters>
      <HeartRateBpm>
       <Value>132</Value>
      </HeartRateBpm>
      <Cadence>82</Cadence>
      <Extensions>
       <Speed>10.820000</Speed>
      </Extensions>
     </Trackpoint>
     <Trackpoint>
      <Time>2026-08-04T05:04:08Z</Time>
      <Position>
       <LatitudeDegrees>45.4282421</LatitudeDegrees>
       <LongitudeDegrees>4.3993882</LongitudeDegrees>
      </Position>
      <AltitudeMeters>554</AltitudeMeters>
      <DistanceMeters>904</DistanceMeters>
      <HeartRateBpm>
       <Value>132</Value>
      </HeartRateBpm>
      <Cadence>82</Cadence>
      <Extensions>
       <Speed>10.820000</Speed>
      </Extensions>
     </Trackpoint>
     <Trackpoint>
      <Time>2026-08-04T05:04:09Z</Time>
      <Position>
       <LatitudeDegrees>45.4282689</LatitudeDegrees>
       <LongitudeDegrees>4.3993198</LongitudeDegrees>
      </Position>
      <AltitudeMeters>554</AltitudeMeters>
      <DistanceMeters>907</DistanceMeters>
      <HeartRateBpm>
       <Value>132</Value>
      </HeartRateBpm>
      <Cadence>82</Cadence>
      <Extensions>
       <Speed>10.820000</Speed>
      </Extensions>
     </Trackpoint>
     <Trackpoint>
      <Time>2026-08-04T05:04:10Z</Time>
      <Position>
       <LatitudeDegrees>45.4282761</LatitudeDegrees>
       <LongitudeDegrees>4.3992964</LongitudeDegrees>
      </Position>
      <AltitudeMeters>554</AltitudeMeters>
      <DistanceMeters>910</DistanceMeters>
      <HeartRateBpm>
       <Value>131</Value>
      </HeartRateBpm>
      <Cadence>82</Cadence>
      <Extensions>
       <Speed>10.820000</Speed>
      </Extensions>
     </Trackpoint>
     <Trackpoint>
      <Time>2026-08-04T05:04:11Z</Time>
      <Position>
       <LatitudeDegrees>45.4282833</LatitudeDegrees>
       <LongitudeDegrees>4.3992730</LongitudeDegrees>
      </Position>
      <AltitudeMeters>554</AltitudeMeters>
      <DistanceMeters>913</DistanceMeters>
      <HeartRateBpm>
       <Value>130</Value>
      </HeartRateBpm>
      <Cadence>82</Cadence>
      <Extensions>
       <Speed>10.820000</Speed>
      </Extensions>
     </Trackpoint>
     <Trackpoint>
      <Time>2026-08-04T05:04:12Z</Time>
      <Position>
       <LatitudeDegrees>45.4282906</LatitudeDegrees>
       <LongitudeDegrees>4.3992496</LongitudeDegrees>
      </Position>
      <AltitudeMeters>554</AltitudeMeters>
      <DistanceMeters>916</DistanceMeters>
      <HeartRateBpm>
       <Value>130</Value>
      </HeartRateBpm>
      <Cadence>82</Cadence>
      <Extensions>
       <Speed>10.830000</Speed>
      </Extensions>
     </Trackpoint>
     <Trackpoint>
      <Time>2026-08-04T05:04:13Z</Time>
      <Position>
       <LatitudeDegrees>45.4283116</LatitudeDegrees>
       <LongitudeDegrees>4.3991785</LongitudeDegrees>
      </Position>
      <AltitudeMeters>554</AltitudeMeters>
      <DistanceMeters>919</DistanceMeters>
      <HeartRateBpm>
       <Value>131</Value>
      </HeartRateBpm>
      <Cadence>82</Cadence>
      <Extensions>
       <Speed>10.830000</Speed>
      </Extensions>
     </Trackpoint>
     <Trackpoint>
      <Time>2026-08-04T05:04:14Z</Time>
      <Position>
       <LatitudeDegrees>45.4283193</LatitudeDegrees>
       <LongitudeDegrees>4.3991545</LongitudeDegrees>
      </Position>
      <AltitudeMeters>554</AltitudeMeters>
      <DistanceMeters>922</DistanceMeters>
      <HeartRateBpm>
       <Value>131</Value>
      </HeartRateBpm>
      <Cadence>82</Cadence>
      <Extensions>
       <Speed>10.840000</Speed>
      </Extensions>
     </Trackpoint>
     <Trackpoint>
      <Time>2026-08-04T05:04:15Z</Time>
      <Position>
       <LatitudeDegrees>45.4283270</LatitudeDegrees>
       <LongitudeDegrees>4.3991305</LongitudeDegrees>
      </Position>
      <AltitudeMeters>554</AltitudeMeters>
      <DistanceMeters>926</DistanceMeters>
      <HeartRateBpm>
       <Value>131</Value>
      </HeartRateBpm>
      <Cadence>82</Cadence>
      <Extensions>
       <Speed>10.840000</Speed>
      </Extensions>
     </Trackpoint>
     <Trackpoint>
      <Time>2026-08-04T05:04:16Z</Time>
      <Position>
       <LatitudeDegrees>45.4283347</LatitudeDegrees>
       <LongitudeDegrees>4.3991066</LongitudeDegrees>
      </Position>
      <AltitudeMeters>554</AltitudeMeters>
      <DistanceMeters>929</DistanceMeters>
      <HeartRateBpm>
       <Value>130</Value>
      </HeartRateBpm>
      <Cadence>82</Cadence>
      <Extensions>
       <Speed>10.850000</Speed>
      </Extensions>
     </Trackpoint>
     <Trackpoint>
      <Time>2026-08-04T05:04:17Z</Time>
      <Position>
       <LatitudeDegrees>45.4283597</LatitudeDegrees>
       <LongitudeDegrees>4.3990370</LongitudeDegrees>
      </Position>
      <AltitudeMeters>554</AltitudeMeters>
      <DistanceMeters>932</DistanceMeters>
      <HeartRateBpm>
       <Value>130</Value>
      </HeartRateBpm>
      <Cadence>82</Cadence>
      <Extensions>
       <Speed>10.850000</Speed>
      </Extensions>
     </Trackpoint>
     <Trackpoint>
      <Time>2026-08-04T05:04:18Z</Time>
      <Position>
       <LatitudeDegrees>45.4283686</LatitudeDegrees>
       <LongitudeDegrees>4.3990147</LongitudeDegrees>
      </Position>
      <AltitudeMeters>554</AltitudeMeters>
      <DistanceMeters>934</DistanceMeters>
      <HeartRateBpm>
       <Value>130</Value>
      </HeartRateBpm>
      <Cadence>82</Cadence>
      <Extensions>
       <Speed>10.850000</Speed>
      </Extensions>
     </Trackpoint>
     <Trackpoint>
      <Time>2026-08-04T05:04:19Z</Time>
      <Position>
       <LatitudeDegrees>45.4283775</LatitudeDegrees>
       <LongitudeDegrees>4.3989924</LongitudeDegrees>
      </Position>
      <AltitudeMeters>554</AltitudeMeters>
      <DistanceMeters>937</DistanceMeters>
      <HeartRateBpm>
       <Value>130</Value>
      </HeartRateBpm>
      <Cadence>82</Cadence>
      <Extensions>
       <Speed>10.850000</Speed>
      </Extensions>
     </Trackpoint>
     <Trackpoint>
      <Time>2026-08-04T05:04:20Z</Time>
      <Position>
       <LatitudeDegrees>45.4283864</LatitudeDegrees>
       <LongitudeDegrees>4.3989701</LongitudeDegrees>
      </Position>
      <AltitudeMeters>554</AltitudeMeters>
      <DistanceMeters>940</DistanceMeters>
      <HeartRateBpm>
       <Value>130</Value>
      </HeartRateBpm>
      <Cadence>82</Cadence>
      <Extensions>
       <Speed>10.850000</Speed>
      </Extensions>
     </Trackpoint>
     <Trackpoint>
      <Time>2026-08-04T05:04:21Z</Time>
      <Position>
       <LatitudeDegrees>45.4284136</LatitudeDegrees>
       <LongitudeDegrees>4.3989064</LongitudeDegrees>
      </Position>
      <AltitudeMeters>554</AltitudeMeters>
      <DistanceMeters>943</DistanceMeters>
      <HeartRateBpm>
       <Value>129</Value>
      </HeartRateBpm>
      <Cadence>82</Cadence>
      <Extensions>
       <Speed>10.850000</Speed>
      </Extensions>
     </Trackpoint>
     <Trackpoint>
      <Time>2026-08-04T05:04:22Z</Time>
      <Position>
       <LatitudeDegrees>45.4284231</LatitudeDegrees>
       <LongitudeDegrees>4.3988861</LongitudeDegrees>
      </Position>
      <AltitudeMeters>554</AltitudeMeters>
      <DistanceMeters>946</DistanceMeters>
      <HeartRateBpm>
       <Value>130</Value>
      </HeartRateBpm>
      <Cadence>82</Cadence>
      <Extensions>
       <Speed>10.860000</Speed>
      </Extensions>
     </Trackpoint>
     <Trackpoint>
      <Time>2026-08-04T05:04:23Z</Time>
      <Position>
       <LatitudeDegrees>45.4284326</LatitudeDegrees>
       <LongitudeDegrees>4.3988658</LongitudeDegrees>
      </Position>
      <AltitudeMeters>553</AltitudeMeters>
      <DistanceMeters>949</DistanceMeters>
      <HeartRateBpm>
       <Value>130</Value>
      </HeartRateBpm>
      <Cadence>82</Cadence>
      <Extensions>
       <Speed>10.850000</Speed>
      </Extensions>
     </Trackpoint>
     <Trackpoint>
      <Time>2026-08-04T05:04:24Z</Time>
      <Position>
       <LatitudeDegrees>45.4284422</LatitudeDegrees>
       <LongitudeDegrees>4.3988455</LongitudeDegrees>
      </Position>
      <AltitudeMeters>553</AltitudeMeters>
      <DistanceMeters>952</DistanceMeters>
      <HeartRateBpm>
       <Value>130</Value>
      </HeartRateBpm>
      <Cadence>82</Cadence>
      <Extensions>
       <Speed>10.850000</Speed>
      </Extensions>
     </Trackpoint>
     <Trackpoint>
      <Time>2026-08-04T05:04:25Z</Time>
      <Position>
       <LatitudeDegrees>45.4284712</LatitudeDegrees>
       <LongitudeDegrees>4.3987824</LongitudeDegrees>
      </Position>
      <AltitudeMeters>553</AltitudeMeters>
      <DistanceMeters>955</DistanceMeters>
      <HeartRateBpm>
       <Value>130</Value>
      </HeartRateBpm>
      <Cadence>82</Cadence>
      <Extensions>
       <Speed>10.850000</Speed>
      </Extensions>
     </Trackpoint>
     <Trackpoint>
      <Time>2026-08-04T05:04:26Z</Time>
      <Position>
       <LatitudeDegrees>45.4284799</LatitudeDegrees>
       <LongitudeDegrees>4.3987595</LongitudeDegrees>
      </Position>
      <AltitudeMeters>553</AltitudeMeters>
      <DistanceMeters>958</DistanceMeters>
      <HeartRateBpm>
       <Value>130</Value>
      </HeartRateBpm>
      <Cadence>83</Cadence>
      <Extensions>
       <Speed>10.850000</Speed>
      </Extensions>
     </Trackpoint>
     <Trackpoint>
      <Time>2026-08-04T05:04:27Z</Time>
      <Position>
       <LatitudeDegrees>45.4284886</LatitudeDegrees>
       <LongitudeDegrees>4.3987367</LongitudeDegrees>
      </Position>
      <AltitudeMeters>553</AltitudeMeters>
      <DistanceMeters>961</DistanceMeters>
      <HeartRateBpm>
       <Value>131</Value>
      </HeartRateBpm>
      <Cadence>83</Cadence>
      <Extensions>
       <Speed>10.850000</Speed>
      </Extensions>
     </Trackpoint>
     <Trackpoint>
      <Time>2026-08-04T05:04:28Z</Time>
      <Position>
       <LatitudeDegrees>45.4284974</LatitudeDegrees>
       <LongitudeDegrees>4.3987139</LongitudeDegrees>
      </Position>
      <AltitudeMeters>553</AltitudeMeters>
      <DistanceMeters>964</DistanceMeters>
      <HeartRateBpm>
       <Value>131</Value>
      </HeartRateBpm>
      <Cadence>83</Cadence>
      <Extensions>
       <Speed>10.850000</Speed>
      </Extensions>
     </Trackpoint>
     <Trackpoint>
      <Time>2026-08-04T05:04:29Z</Time>
      <Position>
       <LatitudeDegrees>45.4285235</LatitudeDegrees>
       <LongitudeDegrees>4.3986461</LongitudeDegrees>
      </Position>
      <AltitudeMeters>553</AltitudeMeters>
      <DistanceMeters>967</DistanceMeters>
      <HeartRateBpm>
       <Value>131</Value>
      </HeartRateBpm>
      <Cadence>84</Cadence>
      <Extensions>
       <Speed>10.840000</Speed>
      </Extensions>
     </Trackpoint>
     <Trackpoint>
      <Time>2026-08-04T05:04:30Z</Time>
      <Position>
       <LatitudeDegrees>45.4285331</LatitudeDegrees>
       <LongitudeDegrees>4.3986238</LongitudeDegrees>
      </Position>
      <AltitudeMeters>553</AltitudeMeters>
      <DistanceMeters>970</DistanceMeters>
      <HeartRateBpm>
       <Value>130</Value>
      </HeartRateBpm>
      <Cadence>84</Cadence>
      <Extensions>
       <Speed>10.840000</Speed>
      </Extensions>
     </Trackpoint>
     <Trackpoint>
      <Time>2026-08-04T05:04:31Z</Time>
      <Position>
       <LatitudeDegrees>45.4285427</LatitudeDegrees>
       <LongitudeDegrees>4.3986016</LongitudeDegrees>
      </Position>
      <AltitudeMeters>553</AltitudeMeters>
      <DistanceMeters>973</DistanceMeters>
      <HeartRateBpm>
       <Value>131</Value>
      </HeartRateBpm>
      <Cadence>84</Cadence>
      <Extensions>
       <Speed>10.840000</Speed>
      </Extensions>
     </Trackpoint>
     <Trackpoint>
      <Time>2026-08-04T05:04:32Z</Time>
      <Position>
       <LatitudeDegrees>45.4285524</LatitudeDegrees>
       <LongitudeDegrees>4.3985794</LongitudeDegrees>
      </Position>
      <AltitudeMeters>553</AltitudeMeters>
      <DistanceMeters>976</DistanceMeters>
      <HeartRateBpm>
       <Value>130</Value>
      </HeartRateBpm>
      <Cadence>84</Cadence>
      <Extensions>
       <Speed>10.840000</Speed>
      </Extensions>
     </Trackpoint>
     <Trackpoint>
      <Time>2026-08-04T05:04:33Z</Time>
      <Position>
       <LatitudeDegrees>45.4285823</LatitudeDegrees>
       <LongitudeDegrees>4.3985198</LongitudeDegrees>
      </Position>
      <AltitudeMeters>553</AltitudeMeters>
      <DistanceMeters>978</DistanceMeters>
      <HeartRateBpm>
       <Value>130</Value>
      </HeartRateBpm>
      <Cadence>84</Cadence>
      <Extensions>
       <Speed>10.840000</Speed>
      </Extensions>
     </Trackpoint>
     <Trackpoint>
      <Time>2026-08-04T05:04:34Z</Time>
      <Position>
       <LatitudeDegrees>45.4285931</LatitudeDegrees>
       <LongitudeDegrees>4.3985012</LongitudeDegrees>
      </Position>
      <AltitudeMeters>553</AltitudeMeters>
      <DistanceMeters>981</DistanceMeters>
      <HeartRateBpm>
       <Value>131</Value>
      </HeartRateBpm>
      <Cadence>84</Cadence>
      <Extensions>
       <Speed>10.840000</Speed>
      </Extensions>
     </Trackpoint>
     <Trackpoint>
      <Time>2026-08-04T05:04:35Z</Time>
      <Position>
       <LatitudeDegrees>45.4286039</LatitudeDegrees>
       <LongitudeDegrees>4.3984826</LongitudeDegrees>
      </Position>
      <AltitudeMeters>552</AltitudeMeters>
      <DistanceMeters>984</DistanceMeters>
      <HeartRateBpm>
       <Value>130</Value>
      </HeartRateBpm>
      <Cadence>83</Cadence>
      <Extensions>
       <Speed>10.830000</Speed>
      </Extensions>
     </Trackpoint>
     <Trackpoint>
      <Time>2026-08-04T05:04:36Z</Time>
      <Position>
       <LatitudeDegrees>45.4286148</LatitudeDegrees>
       <LongitudeDegrees>4.3984641</LongitudeDegrees>
      </Position>
      <AltitudeMeters>552</AltitudeMeters>
      <DistanceMeters>988</DistanceMeters>
      <HeartRateBpm>
       <Value>131</Value>
      </HeartRateBpm>
      <Cadence>83</Cadence>
      <Extensions>
       <Speed>10.830000</Speed>
      </Extensions>
     </Trackpoint>
     <Trackpoint>
      <Time>2026-08-04T05:04:37Z</Time>
      <Position>
       <LatitudeDegrees>45.4286490</LatitudeDegrees>
       <LongitudeDegrees>4.3984058</LongitudeDegrees>
      </Position>
      <AltitudeMeters>552</AltitudeMeters>
      <DistanceMeters>991</DistanceMeters>
      <HeartRateBpm>
       <Value>131</Value>
      </HeartRateBpm>
      <Cadence>83</Cadence>
      <Extensions>
       <Speed>10.830000</Speed>
      </Extensions>
     </Trackpoint>
     <Trackpoint>
      <Time>2026-08-04T05:04:38Z</Time>
      <Position>
       <LatitudeDegrees>45.4286608</LatitudeDegrees>
       <LongitudeDegrees>4.3983855</LongitudeDegrees>
      </Position>
      <AltitudeMeters>552</AltitudeMeters>
      <DistanceMeters>994</DistanceMeters>
      <HeartRateBpm>
       <Value>132</Value>
      </HeartRateBpm>
      <Cadence>83</Cadence>
      <Extensions>
       <Speed>10.830000</Speed>
      </Extensions>
     </Trackpoint>
     <Trackpoint>
      <Time>2026-08-04T05:04:39Z</Time>
      <Position>
       <LatitudeDegrees>45.4286726</LatitudeDegrees>
       <LongitudeDegrees>4.3983652</LongitudeDegrees>
      </Position>
      <AltitudeMeters>552</AltitudeMeters>
      <DistanceMeters>997</DistanceMeters>
      <HeartRateBpm>
       <Value>133</Value>
      </HeartRateBpm>
      <Cadence>82</Cadence>
      <Extensions>
       <Speed>10.830000</Speed>
      </Extensions>
     </Trackpoint>
    </Track>
   </Lap>
   <Lap StartTime="2026-08-04T05:04:39Z">
    <TotalTimeSeconds>330</TotalTimeSeconds>
    <DistanceMeters>1000</DistanceMeters>
    <Intensity>Active</Intensity>
    <TriggerMethod>Manual</TriggerMethod>
    <MaximumHeartRateBpm>
     <Value>153</Value>
    </MaximumHeartRateBpm>
    <AverageHeartRateBpm>
     <Value>144</Value>
    </AverageHeartRateBpm>
    <Track>
     <Trackpoint>
      <Time>2026-08-04T05:04:39Z</Time>
      <Position>
       <LatitudeDegrees>45.4286726</LatitudeDegrees>
       <LongitudeDegrees>4.3983652</LongitudeDegrees>
      </Position>
      <AltitudeMeters>552</AltitudeMeters>
      <DistanceMeters>997</DistanceMeters>
      <HeartRateBpm>
       <Value>133</Value>
      </HeartRateBpm>
      <Cadence>82</Cadence>
      <Extensions>
       <Speed>10.830000</Speed>
      </Extensions>
     </Trackpoint>
     <Trackpoint>
      <Time>2026-08-04T05:04:40Z</Time>
      <Position>
       <LatitudeDegrees>45.4286844</LatitudeDegrees>
       <LongitudeDegrees>4.3983449</LongitudeDegrees>
      </Position>
      <AltitudeMeters>552</AltitudeMeters>
      <DistanceMeters>1000</DistanceMeters>
      <HeartRateBpm>
       <Value>133</Value>
      </HeartRateBpm>
      <Cadence>82</Cadence>
      <Extensions>
       <Speed>10.830000</Speed>
      </Extensions>
     </Trackpoint>
     <Trackpoint>
      <Time>2026-08-04T05:04:41Z</Time>
      <Position>
       <LatitudeDegrees>45.4287216</LatitudeDegrees>
       <LongitudeDegrees>4.3982823</LongitudeDegrees>
      </Position>
      <AltitudeMeters>552</AltitudeMeters>
      <DistanceMeters>1003</DistanceMeters>
      <HeartRateBpm>
       <Value>134</Value>
      </HeartRateBpm>
      <Cadence>82</Cadence>
      <Extensions>
       <Speed>10.830000</Speed>
      </Extensions>
     </Trackpoint>
     <Trackpoint>
      <Time>2026-08-04T05:04:42Z</Time>
      <Position>
       <LatitudeDegrees>45.4287337</LatitudeDegrees>
       <LongitudeDegrees>4.3982613</LongitudeDegrees>
      </Position>
      <AltitudeMeters>552</AltitudeMeters>
      <DistanceMeters>1006</DistanceMeters>
      <HeartRateBpm>
       <Value>135</Value>
      </HeartRateBpm>
      <Cadence>82</Cadence>
      <Extensions>
       <Speed>10.830000</Speed>
      </Extensions>
     </Trackpoint>
     <Trackpoint>
      <Time>2026-08-04T05:04:43Z</Time>
      <Position>
       <LatitudeDegrees>45.4287458</LatitudeDegrees>
       <LongitudeDegrees>4.3982403</LongitudeDegrees>
      </Position>
      <AltitudeMeters>552</AltitudeMeters>
      <DistanceMeters>1010</DistanceMeters>
      <HeartRateBpm>
       <Value>136</Value>
      </HeartRateBpm>
      <Cadence>82</Cadence>
      <Extensions>
       <Speed>10.830000</Speed>
      </Extensions>
     </Trackpoint>
     <Trackpoint>
      <Time>2026-08-04T05:04:44Z</Time>
      <Position>
       <LatitudeDegrees>45.4287580</LatitudeDegrees>
       <LongitudeDegrees>4.3982193</LongitudeDegrees>
      </Position>
      <AltitudeMeters>552</AltitudeMeters>
      <DistanceMeters>1013</DistanceMeters>
      <HeartRateBpm>
       <Value>136</Value>
      </HeartRateBpm>
      <Cadence>83</Cadence>
      <Extensions>
       <Speed>10.840000</Speed>
      </Extensions>
     </Trackpoint>
     <Trackpoint>
      <Time>2026-08-04T05:04:45Z</Time>
      <Position>
       <LatitudeDegrees>45.4287916</LatitudeDegrees>
       <LongitudeDegrees>4.3981583</LongitudeDegrees>
      </Position>
      <AltitudeMeters>552</AltitudeMeters>
      <DistanceMeters>1016</DistanceMeters>
      <HeartRateBpm>
       <Value>136</Value>
      </HeartRateBpm>
      <Cadence>83</Cadence>
      <Extensions>
       <Speed>10.840000</Speed>
      </Extensions>
     </Trackpoint>
     <Trackpoint>
      <Time>2026-08-04T05:04:46Z</Time>
      <Position>
       <LatitudeDegrees>45.4288026</LatitudeDegrees>
       <LongitudeDegrees>4.3981385</LongitudeDegrees>
      </Position>
      <AltitudeMeters>552</AltitudeMeters>
      <DistanceMeters>1018</DistanceMeters>
      <HeartRateBpm>
       <Value>136</Value>
      </HeartRateBpm>
      <Cadence>83</Cadence>
      <Extensions>
       <Speed>10.850000</Speed>
      </Extensions>
     </Trackpoint>
     <Trackpoint>
      <Time>2026-08-04T05:04:47Z</Time>
      <Position>
       <LatitudeDegrees>45.4288136</LatitudeDegrees>
       <LongitudeDegrees>4.3981188</LongitudeDegrees>
      </Position>
      <AltitudeMeters>552</AltitudeMeters>
      <DistanceMeters>1021</DistanceMeters>
      <HeartRateBpm>
       <Value>137</Value>
      </HeartRateBpm>
      <Cadence>83</Cadence>
      <Extensions>
       <Speed>10.850000</Speed>
      </Extensions>
     </Trackpoint>
     <Trackpoint>
      <Time>2026-08-04T05:04:48Z</Time>
      <Position>
       <LatitudeDegrees>45.4288246</LatitudeDegrees>
       <LongitudeDegrees>4.3980991</LongitudeDegrees>
      </Position>
      <AltitudeMeters>552</AltitudeMeters>
      <DistanceMeters>1024</DistanceMeters>
      <HeartRateBpm>
       <Value>137</Value>
      </HeartRateBpm>
      <Cadence>83</Cadence>
      <Extensions>
       <Speed>10.860000</Speed>
      </Extensions>
     </Trackpoint>
     <Trackpoint>
      <Time>2026-08-04T05:04:49Z</Time>
      <Position>
       <LatitudeDegrees>45.4288609</LatitudeDegrees>
       <LongitudeDegrees>4.3980414</LongitudeDegrees>
      </Position>
      <AltitudeMeters>552</AltitudeMeters>
      <DistanceMeters>1027</DistanceMeters>
      <HeartRateBpm>
       <Value>137</Value>
      </HeartRateBpm>
      <Cadence>83</Cadence>
      <Extensions>
       <Speed>10.860000</Speed>
      </Extensions>
     </Trackpoint>
     <Trackpoint>
      <Time>2026-08-04T05:04:50Z</Time>
      <Position>
       <LatitudeDegrees>45.4288730</LatitudeDegrees>
       <LongitudeDegrees>4.3980221</LongitudeDegrees>
      </Position>
      <AltitudeMeters>552</AltitudeMeters>
      <DistanceMeters>1030</DistanceMeters>
      <HeartRateBpm>
       <Value>137</Value>
      </HeartRateBpm>
      <Cadence>83</Cadence>
      <Extensions>
       <Speed>10.860000</Speed>
      </Extensions>
     </Trackpoint>
     <Trackpoint>
      <Time>2026-08-04T05:04:51Z</Time>
      <Position>
       <LatitudeDegrees>45.4288851</LatitudeDegrees>
       <LongitudeDegrees>4.3980029</LongitudeDegrees>
      </Position>
      <AltitudeMeters>551</AltitudeMeters>
      <DistanceMeters>1033</DistanceMeters>
      <HeartRateBpm>
       <Value>138</Value>
      </HeartRateBpm>
      <Cadence>83</Cadence>
      <Extensions>
       <Speed>10.860000</Speed>
      </Extensions>
     </Trackpoint>
     <Trackpoint>
      <Time>2026-08-04T05:04:52Z</Time>
      <Position>
       <LatitudeDegrees>45.4288973</LatitudeDegrees>
       <LongitudeDegrees>4.3979837</LongitudeDegrees>
      </Position>
      <AltitudeMeters>551</AltitudeMeters>
      <DistanceMeters>1036</DistanceMeters>
      <HeartRateBpm>
       <Value>138</Value>
      </HeartRateBpm>
      <Cadence>83</Cadence>
      <Extensions>
       <Speed>10.870000</Speed>
      </Extensions>
     </Trackpoint>
     <Trackpoint>
      <Time>2026-08-04T05:04:53Z</Time>
      <Position>
       <LatitudeDegrees>45.4289318</LatitudeDegrees>
       <LongitudeDegrees>4.3979264</LongitudeDegrees>
      </Position>
      <AltitudeMeters>551</AltitudeMeters>
      <DistanceMeters>1039</DistanceMeters>
      <HeartRateBpm>
       <Value>138</Value>
      </HeartRateBpm>
      <Cadence>82</Cadence>
      <Extensions>
       <Speed>10.870000</Speed>
      </Extensions>
     </Trackpoint>
     <Trackpoint>
      <Time>2026-08-04T05:04:54Z</Time>
      <Position>
       <LatitudeDegrees>45.4289438</LatitudeDegrees>
       <LongitudeDegrees>4.3979082</LongitudeDegrees>
      </Position>
      <AltitudeMeters>551</AltitudeMeters>
      <DistanceMeters>1042</DistanceMeters>
      <HeartRateBpm>
       <Value>139</Value>
      </HeartRateBpm>
      <Cadence>82</Cadence>
      <Extensions>
       <Speed>10.870000</Speed>
      </Extensions>
     </Trackpoint>
     <Trackpoint>
      <Time>2026-08-04T05:04:55Z</Time>
      <Position>
       <LatitudeDegrees>45.4289558</LatitudeDegrees>
       <LongitudeDegrees>4.3978901</LongitudeDegrees>
      </Position>
      <AltitudeMeters>551</AltitudeMeters>
      <DistanceMeters>1045</DistanceMeters>
      <HeartRateBpm>
       <Value>139</Value>
      </HeartRateBpm>
      <Cadence>82</Cadence>
      <Extensions>
       <Speed>10.870000</Speed>
      </Extensions>
     </Trackpoint>
     <Trackpoint>
      <Time>2026-08-04T05:04:56Z</Time>
      <Position>
       <LatitudeDegrees>45.4289679</LatitudeDegrees>
       <LongitudeDegrees>4.3978720</LongitudeDegrees>
      </Position>
      <AltitudeMeters>551</AltitudeMeters>
      <DistanceMeters>1048</DistanceMeters>
      <HeartRateBpm>
       <Value>139</Value>
      </HeartRateBpm>
      <Cadence>83</Cadence>
      <Extensions>
       <Speed>10.870000</Speed>
      </Extensions>
     </Trackpoint>
     <Trackpoint>
      <Time>2026-08-04T05:04:57Z</Time>
      <Position>
       <LatitudeDegrees>45.4290047</LatitudeDegrees>
       <LongitudeDegrees>4.3978153</LongitudeDegrees>
      </Position>
      <AltitudeMeters>551</AltitudeMeters>
      <DistanceMeters>1052</DistanceMeters>
      <HeartRateBpm>
       <Value>139</Value>
      </HeartRateBpm>
      <Cadence>82</Cadence>
      <Extensions>
       <Speed>10.870000</Speed>
      </Extensions>
     </Trackpoint>
     <Trackpoint>
      <Time>2026-08-04T05:04:58Z</Time>
      <Position>
       <LatitudeDegrees>45.4290175</LatitudeDegrees>
       <LongitudeDegrees>4.3977954</LongitudeDegrees>
      </Position>
      <AltitudeMeters>551</AltitudeMeters>
      <DistanceMeters>1055</DistanceMeters>
      <HeartRateBpm>
       <Value>138</Value>
      </HeartRateBpm>
      <Cadence>82</Cadence>
      <Extensions>
       <Speed>10.870000</Speed>
      </Extensions>
     </Trackpoint>
     <Trackpoint>
      <Time>2026-08-04T05:04:59Z</Time>
      <Position>
       <LatitudeDegrees>45.4290304</LatitudeDegrees>
       <LongitudeDegrees>4.3977755</LongitudeDegrees>
      </Position>
      <AltitudeMeters>551</AltitudeMeters>
      <DistanceMeters>1058</DistanceMeters>
      <HeartRateBpm>
       <Value>137</Value>
      </HeartRateBpm>
      <Cadence>82</Cadence>
      <Extensions>
       <Speed>10.870000</Speed>
      </Extensions>
     </Trackpoint>
     <Trackpoint>
      <Time>2026-08-04T05:05:00Z</Time>
      <Position>
       <LatitudeDegrees>45.4290433</LatitudeDegrees>
       <LongitudeDegrees>4.3977557</LongitudeDegrees>
      </Position>
      <AltitudeMeters>551</AltitudeMeters>
      <DistanceMeters>1061</DistanceMeters>
      <HeartRateBpm>
       <Value>137</Value>
      </HeartRateBpm>
      <Cadence>83</Cadence>
      <Extensions>
       <Speed>10.880000</Speed>
      </Extensions>
     </Trackpoint>
     <Trackpoint>
      <Time>2026-08-04T05:05:01Z</Time>
      <Position>
       <LatitudeDegrees>45.4290823</LatitudeDegrees>
       <LongitudeDegrees>4.3976974</LongitudeDegrees>
      </Position>
      <AltitudeMeters>551</AltitudeMeters>
      <DistanceMeters>1064</DistanceMeters>
      <HeartRateBpm>
       <Value>137</Value>
      </HeartRateBpm>
      <Cadence>83</Cadence>
      <Extensions>
       <Speed>10.880000</Speed>
      </Extensions>
     </Trackpoint>
     <Trackpoint>
      <Time>2026-08-04T05:05:02Z</Time>
      <Position>
       <LatitudeDegrees>45.4290953</LatitudeDegrees>
       <LongitudeDegrees>4.3976774</LongitudeDegrees>
      </Position>
      <AltitudeMeters>551</AltitudeMeters>
      <DistanceMeters>1067</DistanceMeters>
      <HeartRateBpm>
       <Value>137</Value>
      </HeartRateBpm>
      <Cadence>83</Cadence>
      <Extensions>
       <Speed>10.890000</Speed>
      </Extensions>
     </Trackpoint>
     <Trackpoint>
      <Time>2026-08-04T05:05:03Z</Time>
      <Position>
       <LatitudeDegrees>45.4291083</LatitudeDegrees>
       <LongitudeDegrees>4.3976575</LongitudeDegrees>
      </Position>
      <AltitudeMeters>551</AltitudeMeters>
      <DistanceMeters>1070</DistanceMeters>
      <HeartRateBpm>
       <Value>137</Value>
      </HeartRateBpm>
      <Cadence>83</Cadence>
      <Extensions>
       <Speed>10.890000</Speed>
      </Extensions>
     </Trackpoint>
     <Trackpoint>
      <Time>2026-08-04T05:05:04Z</Time>
      <Position>
       <LatitudeDegrees>45.4291214</LatitudeDegrees>
       <LongitudeDegrees>4.3976376</LongitudeDegrees>
      </Position>
      <AltitudeMeters>551</AltitudeMeters>
      <DistanceMeters>1074</DistanceMeters>
      <HeartRateBpm>
       <Value>136</Value>
      </HeartRateBpm>
      <Cadence>83</Cadence>
      <Extensions>
       <Speed>10.900000</Speed>
      </Extensions>
     </Trackpoint>
     <Trackpoint>
      <Time>2026-08-04T05:05:05Z</Time>
      <Position>
       <LatitudeDegrees>45.4291583</LatitudeDegrees>
       <LongitudeDegrees>4.3975818</LongitudeDegrees>
      </Position>
      <AltitudeMeters>551</AltitudeMeters>
      <DistanceMeters>1076</DistanceMeters>
      <HeartRateBpm>
       <Value>136</Value>
      </HeartRateBpm>
      <Cadence>83</Cadence>
      <Extensions>
       <Speed>10.900000</Speed>
      </Extensions>
     </Trackpoint>
     <Trackpoint>
      <Time>2026-08-04T05:05:06Z</Time>
      <Position>
       <LatitudeDegrees>45.4291709</LatitudeDegrees>
       <LongitudeDegrees>4.3975654</LongitudeDegrees>
      </Position>
      <AltitudeMeters>551</AltitudeMeters>
      <DistanceMeters>1079</DistanceMeters>
      <HeartRateBpm>
       <Value>135</Value>
      </HeartRateBpm>
      <Cadence>83</Cadence>
      <Extensions>
       <Speed>10.910000</Speed>
      </Extensions>
     </Trackpoint>
     <Trackpoint>
      <Time>2026-08-04T05:05:07Z</Time>
      <Position>
       <LatitudeDegrees>45.4291835</LatitudeDegrees>
       <LongitudeDegrees>4.3975490</LongitudeDegrees>
      </Position>
      <AltitudeMeters>550</AltitudeMeters>
      <DistanceMeters>1082</DistanceMeters>
      <HeartRateBpm>
       <Value>135</Value>
      </HeartRateBpm>
      <Cadence>83</Cadence>
      <Extensions>
       <Speed>10.910000</Speed>
      </Extensions>
     </Trackpoint>
     <Trackpoint>
      <Time>2026-08-04T05:05:08Z</Time>
      <Position>
       <LatitudeDegrees>45.4291962</LatitudeDegrees>
       <LongitudeDegrees>4.3975326</LongitudeDegrees>
      </Position>
      <AltitudeMeters>550</AltitudeMeters>
      <DistanceMeters>1085</DistanceMeters>
      <HeartRateBpm>
       <Value>135</Value>
      </HeartRateBpm>
      <Cadence>83</Cadence>
      <Extensions>
       <Speed>10.910000</Speed>
      </Extensions>
     </Trackpoint>
     <Trackpoint>
      <Time>2026-08-04T05:05:09Z</Time>
      <Position>
       <LatitudeDegrees>45.4292366</LatitudeDegrees>
       <LongitudeDegrees>4.3974841</LongitudeDegrees>
      </Position>
      <AltitudeMeters>550</AltitudeMeters>
      <DistanceMeters>1088</DistanceMeters>
      <HeartRateBpm>
       <Value>135</Value>
      </HeartRateBpm>
      <Cadence>83</Cadence>
      <Extensions>
       <Speed>10.910000</Speed>
      </Extensions>
     </Trackpoint>
     <Trackpoint>
      <Time>2026-08-04T05:05:10Z</Time>
      <Position>
       <LatitudeDegrees>45.4292507</LatitudeDegrees>
       <LongitudeDegrees>4.3974679</LongitudeDegrees>
      </Position>
      <AltitudeMeters>550</AltitudeMeters>
      <DistanceMeters>1091</DistanceMeters>
      <HeartRateBpm>
       <Value>134</Value>
      </HeartRateBpm>
      <Cadence>83</Cadence>
      <Extensions>
       <Speed>10.910000</Speed>
      </Extensions>
     </Trackpoint>
     <Trackpoint>
      <Time>2026-08-04T05:05:11Z</Time>
      <Position>
       <LatitudeDegrees>45.4292649</LatitudeDegrees>
       <LongitudeDegrees>4.3974517</LongitudeDegrees>
      </Position>
      <AltitudeMeters>550</AltitudeMeters>
      <DistanceMeters>1094</DistanceMeters>
      <HeartRateBpm>
       <Value>134</Value>
      </HeartRateBpm>
      <Cadence>83</Cadence>
      <Extensions>
       <Speed>10.910000</Speed>
      </Extensions>
     </Trackpoint>
     <Trackpoint>
      <Time>2026-08-04T05:05:12Z</Time>
      <Position>
       <LatitudeDegrees>45.4292791</LatitudeDegrees>
       <LongitudeDegrees>4.3974355</LongitudeDegrees>
      </Position>
      <AltitudeMeters>550</AltitudeMeters>
      <DistanceMeters>1097</DistanceMeters>
      <HeartRateBpm>
       <Value>133</Value>
      </HeartRateBpm>
      <Cadence>83</Cadence>
      <Extensions>
       <Speed>10.910000</Speed>
      </Extensions>
     </Trackpoint>
     <Trackpoint>
      <Time>2026-08-04T05:05:13Z</Time>
      <Position>
       <LatitudeDegrees>45.4293217</LatitudeDegrees>
       <LongitudeDegrees>4.3973868</LongitudeDegrees>
      </Position>
      <AltitudeMeters>550</AltitudeMeters>
      <DistanceMeters>1100</DistanceMeters>
      <HeartRateBpm>
       <Value>133</Value>
      </HeartRateBpm>
      <Cadence>83</Cadence>
      <Extensions>
       <Speed>10.910000</Speed>
      </Extensions>
     </Trackpoint>
     <Trackpoint>
      <Time>2026-08-04T05:05:14Z</Time>
      <Position>
       <LatitudeDegrees>45.4293355</LatitudeDegrees>
       <LongitudeDegrees>4.3973700</LongitudeDegrees>
      </Position>
      <AltitudeMeters>550</AltitudeMeters>
      <DistanceMeters>1103</DistanceMeters>
      <HeartRateBpm>
       <Value>132</Value>
      </HeartRateBpm>
      <Cadence>83</Cadence>
      <Extensions>
       <Speed>10.910000</Speed>
      </Extensions>
     </Trackpoint>
     <Trackpoint>
      <Time>2026-08-04T05:05:15Z</Time>
      <Position>
       <LatitudeDegrees>45.4293493</LatitudeDegrees>
       <LongitudeDegrees>4.3973533</LongitudeDegrees>
      </Position>
      <AltitudeMeters>550</AltitudeMeters>
      <DistanceMeters>1106</DistanceMeters>
      <HeartRateBpm>
       <Value>132</Value>
      </HeartRateBpm>
      <Cadence>83</Cadence>
      <Extensions>
       <Speed>10.910000</Speed>
      </Extensions>
     </Trackpoint>
     <Trackpoint>
      <Time>2026-08-04T05:05:16Z</Time>
      <Position>
       <LatitudeDegrees>45.4293632</LatitudeDegrees>
       <LongitudeDegrees>4.3973366</LongitudeDegrees>
      </Position>
      <AltitudeMeters>550</AltitudeMeters>
      <DistanceMeters>1109</DistanceMeters>
      <HeartRateBpm>
       <Value>132</Value>
      </HeartRateBpm>
      <Cadence>83</Cadence>
      <Extensions>
       <Speed>10.920000</Speed>
      </Extensions>
     </Trackpoint>
     <Trackpoint>
      <Time>2026-08-04T05:05:17Z</Time>
      <Position>
       <LatitudeDegrees>45.4294051</LatitudeDegrees>
       <LongitudeDegrees>4.3972871</LongitudeDegrees>
      </Position>
      <AltitudeMeters>550</AltitudeMeters>
      <DistanceMeters>1112</DistanceMeters>
      <HeartRateBpm>
       <Value>132</Value>
      </HeartRateBpm>
      <Cadence>82</Cadence>
      <Extensions>
       <Speed>10.920000</Speed>
      </Extensions>
     </Trackpoint>
     <Trackpoint>
      <Time>2026-08-04T05:05:18Z</Time>
      <Position>
       <LatitudeDegrees>45.4294196</LatitudeDegrees>
       <LongitudeDegrees>4.3972709</LongitudeDegrees>
      </Position>
      <AltitudeMeters>550</AltitudeMeters>
      <DistanceMeters>1115</DistanceMeters>
      <HeartRateBpm>
       <Value>132</Value>
      </HeartRateBpm>
      <Cadence>82</Cadence>
      <Extensions>
       <Speed>10.920000</Speed>
      </Extensions>
     </Trackpoint>
     <Trackpoint>
      <Time>2026-08-04T05:05:19Z</Time>
      <Position>
       <LatitudeDegrees>45.4294342</LatitudeDegrees>
       <LongitudeDegrees>4.3972547</LongitudeDegrees>
      </Position>
      <AltitudeMeters>550</AltitudeMeters>
      <DistanceMeters>1118</DistanceMeters>
      <HeartRateBpm>
       <Value>132</Value>
      </HeartRateBpm>
      <Cadence>82</Cadence>
      <Extensions>
       <Speed>10.920000</Speed>
      </Extensions>
     </Trackpoint>
     <Trackpoint>
      <Time>2026-08-04T05:05:20Z</Time>
      <Position>
       <LatitudeDegrees>45.4294488</LatitudeDegrees>
       <LongitudeDegrees>4.3972385</LongitudeDegrees>
      </Position>
      <AltitudeMeters>550</AltitudeMeters>
      <DistanceMeters>1121</DistanceMeters>
      <HeartRateBpm>
       <Value>132</Value>
      </HeartRateBpm>
      <Cadence>82</Cadence>
      <Extensions>
       <Speed>10.930000</Speed>
      </Extensions>
     </Trackpoint>
     <Trackpoint>
      <Time>2026-08-04T05:05:21Z</Time>
      <Position>
       <LatitudeDegrees>45.4294920</LatitudeDegrees>
       <LongitudeDegrees>4.3971907</LongitudeDegrees>
      </Position>
      <AltitudeMeters>550</AltitudeMeters>
      <DistanceMeters>1124</DistanceMeters>
      <HeartRateBpm>
       <Value>131</Value>
      </HeartRateBpm>
      <Cadence>82</Cadence>
      <Extensions>
       <Speed>10.930000</Speed>
      </Extensions>
     </Trackpoint>
     <Trackpoint>
      <Time>2026-08-04T05:05:22Z</Time>
      <Position>
       <LatitudeDegrees>45.4295056</LatitudeDegrees>
       <LongitudeDegrees>4.3971758</LongitudeDegrees>
      </Position>
      <AltitudeMeters>550</AltitudeMeters>
      <DistanceMeters>1127</DistanceMeters>
      <HeartRateBpm>
       <Value>131</Value>
      </HeartRateBpm>
      <Cadence>82</Cadence>
      <Extensions>
       <Speed>10.930000</Speed>
      </Extensions>
     </Trackpoint>
     <Trackpoint>
      <Time>2026-08-04T05:05:23Z</Time>
      <Position>
       <LatitudeDegrees>45.4295192</LatitudeDegrees>
       <LongitudeDegrees>4.3971609</LongitudeDegrees>
      </Position>
      <AltitudeMeters>549</AltitudeMeters>
      <DistanceMeters>1130</DistanceMeters>
      <HeartRateBpm>
       <Value>132</Value>
      </HeartRateBpm>
      <Cadence>82</Cadence>
      <Extensions>
       <Speed>10.930000</Speed>
      </Extensions>
     </Trackpoint>
     <Trackpoint>
      <Time>2026-08-04T05:05:24Z</Time>
      <Position>
       <LatitudeDegrees>45.4295328</LatitudeDegrees>
       <LongitudeDegrees>4.3971460</LongitudeDegrees>
      </Position>
      <AltitudeMeters>549</AltitudeMeters>
      <DistanceMeters>1133</DistanceMeters>
      <HeartRateBpm>
       <Value>132</Value>
      </HeartRateBpm>
      <Cadence>82</Cadence>
      <Extensions>
       <Speed>10.940000</Speed>
      </Extensions>
     </Trackpoint>
     <Trackpoint>
      <Time>2026-08-04T05:05:25Z</Time>
      <Position>
       <LatitudeDegrees>45.4295770</LatitudeDegrees>
       <LongitudeDegrees>4.3970995</LongitudeDegrees>
      </Position>
      <AltitudeMeters>549</AltitudeMeters>
      <DistanceMeters>1136</DistanceMeters>
      <HeartRateBpm>
       <Value>132</Value>
      </HeartRateBpm>
      <Cadence>82</Cadence>
      <Extensions>
       <Speed>10.940000</Speed>
      </Extensions>
     </Trackpoint>
     <Trackpoint>
      <Time>2026-08-04T05:05:26Z</Time>
      <Position>
       <LatitudeDegrees>45.4295924</LatitudeDegrees>
       <LongitudeDegrees>4.3970848</LongitudeDegrees>
      </Position>
      <AltitudeMeters>549</AltitudeMeters>
      <DistanceMeters>1139</DistanceMeters>
      <HeartRateBpm>
       <Value>132</Value>
      </HeartRateBpm>
      <Cadence>82</Cadence>
      <Extensions>
       <Speed>10.940000</Speed>
      </Extensions>
     </Trackpoint>
     <Trackpoint>
      <Time>2026-08-04T05:05:27Z</Time>
      <Position>
       <LatitudeDegrees>45.4296079</LatitudeDegrees>
       <LongitudeDegrees>4.3970702</LongitudeDegrees>
      </Position>
      <AltitudeMeters>549</AltitudeMeters>
      <DistanceMeters>1142</DistanceMeters>
      <HeartRateBpm>
       <Value>132</Value>
      </HeartRateBpm>
      <Cadence>82</Cadence>
      <Extensions>
       <Speed>10.940000</Speed>
      </Extensions>
     </Trackpoint>
     <Trackpoint>
      <Time>2026-08-04T05:05:28Z</Time>
      <Position>
       <LatitudeDegrees>45.4296234</LatitudeDegrees>
       <LongitudeDegrees>4.3970556</LongitudeDegrees>
      </Position>
      <AltitudeMeters>549</AltitudeMeters>
      <DistanceMeters>1146</DistanceMeters>
      <HeartRateBpm>
       <Value>133</Value>
      </HeartRateBpm>
      <Cadence>83</Cadence>
      <Extensions>
       <Speed>10.940000</Speed>
      </Extensions>
     </Trackpoint>
     <Trackpoint>
      <Time>2026-08-04T05:05:29Z</Time>
      <Position>
       <LatitudeDegrees>45.4296725</LatitudeDegrees>
       <LongitudeDegrees>4.3970106</LongitudeDegrees>
      </Position>
      <AltitudeMeters>549</AltitudeMeters>
      <DistanceMeters>1150</DistanceMeters>
      <HeartRateBpm>
       <Value>133</Value>
      </HeartRateBpm>
      <Cadence>83</Cadence>
      <Extensions>
       <Speed>10.940000</Speed>
      </Extensions>
     </Trackpoint>
     <Trackpoint>
      <Time>2026-08-04T05:05:30Z</Time>
      <Position>
       <LatitudeDegrees>45.4296890</LatitudeDegrees>
       <LongitudeDegrees>4.3969952</LongitudeDegrees>
      </Position>
      <AltitudeMeters>549</AltitudeMeters>
      <DistanceMeters>1153</DistanceMeters>
      <HeartRateBpm>
       <Value>133</Value>
      </HeartRateBpm>
      <Cadence>83</Cadence>
      <Extensions>
       <Speed>10.940000</Speed>
      </Extensions>
     </Trackpoint>
     <Trackpoint>
      <Time>2026-08-04T05:05:31Z</Time>
      <Position>
       <LatitudeDegrees>45.4297055</LatitudeDegrees>
       <LongitudeDegrees>4.3969798</LongitudeDegrees>
      </Position>
      <AltitudeMeters>549</AltitudeMeters>
      <DistanceMeters>1156</DistanceMeters>
      <HeartRateBpm>
       <Value>134</Value>
      </HeartRateBpm>
      <Cadence>83</Cadence>
      <Extensions>
       <Speed>10.950000</Speed>
      </Extensions>
     </Trackpoint>
     <Trackpoint>
      <Time>2026-08-04T05:05:32Z</Time>
      <Position>
       <LatitudeDegrees>45.4297220</LatitudeDegrees>
       <LongitudeDegrees>4.3969645</LongitudeDegrees>
      </Position>
      <AltitudeMeters>549</AltitudeMeters>
      <DistanceMeters>1159</DistanceMeters>
      <HeartRateBpm>
       <Value>134</Value>
      </HeartRateBpm>
      <Cadence>83</Cadence>
      <Extensions>
       <Speed>10.960000</Speed>
      </Extensions>
     </Trackpoint>
     <Trackpoint>
      <Time>2026-08-04T05:05:33Z</Time>
      <Position>
       <LatitudeDegrees>45.4297680</LatitudeDegrees>
       <LongitudeDegrees>4.3969185</LongitudeDegrees>
      </Position>
      <AltitudeMeters>549</AltitudeMeters>
      <DistanceMeters>1162</DistanceMeters>
      <HeartRateBpm>
       <Value>134</Value>
      </HeartRateBpm>
      <Cadence>83</Cadence>
      <Extensions>
       <Speed>10.960000</Speed>
      </Extensions>
     </Trackpoint>
     <Trackpoint>
      <Time>2026-08-04T05:05:34Z</Time>
      <Position>
       <LatitudeDegrees>45.4297819</LatitudeDegrees>
       <LongitudeDegrees>4.3969029</LongitudeDegrees>
      </Position>
      <AltitudeMeters>549</AltitudeMeters>
      <DistanceMeters>1164</DistanceMeters>
      <HeartRateBpm>
       <Value>135</Value>
      </HeartRateBpm>
      <Cadence>83</Cadence>
      <Extensions>
       <Speed>10.970000</Speed>
      </Extensions>
     </Trackpoint>
     <Trackpoint>
      <Time>2026-08-04T05:05:35Z</Time>
      <Position>
       <LatitudeDegrees>45.4297958</LatitudeDegrees>
       <LongitudeDegrees>4.3968874</LongitudeDegrees>
      </Position>
      <AltitudeMeters>549</AltitudeMeters>
      <DistanceMeters>1167</DistanceMeters>
      <HeartRateBpm>
       <Value>135</Value>
      </HeartRateBpm>
      <Cadence>83</Cadence>
      <Extensions>
       <Speed>10.970000</Speed>
      </Extensions>
     </Trackpoint>
     <Trackpoint>
      <Time>2026-08-04T05:05:36Z</Time>
      <Position>
       <LatitudeDegrees>45.4298098</LatitudeDegrees>
       <LongitudeDegrees>4.3968719</LongitudeDegrees>
      </Position>
      <AltitudeMeters>549</AltitudeMeters>
      <DistanceMeters>1170</DistanceMeters>
      <HeartRateBpm>
       <Value>136</Value>
      </HeartRateBpm>
      <Cadence>83</Cadence>
      <Extensions>
       <Speed>10.980000</Speed>
      </Extensions>
     </Trackpoint>
     <Trackpoint>
      <Time>2026-08-04T05:05:37Z</Time>
      <Position>
       <LatitudeDegrees>45.4298505</LatitudeDegrees>
       <LongitudeDegrees>4.3968233</LongitudeDegrees>
      </Position>
      <AltitudeMeters>549</AltitudeMeters>
      <DistanceMeters>1174</DistanceMeters>
      <HeartRateBpm>
       <Value>136</Value>
      </HeartRateBpm>
      <Cadence>83</Cadence>
      <Extensions>
       <Speed>10.980000</Speed>
      </Extensions>
     </Trackpoint>
     <Trackpoint>
      <Time>2026-08-04T05:05:38Z</Time>
      <Position>
       <LatitudeDegrees>45.4298650</LatitudeDegrees>
       <LongitudeDegrees>4.3968073</LongitudeDegrees>
      </Position>
      <AltitudeMeters>549</AltitudeMeters>
      <DistanceMeters>1177</DistanceMeters>
      <HeartRateBpm>
       <Value>137</Value>
      </HeartRateBpm>
      <Cadence>83</Cadence>
      <Extensions>
       <Speed>10.990000</Speed>
      </Extensions>
     </Trackpoint>
     <Trackpoint>
      <Time>2026-08-04T05:05:39Z</Time>
      <Position>
       <LatitudeDegrees>45.4298796</LatitudeDegrees>
       <LongitudeDegrees>4.3967913</LongitudeDegrees>
      </Position>
      <AltitudeMeters>549</AltitudeMeters>
      <DistanceMeters>1180</DistanceMeters>
      <HeartRateBpm>
       <Value>137</Value>
      </HeartRateBpm>
      <Cadence>83</Cadence>
      <Extensions>
       <Speed>10.990000</Speed>
      </Extensions>
     </Trackpoint>
     <Trackpoint>
      <Time>2026-08-04T05:05:40Z</Time>
      <Position>
       <LatitudeDegrees>45.4298942</LatitudeDegrees>
       <LongitudeDegrees>4.3967754</LongitudeDegrees>
      </Position>
      <AltitudeMeters>549</AltitudeMeters>
      <DistanceMeters>1183</DistanceMeters>
      <HeartRateBpm>
       <Value>137</Value>
      </HeartRateBpm>
      <Cadence>83</Cadence>
      <Extensions>
       <Speed>10.990000</Speed>
      </Extensions>
     </Trackpoint>
     <Trackpoint>
      <Time>2026-08-04T05:05:41Z</Time>
      <Position>
       <LatitudeDegrees>45.4299424</LatitudeDegrees>
       <LongitudeDegrees>4.3967300</LongitudeDegrees>
      </Position>
      <AltitudeMeters>549</AltitudeMeters>
      <DistanceMeters>1186</DistanceMeters>
      <HeartRateBpm>
       <Value>138</Value>
      </HeartRateBpm>
      <Cadence>83</Cadence>
      <Extensions>
       <Speed>10.990000</Speed>
      </Extensions>
     </Trackpoint>
     <Trackpoint>
      <Time>2026-08-04T05:05:42Z</Time>
      <Position>
       <LatitudeDegrees>45.4299601</LatitudeDegrees>
       <LongitudeDegrees>4.3967157</LongitudeDegrees>
      </Position>
      <AltitudeMeters>549</AltitudeMeters>
      <DistanceMeters>1190</DistanceMeters>
      <HeartRateBpm>
       <Value>138</Value>
      </HeartRateBpm>
      <Cadence>83</Cadence>
      <Extensions>
       <Speed>11.000000</Speed>
      </Extensions>
     </Trackpoint>
     <Trackpoint>
      <Time>2026-08-04T05:05:43Z</Time>
      <Position>
       <LatitudeDegrees>45.4299779</LatitudeDegrees>
       <LongitudeDegrees>4.3967015</LongitudeDegrees>
      </Position>
      <AltitudeMeters>548</AltitudeMeters>
      <DistanceMeters>1194</DistanceMeters>
      <HeartRateBpm>
       <Value>138</Value>
      </HeartRateBpm>
      <Cadence>83</Cadence>
      <Extensions>
       <Speed>11.000000</Speed>
      </Extensions>
     </Trackpoint>
     <Trackpoint>
      <Time>2026-08-04T05:05:44Z</Time>
      <Position>
       <LatitudeDegrees>45.4299957</LatitudeDegrees>
       <LongitudeDegrees>4.3966873</LongitudeDegrees>
      </Position>
      <AltitudeMeters>548</AltitudeMeters>
      <DistanceMeters>1197</DistanceMeters>
      <HeartRateBpm>
       <Value>138</Value>
      </HeartRateBpm>
      <Cadence>83</Cadence>
      <Extensions>
       <Speed>11.010000</Speed>
      </Extensions>
     </Trackpoint>
     <Trackpoint>
      <Time>2026-08-04T05:05:45Z</Time>
      <Position>
       <LatitudeDegrees>45.4300500</LatitudeDegrees>
       <LongitudeDegrees>4.3966431</LongitudeDegrees>
      </Position>
      <AltitudeMeters>548</AltitudeMeters>
      <DistanceMeters>1200</DistanceMeters>
      <HeartRateBpm>
       <Value>138</Value>
      </HeartRateBpm>
      <Cadence>83</Cadence>
      <Extensions>
       <Speed>11.020000</Speed>
      </Extensions>
     </Trackpoint>
     <Trackpoint>
      <Time>2026-08-04T05:05:46Z</Time>
      <Position>
       <LatitudeDegrees>45.4300669</LatitudeDegrees>
       <LongitudeDegrees>4.3966285</LongitudeDegrees>
      </Position>
      <AltitudeMeters>548</AltitudeMeters>
      <DistanceMeters>1204</DistanceMeters>
      <HeartRateBpm>
       <Value>138</Value>
      </HeartRateBpm>
      <Cadence>84</Cadence>
      <Extensions>
       <Speed>11.030000</Speed>
      </Extensions>
     </Trackpoint>
     <Trackpoint>
      <Time>2026-08-04T05:05:47Z</Time>
      <Position>
       <LatitudeDegrees>45.4300838</LatitudeDegrees>
       <LongitudeDegrees>4.3966140</LongitudeDegrees>
      </Position>
      <AltitudeMeters>548</AltitudeMeters>
      <DistanceMeters>1207</DistanceMeters>
      <HeartRateBpm>
       <Value>138</Value>
      </HeartRateBpm>
      <Cadence>84</Cadence>
      <Extensions>
       <Speed>11.040000</Speed>
      </Extensions>
     </Trackpoint>
     <Trackpoint>
      <Time>2026-08-04T05:05:48Z</Time>
      <Position>
       <LatitudeDegrees>45.4301008</LatitudeDegrees>
       <LongitudeDegrees>4.3965995</LongitudeDegrees>
      </Position>
      <AltitudeMeters>548</AltitudeMeters>
      <DistanceMeters>1210</DistanceMeters>
      <HeartRateBpm>
       <Value>138</Value>
      </HeartRateBpm>
      <Cadence>84</Cadence>
      <Extensions>
       <Speed>11.050000</Speed>
      </Extensions>
     </Trackpoint>
     <Trackpoint>
      <Time>2026-08-04T05:05:49Z</Time>
      <Position>
       <LatitudeDegrees>45.4301488</LatitudeDegrees>
       <LongitudeDegrees>4.3965592</LongitudeDegrees>
      </Position>
      <AltitudeMeters>548</AltitudeMeters>
      <DistanceMeters>1213</DistanceMeters>
      <HeartRateBpm>
       <Value>138</Value>
      </HeartRateBpm>
      <Cadence>84</Cadence>
      <Extensions>
       <Speed>11.060000</Speed>
      </Extensions>
     </Trackpoint>
     <Trackpoint>
      <Time>2026-08-04T05:05:50Z</Time>
      <Position>
       <LatitudeDegrees>45.4301648</LatitudeDegrees>
       <LongitudeDegrees>4.3965457</LongitudeDegrees>
      </Position>
      <AltitudeMeters>548</AltitudeMeters>
      <DistanceMeters>1216</DistanceMeters>
      <HeartRateBpm>
       <Value>138</Value>
      </HeartRateBpm>
      <Cadence>84</Cadence>
      <Extensions>
       <Speed>11.070000</Speed>
      </Extensions>
     </Trackpoint>
     <Trackpoint>
      <Time>2026-08-04T05:05:51Z</Time>
      <Position>
       <LatitudeDegrees>45.4301808</LatitudeDegrees>
       <LongitudeDegrees>4.3965322</LongitudeDegrees>
      </Position>
      <AltitudeMeters>548</AltitudeMeters>
      <DistanceMeters>1219</DistanceMeters>
      <HeartRateBpm>
       <Value>139</Value>
      </HeartRateBpm>
      <Cadence>84</Cadence>
      <Extensions>
       <Speed>11.080000</Speed>
      </Extensions>
     </Trackpoint>
     <Trackpoint>
      <Time>2026-08-04T05:05:52Z</Time>
      <Position>
       <LatitudeDegrees>45.4301968</LatitudeDegrees>
       <LongitudeDegrees>4.3965188</LongitudeDegrees>
      </Position>
      <AltitudeMeters>548</AltitudeMeters>
      <DistanceMeters>1222</DistanceMeters>
      <HeartRateBpm>
       <Value>139</Value>
      </HeartRateBpm>
      <Cadence>84</Cadence>
      <Extensions>
       <Speed>11.090000</Speed>
      </Extensions>
     </Trackpoint>
     <Trackpoint>
      <Time>2026-08-04T05:05:53Z</Time>
      <Position>
       <LatitudeDegrees>45.4302442</LatitudeDegrees>
       <LongitudeDegrees>4.3964766</LongitudeDegrees>
      </Position>
      <AltitudeMeters>548</AltitudeMeters>
      <DistanceMeters>1225</DistanceMeters>
      <HeartRateBpm>
       <Value>139</Value>
      </HeartRateBpm>
      <Cadence>83</Cadence>
      <Extensions>
       <Speed>11.100000</Speed>
      </Extensions>
     </Trackpoint>
     <Trackpoint>
      <Time>2026-08-04T05:05:54Z</Time>
      <Position>
       <LatitudeDegrees>45.4302602</LatitudeDegrees>
       <LongitudeDegrees>4.3964632</LongitudeDegrees>
      </Position>
      <AltitudeMeters>548</AltitudeMeters>
      <DistanceMeters>1228</DistanceMeters>
      <HeartRateBpm>
       <Value>139</Value>
      </HeartRateBpm>
      <Cadence>83</Cadence>
      <Extensions>
       <Speed>11.110000</Speed>
      </Extensions>
     </Trackpoint>
     <Trackpoint>
      <Time>2026-08-04T05:05:55Z</Time>
      <Position>
       <LatitudeDegrees>45.4302762</LatitudeDegrees>
       <LongitudeDegrees>4.3964498</LongitudeDegrees>
      </Position>
      <AltitudeMeters>548</AltitudeMeters>
      <DistanceMeters>1232</DistanceMeters>
      <HeartRateBpm>
       <Value>139</Value>
      </HeartRateBpm>
      <Cadence>83</Cadence>
      <Extensions>
       <Speed>11.120000</Speed>
      </Extensions>
     </Trackpoint>
     <Trackpoint>
      <Time>2026-08-04T05:05:56Z</Time>
      <Position>
       <LatitudeDegrees>45.4302923</LatitudeDegrees>
       <LongitudeDegrees>4.3964364</LongitudeDegrees>
      </Position>
      <AltitudeMeters>548</AltitudeMeters>
      <DistanceMeters>1235</DistanceMeters>
      <HeartRateBpm>
       <Value>139</Value>
      </HeartRateBpm>
      <Cadence>84</Cadence>
      <Extensions>
       <Speed>11.130000</Speed>
      </Extensions>
     </Trackpoint>
     <Trackpoint>
      <Time>2026-08-04T05:05:57Z</Time>
      <Position>
       <LatitudeDegrees>45.4303423</LatitudeDegrees>
       <LongitudeDegrees>4.3963989</LongitudeDegrees>
      </Position>
      <AltitudeMeters>548</AltitudeMeters>
      <DistanceMeters>1238</DistanceMeters>
      <HeartRateBpm>
       <Value>139</Value>
      </HeartRateBpm>
      <Cadence>84</Cadence>
      <Extensions>
       <Speed>11.130000</Speed>
      </Extensions>
     </Trackpoint>
     <Trackpoint>
      <Time>2026-08-04T05:05:58Z</Time>
      <Position>
       <LatitudeDegrees>45.4303595</LatitudeDegrees>
       <LongitudeDegrees>4.3963872</LongitudeDegrees>
      </Position>
      <AltitudeMeters>548</AltitudeMeters>
      <DistanceMeters>1241</DistanceMeters>
      <HeartRateBpm>
       <Value>139</Value>
      </HeartRateBpm>
      <Cadence>84</Cadence>
      <Extensions>
       <Speed>11.140000</Speed>
      </Extensions>
     </Trackpoint>
     <Trackpoint>
      <Time>2026-08-04T05:05:59Z</Time>
      <Position>
       <LatitudeDegrees>45.4303767</LatitudeDegrees>
       <LongitudeDegrees>4.3963755</LongitudeDegrees>
      </Position>
      <AltitudeMeters>547</AltitudeMeters>
      <DistanceMeters>1244</DistanceMeters>
      <HeartRateBpm>
       <Value>138</Value>
      </HeartRateBpm>
      <Cadence>84</Cadence>
      <Extensions>
       <Speed>11.140000</Speed>
      </Extensions>
     </Trackpoint>
     <Trackpoint>
      <Time>2026-08-04T05:06:00Z</Time>
      <Position>
       <LatitudeDegrees>45.4303939</LatitudeDegrees>
       <LongitudeDegrees>4.3963639</LongitudeDegrees>
      </Position>
      <AltitudeMeters>547</AltitudeMeters>
      <DistanceMeters>1247</DistanceMeters>
      <HeartRateBpm>
       <Value>137</Value>
      </HeartRateBpm>
      <Cadence>84</Cadence>
      <Extensions>
       <Speed>11.150000</Speed>
      </Extensions>
     </Trackpoint>
     <Trackpoint>
      <Time>2026-08-04T05:06:01Z</Time>
      <Position>
       <LatitudeDegrees>45.4304482</LatitudeDegrees>
       <LongitudeDegrees>4.3963351</LongitudeDegrees>
      </Position>
      <AltitudeMeters>547</AltitudeMeters>
      <DistanceMeters>1250</DistanceMeters>
      <HeartRateBpm>
       <Value>135</Value>
      </HeartRateBpm>
      <Cadence>84</Cadence>
      <Extensions>
       <Speed>11.160000</Speed>
      </Extensions>
     </Trackpoint>
     <Trackpoint>
      <Time>2026-08-04T05:06:02Z</Time>
      <Position>
       <LatitudeDegrees>45.4304661</LatitudeDegrees>
       <LongitudeDegrees>4.3963271</LongitudeDegrees>
      </Position>
      <AltitudeMeters>547</AltitudeMeters>
      <DistanceMeters>1254</DistanceMeters>
      <HeartRateBpm>
       <Value>135</Value>
      </HeartRateBpm>
      <Cadence>84</Cadence>
      <Extensions>
       <Speed>11.170000</Speed>
      </Extensions>
     </Trackpoint>
     <Trackpoint>
      <Time>2026-08-04T05:06:03Z</Time>
      <Position>
       <LatitudeDegrees>45.4304840</LatitudeDegrees>
       <LongitudeDegrees>4.3963191</LongitudeDegrees>
      </Position>
      <AltitudeMeters>547</AltitudeMeters>
      <DistanceMeters>1256</DistanceMeters>
      <HeartRateBpm>
       <Value>135</Value>
      </HeartRateBpm>
      <Cadence>83</Cadence>
      <Extensions>
       <Speed>11.170000</Speed>
      </Extensions>
     </Trackpoint>
     <Trackpoint>
      <Time>2026-08-04T05:06:04Z</Time>
      <Position>
       <LatitudeDegrees>45.4305019</LatitudeDegrees>
       <LongitudeDegrees>4.3963112</LongitudeDegrees>
      </Position>
      <AltitudeMeters>547</AltitudeMeters>
      <DistanceMeters>1259</DistanceMeters>
      <HeartRateBpm>
       <Value>135</Value>
      </HeartRateBpm>
      <Cadence>83</Cadence>
      <Extensions>
       <Speed>11.180000</Speed>
      </Extensions>
     </Trackpoint>
     <Trackpoint>
      <Time>2026-08-04T05:06:05Z</Time>
      <Position>
       <LatitudeDegrees>45.4305523</LatitudeDegrees>
       <LongitudeDegrees>4.3962822</LongitudeDegrees>
      </Position>
      <AltitudeMeters>547</AltitudeMeters>
      <DistanceMeters>1262</DistanceMeters>
      <HeartRateBpm>
       <Value>135</Value>
      </HeartRateBpm>
      <Cadence>83</Cadence>
      <Extensions>
       <Speed>11.180000</Speed>
      </Extensions>
     </Trackpoint>
     <Trackpoint>
      <Time>2026-08-04T05:06:06Z</Time>
      <Position>
       <LatitudeDegrees>45.4305683</LatitudeDegrees>
       <LongitudeDegrees>4.3962692</LongitudeDegrees>
      </Position>
      <AltitudeMeters>547</AltitudeMeters>
      <DistanceMeters>1266</DistanceMeters>
      <HeartRateBpm>
       <Value>136</Value>
      </HeartRateBpm>
      <Cadence>83</Cadence>
      <Extensions>
       <Speed>11.190000</Speed>
      </Extensions>
     </Trackpoint>
     <Trackpoint>
      <Time>2026-08-04T05:06:07Z</Time>
      <Position>
       <LatitudeDegrees>45.4305844</LatitudeDegrees>
       <LongitudeDegrees>4.3962562</LongitudeDegrees>
      </Position>
      <AltitudeMeters>547</AltitudeMeters>
      <DistanceMeters>1269</DistanceMeters>
      <HeartRateBpm>
       <Value>136</Value>
      </HeartRateBpm>
      <Cadence>83</Cadence>
      <Extensions>
       <Speed>11.190000</Speed>
      </Extensions>
     </Trackpoint>
     <Trackpoint>
      <Time>2026-08-04T05:06:08Z</Time>
      <Position>
       <LatitudeDegrees>45.4306005</LatitudeDegrees>
       <LongitudeDegrees>4.3962433</LongitudeDegrees>
      </Position>
      <AltitudeMeters>547</AltitudeMeters>
      <DistanceMeters>1272</DistanceMeters>
      <HeartRateBpm>
       <Value>136</Value>
      </HeartRateBpm>
      <Cadence>83</Cadence>
      <Extensions>
       <Speed>11.200000</Speed>
      </Extensions>
     </Trackpoint>
     <Trackpoint>
      <Time>2026-08-04T05:06:09Z</Time>
      <Position>
       <LatitudeDegrees>45.4306512</LatitudeDegrees>
       <LongitudeDegrees>4.3962008</LongitudeDegrees>
      </Position>
      <AltitudeMeters>547</AltitudeMeters>
      <DistanceMeters>1276</DistanceMeters>
      <HeartRateBpm>
       <Value>136</Value>
      </HeartRateBpm>
      <Cadence>83</Cadence>
      <Extensions>
       <Speed>11.200000</Speed>
      </Extensions>
     </Trackpoint>
     <Trackpoint>
      <Time>2026-08-04T05:06:10Z</Time>
      <Position>
       <LatitudeDegrees>45.4306688</LatitudeDegrees>
       <LongitudeDegrees>4.3961876</LongitudeDegrees>
      </Position>
      <AltitudeMeters>547</AltitudeMeters>
      <DistanceMeters>1279</DistanceMeters>
      <HeartRateBpm>
       <Value>137</Value>
      </HeartRateBpm>
      <Cadence>83</Cadence>
      <Extensions>
       <Speed>11.210000</Speed>
      </Extensions>
     </Trackpoint>
     <Trackpoint>
      <Time>2026-08-04T05:06:11Z</Time>
      <Position>
       <LatitudeDegrees>45.4306864</LatitudeDegrees>
       <LongitudeDegrees>4.3961745</LongitudeDegrees>
      </Position>
      <AltitudeMeters>547</AltitudeMeters>
      <DistanceMeters>1282</DistanceMeters>
      <HeartRateBpm>
       <Value>136</Value>
      </HeartRateBpm>
      <Cadence>83</Cadence>
      <Extensions>
       <Speed>11.220000</Speed>
      </Extensions>
     </Trackpoint>
     <Trackpoint>
      <Time>2026-08-04T05:06:12Z</Time>
      <Position>
       <LatitudeDegrees>45.4307040</LatitudeDegrees>
       <LongitudeDegrees>4.3961614</LongitudeDegrees>
      </Position>
      <AltitudeMeters>547</AltitudeMeters>
      <DistanceMeters>1286</DistanceMeters>
      <HeartRateBpm>
       <Value>137</Value>
      </HeartRateBpm>
      <Cadence>83</Cadence>
      <Extensions>
       <Speed>11.230000</Speed>
      </Extensions>
     </Trackpoint>
     <Trackpoint>
      <Time>2026-08-04T05:06:13Z</Time>
      <Position>
       <LatitudeDegrees>45.4307577</LatitudeDegrees>
       <LongitudeDegrees>4.3961333</LongitudeDegrees>
      </Position>
      <AltitudeMeters>547</AltitudeMeters>
      <DistanceMeters>1288</DistanceMeters>
      <HeartRateBpm>
       <Value>138</Value>
      </HeartRateBpm>
      <Cadence>83</Cadence>
      <Extensions>
       <Speed>11.240000</Speed>
      </Extensions>
     </Trackpoint>
     <Trackpoint>
      <Time>2026-08-04T05:06:14Z</Time>
      <Position>
       <LatitudeDegrees>45.4307714</LatitudeDegrees>
       <LongitudeDegrees>4.3961251</LongitudeDegrees>
      </Position>
      <AltitudeMeters>547</AltitudeMeters>
      <DistanceMeters>1291</DistanceMeters>
      <HeartRateBpm>
       <Value>139</Value>
      </HeartRateBpm>
      <Cadence>83</Cadence>
      <Extensions>
       <Speed>11.250000</Speed>
      </Extensions>
     </Trackpoint>
     <Trackpoint>
      <Time>2026-08-04T05:06:15Z</Time>
      <Position>
       <LatitudeDegrees>45.4307851</LatitudeDegrees>
       <LongitudeDegrees>4.3961170</LongitudeDegrees>
      </Position>
      <AltitudeMeters>546</AltitudeMeters>
      <DistanceMeters>1292</DistanceMeters>
      <HeartRateBpm>
       <Value>139</Value>
      </HeartRateBpm>
      <Cadence>83</Cadence>
      <Extensions>
       <Speed>11.220000</Speed>
      </Extensions>
     </Trackpoint>
     <Trackpoint>
      <Time>2026-08-04T05:06:16Z</Time>
      <Position>
       <LatitudeDegrees>45.4307989</LatitudeDegrees>
       <LongitudeDegrees>4.3961089</LongitudeDegrees>
      </Position>
      <AltitudeMeters>546</AltitudeMeters>
      <DistanceMeters>1294</DistanceMeters>
      <HeartRateBpm>
       <Value>138</Value>
      </HeartRateBpm>
      <Cadence>83</Cadence>
      <Extensions>
       <Speed>11.190000</Speed>
      </Extensions>
     </Trackpoint>
     <Trackpoint>
      <Time>2026-08-04T05:06:17Z</Time>
      <Position>
       <LatitudeDegrees>45.4308001</LatitudeDegrees>
       <LongitudeDegrees>4.3961022</LongitudeDegrees>
      </Position>
      <AltitudeMeters>546</AltitudeMeters>
      <DistanceMeters>1296</DistanceMeters>
      <HeartRateBpm>
       <Value>138</Value>
      </HeartRateBpm>
      <Cadence>83</Cadence>
      <Extensions>
       <Speed>10.960000</Speed>
      </Extensions>
     </Trackpoint>
     <Trackpoint>
      <Time>2026-08-04T05:06:18Z</Time>
      <Position>
       <LatitudeDegrees>45.4307887</LatitudeDegrees>
       <LongitudeDegrees>4.3961089</LongitudeDegrees>
      </Position>
      <AltitudeMeters>546</AltitudeMeters>
      <DistanceMeters>1297</DistanceMeters>
      <HeartRateBpm>
       <Value>137</Value>
      </HeartRateBpm>
      <Cadence>83</Cadence>
      <Extensions>
       <Speed>10.740000</Speed>
      </Extensions>
     </Trackpoint>
     <Trackpoint>
      <Time>2026-08-04T05:06:19Z</Time>
      <Position>
       <LatitudeDegrees>45.4307773</LatitudeDegrees>
       <LongitudeDegrees>4.3961156</LongitudeDegrees>
      </Position>
      <AltitudeMeters>546</AltitudeMeters>
      <DistanceMeters>1300</DistanceMeters>
      <HeartRateBpm>
       <Value>137</Value>
      </HeartRateBpm>
      <Cadence>83</Cadence>
      <Extensions>
       <Speed>10.610000</Speed>
      </Extensions>
     </Trackpoint>
     <Trackpoint>
      <Time>2026-08-04T05:06:20Z</Time>
      <Position>
       <LatitudeDegrees>45.4307659</LatitudeDegrees>
       <LongitudeDegrees>4.3961223</LongitudeDegrees>
      </Position>
      <AltitudeMeters>546</AltitudeMeters>
      <DistanceMeters>1304</DistanceMeters>
      <HeartRateBpm>
       <Value>137</Value>
      </HeartRateBpm>
      <Cadence>83</Cadence>
      <Extensions>
       <Speed>10.490000</Speed>
      </Extensions>
     </Trackpoint>
     <Trackpoint>
      <Time>2026-08-04T05:06:21Z</Time>
      <Position>
       <LatitudeDegrees>45.4307138</LatitudeDegrees>
       <LongitudeDegrees>4.3961585</LongitudeDegrees>
      </Position>
      <AltitudeMeters>546</AltitudeMeters>
      <DistanceMeters>1307</DistanceMeters>
      <HeartRateBpm>
       <Value>136</Value>
      </HeartRateBpm>
      <Cadence>83</Cadence>
      <Extensions>
       <Speed>10.560000</Speed>
      </Extensions>
     </Trackpoint>
     <Trackpoint>
      <Time>2026-08-04T05:06:22Z</Time>
      <Position>
       <LatitudeDegrees>45.4306951</LatitudeDegrees>
       <LongitudeDegrees>4.3961726</LongitudeDegrees>
      </Position>
      <AltitudeMeters>546</AltitudeMeters>
      <DistanceMeters>1310</DistanceMeters>
      <HeartRateBpm>
       <Value>136</Value>
      </HeartRateBpm>
      <Cadence>83</Cadence>
      <Extensions>
       <Speed>10.630000</Speed>
      </Extensions>
     </Trackpoint>
     <Trackpoint>
      <Time>2026-08-04T05:06:23Z</Time>
      <Position>
       <LatitudeDegrees>45.4306764</LatitudeDegrees>
       <LongitudeDegrees>4.3961867</LongitudeDegrees>
      </Position>
      <AltitudeMeters>546</AltitudeMeters>
      <DistanceMeters>1314</DistanceMeters>
      <HeartRateBpm>
       <Value>135</Value>
      </HeartRateBpm>
      <Cadence>83</Cadence>
      <Extensions>
       <Speed>10.680000</Speed>
      </Extensions>
     </Trackpoint>
     <Trackpoint>
      <Time>2026-08-04T05:06:24Z</Time>
      <Position>
       <LatitudeDegrees>45.4306578</LatitudeDegrees>
       <LongitudeDegrees>4.3962009</LongitudeDegrees>
      </Position>
      <AltitudeMeters>546</AltitudeMeters>
      <DistanceMeters>1317</DistanceMeters>
      <HeartRateBpm>
       <Value>136</Value>
      </HeartRateBpm>
      <Cadence>83</Cadence>
      <Extensions>
       <Speed>10.730000</Speed>
      </Extensions>
     </Trackpoint>
     <Trackpoint>
      <Time>2026-08-04T05:06:25Z</Time>
      <Position>
       <LatitudeDegrees>45.4306050</LatitudeDegrees>
       <LongitudeDegrees>4.3962438</LongitudeDegrees>
      </Position>
      <AltitudeMeters>546</AltitudeMeters>
      <DistanceMeters>1320</DistanceMeters>
      <HeartRateBpm>
       <Value>136</Value>
      </HeartRateBpm>
      <Cadence>83</Cadence>
      <Extensions>
       <Speed>10.770000</Speed>
      </Extensions>
     </Trackpoint>
     <Trackpoint>
      <Time>2026-08-04T05:06:26Z</Time>
      <Position>
       <LatitudeDegrees>45.4305886</LatitudeDegrees>
       <LongitudeDegrees>4.3962576</LongitudeDegrees>
      </Position>
      <AltitudeMeters>546</AltitudeMeters>
      <DistanceMeters>1323</DistanceMeters>
      <HeartRateBpm>
       <Value>136</Value>
      </HeartRateBpm>
      <Cadence>83</Cadence>
      <Extensions>
       <Speed>10.820000</Speed>
      </Extensions>
     </Trackpoint>
     <Trackpoint>
      <Time>2026-08-04T05:06:27Z</Time>
      <Position>
       <LatitudeDegrees>45.4305723</LatitudeDegrees>
       <LongitudeDegrees>4.3962714</LongitudeDegrees>
      </Position>
      <AltitudeMeters>546</AltitudeMeters>
      <DistanceMeters>1326</DistanceMeters>
      <HeartRateBpm>
       <Value>138</Value>
      </HeartRateBpm>
      <Cadence>83</Cadence>
      <Extensions>
       <Speed>10.850000</Speed>
      </Extensions>
     </Trackpoint>
     <Trackpoint>
      <Time>2026-08-04T05:06:28Z</Time>
      <Position>
       <LatitudeDegrees>45.4305560</LatitudeDegrees>
       <LongitudeDegrees>4.3962853</LongitudeDegrees>
      </Position>
      <AltitudeMeters>546</AltitudeMeters>
      <DistanceMeters>1328</DistanceMeters>
      <HeartRateBpm>
       <Value>138</Value>
      </HeartRateBpm>
      <Cadence>83</Cadence>
      <Extensions>
       <Speed>10.890000</Speed>
      </Extensions>
     </Trackpoint>
     <Trackpoint>
      <Time>2026-08-04T05:06:29Z</Time>
      <Position>
       <LatitudeDegrees>45.4305093</LatitudeDegrees>
       <LongitudeDegrees>4.3963240</LongitudeDegrees>
      </Position>
      <AltitudeMeters>546</AltitudeMeters>
      <DistanceMeters>1331</DistanceMeters>
      <HeartRateBpm>
       <Value>139</Value>
      </HeartRateBpm>
      <Cadence>83</Cadence>
      <Extensions>
       <Speed>10.920000</Speed>
      </Extensions>
     </Trackpoint>
     <Trackpoint>
      <Time>2026-08-04T05:06:30Z</Time>
      <Position>
       <LatitudeDegrees>45.4304944</LatitudeDegrees>
       <LongitudeDegrees>4.3963359</LongitudeDegrees>
      </Position>
      <AltitudeMeters>546</AltitudeMeters>
      <DistanceMeters>1334</DistanceMeters>
      <HeartRateBpm>
       <Value>139</Value>
      </HeartRateBpm>
      <Cadence>83</Cadence>
      <Extensions>
       <Speed>10.950000</Speed>
      </Extensions>
     </Trackpoint>
     <Trackpoint>
      <Time>2026-08-04T05:06:31Z</Time>
      <Position>
       <LatitudeDegrees>45.4304795</LatitudeDegrees>
       <LongitudeDegrees>4.3963478</LongitudeDegrees>
      </Position>
      <AltitudeMeters>546</AltitudeMeters>
      <DistanceMeters>1336</DistanceMeters>
      <HeartRateBpm>
       <Value>139</Value>
      </HeartRateBpm>
      <Cadence>83</Cadence>
      <Extensions>
       <Speed>10.970000</Speed>
      </Extensions>
     </Trackpoint>
     <Trackpoint>
      <Time>2026-08-04T05:06:32Z</Time>
      <Position>
       <LatitudeDegrees>45.4304646</LatitudeDegrees>
       <LongitudeDegrees>4.3963598</LongitudeDegrees>
      </Position>
      <AltitudeMeters>546</AltitudeMeters>
      <DistanceMeters>1339</DistanceMeters>
      <HeartRateBpm>
       <Value>138</Value>
      </HeartRateBpm>
      <Cadence>83</Cadence>
      <Extensions>
       <Speed>10.990000</Speed>
      </Extensions>
     </Trackpoint>
     <Trackpoint>
      <Time>2026-08-04T05:06:33Z</Time>
      <Position>
       <LatitudeDegrees>45.4304232</LatitudeDegrees>
       <LongitudeDegrees>4.3963991</LongitudeDegrees>
      </Position>
      <AltitudeMeters>546</AltitudeMeters>
      <DistanceMeters>1342</DistanceMeters>
      <HeartRateBpm>
       <Value>137</Value>
      </HeartRateBpm>
      <Cadence>83</Cadence>
      <Extensions>
       <Speed>10.990000</Speed>
      </Extensions>
     </Trackpoint>
     <Trackpoint>
      <Time>2026-08-04T05:06:34Z</Time>
      <Position>
       <LatitudeDegrees>45.4304096</LatitudeDegrees>
       <LongitudeDegrees>4.3964123</LongitudeDegrees>
      </Position>
      <AltitudeMeters>546</AltitudeMeters>
      <DistanceMeters>1345</DistanceMeters>
      <HeartRateBpm>
       <Value>137</Value>
      </HeartRateBpm>
      <Cadence>83</Cadence>
      <Extensions>
       <Speed>11.000000</Speed>
      </Extensions>
     </Trackpoint>
     <Trackpoint>
      <Time>2026-08-04T05:06:35Z</Time>
      <Position>
       <LatitudeDegrees>45.4303960</LatitudeDegrees>
       <LongitudeDegrees>4.3964256</LongitudeDegrees>
      </Position>
      <AltitudeMeters>546</AltitudeMeters>
      <DistanceMeters>1348</DistanceMeters>
      <HeartRateBpm>
       <Value>137</Value>
      </HeartRateBpm>
      <Cadence>83</Cadence>
      <Extensions>
       <Speed>11.000000</Speed>
      </Extensions>
     </Trackpoint>
     <Trackpoint>
      <Time>2026-08-04T05:06:36Z</Time>
      <Position>
       <LatitudeDegrees>45.4303825</LatitudeDegrees>
       <LongitudeDegrees>4.3964389</LongitudeDegrees>
      </Position>
      <AltitudeMeters>546</AltitudeMeters>
      <DistanceMeters>1351</DistanceMeters>
      <HeartRateBpm>
       <Value>137</Value>
      </HeartRateBpm>
      <Cadence>83</Cadence>
      <Extensions>
       <Speed>11.000000</Speed>
      </Extensions>
     </Trackpoint>
     <Trackpoint>
      <Time>2026-08-04T05:06:37Z</Time>
      <Position>
       <LatitudeDegrees>45.4303392</LatitudeDegrees>
       <LongitudeDegrees>4.3964766</LongitudeDegrees>
      </Position>
      <AltitudeMeters>546</AltitudeMeters>
      <DistanceMeters>1354</DistanceMeters>
      <HeartRateBpm>
       <Value>137</Value>
      </HeartRateBpm>
      <Cadence>83</Cadence>
      <Extensions>
       <Speed>10.990000</Speed>
      </Extensions>
     </Trackpoint>
     <Trackpoint>
      <Time>2026-08-04T05:06:38Z</Time>
      <Position>
       <LatitudeDegrees>45.4303238</LatitudeDegrees>
       <LongitudeDegrees>4.3964878</LongitudeDegrees>
      </Position>
      <AltitudeMeters>546</AltitudeMeters>
      <DistanceMeters>1357</DistanceMeters>
      <HeartRateBpm>
       <Value>137</Value>
      </HeartRateBpm>
      <Cadence>83</Cadence>
      <Extensions>
       <Speed>10.990000</Speed>
      </Extensions>
     </Trackpoint>
     <Trackpoint>
      <Time>2026-08-04T05:06:39Z</Time>
      <Position>
       <LatitudeDegrees>45.4303084</LatitudeDegrees>
       <LongitudeDegrees>4.3964990</LongitudeDegrees>
      </Position>
      <AltitudeMeters>546</AltitudeMeters>
      <DistanceMeters>1360</DistanceMeters>
      <HeartRateBpm>
       <Value>138</Value>
      </HeartRateBpm>
      <Cadence>83</Cadence>
      <Extensions>
       <Speed>10.980000</Speed>
      </Extensions>
     </Trackpoint>
     <Trackpoint>
      <Time>2026-08-04T05:06:40Z</Time>
      <Position>
       <LatitudeDegrees>45.4302931</LatitudeDegrees>
       <LongitudeDegrees>4.3965103</LongitudeDegrees>
      </Position>
      <AltitudeMeters>546</AltitudeMeters>
      <DistanceMeters>1363</DistanceMeters>
      <HeartRateBpm>
       <Value>138</Value>
      </HeartRateBpm>
      <Cadence>83</Cadence>
      <Extensions>
       <Speed>10.970000</Speed>
      </Extensions>
     </Trackpoint>
     <Trackpoint>
      <Time>2026-08-04T05:06:41Z</Time>
      <Position>
       <LatitudeDegrees>45.4302449</LatitudeDegrees>
       <LongitudeDegrees>4.3965409</LongitudeDegrees>
      </Position>
      <AltitudeMeters>546</AltitudeMeters>
      <DistanceMeters>1366</DistanceMeters>
      <HeartRateBpm>
       <Value>139</Value>
      </HeartRateBpm>
      <Cadence>83</Cadence>
      <Extensions>
       <Speed>10.960000</Speed>
      </Extensions>
     </Trackpoint>
     <Trackpoint>
      <Time>2026-08-04T05:06:42Z</Time>
      <Position>
       <LatitudeDegrees>45.4302288</LatitudeDegrees>
       <LongitudeDegrees>4.3965503</LongitudeDegrees>
      </Position>
      <AltitudeMeters>546</AltitudeMeters>
      <DistanceMeters>1368</DistanceMeters>
      <HeartRateBpm>
       <Value>139</Value>
      </HeartRateBpm>
      <Cadence>83</Cadence>
      <Extensions>
       <Speed>10.950000</Speed>
      </Extensions>
     </Trackpoint>
     <Trackpoint>
      <Time>2026-08-04T05:06:43Z</Time>
      <Position>
       <LatitudeDegrees>45.4302127</LatitudeDegrees>
       <LongitudeDegrees>4.3965598</LongitudeDegrees>
      </Position>
      <AltitudeMeters>546</AltitudeMeters>
      <DistanceMeters>1371</DistanceMeters>
      <HeartRateBpm>
       <Value>139</Value>
      </HeartRateBpm>
      <Cadence>83</Cadence>
      <Extensions>
       <Speed>10.940000</Speed>
      </Extensions>
     </Trackpoint>
     <Trackpoint>
      <Time>2026-08-04T05:06:44Z</Time>
      <Position>
       <LatitudeDegrees>45.4301966</LatitudeDegrees>
       <LongitudeDegrees>4.3965693</LongitudeDegrees>
      </Position>
      <AltitudeMeters>546</AltitudeMeters>
      <DistanceMeters>1374</DistanceMeters>
      <HeartRateBpm>
       <Value>139</Value>
      </HeartRateBpm>
      <Cadence>84</Cadence>
      <Extensions>
       <Speed>10.930000</Speed>
      </Extensions>
     </Trackpoint>
     <Trackpoint>
      <Time>2026-08-04T05:06:45Z</Time>
      <Position>
       <LatitudeDegrees>45.4301490</LatitudeDegrees>
       <LongitudeDegrees>4.3965964</LongitudeDegrees>
      </Position>
      <AltitudeMeters>546</AltitudeMeters>
      <DistanceMeters>1377</DistanceMeters>
      <HeartRateBpm>
       <Value>140</Value>
      </HeartRateBpm>
      <Cadence>84</Cadence>
      <Extensions>
       <Speed>10.910000</Speed>
      </Extensions>
     </Trackpoint>
     <Trackpoint>
      <Time>2026-08-04T05:06:46Z</Time>
      <Position>
       <LatitudeDegrees>45.4301340</LatitudeDegrees>
       <LongitudeDegrees>4.3966068</LongitudeDegrees>
      </Position>
      <AltitudeMeters>546</AltitudeMeters>
      <DistanceMeters>1380</DistanceMeters>
      <HeartRateBpm>
       <Value>139</Value>
      </HeartRateBpm>
      <Cadence>84</Cadence>
      <Extensions>
       <Speed>10.900000</Speed>
      </Extensions>
     </Trackpoint>
     <Trackpoint>
      <Time>2026-08-04T05:06:47Z</Time>
      <Position>
       <LatitudeDegrees>45.4301191</LatitudeDegrees>
       <LongitudeDegrees>4.3966172</LongitudeDegrees>
      </Position>
      <AltitudeMeters>546</AltitudeMeters>
      <DistanceMeters>1382</DistanceMeters>
      <HeartRateBpm>
       <Value>139</Value>
      </HeartRateBpm>
      <Cadence>84</Cadence>
      <Extensions>
       <Speed>10.890000</Speed>
      </Extensions>
     </Trackpoint>
     <Trackpoint>
      <Time>2026-08-04T05:06:48Z</Time>
      <Position>
       <LatitudeDegrees>45.4301042</LatitudeDegrees>
       <LongitudeDegrees>4.3966276</LongitudeDegrees>
      </Position>
      <AltitudeMeters>546</AltitudeMeters>
      <DistanceMeters>1385</DistanceMeters>
      <HeartRateBpm>
       <Value>139</Value>
      </HeartRateBpm>
      <Cadence>84</Cadence>
      <Extensions>
       <Speed>10.880000</Speed>
      </Extensions>
     </Trackpoint>
     <Trackpoint>
      <Time>2026-08-04T05:06:49Z</Time>
      <Position>
       <LatitudeDegrees>45.4300586</LatitudeDegrees>
       <LongitudeDegrees>4.3966676</LongitudeDegrees>
      </Position>
      <AltitudeMeters>546</AltitudeMeters>
      <DistanceMeters>1388</DistanceMeters>
      <HeartRateBpm>
       <Value>140</Value>
      </HeartRateBpm>
      <Cadence>84</Cadence>
      <Extensions>
       <Speed>10.860000</Speed>
      </Extensions>
     </Trackpoint>
     <Trackpoint>
      <Time>2026-08-04T05:06:50Z</Time>
      <Position>
       <LatitudeDegrees>45.4300436</LatitudeDegrees>
       <LongitudeDegrees>4.3966818</LongitudeDegrees>
      </Position>
      <AltitudeMeters>547</AltitudeMeters>
      <DistanceMeters>1392</DistanceMeters>
      <HeartRateBpm>
       <Value>140</Value>
      </HeartRateBpm>
      <Cadence>84</Cadence>
      <Extensions>
       <Speed>10.850000</Speed>
      </Extensions>
     </Trackpoint>
     <Trackpoint>
      <Time>2026-08-04T05:06:51Z</Time>
      <Position>
       <LatitudeDegrees>45.4300286</LatitudeDegrees>
       <LongitudeDegrees>4.3966960</LongitudeDegrees>
      </Position>
      <AltitudeMeters>547</AltitudeMeters>
      <DistanceMeters>1395</DistanceMeters>
      <HeartRateBpm>
       <Value>141</Value>
      </HeartRateBpm>
      <Cadence>84</Cadence>
      <Extensions>
       <Speed>10.830000</Speed>
      </Extensions>
     </Trackpoint>
     <Trackpoint>
      <Time>2026-08-04T05:06:52Z</Time>
      <Position>
       <LatitudeDegrees>45.4300137</LatitudeDegrees>
       <LongitudeDegrees>4.3967103</LongitudeDegrees>
      </Position>
      <AltitudeMeters>547</AltitudeMeters>
      <DistanceMeters>1398</DistanceMeters>
      <HeartRateBpm>
       <Value>141</Value>
      </HeartRateBpm>
      <Cadence>84</Cadence>
      <Extensions>
       <Speed>10.820000</Speed>
      </Extensions>
     </Trackpoint>
     <Trackpoint>
      <Time>2026-08-04T05:06:53Z</Time>
      <Position>
       <LatitudeDegrees>45.4299682</LatitudeDegrees>
       <LongitudeDegrees>4.3967531</LongitudeDegrees>
      </Position>
      <AltitudeMeters>547</AltitudeMeters>
      <DistanceMeters>1401</DistanceMeters>
      <HeartRateBpm>
       <Value>142</Value>
      </HeartRateBpm>
      <Cadence>84</Cadence>
      <Extensions>
       <Speed>10.810000</Speed>
      </Extensions>
     </Trackpoint>
     <Trackpoint>
      <Time>2026-08-04T05:06:54Z</Time>
      <Position>
       <LatitudeDegrees>45.4299521</LatitudeDegrees>
       <LongitudeDegrees>4.3967691</LongitudeDegrees>
      </Position>
      <AltitudeMeters>547</AltitudeMeters>
      <DistanceMeters>1404</DistanceMeters>
      <HeartRateBpm>
       <Value>142</Value>
      </HeartRateBpm>
      <Cadence>84</Cadence>
      <Extensions>
       <Speed>10.800000</Speed>
      </Extensions>
     </Trackpoint>
     <Trackpoint>
      <Time>2026-08-04T05:06:55Z</Time>
      <Position>
       <LatitudeDegrees>45.4299360</LatitudeDegrees>
       <LongitudeDegrees>4.3967851</LongitudeDegrees>
      </Position>
      <AltitudeMeters>547</AltitudeMeters>
      <DistanceMeters>1408</DistanceMeters>
      <HeartRateBpm>
       <Value>143</Value>
      </HeartRateBpm>
      <Cadence>84</Cadence>
      <Extensions>
       <Speed>10.790000</Speed>
      </Extensions>
     </Trackpoint>
     <Trackpoint>
      <Time>2026-08-04T05:06:56Z</Time>
      <Position>
       <LatitudeDegrees>45.4299200</LatitudeDegrees>
       <LongitudeDegrees>4.3968011</LongitudeDegrees>
      </Position>
      <AltitudeMeters>547</AltitudeMeters>
      <DistanceMeters>1411</DistanceMeters>
      <HeartRateBpm>
       <Value>143</Value>
      </HeartRateBpm>
      <Cadence>84</Cadence>
      <Extensions>
       <Speed>10.780000</Speed>
      </Extensions>
     </Trackpoint>
     <Trackpoint>
      <Time>2026-08-04T05:06:57Z</Time>
      <Position>
       <LatitudeDegrees>45.4298744</LatitudeDegrees>
       <LongitudeDegrees>4.3968533</LongitudeDegrees>
      </Position>
      <AltitudeMeters>547</AltitudeMeters>
      <DistanceMeters>1414</DistanceMeters>
      <HeartRateBpm>
       <Value>144</Value>
      </HeartRateBpm>
      <Cadence>84</Cadence>
      <Extensions>
       <Speed>10.770000</Speed>
      </Extensions>
     </Trackpoint>
     <Trackpoint>
      <Time>2026-08-04T05:06:58Z</Time>
      <Position>
       <LatitudeDegrees>45.4298592</LatitudeDegrees>
       <LongitudeDegrees>4.3968687</LongitudeDegrees>
      </Position>
      <AltitudeMeters>547</AltitudeMeters>
      <DistanceMeters>1417</DistanceMeters>
      <HeartRateBpm>
       <Value>144</Value>
      </HeartRateBpm>
      <Cadence>84</Cadence>
      <Extensions>
       <Speed>10.770000</Speed>
      </Extensions>
     </Trackpoint>
     <Trackpoint>
      <Time>2026-08-04T05:06:59Z</Time>
      <Position>
       <LatitudeDegrees>45.4298440</LatitudeDegrees>
       <LongitudeDegrees>4.3968842</LongitudeDegrees>
      </Position>
      <AltitudeMeters>547</AltitudeMeters>
      <DistanceMeters>1420</DistanceMeters>
      <HeartRateBpm>
       <Value>144</Value>
      </HeartRateBpm>
      <Cadence>84</Cadence>
      <Extensions>
       <Speed>10.770000</Speed>
      </Extensions>
     </Trackpoint>
     <Trackpoint>
      <Time>2026-08-04T05:07:00Z</Time>
      <Position>
       <LatitudeDegrees>45.4298289</LatitudeDegrees>
       <LongitudeDegrees>4.3968997</LongitudeDegrees>
      </Position>
      <AltitudeMeters>547</AltitudeMeters>
      <DistanceMeters>1423</DistanceMeters>
      <HeartRateBpm>
       <Value>145</Value>
      </HeartRateBpm>
      <Cadence>84</Cadence>
      <Extensions>
       <Speed>10.770000</Speed>
      </Extensions>
     </Trackpoint>
     <Trackpoint>
      <Time>2026-08-04T05:07:01Z</Time>
      <Position>
       <LatitudeDegrees>45.4297824</LatitudeDegrees>
       <LongitudeDegrees>4.3969432</LongitudeDegrees>
      </Position>
      <AltitudeMeters>547</AltitudeMeters>
      <DistanceMeters>1426</DistanceMeters>
      <HeartRateBpm>
       <Value>145</Value>
      </HeartRateBpm>
      <Cadence>84</Cadence>
      <Extensions>
       <Speed>10.770000</Speed>
      </Extensions>
     </Trackpoint>
     <Trackpoint>
      <Time>2026-08-04T05:07:02Z</Time>
      <Position>
       <LatitudeDegrees>45.4297676</LatitudeDegrees>
       <LongitudeDegrees>4.3969576</LongitudeDegrees>
      </Position>
      <AltitudeMeters>547</AltitudeMeters>
      <DistanceMeters>1429</DistanceMeters>
      <HeartRateBpm>
       <Value>145</Value>
      </HeartRateBpm>
      <Cadence>84</Cadence>
      <Extensions>
       <Speed>10.770000</Speed>
      </Extensions>
     </Trackpoint>
     <Trackpoint>
      <Time>2026-08-04T05:07:03Z</Time>
      <Position>
       <LatitudeDegrees>45.4297529</LatitudeDegrees>
       <LongitudeDegrees>4.3969721</LongitudeDegrees>
      </Position>
      <AltitudeMeters>547</AltitudeMeters>
      <DistanceMeters>1432</DistanceMeters>
      <HeartRateBpm>
       <Value>145</Value>
      </HeartRateBpm>
      <Cadence>84</Cadence>
      <Extensions>
       <Speed>10.770000</Speed>
      </Extensions>
     </Trackpoint>
     <Trackpoint>
      <Time>2026-08-04T05:07:04Z</Time>
      <Position>
       <LatitudeDegrees>45.4297382</LatitudeDegrees>
       <LongitudeDegrees>4.3969866</LongitudeDegrees>
      </Position>
      <AltitudeMeters>547</AltitudeMeters>
      <DistanceMeters>1435</DistanceMeters>
      <HeartRateBpm>
       <Value>146</Value>
      </HeartRateBpm>
      <Cadence>84</Cadence>
      <Extensions>
       <Speed>10.770000</Speed>
      </Extensions>
     </Trackpoint>
     <Trackpoint>
      <Time>2026-08-04T05:07:05Z</Time>
      <Position>
       <LatitudeDegrees>45.4296965</LatitudeDegrees>
       <LongitudeDegrees>4.3970292</LongitudeDegrees>
      </Position>
      <AltitudeMeters>547</AltitudeMeters>
      <DistanceMeters>1438</DistanceMeters>
      <HeartRateBpm>
       <Value>146</Value>
      </HeartRateBpm>
      <Cadence>84</Cadence>
      <Extensions>
       <Speed>10.770000</Speed>
      </Extensions>
     </Trackpoint>
     <Trackpoint>
      <Time>2026-08-04T05:07:06Z</Time>
      <Position>
       <LatitudeDegrees>45.4296820</LatitudeDegrees>
       <LongitudeDegrees>4.3970442</LongitudeDegrees>
      </Position>
      <AltitudeMeters>548</AltitudeMeters>
      <DistanceMeters>1441</DistanceMeters>
      <HeartRateBpm>
       <Value>146</Value>
      </HeartRateBpm>
      <Cadence>84</Cadence>
      <Extensions>
       <Speed>10.780000</Speed>
      </Extensions>
     </Trackpoint>
     <Trackpoint>
      <Time>2026-08-04T05:07:07Z</Time>
      <Position>
       <LatitudeDegrees>45.4296675</LatitudeDegrees>
       <LongitudeDegrees>4.3970592</LongitudeDegrees>
      </Position>
      <AltitudeMeters>548</AltitudeMeters>
      <DistanceMeters>1444</DistanceMeters>
      <HeartRateBpm>
       <Value>146</Value>
      </HeartRateBpm>
      <Cadence>84</Cadence>
      <Extensions>
       <Speed>10.780000</Speed>
      </Extensions>
     </Trackpoint>
     <Trackpoint>
      <Time>2026-08-04T05:07:08Z</Time>
      <Position>
       <LatitudeDegrees>45.4296531</LatitudeDegrees>
       <LongitudeDegrees>4.3970743</LongitudeDegrees>
      </Position>
      <AltitudeMeters>548</AltitudeMeters>
      <DistanceMeters>1447</DistanceMeters>
      <HeartRateBpm>
       <Value>146</Value>
      </HeartRateBpm>
      <Cadence>84</Cadence>
      <Extensions>
       <Speed>10.780000</Speed>
      </Extensions>
     </Trackpoint>
     <Trackpoint>
      <Time>2026-08-04T05:07:09Z</Time>
      <Position>
       <LatitudeDegrees>45.4296109</LatitudeDegrees>
       <LongitudeDegrees>4.3971208</LongitudeDegrees>
      </Position>
      <AltitudeMeters>548</AltitudeMeters>
      <DistanceMeters>1450</DistanceMeters>
      <HeartRateBpm>
       <Value>146</Value>
      </HeartRateBpm>
      <Cadence>84</Cadence>
      <Extensions>
       <Speed>10.780000</Speed>
      </Extensions>
     </Trackpoint>
     <Trackpoint>
      <Time>2026-08-04T05:07:10Z</Time>
      <Position>
       <LatitudeDegrees>45.4295972</LatitudeDegrees>
       <LongitudeDegrees>4.3971362</LongitudeDegrees>
      </Position>
      <AltitudeMeters>548</AltitudeMeters>
      <DistanceMeters>1453</DistanceMeters>
      <HeartRateBpm>
       <Value>146</Value>
      </HeartRateBpm>
      <Cadence>84</Cadence>
      <Extensions>
       <Speed>10.780000</Speed>
      </Extensions>
     </Trackpoint>
     <Trackpoint>
      <Time>2026-08-04T05:07:11Z</Time>
      <Position>
       <LatitudeDegrees>45.4295835</LatitudeDegrees>
       <LongitudeDegrees>4.3971516</LongitudeDegrees>
      </Position>
      <AltitudeMeters>548</AltitudeMeters>
      <DistanceMeters>1456</DistanceMeters>
      <HeartRateBpm>
       <Value>146</Value>
      </HeartRateBpm>
      <Cadence>83</Cadence>
      <Extensions>
       <Speed>10.780000</Speed>
      </Extensions>
     </Trackpoint>
     <Trackpoint>
      <Time>2026-08-04T05:07:12Z</Time>
      <Position>
       <LatitudeDegrees>45.4295699</LatitudeDegrees>
       <LongitudeDegrees>4.3971671</LongitudeDegrees>
      </Position>
      <AltitudeMeters>548</AltitudeMeters>
      <DistanceMeters>1458</DistanceMeters>
      <HeartRateBpm>
       <Value>146</Value>
      </HeartRateBpm>
      <Cadence>83</Cadence>
      <Extensions>
       <Speed>10.780000</Speed>
      </Extensions>
     </Trackpoint>
     <Trackpoint>
      <Time>2026-08-04T05:07:13Z</Time>
      <Position>
       <LatitudeDegrees>45.4295301</LatitudeDegrees>
       <LongitudeDegrees>4.3972127</LongitudeDegrees>
      </Position>
      <AltitudeMeters>548</AltitudeMeters>
      <DistanceMeters>1461</DistanceMeters>
      <HeartRateBpm>
       <Value>146</Value>
      </HeartRateBpm>
      <Cadence>83</Cadence>
      <Extensions>
       <Speed>10.780000</Speed>
      </Extensions>
     </Trackpoint>
     <Trackpoint>
      <Time>2026-08-04T05:07:14Z</Time>
      <Position>
       <LatitudeDegrees>45.4295164</LatitudeDegrees>
       <LongitudeDegrees>4.3972261</LongitudeDegrees>
      </Position>
      <AltitudeMeters>548</AltitudeMeters>
      <DistanceMeters>1464</DistanceMeters>
      <HeartRateBpm>
       <Value>146</Value>
      </HeartRateBpm>
      <Cadence>83</Cadence>
      <Extensions>
       <Speed>10.780000</Speed>
      </Extensions>
     </Trackpoint>
     <Trackpoint>
      <Time>2026-08-04T05:07:15Z</Time>
      <Position>
       <LatitudeDegrees>45.4295027</LatitudeDegrees>
       <LongitudeDegrees>4.3972395</LongitudeDegrees>
      </Position>
      <AltitudeMeters>548</AltitudeMeters>
      <DistanceMeters>1466</DistanceMeters>
      <HeartRateBpm>
       <Value>146</Value>
      </HeartRateBpm>
      <Cadence>83</Cadence>
      <Extensions>
       <Speed>10.770000</Speed>
      </Extensions>
     </Trackpoint>
     <Trackpoint>
      <Time>2026-08-04T05:07:16Z</Time>
      <Position>
       <LatitudeDegrees>45.4294890</LatitudeDegrees>
       <LongitudeDegrees>4.3972529</LongitudeDegrees>
      </Position>
      <AltitudeMeters>548</AltitudeMeters>
      <DistanceMeters>1469</DistanceMeters>
      <HeartRateBpm>
       <Value>146</Value>
      </HeartRateBpm>
      <Cadence>83</Cadence>
      <Extensions>
       <Speed>10.770000</Speed>
      </Extensions>
     </Trackpoint>
     <Trackpoint>
      <Time>2026-08-04T05:07:17Z</Time>
      <Position>
       <LatitudeDegrees>45.4294473</LatitudeDegrees>
       <LongitudeDegrees>4.3972903</LongitudeDegrees>
      </Position>
      <AltitudeMeters>548</AltitudeMeters>
      <DistanceMeters>1472</DistanceMeters>
      <HeartRateBpm>
       <Value>146</Value>
      </HeartRateBpm>
      <Cadence>83</Cadence>
      <Extensions>
       <Speed>10.760000</Speed>
      </Extensions>
     </Trackpoint>
     <Trackpoint>
      <Time>2026-08-04T05:07:18Z</Time>
      <Position>
       <LatitudeDegrees>45.4294339</LatitudeDegrees>
       <LongitudeDegrees>4.3973038</LongitudeDegrees>
      </Position>
      <AltitudeMeters>548</AltitudeMeters>
      <DistanceMeters>1475</DistanceMeters>
      <HeartRateBpm>
       <Value>146</Value>
      </HeartRateBpm>
      <Cadence>83</Cadence>
      <Extensions>
       <Speed>10.760000</Speed>
      </Extensions>
     </Trackpoint>
     <Trackpoint>
      <Time>2026-08-04T05:07:19Z</Time>
      <Position>
       <LatitudeDegrees>45.4294206</LatitudeDegrees>
       <LongitudeDegrees>4.3973173</LongitudeDegrees>
      </Position>
      <AltitudeMeters>548</AltitudeMeters>
      <DistanceMeters>1478</DistanceMeters>
      <HeartRateBpm>
       <Value>146</Value>
      </HeartRateBpm>
      <Cadence>83</Cadence>
      <Extensions>
       <Speed>10.750000</Speed>
      </Extensions>
     </Trackpoint>
     <Trackpoint>
      <Time>2026-08-04T05:07:20Z</Time>
      <Position>
       <LatitudeDegrees>45.4294073</LatitudeDegrees>
       <LongitudeDegrees>4.3973308</LongitudeDegrees>
      </Position>
      <AltitudeMeters>548</AltitudeMeters>
      <DistanceMeters>1480</DistanceMeters>
      <HeartRateBpm>
       <Value>146</Value>
      </HeartRateBpm>
      <Cadence>83</Cadence>
      <Extensions>
       <Speed>10.740000</Speed>
      </Extensions>
     </Trackpoint>
     <Trackpoint>
      <Time>2026-08-04T05:07:21Z</Time>
      <Position>
       <LatitudeDegrees>45.4293674</LatitudeDegrees>
       <LongitudeDegrees>4.3973770</LongitudeDegrees>
      </Position>
      <AltitudeMeters>548</AltitudeMeters>
      <DistanceMeters>1483</DistanceMeters>
      <HeartRateBpm>
       <Value>146</Value>
      </HeartRateBpm>
      <Cadence>83</Cadence>
      <Extensions>
       <Speed>10.730000</Speed>
      </Extensions>
     </Trackpoint>
     <Trackpoint>
      <Time>2026-08-04T05:07:22Z</Time>
      <Position>
       <LatitudeDegrees>45.4293542</LatitudeDegrees>
       <LongitudeDegrees>4.3973934</LongitudeDegrees>
      </Position>
      <AltitudeMeters>549</AltitudeMeters>
      <DistanceMeters>1486</DistanceMeters>
      <HeartRateBpm>
       <Value>146</Value>
      </HeartRateBpm>
      <Cadence>83</Cadence>
      <Extensions>
       <Speed>10.730000</Speed>
      </Extensions>
     </Trackpoint>
     <Trackpoint>
      <Time>2026-08-04T05:07:23Z</Time>
      <Position>
       <LatitudeDegrees>45.4293410</LatitudeDegrees>
       <LongitudeDegrees>4.3974099</LongitudeDegrees>
      </Position>
      <AltitudeMeters>549</AltitudeMeters>
      <DistanceMeters>1489</DistanceMeters>
      <HeartRateBpm>
       <Value>147</Value>
      </HeartRateBpm>
      <Cadence>83</Cadence>
      <Extensions>
       <Speed>10.720000</Speed>
      </Extensions>
     </Trackpoint>
     <Trackpoint>
      <Time>2026-08-04T05:07:24Z</Time>
      <Position>
       <LatitudeDegrees>45.4293279</LatitudeDegrees>
       <LongitudeDegrees>4.3974264</LongitudeDegrees>
      </Position>
      <AltitudeMeters>549</AltitudeMeters>
      <DistanceMeters>1492</DistanceMeters>
      <HeartRateBpm>
       <Value>147</Value>
      </HeartRateBpm>
      <Cadence>84</Cadence>
      <Extensions>
       <Speed>10.710000</Speed>
      </Extensions>
     </Trackpoint>
     <Trackpoint>
      <Time>2026-08-04T05:07:25Z</Time>
      <Position>
       <LatitudeDegrees>45.4292895</LatitudeDegrees>
       <LongitudeDegrees>4.3974781</LongitudeDegrees>
      </Position>
      <AltitudeMeters>549</AltitudeMeters>
      <DistanceMeters>1495</DistanceMeters>
      <HeartRateBpm>
       <Value>147</Value>
      </HeartRateBpm>
      <Cadence>84</Cadence>
      <Extensions>
       <Speed>10.700000</Speed>
      </Extensions>
     </Trackpoint>
     <Trackpoint>
      <Time>2026-08-04T05:07:26Z</Time>
      <Position>
       <LatitudeDegrees>45.4292770</LatitudeDegrees>
       <LongitudeDegrees>4.3974962</LongitudeDegrees>
      </Position>
      <AltitudeMeters>549</AltitudeMeters>
      <DistanceMeters>1498</DistanceMeters>
      <HeartRateBpm>
       <Value>147</Value>
      </HeartRateBpm>
      <Cadence>84</Cadence>
      <Extensions>
       <Speed>10.690000</Speed>
      </Extensions>
     </Trackpoint>
     <Trackpoint>
      <Time>2026-08-04T05:07:27Z</Time>
      <Position>
       <LatitudeDegrees>45.4292645</LatitudeDegrees>
       <LongitudeDegrees>4.3975143</LongitudeDegrees>
      </Position>
      <AltitudeMeters>549</AltitudeMeters>
      <DistanceMeters>1501</DistanceMeters>
      <HeartRateBpm>
       <Value>148</Value>
      </HeartRateBpm>
      <Cadence>84</Cadence>
      <Extensions>
       <Speed>10.680000</Speed>
      </Extensions>
     </Trackpoint>
     <Trackpoint>
      <Time>2026-08-04T05:07:28Z</Time>
      <Position>
       <LatitudeDegrees>45.4292521</LatitudeDegrees>
       <LongitudeDegrees>4.3975324</LongitudeDegrees>
      </Position>
      <AltitudeMeters>549</AltitudeMeters>
      <DistanceMeters>1504</DistanceMeters>
      <HeartRateBpm>
       <Value>148</Value>
      </HeartRateBpm>
      <Cadence>84</Cadence>
      <Extensions>
       <Speed>10.670000</Speed>
      </Extensions>
     </Trackpoint>
     <Trackpoint>
      <Time>2026-08-04T05:07:29Z</Time>
      <Position>
       <LatitudeDegrees>45.4292138</LatitudeDegrees>
       <LongitudeDegrees>4.3975868</LongitudeDegrees>
      </Position>
      <AltitudeMeters>549</AltitudeMeters>
      <DistanceMeters>1507</DistanceMeters>
      <HeartRateBpm>
       <Value>148</Value>
      </HeartRateBpm>
      <Cadence>84</Cadence>
      <Extensions>
       <Speed>10.660000</Speed>
      </Extensions>
     </Trackpoint>
     <Trackpoint>
      <Time>2026-08-04T05:07:30Z</Time>
      <Position>
       <LatitudeDegrees>45.4292005</LatitudeDegrees>
       <LongitudeDegrees>4.3976042</LongitudeDegrees>
      </Position>
      <AltitudeMeters>549</AltitudeMeters>
      <DistanceMeters>1510</DistanceMeters>
      <HeartRateBpm>
       <Value>148</Value>
      </HeartRateBpm>
      <Cadence>84</Cadence>
      <Extensions>
       <Speed>10.660000</Speed>
      </Extensions>
     </Trackpoint>
     <Trackpoint>
      <Time>2026-08-04T05:07:31Z</Time>
      <Position>
       <LatitudeDegrees>45.4291873</LatitudeDegrees>
       <LongitudeDegrees>4.3976216</LongitudeDegrees>
      </Position>
      <AltitudeMeters>549</AltitudeMeters>
      <DistanceMeters>1513</DistanceMeters>
      <HeartRateBpm>
       <Value>147</Value>
      </HeartRateBpm>
      <Cadence>84</Cadence>
      <Extensions>
       <Speed>10.650000</Speed>
      </Extensions>
     </Trackpoint>
     <Trackpoint>
      <Time>2026-08-04T05:07:32Z</Time>
      <Position>
       <LatitudeDegrees>45.4291741</LatitudeDegrees>
       <LongitudeDegrees>4.3976390</LongitudeDegrees>
      </Position>
      <AltitudeMeters>549</AltitudeMeters>
      <DistanceMeters>1516</DistanceMeters>
      <HeartRateBpm>
       <Value>147</Value>
      </HeartRateBpm>
      <Cadence>84</Cadence>
      <Extensions>
       <Speed>10.650000</Speed>
      </Extensions>
     </Trackpoint>
     <Trackpoint>
      <Time>2026-08-04T05:07:33Z</Time>
      <Position>
       <LatitudeDegrees>45.4291345</LatitudeDegrees>
       <LongitudeDegrees>4.3976886</LongitudeDegrees>
      </Position>
      <AltitudeMeters>549</AltitudeMeters>
      <DistanceMeters>1519</DistanceMeters>
      <HeartRateBpm>
       <Value>147</Value>
      </HeartRateBpm>
      <Cadence>84</Cadence>
      <Extensions>
       <Speed>10.640000</Speed>
      </Extensions>
     </Trackpoint>
     <Trackpoint>
      <Time>2026-08-04T05:07:34Z</Time>
      <Position>
       <LatitudeDegrees>45.4291218</LatitudeDegrees>
       <LongitudeDegrees>4.3977057</LongitudeDegrees>
      </Position>
      <AltitudeMeters>549</AltitudeMeters>
      <DistanceMeters>1522</DistanceMeters>
      <HeartRateBpm>
       <Value>147</Value>
      </HeartRateBpm>
      <Cadence>83</Cadence>
      <Extensions>
       <Speed>10.640000</Speed>
      </Extensions>
     </Trackpoint>
     <Trackpoint>
      <Time>2026-08-04T05:07:35Z</Time>
      <Position>
       <LatitudeDegrees>45.4291091</LatitudeDegrees>
       <LongitudeDegrees>4.3977229</LongitudeDegrees>
      </Position>
      <AltitudeMeters>549</AltitudeMeters>
      <DistanceMeters>1525</DistanceMeters>
      <HeartRateBpm>
       <Value>147</Value>
      </HeartRateBpm>
      <Cadence>83</Cadence>
      <Extensions>
       <Speed>10.630000</Speed>
      </Extensions>
     </Trackpoint>
     <Trackpoint>
      <Time>2026-08-04T05:07:36Z</Time>
      <Position>
       <LatitudeDegrees>45.4290964</LatitudeDegrees>
       <LongitudeDegrees>4.3977401</LongitudeDegrees>
      </Position>
      <AltitudeMeters>549</AltitudeMeters>
      <DistanceMeters>1528</DistanceMeters>
      <HeartRateBpm>
       <Value>147</Value>
      </HeartRateBpm>
      <Cadence>82</Cadence>
      <Extensions>
       <Speed>10.630000</Speed>
      </Extensions>
     </Trackpoint>
     <Trackpoint>
      <Time>2026-08-04T05:07:37Z</Time>
      <Position>
       <LatitudeDegrees>45.4290608</LatitudeDegrees>
       <LongitudeDegrees>4.3977977</LongitudeDegrees>
      </Position>
      <AltitudeMeters>549</AltitudeMeters>
      <DistanceMeters>1531</DistanceMeters>
      <HeartRateBpm>
       <Value>147</Value>
      </HeartRateBpm>
      <Cadence>82</Cadence>
      <Extensions>
       <Speed>10.620000</Speed>
      </Extensions>
     </Trackpoint>
     <Trackpoint>
      <Time>2026-08-04T05:07:38Z</Time>
      <Position>
       <LatitudeDegrees>45.4290492</LatitudeDegrees>
       <LongitudeDegrees>4.3978168</LongitudeDegrees>
      </Position>
      <AltitudeMeters>549</AltitudeMeters>
      <DistanceMeters>1534</DistanceMeters>
      <HeartRateBpm>
       <Value>146</Value>
      </HeartRateBpm>
      <Cadence>82</Cadence>
      <Extensions>
       <Speed>10.620000</Speed>
      </Extensions>
     </Trackpoint>
     <Trackpoint>
      <Time>2026-08-04T05:07:39Z</Time>
      <Position>
       <LatitudeDegrees>45.4290377</LatitudeDegrees>
       <LongitudeDegrees>4.3978359</LongitudeDegrees>
      </Position>
      <AltitudeMeters>549</AltitudeMeters>
      <DistanceMeters>1537</DistanceMeters>
      <HeartRateBpm>
       <Value>146</Value>
      </HeartRateBpm>
      <Cadence>82</Cadence>
      <Extensions>
       <Speed>10.610000</Speed>
      </Extensions>
     </Trackpoint>
     <Trackpoint>
      <Time>2026-08-04T05:07:40Z</Time>
      <Position>
       <LatitudeDegrees>45.4290262</LatitudeDegrees>
       <LongitudeDegrees>4.3978551</LongitudeDegrees>
      </Position>
      <AltitudeMeters>549</AltitudeMeters>
      <DistanceMeters>1540</DistanceMeters>
      <HeartRateBpm>
       <Value>146</Value>
      </HeartRateBpm>
      <Cadence>82</Cadence>
      <Extensions>
       <Speed>10.610000</Speed>
      </Extensions>
     </Trackpoint>
     <Trackpoint>
      <Time>2026-08-04T05:07:41Z</Time>
      <Position>
       <LatitudeDegrees>45.4289924</LatitudeDegrees>
       <LongitudeDegrees>4.3979121</LongitudeDegrees>
      </Position>
      <AltitudeMeters>549</AltitudeMeters>
      <DistanceMeters>1543</DistanceMeters>
      <HeartRateBpm>
       <Value>145</Value>
      </HeartRateBpm>
      <Cadence>82</Cadence>
      <Extensions>
       <Speed>10.600000</Speed>
      </Extensions>
     </Trackpoint>
     <Trackpoint>
      <Time>2026-08-04T05:07:42Z</Time>
      <Position>
       <LatitudeDegrees>45.4289813</LatitudeDegrees>
       <LongitudeDegrees>4.3979318</LongitudeDegrees>
      </Position>
      <AltitudeMeters>550</AltitudeMeters>
      <DistanceMeters>1546</DistanceMeters>
      <HeartRateBpm>
       <Value>146</Value>
      </HeartRateBpm>
      <Cadence>83</Cadence>
      <Extensions>
       <Speed>10.600000</Speed>
      </Extensions>
     </Trackpoint>
     <Trackpoint>
      <Time>2026-08-04T05:07:43Z</Time>
      <Position>
       <LatitudeDegrees>45.4289702</LatitudeDegrees>
       <LongitudeDegrees>4.3979516</LongitudeDegrees>
      </Position>
      <AltitudeMeters>550</AltitudeMeters>
      <DistanceMeters>1549</DistanceMeters>
      <HeartRateBpm>
       <Value>146</Value>
      </HeartRateBpm>
      <Cadence>83</Cadence>
      <Extensions>
       <Speed>10.600000</Speed>
      </Extensions>
     </Trackpoint>
     <Trackpoint>
      <Time>2026-08-04T05:07:44Z</Time>
      <Position>
       <LatitudeDegrees>45.4289592</LatitudeDegrees>
       <LongitudeDegrees>4.3979714</LongitudeDegrees>
      </Position>
      <AltitudeMeters>550</AltitudeMeters>
      <DistanceMeters>1552</DistanceMeters>
      <HeartRateBpm>
       <Value>145</Value>
      </HeartRateBpm>
      <Cadence>83</Cadence>
      <Extensions>
       <Speed>10.600000</Speed>
      </Extensions>
     </Trackpoint>
     <Trackpoint>
      <Time>2026-08-04T05:07:45Z</Time>
      <Position>
       <LatitudeDegrees>45.4289282</LatitudeDegrees>
       <LongitudeDegrees>4.3980301</LongitudeDegrees>
      </Position>
      <AltitudeMeters>550</AltitudeMeters>
      <DistanceMeters>1554</DistanceMeters>
      <HeartRateBpm>
       <Value>146</Value>
      </HeartRateBpm>
      <Cadence>82</Cadence>
      <Extensions>
       <Speed>10.590000</Speed>
      </Extensions>
     </Trackpoint>
     <Trackpoint>
      <Time>2026-08-04T05:07:46Z</Time>
      <Position>
       <LatitudeDegrees>45.4289189</LatitudeDegrees>
       <LongitudeDegrees>4.3980503</LongitudeDegrees>
      </Position>
      <AltitudeMeters>550</AltitudeMeters>
      <DistanceMeters>1557</DistanceMeters>
      <HeartRateBpm>
       <Value>146</Value>
      </HeartRateBpm>
      <Cadence>82</Cadence>
      <Extensions>
       <Speed>10.590000</Speed>
      </Extensions>
     </Trackpoint>
     <Trackpoint>
      <Time>2026-08-04T05:07:47Z</Time>
      <Position>
       <LatitudeDegrees>45.4289096</LatitudeDegrees>
       <LongitudeDegrees>4.3980705</LongitudeDegrees>
      </Position>
      <AltitudeMeters>550</AltitudeMeters>
      <DistanceMeters>1560</DistanceMeters>
      <HeartRateBpm>
       <Value>146</Value>
      </HeartRateBpm>
      <Cadence>82</Cadence>
      <Extensions>
       <Speed>10.590000</Speed>
      </Extensions>
     </Trackpoint>
     <Trackpoint>
      <Time>2026-08-04T05:07:48Z</Time>
      <Position>
       <LatitudeDegrees>45.4289003</LatitudeDegrees>
       <LongitudeDegrees>4.3980908</LongitudeDegrees>
      </Position>
      <AltitudeMeters>550</AltitudeMeters>
      <DistanceMeters>1563</DistanceMeters>
      <HeartRateBpm>
       <Value>146</Value>
      </HeartRateBpm>
      <Cadence>82</Cadence>
      <Extensions>
       <Speed>10.590000</Speed>
      </Extensions>
     </Trackpoint>
     <Trackpoint>
      <Time>2026-08-04T05:07:49Z</Time>
      <Position>
       <LatitudeDegrees>45.4288726</LatitudeDegrees>
       <LongitudeDegrees>4.3981494</LongitudeDegrees>
      </Position>
      <AltitudeMeters>550</AltitudeMeters>
      <DistanceMeters>1566</DistanceMeters>
      <HeartRateBpm>
       <Value>146</Value>
      </HeartRateBpm>
      <Cadence>82</Cadence>
      <Extensions>
       <Speed>10.580000</Speed>
      </Extensions>
     </Trackpoint>
     <Trackpoint>
      <Time>2026-08-04T05:07:50Z</Time>
      <Position>
       <LatitudeDegrees>45.4288629</LatitudeDegrees>
       <LongitudeDegrees>4.3981690</LongitudeDegrees>
      </Position>
      <AltitudeMeters>550</AltitudeMeters>
      <DistanceMeters>1568</DistanceMeters>
      <HeartRateBpm>
       <Value>146</Value>
      </HeartRateBpm>
      <Cadence>82</Cadence>
      <Extensions>
       <Speed>10.580000</Speed>
      </Extensions>
     </Trackpoint>
     <Trackpoint>
      <Time>2026-08-04T05:07:51Z</Time>
      <Position>
       <LatitudeDegrees>45.4288532</LatitudeDegrees>
       <LongitudeDegrees>4.3981886</LongitudeDegrees>
      </Position>
      <AltitudeMeters>550</AltitudeMeters>
      <DistanceMeters>1571</DistanceMeters>
      <HeartRateBpm>
       <Value>146</Value>
      </HeartRateBpm>
      <Cadence>82</Cadence>
      <Extensions>
       <Speed>10.580000</Speed>
      </Extensions>
     </Trackpoint>
     <Trackpoint>
      <Time>2026-08-04T05:07:52Z</Time>
      <Position>
       <LatitudeDegrees>45.4288435</LatitudeDegrees>
       <LongitudeDegrees>4.3982083</LongitudeDegrees>
      </Position>
      <AltitudeMeters>550</AltitudeMeters>
      <DistanceMeters>1574</DistanceMeters>
      <HeartRateBpm>
       <Value>146</Value>
      </HeartRateBpm>
      <Cadence>83</Cadence>
      <Extensions>
       <Speed>10.580000</Speed>
      </Extensions>
     </Trackpoint>
     <Trackpoint>
      <Time>2026-08-04T05:07:53Z</Time>
      <Position>
       <LatitudeDegrees>45.4288122</LatitudeDegrees>
       <LongitudeDegrees>4.3982651</LongitudeDegrees>
      </Position>
      <AltitudeMeters>550</AltitudeMeters>
      <DistanceMeters>1577</DistanceMeters>
      <HeartRateBpm>
       <Value>145</Value>
      </HeartRateBpm>
      <Cadence>83</Cadence>
      <Extensions>
       <Speed>10.570000</Speed>
      </Extensions>
     </Trackpoint>
     <Trackpoint>
      <Time>2026-08-04T05:07:54Z</Time>
      <Position>
       <LatitudeDegrees>45.4288008</LatitudeDegrees>
       <LongitudeDegrees>4.3982836</LongitudeDegrees>
      </Position>
      <AltitudeMeters>550</AltitudeMeters>
      <DistanceMeters>1580</DistanceMeters>
      <HeartRateBpm>
       <Value>145</Value>
      </HeartRateBpm>
      <Cadence>83</Cadence>
      <Extensions>
       <Speed>10.570000</Speed>
      </Extensions>
     </Trackpoint>
     <Trackpoint>
      <Time>2026-08-04T05:07:55Z</Time>
      <Position>
       <LatitudeDegrees>45.4287894</LatitudeDegrees>
       <LongitudeDegrees>4.3983021</LongitudeDegrees>
      </Position>
      <AltitudeMeters>550</AltitudeMeters>
      <DistanceMeters>1583</DistanceMeters>
      <HeartRateBpm>
       <Value>145</Value>
      </HeartRateBpm>
      <Cadence>83</Cadence>
      <Extensions>
       <Speed>10.560000</Speed>
      </Extensions>
     </Trackpoint>
     <Trackpoint>
      <Time>2026-08-04T05:07:56Z</Time>
      <Position>
       <LatitudeDegrees>45.4287780</LatitudeDegrees>
       <LongitudeDegrees>4.3983206</LongitudeDegrees>
      </Position>
      <AltitudeMeters>550</AltitudeMeters>
      <DistanceMeters>1586</DistanceMeters>
      <HeartRateBpm>
       <Value>145</Value>
      </HeartRateBpm>
      <Cadence>83</Cadence>
      <Extensions>
       <Speed>10.560000</Speed>
      </Extensions>
     </Trackpoint>
     <Trackpoint>
      <Time>2026-08-04T05:07:57Z</Time>
      <Position>
       <LatitudeDegrees>45.4287419</LatitudeDegrees>
       <LongitudeDegrees>4.3983750</LongitudeDegrees>
      </Position>
      <AltitudeMeters>550</AltitudeMeters>
      <DistanceMeters>1589</DistanceMeters>
      <HeartRateBpm>
       <Value>145</Value>
      </HeartRateBpm>
      <Cadence>83</Cadence>
      <Extensions>
       <Speed>10.560000</Speed>
      </Extensions>
     </Trackpoint>
     <Trackpoint>
      <Time>2026-08-04T05:07:58Z</Time>
      <Position>
       <LatitudeDegrees>45.4287284</LatitudeDegrees>
       <LongitudeDegrees>4.3983945</LongitudeDegrees>
      </Position>
      <AltitudeMeters>550</AltitudeMeters>
      <DistanceMeters>1592</DistanceMeters>
      <HeartRateBpm>
       <Value>145</Value>
      </HeartRateBpm>
      <Cadence>83</Cadence>
      <Extensions>
       <Speed>10.560000</Speed>
      </Extensions>
     </Trackpoint>
     <Trackpoint>
      <Time>2026-08-04T05:07:59Z</Time>
      <Position>
       <LatitudeDegrees>45.4287150</LatitudeDegrees>
       <LongitudeDegrees>4.3984141</LongitudeDegrees>
      </Position>
      <AltitudeMeters>550</AltitudeMeters>
      <DistanceMeters>1596</DistanceMeters>
      <HeartRateBpm>
       <Value>145</Value>
      </HeartRateBpm>
      <Cadence>83</Cadence>
      <Extensions>
       <Speed>10.550000</Speed>
      </Extensions>
     </Trackpoint>
     <Trackpoint>
      <Time>2026-08-04T05:08:00Z</Time>
      <Position>
       <LatitudeDegrees>45.4287016</LatitudeDegrees>
       <LongitudeDegrees>4.3984337</LongitudeDegrees>
      </Position>
      <AltitudeMeters>550</AltitudeMeters>
      <DistanceMeters>1599</DistanceMeters>
      <HeartRateBpm>
       <Value>145</Value>
      </HeartRateBpm>
      <Cadence>83</Cadence>
      <Extensions>
       <Speed>10.550000</Speed>
      </Extensions>
     </Trackpoint>
     <Trackpoint>
      <Time>2026-08-04T05:08:01Z</Time>
      <Position>
       <LatitudeDegrees>45.4286637</LatitudeDegrees>
       <LongitudeDegrees>4.3984964</LongitudeDegrees>
      </Position>
      <AltitudeMeters>550</AltitudeMeters>
      <DistanceMeters>1602</DistanceMeters>
      <HeartRateBpm>
       <Value>144</Value>
      </HeartRateBpm>
      <Cadence>83</Cadence>
      <Extensions>
       <Speed>10.550000</Speed>
      </Extensions>
     </Trackpoint>
     <Trackpoint>
      <Time>2026-08-04T05:08:02Z</Time>
      <Position>
       <LatitudeDegrees>45.4286522</LatitudeDegrees>
       <LongitudeDegrees>4.3985162</LongitudeDegrees>
      </Position>
      <AltitudeMeters>551</AltitudeMeters>
      <DistanceMeters>1604</DistanceMeters>
      <HeartRateBpm>
       <Value>144</Value>
      </HeartRateBpm>
      <Cadence>83</Cadence>
      <Extensions>
       <Speed>10.560000</Speed>
      </Extensions>
     </Trackpoint>
     <Trackpoint>
      <Time>2026-08-04T05:08:03Z</Time>
      <Position>
       <LatitudeDegrees>45.4286407</LatitudeDegrees>
       <LongitudeDegrees>4.3985361</LongitudeDegrees>
      </Position>
      <AltitudeMeters>551</AltitudeMeters>
      <DistanceMeters>1607</DistanceMeters>
      <HeartRateBpm>
       <Value>145</Value>
      </HeartRateBpm>
      <Cadence>83</Cadence>
      <Extensions>
       <Speed>10.570000</Speed>
      </Extensions>
     </Trackpoint>
     <Trackpoint>
      <Time>2026-08-04T05:08:04Z</Time>
      <Position>
       <LatitudeDegrees>45.4286293</LatitudeDegrees>
       <LongitudeDegrees>4.3985560</LongitudeDegrees>
      </Position>
      <AltitudeMeters>551</AltitudeMeters>
      <DistanceMeters>1610</DistanceMeters>
      <HeartRateBpm>
       <Value>145</Value>
      </HeartRateBpm>
      <Cadence>83</Cadence>
      <Extensions>
       <Speed>10.580000</Speed>
      </Extensions>
     </Trackpoint>
     <Trackpoint>
      <Time>2026-08-04T05:08:05Z</Time>
      <Position>
       <LatitudeDegrees>45.4285954</LatitudeDegrees>
       <LongitudeDegrees>4.3986114</LongitudeDegrees>
      </Position>
      <AltitudeMeters>551</AltitudeMeters>
      <DistanceMeters>1613</DistanceMeters>
      <HeartRateBpm>
       <Value>145</Value>
      </HeartRateBpm>
      <Cadence>83</Cadence>
      <Extensions>
       <Speed>10.590000</Speed>
      </Extensions>
     </Trackpoint>
     <Trackpoint>
      <Time>2026-08-04T05:08:06Z</Time>
      <Position>
       <LatitudeDegrees>45.4285850</LatitudeDegrees>
       <LongitudeDegrees>4.3986304</LongitudeDegrees>
      </Position>
      <AltitudeMeters>551</AltitudeMeters>
      <DistanceMeters>1616</DistanceMeters>
      <HeartRateBpm>
       <Value>145</Value>
      </HeartRateBpm>
      <Cadence>83</Cadence>
      <Extensions>
       <Speed>10.610000</Speed>
      </Extensions>
     </Trackpoint>
     <Trackpoint>
      <Time>2026-08-04T05:08:07Z</Time>
      <Position>
       <LatitudeDegrees>45.4285746</LatitudeDegrees>
       <LongitudeDegrees>4.3986495</LongitudeDegrees>
      </Position>
      <AltitudeMeters>551</AltitudeMeters>
      <DistanceMeters>1618</DistanceMeters>
      <HeartRateBpm>
       <Value>145</Value>
      </HeartRateBpm>
      <Cadence>83</Cadence>
      <Extensions>
       <Speed>10.610000</Speed>
      </Extensions>
     </Trackpoint>
     <Trackpoint>
      <Time>2026-08-04T05:08:08Z</Time>
      <Position>
       <LatitudeDegrees>45.4285643</LatitudeDegrees>
       <LongitudeDegrees>4.3986686</LongitudeDegrees>
      </Position>
      <AltitudeMeters>551</AltitudeMeters>
      <DistanceMeters>1621</DistanceMeters>
      <HeartRateBpm>
       <Value>145</Value>
      </HeartRateBpm>
      <Cadence>83</Cadence>
      <Extensions>
       <Speed>10.620000</Speed>
      </Extensions>
     </Trackpoint>
     <Trackpoint>
      <Time>2026-08-04T05:08:09Z</Time>
      <Position>
       <LatitudeDegrees>45.4285372</LatitudeDegrees>
       <LongitudeDegrees>4.3987301</LongitudeDegrees>
      </Position>
      <AltitudeMeters>551</AltitudeMeters>
      <DistanceMeters>1624</DistanceMeters>
      <HeartRateBpm>
       <Value>145</Value>
      </HeartRateBpm>
      <Cadence>83</Cadence>
      <Extensions>
       <Speed>10.620000</Speed>
      </Extensions>
     </Trackpoint>
     <Trackpoint>
      <Time>2026-08-04T05:08:10Z</Time>
      <Position>
       <LatitudeDegrees>45.4285285</LatitudeDegrees>
       <LongitudeDegrees>4.3987514</LongitudeDegrees>
      </Position>
      <AltitudeMeters>551</AltitudeMeters>
      <DistanceMeters>1627</DistanceMeters>
      <HeartRateBpm>
       <Value>145</Value>
      </HeartRateBpm>
      <Cadence>83</Cadence>
      <Extensions>
       <Speed>10.630000</Speed>
      </Extensions>
     </Trackpoint>
     <Trackpoint>
      <Time>2026-08-04T05:08:11Z</Time>
      <Position>
       <LatitudeDegrees>45.4285198</LatitudeDegrees>
       <LongitudeDegrees>4.3987727</LongitudeDegrees>
      </Position>
      <AltitudeMeters>551</AltitudeMeters>
      <DistanceMeters>1630</DistanceMeters>
      <HeartRateBpm>
       <Value>145</Value>
      </HeartRateBpm>
      <Cadence>83</Cadence>
      <Extensions>
       <Speed>10.630000</Speed>
      </Extensions>
     </Trackpoint>
     <Trackpoint>
      <Time>2026-08-04T05:08:12Z</Time>
      <Position>
       <LatitudeDegrees>45.4285111</LatitudeDegrees>
       <LongitudeDegrees>4.3987941</LongitudeDegrees>
      </Position>
      <AltitudeMeters>551</AltitudeMeters>
      <DistanceMeters>1633</DistanceMeters>
      <HeartRateBpm>
       <Value>145</Value>
      </HeartRateBpm>
      <Cadence>83</Cadence>
      <Extensions>
       <Speed>10.640000</Speed>
      </Extensions>
     </Trackpoint>
     <Trackpoint>
      <Time>2026-08-04T05:08:13Z</Time>
      <Position>
       <LatitudeDegrees>45.4284874</LatitudeDegrees>
       <LongitudeDegrees>4.3988599</LongitudeDegrees>
      </Position>
      <AltitudeMeters>551</AltitudeMeters>
      <DistanceMeters>1636</DistanceMeters>
      <HeartRateBpm>
       <Value>145</Value>
      </HeartRateBpm>
      <Cadence>83</Cadence>
      <Extensions>
       <Speed>10.640000</Speed>
      </Extensions>
     </Trackpoint>
     <Trackpoint>
      <Time>2026-08-04T05:08:14Z</Time>
      <Position>
       <LatitudeDegrees>45.4284791</LatitudeDegrees>
       <LongitudeDegrees>4.3988827</LongitudeDegrees>
      </Position>
      <AltitudeMeters>551</AltitudeMeters>
      <DistanceMeters>1639</DistanceMeters>
      <HeartRateBpm>
       <Value>146</Value>
      </HeartRateBpm>
      <Cadence>84</Cadence>
      <Extensions>
       <Speed>10.640000</Speed>
      </Extensions>
     </Trackpoint>
     <Trackpoint>
      <Time>2026-08-04T05:08:15Z</Time>
      <Position>
       <LatitudeDegrees>45.4284708</LatitudeDegrees>
       <LongitudeDegrees>4.3989055</LongitudeDegrees>
      </Position>
      <AltitudeMeters>551</AltitudeMeters>
      <DistanceMeters>1642</DistanceMeters>
      <HeartRateBpm>
       <Value>146</Value>
      </HeartRateBpm>
      <Cadence>84</Cadence>
      <Extensions>
       <Speed>10.640000</Speed>
      </Extensions>
     </Trackpoint>
     <Trackpoint>
      <Time>2026-08-04T05:08:16Z</Time>
      <Position>
       <LatitudeDegrees>45.4284626</LatitudeDegrees>
       <LongitudeDegrees>4.3989283</LongitudeDegrees>
      </Position>
      <AltitudeMeters>551</AltitudeMeters>
      <DistanceMeters>1645</DistanceMeters>
      <HeartRateBpm>
       <Value>146</Value>
      </HeartRateBpm>
      <Cadence>84</Cadence>
      <Extensions>
       <Speed>10.640000</Speed>
      </Extensions>
     </Trackpoint>
     <Trackpoint>
      <Time>2026-08-04T05:08:17Z</Time>
      <Position>
       <LatitudeDegrees>45.4284377</LatitudeDegrees>
       <LongitudeDegrees>4.3989967</LongitudeDegrees>
      </Position>
      <AltitudeMeters>551</AltitudeMeters>
      <DistanceMeters>1648</DistanceMeters>
      <HeartRateBpm>
       <Value>146</Value>
      </HeartRateBpm>
      <Cadence>84</Cadence>
      <Extensions>
       <Speed>10.640000</Speed>
      </Extensions>
     </Trackpoint>
     <Trackpoint>
      <Time>2026-08-04T05:08:18Z</Time>
      <Position>
       <LatitudeDegrees>45.4284294</LatitudeDegrees>
       <LongitudeDegrees>4.3990188</LongitudeDegrees>
      </Position>
      <AltitudeMeters>552</AltitudeMeters>
      <DistanceMeters>1651</DistanceMeters>
      <HeartRateBpm>
       <Value>146</Value>
      </HeartRateBpm>
      <Cadence>84</Cadence>
      <Extensions>
       <Speed>10.640000</Speed>
      </Extensions>
     </Trackpoint>
     <Trackpoint>
      <Time>2026-08-04T05:08:19Z</Time>
      <Position>
       <LatitudeDegrees>45.4284211</LatitudeDegrees>
       <LongitudeDegrees>4.3990410</LongitudeDegrees>
      </Position>
      <AltitudeMeters>552</AltitudeMeters>
      <DistanceMeters>1654</DistanceMeters>
      <HeartRateBpm>
       <Value>146</Value>
      </HeartRateBpm>
      <Cadence>84</Cadence>
      <Extensions>
       <Speed>10.640000</Speed>
      </Extensions>
     </Trackpoint>
     <Trackpoint>
      <Time>2026-08-04T05:08:20Z</Time>
      <Position>
       <LatitudeDegrees>45.4284129</LatitudeDegrees>
       <LongitudeDegrees>4.3990632</LongitudeDegrees>
      </Position>
      <AltitudeMeters>552</AltitudeMeters>
      <DistanceMeters>1657</DistanceMeters>
      <HeartRateBpm>
       <Value>146</Value>
      </HeartRateBpm>
      <Cadence>84</Cadence>
      <Extensions>
       <Speed>10.640000</Speed>
      </Extensions>
     </Trackpoint>
     <Trackpoint>
      <Time>2026-08-04T05:08:21Z</Time>
      <Position>
       <LatitudeDegrees>45.4283878</LatitudeDegrees>
       <LongitudeDegrees>4.3991290</LongitudeDegrees>
      </Position>
      <AltitudeMeters>552</AltitudeMeters>
      <DistanceMeters>1660</DistanceMeters>
      <HeartRateBpm>
       <Value>146</Value>
      </HeartRateBpm>
      <Cadence>84</Cadence>
      <Extensions>
       <Speed>10.640000</Speed>
      </Extensions>
     </Trackpoint>
     <Trackpoint>
      <Time>2026-08-04T05:08:22Z</Time>
      <Position>
       <LatitudeDegrees>45.4283790</LatitudeDegrees>
       <LongitudeDegrees>4.3991512</LongitudeDegrees>
      </Position>
      <AltitudeMeters>552</AltitudeMeters>
      <DistanceMeters>1663</DistanceMeters>
      <HeartRateBpm>
       <Value>146</Value>
      </HeartRateBpm>
      <Cadence>84</Cadence>
      <Extensions>
       <Speed>10.650000</Speed>
      </Extensions>
     </Trackpoint>
     <Trackpoint>
      <Time>2026-08-04T05:08:23Z</Time>
      <Position>
       <LatitudeDegrees>45.4283702</LatitudeDegrees>
       <LongitudeDegrees>4.3991735</LongitudeDegrees>
      </Position>
      <AltitudeMeters>552</AltitudeMeters>
      <DistanceMeters>1666</DistanceMeters>
      <HeartRateBpm>
       <Value>146</Value>
      </HeartRateBpm>
      <Cadence>84</Cadence>
      <Extensions>
       <Speed>10.650000</Speed>
      </Extensions>
     </Trackpoint>
     <Trackpoint>
      <Time>2026-08-04T05:08:24Z</Time>
      <Position>
       <LatitudeDegrees>45.4283614</LatitudeDegrees>
       <LongitudeDegrees>4.3991958</LongitudeDegrees>
      </Position>
      <AltitudeMeters>552</AltitudeMeters>
      <DistanceMeters>1669</DistanceMeters>
      <HeartRateBpm>
       <Value>146</Value>
      </HeartRateBpm>
      <Cadence>84</Cadence>
      <Extensions>
       <Speed>10.650000</Speed>
      </Extensions>
     </Trackpoint>
     <Trackpoint>
      <Time>2026-08-04T05:08:25Z</Time>
      <Position>
       <LatitudeDegrees>45.4283316</LatitudeDegrees>
       <LongitudeDegrees>4.3992582</LongitudeDegrees>
      </Position>
      <AltitudeMeters>552</AltitudeMeters>
      <DistanceMeters>1672</DistanceMeters>
      <HeartRateBpm>
       <Value>146</Value>
      </HeartRateBpm>
      <Cadence>84</Cadence>
      <Extensions>
       <Speed>10.650000</Speed>
      </Extensions>
     </Trackpoint>
     <Trackpoint>
      <Time>2026-08-04T05:08:26Z</Time>
      <Position>
       <LatitudeDegrees>45.4283213</LatitudeDegrees>
       <LongitudeDegrees>4.3992784</LongitudeDegrees>
      </Position>
      <AltitudeMeters>552</AltitudeMeters>
      <DistanceMeters>1675</DistanceMeters>
      <HeartRateBpm>
       <Value>146</Value>
      </HeartRateBpm>
      <Cadence>84</Cadence>
      <Extensions>
       <Speed>10.650000</Speed>
      </Extensions>
     </Trackpoint>
     <Trackpoint>
      <Time>2026-08-04T05:08:27Z</Time>
      <Position>
       <LatitudeDegrees>45.4283110</LatitudeDegrees>
       <LongitudeDegrees>4.3992986</LongitudeDegrees>
      </Position>
      <AltitudeMeters>552</AltitudeMeters>
      <DistanceMeters>1678</DistanceMeters>
      <HeartRateBpm>
       <Value>146</Value>
      </HeartRateBpm>
      <Cadence>83</Cadence>
      <Extensions>
       <Speed>10.650000</Speed>
      </Extensions>
     </Trackpoint>
     <Trackpoint>
      <Time>2026-08-04T05:08:28Z</Time>
      <Position>
       <LatitudeDegrees>45.4283008</LatitudeDegrees>
       <LongitudeDegrees>4.3993188</LongitudeDegrees>
      </Position>
      <AltitudeMeters>552</AltitudeMeters>
      <DistanceMeters>1680</DistanceMeters>
      <HeartRateBpm>
       <Value>146</Value>
      </HeartRateBpm>
      <Cadence>83</Cadence>
      <Extensions>
       <Speed>10.660000</Speed>
      </Extensions>
     </Trackpoint>
     <Trackpoint>
      <Time>2026-08-04T05:08:29Z</Time>
      <Position>
       <LatitudeDegrees>45.4282707</LatitudeDegrees>
       <LongitudeDegrees>4.3993820</LongitudeDegrees>
      </Position>
      <AltitudeMeters>552</AltitudeMeters>
      <DistanceMeters>1684</DistanceMeters>
      <HeartRateBpm>
       <Value>147</Value>
      </HeartRateBpm>
      <Cadence>83</Cadence>
      <Extensions>
       <Speed>10.660000</Speed>
      </Extensions>
     </Trackpoint>
     <Trackpoint>
      <Time>2026-08-04T05:08:30Z</Time>
      <Position>
       <LatitudeDegrees>45.4282603</LatitudeDegrees>
       <LongitudeDegrees>4.3994041</LongitudeDegrees>
      </Position>
      <AltitudeMeters>552</AltitudeMeters>
      <DistanceMeters>1687</DistanceMeters>
      <HeartRateBpm>
       <Value>147</Value>
      </HeartRateBpm>
      <Cadence>83</Cadence>
      <Extensions>
       <Speed>10.670000</Speed>
      </Extensions>
     </Trackpoint>
     <Trackpoint>
      <Time>2026-08-04T05:08:31Z</Time>
      <Position>
       <LatitudeDegrees>45.4282499</LatitudeDegrees>
       <LongitudeDegrees>4.3994262</LongitudeDegrees>
      </Position>
      <AltitudeMeters>552</AltitudeMeters>
      <DistanceMeters>1690</DistanceMeters>
      <HeartRateBpm>
       <Value>148</Value>
      </HeartRateBpm>
      <Cadence>83</Cadence>
      <Extensions>
       <Speed>10.670000</Speed>
      </Extensions>
     </Trackpoint>
     <Trackpoint>
      <Time>2026-08-04T05:08:32Z</Time>
      <Position>
       <LatitudeDegrees>45.4282395</LatitudeDegrees>
       <LongitudeDegrees>4.3994483</LongitudeDegrees>
      </Position>
      <AltitudeMeters>552</AltitudeMeters>
      <DistanceMeters>1693</DistanceMeters>
      <HeartRateBpm>
       <Value>148</Value>
      </HeartRateBpm>
      <Cadence>83</Cadence>
      <Extensions>
       <Speed>10.670000</Speed>
      </Extensions>
     </Trackpoint>
     <Trackpoint>
      <Time>2026-08-04T05:08:33Z</Time>
      <Position>
       <LatitudeDegrees>45.4282075</LatitudeDegrees>
       <LongitudeDegrees>4.3995144</LongitudeDegrees>
      </Position>
      <AltitudeMeters>552</AltitudeMeters>
      <DistanceMeters>1696</DistanceMeters>
      <HeartRateBpm>
       <Value>148</Value>
      </HeartRateBpm>
      <Cadence>83</Cadence>
      <Extensions>
       <Speed>10.670000</Speed>
      </Extensions>
     </Trackpoint>
     <Trackpoint>
      <Time>2026-08-04T05:08:34Z</Time>
      <Position>
       <LatitudeDegrees>45.4281971</LatitudeDegrees>
       <LongitudeDegrees>4.3995363</LongitudeDegrees>
      </Position>
      <AltitudeMeters>553</AltitudeMeters>
      <DistanceMeters>1699</DistanceMeters>
      <HeartRateBpm>
       <Value>149</Value>
      </HeartRateBpm>
      <Cadence>84</Cadence>
      <Extensions>
       <Speed>10.680000</Speed>
      </Extensions>
     </Trackpoint>
     <Trackpoint>
      <Time>2026-08-04T05:08:35Z</Time>
      <Position>
       <LatitudeDegrees>45.4281867</LatitudeDegrees>
       <LongitudeDegrees>4.3995582</LongitudeDegrees>
      </Position>
      <AltitudeMeters>553</AltitudeMeters>
      <DistanceMeters>1702</DistanceMeters>
      <HeartRateBpm>
       <Value>149</Value>
      </HeartRateBpm>
      <Cadence>84</Cadence>
      <Extensions>
       <Speed>10.680000</Speed>
      </Extensions>
     </Trackpoint>
     <Trackpoint>
      <Time>2026-08-04T05:08:36Z</Time>
      <Position>
       <LatitudeDegrees>45.4281764</LatitudeDegrees>
       <LongitudeDegrees>4.3995801</LongitudeDegrees>
      </Position>
      <AltitudeMeters>553</AltitudeMeters>
      <DistanceMeters>1705</DistanceMeters>
      <HeartRateBpm>
       <Value>149</Value>
      </HeartRateBpm>
      <Cadence>84</Cadence>
      <Extensions>
       <Speed>10.690000</Speed>
      </Extensions>
     </Trackpoint>
     <Trackpoint>
      <Time>2026-08-04T05:08:37Z</Time>
      <Position>
       <LatitudeDegrees>45.4281502</LatitudeDegrees>
       <LongitudeDegrees>4.3996504</LongitudeDegrees>
      </Position>
      <AltitudeMeters>553</AltitudeMeters>
      <DistanceMeters>1708</DistanceMeters>
      <HeartRateBpm>
       <Value>150</Value>
      </HeartRateBpm>
      <Cadence>84</Cadence>
      <Extensions>
       <Speed>10.700000</Speed>
      </Extensions>
     </Trackpoint>
     <Trackpoint>
      <Time>2026-08-04T05:08:38Z</Time>
      <Position>
       <LatitudeDegrees>45.4281414</LatitudeDegrees>
       <LongitudeDegrees>4.3996744</LongitudeDegrees>
      </Position>
      <AltitudeMeters>553</AltitudeMeters>
      <DistanceMeters>1712</DistanceMeters>
      <HeartRateBpm>
       <Value>150</Value>
      </HeartRateBpm>
      <Cadence>84</Cadence>
      <Extensions>
       <Speed>10.710000</Speed>
      </Extensions>
     </Trackpoint>
     <Trackpoint>
      <Time>2026-08-04T05:08:39Z</Time>
      <Position>
       <LatitudeDegrees>45.4281326</LatitudeDegrees>
       <LongitudeDegrees>4.3996984</LongitudeDegrees>
      </Position>
      <AltitudeMeters>553</AltitudeMeters>
      <DistanceMeters>1715</DistanceMeters>
      <HeartRateBpm>
       <Value>150</Value>
      </HeartRateBpm>
      <Cadence>84</Cadence>
      <Extensions>
       <Speed>10.710000</Speed>
      </Extensions>
     </Trackpoint>
     <Trackpoint>
      <Time>2026-08-04T05:08:40Z</Time>
      <Position>
       <LatitudeDegrees>45.4281239</LatitudeDegrees>
       <LongitudeDegrees>4.3997225</LongitudeDegrees>
      </Position>
      <AltitudeMeters>553</AltitudeMeters>
      <DistanceMeters>1718</DistanceMeters>
      <HeartRateBpm>
       <Value>150</Value>
      </HeartRateBpm>
      <Cadence>84</Cadence>
      <Extensions>
       <Speed>10.720000</Speed>
      </Extensions>
     </Trackpoint>
     <Trackpoint>
      <Time>2026-08-04T05:08:41Z</Time>
      <Position>
       <LatitudeDegrees>45.4280977</LatitudeDegrees>
       <LongitudeDegrees>4.3997914</LongitudeDegrees>
      </Position>
      <AltitudeMeters>553</AltitudeMeters>
      <DistanceMeters>1721</DistanceMeters>
      <HeartRateBpm>
       <Value>150</Value>
      </HeartRateBpm>
      <Cadence>84</Cadence>
      <Extensions>
       <Speed>10.730000</Speed>
      </Extensions>
     </Trackpoint>
     <Trackpoint>
      <Time>2026-08-04T05:08:42Z</Time>
      <Position>
       <LatitudeDegrees>45.4280888</LatitudeDegrees>
       <LongitudeDegrees>4.3998130</LongitudeDegrees>
      </Position>
      <AltitudeMeters>553</AltitudeMeters>
      <DistanceMeters>1724</DistanceMeters>
      <HeartRateBpm>
       <Value>150</Value>
      </HeartRateBpm>
      <Cadence>84</Cadence>
      <Extensions>
       <Speed>10.740000</Speed>
      </Extensions>
     </Trackpoint>
     <Trackpoint>
      <Time>2026-08-04T05:08:43Z</Time>
      <Position>
       <LatitudeDegrees>45.4280799</LatitudeDegrees>
       <LongitudeDegrees>4.3998347</LongitudeDegrees>
      </Position>
      <AltitudeMeters>553</AltitudeMeters>
      <DistanceMeters>1726</DistanceMeters>
      <HeartRateBpm>
       <Value>150</Value>
      </HeartRateBpm>
      <Cadence>84</Cadence>
      <Extensions>
       <Speed>10.740000</Speed>
      </Extensions>
     </Trackpoint>
     <Trackpoint>
      <Time>2026-08-04T05:08:44Z</Time>
      <Position>
       <LatitudeDegrees>45.4280710</LatitudeDegrees>
       <LongitudeDegrees>4.3998564</LongitudeDegrees>
      </Position>
      <AltitudeMeters>553</AltitudeMeters>
      <DistanceMeters>1729</DistanceMeters>
      <HeartRateBpm>
       <Value>150</Value>
      </HeartRateBpm>
      <Cadence>84</Cadence>
      <Extensions>
       <Speed>10.750000</Speed>
      </Extensions>
     </Trackpoint>
     <Trackpoint>
      <Time>2026-08-04T05:08:45Z</Time>
      <Position>
       <LatitudeDegrees>45.4280463</LatitudeDegrees>
       <LongitudeDegrees>4.3999241</LongitudeDegrees>
      </Position>
      <AltitudeMeters>553</AltitudeMeters>
      <DistanceMeters>1732</DistanceMeters>
      <HeartRateBpm>
       <Value>150</Value>
      </HeartRateBpm>
      <Cadence>84</Cadence>
      <Extensions>
       <Speed>10.750000</Speed>
      </Extensions>
     </Trackpoint>
     <Trackpoint>
      <Time>2026-08-04T05:08:46Z</Time>
      <Position>
       <LatitudeDegrees>45.4280396</LatitudeDegrees>
       <LongitudeDegrees>4.3999480</LongitudeDegrees>
      </Position>
      <AltitudeMeters>553</AltitudeMeters>
      <DistanceMeters>1736</DistanceMeters>
      <HeartRateBpm>
       <Value>150</Value>
      </HeartRateBpm>
      <Cadence>84</Cadence>
      <Extensions>
       <Speed>10.760000</Speed>
      </Extensions>
     </Trackpoint>
     <Trackpoint>
      <Time>2026-08-04T05:08:47Z</Time>
      <Position>
       <LatitudeDegrees>45.4280330</LatitudeDegrees>
       <LongitudeDegrees>4.3999720</LongitudeDegrees>
      </Position>
      <AltitudeMeters>553</AltitudeMeters>
      <DistanceMeters>1739</DistanceMeters>
      <HeartRateBpm>
       <Value>150</Value>
      </HeartRateBpm>
      <Cadence>84</Cadence>
      <Extensions>
       <Speed>10.760000</Speed>
      </Extensions>
     </Trackpoint>
     <Trackpoint>
      <Time>2026-08-04T05:08:48Z</Time>
      <Position>
       <LatitudeDegrees>45.4280264</LatitudeDegrees>
       <LongitudeDegrees>4.3999960</LongitudeDegrees>
      </Position>
      <AltitudeMeters>553</AltitudeMeters>
      <DistanceMeters>1742</DistanceMeters>
      <HeartRateBpm>
       <Value>150</Value>
      </HeartRateBpm>
      <Cadence>84</Cadence>
      <Extensions>
       <Speed>10.770000</Speed>
      </Extensions>
     </Trackpoint>
     <Trackpoint>
      <Time>2026-08-04T05:08:49Z</Time>
      <Position>
       <LatitudeDegrees>45.4280084</LatitudeDegrees>
       <LongitudeDegrees>4.4000689</LongitudeDegrees>
      </Position>
      <AltitudeMeters>553</AltitudeMeters>
      <DistanceMeters>1745</DistanceMeters>
      <HeartRateBpm>
       <Value>150</Value>
      </HeartRateBpm>
      <Cadence>84</Cadence>
      <Extensions>
       <Speed>10.770000</Speed>
      </Extensions>
     </Trackpoint>
     <Trackpoint>
      <Time>2026-08-04T05:08:50Z</Time>
      <Position>
       <LatitudeDegrees>45.4280008</LatitudeDegrees>
       <LongitudeDegrees>4.4000935</LongitudeDegrees>
      </Position>
      <AltitudeMeters>554</AltitudeMeters>
      <DistanceMeters>1748</DistanceMeters>
      <HeartRateBpm>
       <Value>150</Value>
      </HeartRateBpm>
      <Cadence>84</Cadence>
      <Extensions>
       <Speed>10.780000</Speed>
      </Extensions>
     </Trackpoint>
     <Trackpoint>
      <Time>2026-08-04T05:08:51Z</Time>
      <Position>
       <LatitudeDegrees>45.4279932</LatitudeDegrees>
       <LongitudeDegrees>4.4001181</LongitudeDegrees>
      </Position>
      <AltitudeMeters>554</AltitudeMeters>
      <DistanceMeters>1752</DistanceMeters>
      <HeartRateBpm>
       <Value>150</Value>
      </HeartRateBpm>
      <Cadence>84</Cadence>
      <Extensions>
       <Speed>10.790000</Speed>
      </Extensions>
     </Trackpoint>
     <Trackpoint>
      <Time>2026-08-04T05:08:52Z</Time>
      <Position>
       <LatitudeDegrees>45.4279857</LatitudeDegrees>
       <LongitudeDegrees>4.4001428</LongitudeDegrees>
      </Position>
      <AltitudeMeters>554</AltitudeMeters>
      <DistanceMeters>1755</DistanceMeters>
      <HeartRateBpm>
       <Value>150</Value>
      </HeartRateBpm>
      <Cadence>85</Cadence>
      <Extensions>
       <Speed>10.800000</Speed>
      </Extensions>
     </Trackpoint>
     <Trackpoint>
      <Time>2026-08-04T05:08:53Z</Time>
      <Position>
       <LatitudeDegrees>45.4279584</LatitudeDegrees>
       <LongitudeDegrees>4.4002206</LongitudeDegrees>
      </Position>
      <AltitudeMeters>554</AltitudeMeters>
      <DistanceMeters>1758</DistanceMeters>
      <HeartRateBpm>
       <Value>150</Value>
      </HeartRateBpm>
      <Cadence>85</Cadence>
      <Extensions>
       <Speed>10.810000</Speed>
      </Extensions>
     </Trackpoint>
     <Trackpoint>
      <Time>2026-08-04T05:08:54Z</Time>
      <Position>
       <LatitudeDegrees>45.4279478</LatitudeDegrees>
       <LongitudeDegrees>4.4002464</LongitudeDegrees>
      </Position>
      <AltitudeMeters>554</AltitudeMeters>
      <DistanceMeters>1762</DistanceMeters>
      <HeartRateBpm>
       <Value>150</Value>
      </HeartRateBpm>
      <Cadence>85</Cadence>
      <Extensions>
       <Speed>10.820000</Speed>
      </Extensions>
     </Trackpoint>
     <Trackpoint>
      <Time>2026-08-04T05:08:55Z</Time>
      <Position>
       <LatitudeDegrees>45.4279373</LatitudeDegrees>
       <LongitudeDegrees>4.4002723</LongitudeDegrees>
      </Position>
      <AltitudeMeters>554</AltitudeMeters>
      <DistanceMeters>1766</DistanceMeters>
      <HeartRateBpm>
       <Value>150</Value>
      </HeartRateBpm>
      <Cadence>85</Cadence>
      <Extensions>
       <Speed>10.840000</Speed>
      </Extensions>
     </Trackpoint>
     <Trackpoint>
      <Time>2026-08-04T05:08:56Z</Time>
      <Position>
       <LatitudeDegrees>45.4279268</LatitudeDegrees>
       <LongitudeDegrees>4.4002982</LongitudeDegrees>
      </Position>
      <AltitudeMeters>554</AltitudeMeters>
      <DistanceMeters>1769</DistanceMeters>
      <HeartRateBpm>
       <Value>150</Value>
      </HeartRateBpm>
      <Cadence>85</Cadence>
      <Extensions>
       <Speed>10.870000</Speed>
      </Extensions>
     </Trackpoint>
     <Trackpoint>
      <Time>2026-08-04T05:08:57Z</Time>
      <Position>
       <LatitudeDegrees>45.4278940</LatitudeDegrees>
       <LongitudeDegrees>4.4003696</LongitudeDegrees>
      </Position>
      <AltitudeMeters>554</AltitudeMeters>
      <DistanceMeters>1772</DistanceMeters>
      <HeartRateBpm>
       <Value>150</Value>
      </HeartRateBpm>
      <Cadence>84</Cadence>
      <Extensions>
       <Speed>10.900000</Speed>
      </Extensions>
     </Trackpoint>
     <Trackpoint>
      <Time>2026-08-04T05:08:58Z</Time>
      <Position>
       <LatitudeDegrees>45.4278838</LatitudeDegrees>
       <LongitudeDegrees>4.4003919</LongitudeDegrees>
      </Position>
      <AltitudeMeters>554</AltitudeMeters>
      <DistanceMeters>1775</DistanceMeters>
      <HeartRateBpm>
       <Value>150</Value>
      </HeartRateBpm>
      <Cadence>84</Cadence>
      <Extensions>
       <Speed>10.940000</Speed>
      </Extensions>
     </Trackpoint>
     <Trackpoint>
      <Time>2026-08-04T05:08:59Z</Time>
      <Position>
       <LatitudeDegrees>45.4278736</LatitudeDegrees>
       <LongitudeDegrees>4.4004142</LongitudeDegrees>
      </Position>
      <AltitudeMeters>554</AltitudeMeters>
      <DistanceMeters>1778</DistanceMeters>
      <HeartRateBpm>
       <Value>151</Value>
      </HeartRateBpm>
      <Cadence>84</Cadence>
      <Extensions>
       <Speed>10.970000</Speed>
      </Extensions>
     </Trackpoint>
     <Trackpoint>
      <Time>2026-08-04T05:09:00Z</Time>
      <Position>
       <LatitudeDegrees>45.4278634</LatitudeDegrees>
       <LongitudeDegrees>4.4004366</LongitudeDegrees>
      </Position>
      <AltitudeMeters>554</AltitudeMeters>
      <DistanceMeters>1781</DistanceMeters>
      <HeartRateBpm>
       <Value>151</Value>
      </HeartRateBpm>
      <Cadence>84</Cadence>
      <Extensions>
       <Speed>11.000000</Speed>
      </Extensions>
     </Trackpoint>
     <Trackpoint>
      <Time>2026-08-04T05:09:01Z</Time>
      <Position>
       <LatitudeDegrees>45.4278340</LatitudeDegrees>
       <LongitudeDegrees>4.4005002</LongitudeDegrees>
      </Position>
      <AltitudeMeters>554</AltitudeMeters>
      <DistanceMeters>1784</DistanceMeters>
      <HeartRateBpm>
       <Value>151</Value>
      </HeartRateBpm>
      <Cadence>84</Cadence>
      <Extensions>
       <Speed>11.020000</Speed>
      </Extensions>
     </Trackpoint>
     <Trackpoint>
      <Time>2026-08-04T05:09:02Z</Time>
      <Position>
       <LatitudeDegrees>45.4278248</LatitudeDegrees>
       <LongitudeDegrees>4.4005217</LongitudeDegrees>
      </Position>
      <AltitudeMeters>554</AltitudeMeters>
      <DistanceMeters>1786</DistanceMeters>
      <HeartRateBpm>
       <Value>151</Value>
      </HeartRateBpm>
      <Cadence>84</Cadence>
      <Extensions>
       <Speed>11.040000</Speed>
      </Extensions>
     </Trackpoint>
     <Trackpoint>
      <Time>2026-08-04T05:09:03Z</Time>
      <Position>
       <LatitudeDegrees>45.4278156</LatitudeDegrees>
       <LongitudeDegrees>4.4005432</LongitudeDegrees>
      </Position>
      <AltitudeMeters>554</AltitudeMeters>
      <DistanceMeters>1790</DistanceMeters>
      <HeartRateBpm>
       <Value>151</Value>
      </HeartRateBpm>
      <Cadence>84</Cadence>
      <Extensions>
       <Speed>11.050000</Speed>
      </Extensions>
     </Trackpoint>
     <Trackpoint>
      <Time>2026-08-04T05:09:04Z</Time>
      <Position>
       <LatitudeDegrees>45.4278064</LatitudeDegrees>
       <LongitudeDegrees>4.4005647</LongitudeDegrees>
      </Position>
      <AltitudeMeters>554</AltitudeMeters>
      <DistanceMeters>1793</DistanceMeters>
      <HeartRateBpm>
       <Value>151</Value>
      </HeartRateBpm>
      <Cadence>84</Cadence>
      <Extensions>
       <Speed>11.070000</Speed>
      </Extensions>
     </Trackpoint>
     <Trackpoint>
      <Time>2026-08-04T05:09:05Z</Time>
      <Position>
       <LatitudeDegrees>45.4277759</LatitudeDegrees>
       <LongitudeDegrees>4.4006315</LongitudeDegrees>
      </Position>
      <AltitudeMeters>554</AltitudeMeters>
      <DistanceMeters>1796</DistanceMeters>
      <HeartRateBpm>
       <Value>151</Value>
      </HeartRateBpm>
      <Cadence>84</Cadence>
      <Extensions>
       <Speed>11.080000</Speed>
      </Extensions>
     </Trackpoint>
     <Trackpoint>
      <Time>2026-08-04T05:09:06Z</Time>
      <Position>
       <LatitudeDegrees>45.4277660</LatitudeDegrees>
       <LongitudeDegrees>4.4006549</LongitudeDegrees>
      </Position>
      <AltitudeMeters>555</AltitudeMeters>
      <DistanceMeters>1799</DistanceMeters>
      <HeartRateBpm>
       <Value>151</Value>
      </HeartRateBpm>
      <Cadence>84</Cadence>
      <Extensions>
       <Speed>11.100000</Speed>
      </Extensions>
     </Trackpoint>
     <Trackpoint>
      <Time>2026-08-04T05:09:07Z</Time>
      <Position>
       <LatitudeDegrees>45.4277562</LatitudeDegrees>
       <LongitudeDegrees>4.4006784</LongitudeDegrees>
      </Position>
      <AltitudeMeters>555</AltitudeMeters>
      <DistanceMeters>1802</DistanceMeters>
      <HeartRateBpm>
       <Value>151</Value>
      </HeartRateBpm>
      <Cadence>83</Cadence>
      <Extensions>
       <Speed>11.110000</Speed>
      </Extensions>
     </Trackpoint>
     <Trackpoint>
      <Time>2026-08-04T05:09:08Z</Time>
      <Position>
       <LatitudeDegrees>45.4277464</LatitudeDegrees>
       <LongitudeDegrees>4.4007019</LongitudeDegrees>
      </Position>
      <AltitudeMeters>555</AltitudeMeters>
      <DistanceMeters>1806</DistanceMeters>
      <HeartRateBpm>
       <Value>151</Value>
      </HeartRateBpm>
      <Cadence>83</Cadence>
      <Extensions>
       <Speed>11.120000</Speed>
      </Extensions>
     </Trackpoint>
     <Trackpoint>
      <Time>2026-08-04T05:09:09Z</Time>
      <Position>
       <LatitudeDegrees>45.4277238</LatitudeDegrees>
       <LongitudeDegrees>4.4007747</LongitudeDegrees>
      </Position>
      <AltitudeMeters>555</AltitudeMeters>
      <DistanceMeters>1809</DistanceMeters>
      <HeartRateBpm>
       <Value>150</Value>
      </HeartRateBpm>
      <Cadence>84</Cadence>
      <Extensions>
       <Speed>11.130000</Speed>
      </Extensions>
     </Trackpoint>
     <Trackpoint>
      <Time>2026-08-04T05:09:10Z</Time>
      <Position>
       <LatitudeDegrees>45.4277168</LatitudeDegrees>
       <LongitudeDegrees>4.4007981</LongitudeDegrees>
      </Position>
      <AltitudeMeters>555</AltitudeMeters>
      <DistanceMeters>1812</DistanceMeters>
      <HeartRateBpm>
       <Value>150</Value>
      </HeartRateBpm>
      <Cadence>84</Cadence>
      <Extensions>
       <Speed>11.140000</Speed>
      </Extensions>
     </Trackpoint>
     <Trackpoint>
      <Time>2026-08-04T05:09:11Z</Time>
      <Position>
       <LatitudeDegrees>45.4277098</LatitudeDegrees>
       <LongitudeDegrees>4.4008215</LongitudeDegrees>
      </Position>
      <AltitudeMeters>555</AltitudeMeters>
      <DistanceMeters>1814</DistanceMeters>
      <HeartRateBpm>
       <Value>150</Value>
      </HeartRateBpm>
      <Cadence>84</Cadence>
      <Extensions>
       <Speed>11.140000</Speed>
      </Extensions>
     </Trackpoint>
     <Trackpoint>
      <Time>2026-08-04T05:09:12Z</Time>
      <Position>
       <LatitudeDegrees>45.4277028</LatitudeDegrees>
       <LongitudeDegrees>4.4008449</LongitudeDegrees>
      </Position>
      <AltitudeMeters>555</AltitudeMeters>
      <DistanceMeters>1817</DistanceMeters>
      <HeartRateBpm>
       <Value>150</Value>
      </HeartRateBpm>
      <Cadence>84</Cadence>
      <Extensions>
       <Speed>11.150000</Speed>
      </Extensions>
     </Trackpoint>
     <Trackpoint>
      <Time>2026-08-04T05:09:13Z</Time>
      <Position>
       <LatitudeDegrees>45.4276790</LatitudeDegrees>
       <LongitudeDegrees>4.4009151</LongitudeDegrees>
      </Position>
      <AltitudeMeters>555</AltitudeMeters>
      <DistanceMeters>1820</DistanceMeters>
      <HeartRateBpm>
       <Value>149</Value>
      </HeartRateBpm>
      <Cadence>84</Cadence>
      <Extensions>
       <Speed>11.150000</Speed>
      </Extensions>
     </Trackpoint>
     <Trackpoint>
      <Time>2026-08-04T05:09:14Z</Time>
      <Position>
       <LatitudeDegrees>45.4276701</LatitudeDegrees>
       <LongitudeDegrees>4.4009385</LongitudeDegrees>
      </Position>
      <AltitudeMeters>555</AltitudeMeters>
      <DistanceMeters>1824</DistanceMeters>
      <HeartRateBpm>
       <Value>149</Value>
      </HeartRateBpm>
      <Cadence>84</Cadence>
      <Extensions>
       <Speed>11.160000</Speed>
      </Extensions>
     </Trackpoint>
     <Trackpoint>
      <Time>2026-08-04T05:09:15Z</Time>
      <Position>
       <LatitudeDegrees>45.4276612</LatitudeDegrees>
       <LongitudeDegrees>4.4009619</LongitudeDegrees>
      </Position>
      <AltitudeMeters>555</AltitudeMeters>
      <DistanceMeters>1827</DistanceMeters>
      <HeartRateBpm>
       <Value>149</Value>
      </HeartRateBpm>
      <Cadence>84</Cadence>
      <Extensions>
       <Speed>11.160000</Speed>
      </Extensions>
     </Trackpoint>
     <Trackpoint>
      <Time>2026-08-04T05:09:16Z</Time>
      <Position>
       <LatitudeDegrees>45.4276523</LatitudeDegrees>
       <LongitudeDegrees>4.4009853</LongitudeDegrees>
      </Position>
      <AltitudeMeters>555</AltitudeMeters>
      <DistanceMeters>1830</DistanceMeters>
      <HeartRateBpm>
       <Value>149</Value>
      </HeartRateBpm>
      <Cadence>84</Cadence>
      <Extensions>
       <Speed>11.170000</Speed>
      </Extensions>
     </Trackpoint>
     <Trackpoint>
      <Time>2026-08-04T05:09:17Z</Time>
      <Position>
       <LatitudeDegrees>45.4276220</LatitudeDegrees>
       <LongitudeDegrees>4.4010549</LongitudeDegrees>
      </Position>
      <AltitudeMeters>555</AltitudeMeters>
      <DistanceMeters>1834</DistanceMeters>
      <HeartRateBpm>
       <Value>149</Value>
      </HeartRateBpm>
      <Cadence>83</Cadence>
      <Extensions>
       <Speed>11.180000</Speed>
      </Extensions>
     </Trackpoint>
     <Trackpoint>
      <Time>2026-08-04T05:09:18Z</Time>
      <Position>
       <LatitudeDegrees>45.4276125</LatitudeDegrees>
       <LongitudeDegrees>4.4010792</LongitudeDegrees>
      </Position>
      <AltitudeMeters>555</AltitudeMeters>
      <DistanceMeters>1837</DistanceMeters>
      <HeartRateBpm>
       <Value>148</Value>
      </HeartRateBpm>
      <Cadence>83</Cadence>
      <Extensions>
       <Speed>11.190000</Speed>
      </Extensions>
     </Trackpoint>
     <Trackpoint>
      <Time>2026-08-04T05:09:19Z</Time>
      <Position>
       <LatitudeDegrees>45.4276030</LatitudeDegrees>
       <LongitudeDegrees>4.4011035</LongitudeDegrees>
      </Position>
      <AltitudeMeters>555</AltitudeMeters>
      <DistanceMeters>1840</DistanceMeters>
      <HeartRateBpm>
       <Value>148</Value>
      </HeartRateBpm>
      <Cadence>83</Cadence>
      <Extensions>
       <Speed>11.190000</Speed>
      </Extensions>
     </Trackpoint>
     <Trackpoint>
      <Time>2026-08-04T05:09:20Z</Time>
      <Position>
       <LatitudeDegrees>45.4275936</LatitudeDegrees>
       <LongitudeDegrees>4.4011278</LongitudeDegrees>
      </Position>
      <AltitudeMeters>555</AltitudeMeters>
      <DistanceMeters>1843</DistanceMeters>
      <HeartRateBpm>
       <Value>149</Value>
      </HeartRateBpm>
      <Cadence>83</Cadence>
      <Extensions>
       <Speed>11.200000</Speed>
      </Extensions>
     </Trackpoint>
     <Trackpoint>
      <Time>2026-08-04T05:09:21Z</Time>
      <Position>
       <LatitudeDegrees>45.4275703</LatitudeDegrees>
       <LongitudeDegrees>4.4011999</LongitudeDegrees>
      </Position>
      <AltitudeMeters>555</AltitudeMeters>
      <DistanceMeters>1846</DistanceMeters>
      <HeartRateBpm>
       <Value>149</Value>
      </HeartRateBpm>
      <Cadence>83</Cadence>
      <Extensions>
       <Speed>11.200000</Speed>
      </Extensions>
     </Trackpoint>
     <Trackpoint>
      <Time>2026-08-04T05:09:22Z</Time>
      <Position>
       <LatitudeDegrees>45.4275644</LatitudeDegrees>
       <LongitudeDegrees>4.4012240</LongitudeDegrees>
      </Position>
      <AltitudeMeters>556</AltitudeMeters>
      <DistanceMeters>1849</DistanceMeters>
      <HeartRateBpm>
       <Value>150</Value>
      </HeartRateBpm>
      <Cadence>83</Cadence>
      <Extensions>
       <Speed>11.210000</Speed>
      </Extensions>
     </Trackpoint>
     <Trackpoint>
      <Time>2026-08-04T05:09:23Z</Time>
      <Position>
       <LatitudeDegrees>45.4275586</LatitudeDegrees>
       <LongitudeDegrees>4.4012482</LongitudeDegrees>
      </Position>
      <AltitudeMeters>556</AltitudeMeters>
      <DistanceMeters>1852</DistanceMeters>
      <HeartRateBpm>
       <Value>151</Value>
      </HeartRateBpm>
      <Cadence>83</Cadence>
      <Extensions>
       <Speed>11.210000</Speed>
      </Extensions>
     </Trackpoint>
     <Trackpoint>
      <Time>2026-08-04T05:09:24Z</Time>
      <Position>
       <LatitudeDegrees>45.4275528</LatitudeDegrees>
       <LongitudeDegrees>4.4012724</LongitudeDegrees>
      </Position>
      <AltitudeMeters>556</AltitudeMeters>
      <DistanceMeters>1855</DistanceMeters>
      <HeartRateBpm>
       <Value>151</Value>
      </HeartRateBpm>
      <Cadence>83</Cadence>
      <Extensions>
       <Speed>11.220000</Speed>
      </Extensions>
     </Trackpoint>
     <Trackpoint>
      <Time>2026-08-04T05:09:25Z</Time>
      <Position>
       <LatitudeDegrees>45.4275384</LatitudeDegrees>
       <LongitudeDegrees>4.4013462</LongitudeDegrees>
      </Position>
      <AltitudeMeters>556</AltitudeMeters>
      <DistanceMeters>1858</DistanceMeters>
      <HeartRateBpm>
       <Value>150</Value>
      </HeartRateBpm>
      <Cadence>83</Cadence>
      <Extensions>
       <Speed>11.220000</Speed>
      </Extensions>
     </Trackpoint>
     <Trackpoint>
      <Time>2026-08-04T05:09:26Z</Time>
      <Position>
       <LatitudeDegrees>45.4275335</LatitudeDegrees>
       <LongitudeDegrees>4.4013712</LongitudeDegrees>
      </Position>
      <AltitudeMeters>556</AltitudeMeters>
      <DistanceMeters>1861</DistanceMeters>
      <HeartRateBpm>
       <Value>151</Value>
      </HeartRateBpm>
      <Cadence>83</Cadence>
      <Extensions>
       <Speed>11.220000</Speed>
      </Extensions>
     </Trackpoint>
     <Trackpoint>
      <Time>2026-08-04T05:09:27Z</Time>
      <Position>
       <LatitudeDegrees>45.4275286</LatitudeDegrees>
       <LongitudeDegrees>4.4013962</LongitudeDegrees>
      </Position>
      <AltitudeMeters>556</AltitudeMeters>
      <DistanceMeters>1864</DistanceMeters>
      <HeartRateBpm>
       <Value>151</Value>
      </HeartRateBpm>
      <Cadence>83</Cadence>
      <Extensions>
       <Speed>11.220000</Speed>
      </Extensions>
     </Trackpoint>
     <Trackpoint>
      <Time>2026-08-04T05:09:28Z</Time>
      <Position>
       <LatitudeDegrees>45.4275238</LatitudeDegrees>
       <LongitudeDegrees>4.4014212</LongitudeDegrees>
      </Position>
      <AltitudeMeters>556</AltitudeMeters>
      <DistanceMeters>1867</DistanceMeters>
      <HeartRateBpm>
       <Value>151</Value>
      </HeartRateBpm>
      <Cadence>84</Cadence>
      <Extensions>
       <Speed>11.230000</Speed>
      </Extensions>
     </Trackpoint>
     <Trackpoint>
      <Time>2026-08-04T05:09:29Z</Time>
      <Position>
       <LatitudeDegrees>45.4275087</LatitudeDegrees>
       <LongitudeDegrees>4.4014958</LongitudeDegrees>
      </Position>
      <AltitudeMeters>556</AltitudeMeters>
      <DistanceMeters>1870</DistanceMeters>
      <HeartRateBpm>
       <Value>151</Value>
      </HeartRateBpm>
      <Cadence>84</Cadence>
      <Extensions>
       <Speed>11.220000</Speed>
      </Extensions>
     </Trackpoint>
     <Trackpoint>
      <Time>2026-08-04T05:09:30Z</Time>
      <Position>
       <LatitudeDegrees>45.4275034</LatitudeDegrees>
       <LongitudeDegrees>4.4015203</LongitudeDegrees>
      </Position>
      <AltitudeMeters>556</AltitudeMeters>
      <DistanceMeters>1873</DistanceMeters>
      <HeartRateBpm>
       <Value>151</Value>
      </HeartRateBpm>
      <Cadence>84</Cadence>
      <Extensions>
       <Speed>11.220000</Speed>
      </Extensions>
     </Trackpoint>
     <Trackpoint>
      <Time>2026-08-04T05:09:31Z</Time>
      <Position>
       <LatitudeDegrees>45.4274981</LatitudeDegrees>
       <LongitudeDegrees>4.4015449</LongitudeDegrees>
      </Position>
      <AltitudeMeters>556</AltitudeMeters>
      <DistanceMeters>1876</DistanceMeters>
      <HeartRateBpm>
       <Value>151</Value>
      </HeartRateBpm>
      <Cadence>84</Cadence>
      <Extensions>
       <Speed>11.220000</Speed>
      </Extensions>
     </Trackpoint>
     <Trackpoint>
      <Time>2026-08-04T05:09:32Z</Time>
      <Position>
       <LatitudeDegrees>45.4274928</LatitudeDegrees>
       <LongitudeDegrees>4.4015695</LongitudeDegrees>
      </Position>
      <AltitudeMeters>556</AltitudeMeters>
      <DistanceMeters>1879</DistanceMeters>
      <HeartRateBpm>
       <Value>151</Value>
      </HeartRateBpm>
      <Cadence>84</Cadence>
      <Extensions>
       <Speed>11.220000</Speed>
      </Extensions>
     </Trackpoint>
     <Trackpoint>
      <Time>2026-08-04T05:09:33Z</Time>
      <Position>
       <LatitudeDegrees>45.4274738</LatitudeDegrees>
       <LongitudeDegrees>4.4016424</LongitudeDegrees>
      </Position>
      <AltitudeMeters>556</AltitudeMeters>
      <DistanceMeters>1882</DistanceMeters>
      <HeartRateBpm>
       <Value>151</Value>
      </HeartRateBpm>
      <Cadence>84</Cadence>
      <Extensions>
       <Speed>11.220000</Speed>
      </Extensions>
     </Trackpoint>
     <Trackpoint>
      <Time>2026-08-04T05:09:34Z</Time>
      <Position>
       <LatitudeDegrees>45.4274662</LatitudeDegrees>
       <LongitudeDegrees>4.4016664</LongitudeDegrees>
      </Position>
      <AltitudeMeters>556</AltitudeMeters>
      <DistanceMeters>1885</DistanceMeters>
      <HeartRateBpm>
       <Value>151</Value>
      </HeartRateBpm>
      <Cadence>84</Cadence>
      <Extensions>
       <Speed>11.230000</Speed>
      </Extensions>
     </Trackpoint>
     <Trackpoint>
      <Time>2026-08-04T05:09:35Z</Time>
      <Position>
       <LatitudeDegrees>45.4274587</LatitudeDegrees>
       <LongitudeDegrees>4.4016904</LongitudeDegrees>
      </Position>
      <AltitudeMeters>556</AltitudeMeters>
      <DistanceMeters>1888</DistanceMeters>
      <HeartRateBpm>
       <Value>151</Value>
      </HeartRateBpm>
      <Cadence>84</Cadence>
      <Extensions>
       <Speed>11.230000</Speed>
      </Extensions>
     </Trackpoint>
     <Trackpoint>
      <Time>2026-08-04T05:09:36Z</Time>
      <Position>
       <LatitudeDegrees>45.4274512</LatitudeDegrees>
       <LongitudeDegrees>4.4017145</LongitudeDegrees>
      </Position>
      <AltitudeMeters>556</AltitudeMeters>
      <DistanceMeters>1892</DistanceMeters>
      <HeartRateBpm>
       <Value>151</Value>
      </HeartRateBpm>
      <Cadence>84</Cadence>
      <Extensions>
       <Speed>11.230000</Speed>
      </Extensions>
     </Trackpoint>
     <Trackpoint>
      <Time>2026-08-04T05:09:37Z</Time>
      <Position>
       <LatitudeDegrees>45.4274274</LatitudeDegrees>
       <LongitudeDegrees>4.4017899</LongitudeDegrees>
      </Position>
      <AltitudeMeters>556</AltitudeMeters>
      <DistanceMeters>1895</DistanceMeters>
      <HeartRateBpm>
       <Value>151</Value>
      </HeartRateBpm>
      <Cadence>84</Cadence>
      <Extensions>
       <Speed>11.230000</Speed>
      </Extensions>
     </Trackpoint>
     <Trackpoint>
      <Time>2026-08-04T05:09:38Z</Time>
      <Position>
       <LatitudeDegrees>45.4274201</LatitudeDegrees>
       <LongitudeDegrees>4.4018149</LongitudeDegrees>
      </Position>
      <AltitudeMeters>557</AltitudeMeters>
      <DistanceMeters>1898</DistanceMeters>
      <HeartRateBpm>
       <Value>151</Value>
      </HeartRateBpm>
      <Cadence>84</Cadence>
      <Extensions>
       <Speed>11.230000</Speed>
      </Extensions>
     </Trackpoint>
     <Trackpoint>
      <Time>2026-08-04T05:09:39Z</Time>
      <Position>
       <LatitudeDegrees>45.4274129</LatitudeDegrees>
       <LongitudeDegrees>4.4018400</LongitudeDegrees>
      </Position>
      <AltitudeMeters>557</AltitudeMeters>
      <DistanceMeters>1902</DistanceMeters>
      <HeartRateBpm>
       <Value>152</Value>
      </HeartRateBpm>
      <Cadence>84</Cadence>
      <Extensions>
       <Speed>11.230000</Speed>
      </Extensions>
     </Trackpoint>
     <Trackpoint>
      <Time>2026-08-04T05:09:40Z</Time>
      <Position>
       <LatitudeDegrees>45.4274057</LatitudeDegrees>
       <LongitudeDegrees>4.4018651</LongitudeDegrees>
      </Position>
      <AltitudeMeters>557</AltitudeMeters>
      <DistanceMeters>1905</DistanceMeters>
      <HeartRateBpm>
       <Value>152</Value>
      </HeartRateBpm>
      <Cadence>85</Cadence>
      <Extensions>
       <Speed>11.230000</Speed>
      </Extensions>
     </Trackpoint>
     <Trackpoint>
      <Time>2026-08-04T05:09:41Z</Time>
      <Position>
       <LatitudeDegrees>45.4273863</LatitudeDegrees>
       <LongitudeDegrees>4.4019448</LongitudeDegrees>
      </Position>
      <AltitudeMeters>557</AltitudeMeters>
      <DistanceMeters>1908</DistanceMeters>
      <HeartRateBpm>
       <Value>152</Value>
      </HeartRateBpm>
      <Cadence>85</Cadence>
      <Extensions>
       <Speed>11.240000</Speed>
      </Extensions>
     </Trackpoint>
     <Trackpoint>
      <Time>2026-08-04T05:09:42Z</Time>
      <Position>
       <LatitudeDegrees>45.4273800</LatitudeDegrees>
       <LongitudeDegrees>4.4019713</LongitudeDegrees>
      </Position>
      <AltitudeMeters>557</AltitudeMeters>
      <DistanceMeters>1911</DistanceMeters>
      <HeartRateBpm>
       <Value>152</Value>
      </HeartRateBpm>
      <Cadence>85</Cadence>
      <Extensions>
       <Speed>11.250000</Speed>
      </Extensions>
     </Trackpoint>
     <Trackpoint>
      <Time>2026-08-04T05:09:43Z</Time>
      <Position>
       <LatitudeDegrees>45.4273737</LatitudeDegrees>
       <LongitudeDegrees>4.4019978</LongitudeDegrees>
      </Position>
      <AltitudeMeters>557</AltitudeMeters>
      <DistanceMeters>1914</DistanceMeters>
      <HeartRateBpm>
       <Value>152</Value>
      </HeartRateBpm>
      <Cadence>84</Cadence>
      <Extensions>
       <Speed>11.260000</Speed>
      </Extensions>
     </Trackpoint>
     <Trackpoint>
      <Time>2026-08-04T05:09:44Z</Time>
      <Position>
       <LatitudeDegrees>45.4273674</LatitudeDegrees>
       <LongitudeDegrees>4.4020244</LongitudeDegrees>
      </Position>
      <AltitudeMeters>557</AltitudeMeters>
      <DistanceMeters>1918</DistanceMeters>
      <HeartRateBpm>
       <Value>152</Value>
      </HeartRateBpm>
      <Cadence>84</Cadence>
      <Extensions>
       <Speed>11.270000</Speed>
      </Extensions>
     </Trackpoint>
     <Trackpoint>
      <Time>2026-08-04T05:09:45Z</Time>
      <Position>
       <LatitudeDegrees>45.4273475</LatitudeDegrees>
       <LongitudeDegrees>4.4021021</LongitudeDegrees>
      </Position>
      <AltitudeMeters>557</AltitudeMeters>
      <DistanceMeters>1921</DistanceMeters>
      <HeartRateBpm>
       <Value>152</Value>
      </HeartRateBpm>
      <Cadence>84</Cadence>
      <Extensions>
       <Speed>11.280000</Speed>
      </Extensions>
     </Trackpoint>
     <Trackpoint>
      <Time>2026-08-04T05:09:46Z</Time>
      <Position>
       <LatitudeDegrees>45.4273403</LatitudeDegrees>
       <LongitudeDegrees>4.4021278</LongitudeDegrees>
      </Position>
      <AltitudeMeters>557</AltitudeMeters>
      <DistanceMeters>1924</DistanceMeters>
      <HeartRateBpm>
       <Value>152</Value>
      </HeartRateBpm>
      <Cadence>83</Cadence>
      <Extensions>
       <Speed>11.290000</Speed>
      </Extensions>
     </Trackpoint>
     <Trackpoint>
      <Time>2026-08-04T05:09:47Z</Time>
      <Position>
       <LatitudeDegrees>45.4273331</LatitudeDegrees>
       <LongitudeDegrees>4.4021535</LongitudeDegrees>
      </Position>
      <AltitudeMeters>557</AltitudeMeters>
      <DistanceMeters>1928</DistanceMeters>
      <HeartRateBpm>
       <Value>151</Value>
      </HeartRateBpm>
      <Cadence>83</Cadence>
      <Extensions>
       <Speed>11.300000</Speed>
      </Extensions>
     </Trackpoint>
     <Trackpoint>
      <Time>2026-08-04T05:09:48Z</Time>
      <Position>
       <LatitudeDegrees>45.4273259</LatitudeDegrees>
       <LongitudeDegrees>4.4021793</LongitudeDegrees>
      </Position>
      <AltitudeMeters>557</AltitudeMeters>
      <DistanceMeters>1931</DistanceMeters>
      <HeartRateBpm>
       <Value>151</Value>
      </HeartRateBpm>
      <Cadence>83</Cadence>
      <Extensions>
       <Speed>11.310000</Speed>
      </Extensions>
     </Trackpoint>
     <Trackpoint>
      <Time>2026-08-04T05:09:49Z</Time>
      <Position>
       <LatitudeDegrees>45.4273031</LatitudeDegrees>
       <LongitudeDegrees>4.4022557</LongitudeDegrees>
      </Position>
      <AltitudeMeters>557</AltitudeMeters>
      <DistanceMeters>1934</DistanceMeters>
      <HeartRateBpm>
       <Value>151</Value>
      </HeartRateBpm>
      <Cadence>82</Cadence>
      <Extensions>
       <Speed>11.310000</Speed>
      </Extensions>
     </Trackpoint>
     <Trackpoint>
      <Time>2026-08-04T05:09:50Z</Time>
      <Position>
       <LatitudeDegrees>45.4272960</LatitudeDegrees>
       <LongitudeDegrees>4.4022799</LongitudeDegrees>
      </Position>
      <AltitudeMeters>557</AltitudeMeters>
      <DistanceMeters>1937</DistanceMeters>
      <HeartRateBpm>
       <Value>151</Value>
      </HeartRateBpm>
      <Cadence>82</Cadence>
      <Extensions>
       <Speed>11.310000</Speed>
      </Extensions>
     </Trackpoint>
     <Trackpoint>
      <Time>2026-08-04T05:09:51Z</Time>
      <Position>
       <LatitudeDegrees>45.4272889</LatitudeDegrees>
       <LongitudeDegrees>4.4023041</LongitudeDegrees>
      </Position>
      <AltitudeMeters>557</AltitudeMeters>
      <DistanceMeters>1940</DistanceMeters>
      <HeartRateBpm>
       <Value>152</Value>
      </HeartRateBpm>
      <Cadence>82</Cadence>
      <Extensions>
       <Speed>11.310000</Speed>
      </Extensions>
     </Trackpoint>
     <Trackpoint>
      <Time>2026-08-04T05:09:52Z</Time>
      <Position>
       <LatitudeDegrees>45.4272819</LatitudeDegrees>
       <LongitudeDegrees>4.4023284</LongitudeDegrees>
      </Position>
      <AltitudeMeters>557</AltitudeMeters>
      <DistanceMeters>1943</DistanceMeters>
      <HeartRateBpm>
       <Value>152</Value>
      </HeartRateBpm>
      <Cadence>82</Cadence>
      <Extensions>
       <Speed>11.320000</Speed>
      </Extensions>
     </Trackpoint>
     <Trackpoint>
      <Time>2026-08-04T05:09:53Z</Time>
      <Position>
       <LatitudeDegrees>45.4272646</LatitudeDegrees>
       <LongitudeDegrees>4.4023984</LongitudeDegrees>
      </Position>
      <AltitudeMeters>557</AltitudeMeters>
      <DistanceMeters>1946</DistanceMeters>
      <HeartRateBpm>
       <Value>152</Value>
      </HeartRateBpm>
      <Cadence>82</Cadence>
      <Extensions>
       <Speed>11.310000</Speed>
      </Extensions>
     </Trackpoint>
     <Trackpoint>
      <Time>2026-08-04T05:09:54Z</Time>
      <Position>
       <LatitudeDegrees>45.4272587</LatitudeDegrees>
       <LongitudeDegrees>4.4024225</LongitudeDegrees>
      </Position>
      <AltitudeMeters>557</AltitudeMeters>
      <DistanceMeters>1949</DistanceMeters>
      <HeartRateBpm>
       <Value>152</Value>
      </HeartRateBpm>
      <Cadence>82</Cadence>
      <Extensions>
       <Speed>11.310000</Speed>
      </Extensions>
     </Trackpoint>
     <Trackpoint>
      <Time>2026-08-04T05:09:55Z</Time>
      <Position>
       <LatitudeDegrees>45.4272529</LatitudeDegrees>
       <LongitudeDegrees>4.4024467</LongitudeDegrees>
      </Position>
      <AltitudeMeters>557</AltitudeMeters>
      <DistanceMeters>1952</DistanceMeters>
      <HeartRateBpm>
       <Value>152</Value>
      </HeartRateBpm>
      <Cadence>82</Cadence>
      <Extensions>
       <Speed>11.300000</Speed>
      </Extensions>
     </Trackpoint>
     <Trackpoint>
      <Time>2026-08-04T05:09:56Z</Time>
      <Position>
       <LatitudeDegrees>45.4272471</LatitudeDegrees>
       <LongitudeDegrees>4.4024709</LongitudeDegrees>
      </Position>
      <AltitudeMeters>557</AltitudeMeters>
      <DistanceMeters>1955</DistanceMeters>
      <HeartRateBpm>
       <Value>152</Value>
      </HeartRateBpm>
      <Cadence>82</Cadence>
      <Extensions>
       <Speed>11.300000</Speed>
      </Extensions>
     </Trackpoint>
     <Trackpoint>
      <Time>2026-08-04T05:09:57Z</Time>
      <Position>
       <LatitudeDegrees>45.4272258</LatitudeDegrees>
       <LongitudeDegrees>4.4025435</LongitudeDegrees>
      </Position>
      <AltitudeMeters>557</AltitudeMeters>
      <DistanceMeters>1958</DistanceMeters>
      <HeartRateBpm>
       <Value>152</Value>
      </HeartRateBpm>
      <Cadence>82</Cadence>
      <Extensions>
       <Speed>11.290000</Speed>
      </Extensions>
     </Trackpoint>
     <Trackpoint>
      <Time>2026-08-04T05:09:58Z</Time>
      <Position>
       <LatitudeDegrees>45.4272186</LatitudeDegrees>
       <LongitudeDegrees>4.4025679</LongitudeDegrees>
      </Position>
      <AltitudeMeters>558</AltitudeMeters>
      <DistanceMeters>1961</DistanceMeters>
      <HeartRateBpm>
       <Value>152</Value>
      </HeartRateBpm>
      <Cadence>82</Cadence>
      <Extensions>
       <Speed>11.290000</Speed>
      </Extensions>
     </Trackpoint>
     <Trackpoint>
      <Time>2026-08-04T05:09:59Z</Time>
      <Position>
       <LatitudeDegrees>45.4272115</LatitudeDegrees>
       <LongitudeDegrees>4.4025923</LongitudeDegrees>
      </Position>
      <AltitudeMeters>558</AltitudeMeters>
      <DistanceMeters>1964</DistanceMeters>
      <HeartRateBpm>
       <Value>153</Value>
      </HeartRateBpm>
      <Cadence>82</Cadence>
      <Extensions>
       <Speed>11.280000</Speed>
      </Extensions>
     </Trackpoint>
     <Trackpoint>
      <Time>2026-08-04T05:10:00Z</Time>
      <Position>
       <LatitudeDegrees>45.4272044</LatitudeDegrees>
       <LongitudeDegrees>4.4026168</LongitudeDegrees>
      </Position>
      <AltitudeMeters>558</AltitudeMeters>
      <DistanceMeters>1967</DistanceMeters>
      <HeartRateBpm>
       <Value>153</Value>
      </HeartRateBpm>
      <Cadence>82</Cadence>
      <Extensions>
       <Speed>11.280000</Speed>
      </Extensions>
     </Trackpoint>
     <Trackpoint>
      <Time>2026-08-04T05:10:01Z</Time>
      <Position>
       <LatitudeDegrees>45.4271837</LatitudeDegrees>
       <LongitudeDegrees>4.4026927</LongitudeDegrees>
      </Position>
      <AltitudeMeters>558</AltitudeMeters>
      <DistanceMeters>1970</DistanceMeters>
      <HeartRateBpm>
       <Value>153</Value>
      </HeartRateBpm>
      <Cadence>82</Cadence>
      <Extensions>
       <Speed>11.270000</Speed>
      </Extensions>
     </Trackpoint>
     <Trackpoint>
      <Time>2026-08-04T05:10:02Z</Time>
      <Position>
       <LatitudeDegrees>45.4271771</LatitudeDegrees>
       <LongitudeDegrees>4.4027180</LongitudeDegrees>
      </Position>
      <AltitudeMeters>558</AltitudeMeters>
      <DistanceMeters>1974</DistanceMeters>
      <HeartRateBpm>
       <Value>153</Value>
      </HeartRateBpm>
      <Cadence>83</Cadence>
      <Extensions>
       <Speed>11.270000</Speed>
      </Extensions>
     </Trackpoint>
     <Trackpoint>
      <Time>2026-08-04T05:10:03Z</Time>
      <Position>
       <LatitudeDegrees>45.4271705</LatitudeDegrees>
       <LongitudeDegrees>4.4027434</LongitudeDegrees>
      </Position>
      <AltitudeMeters>558</AltitudeMeters>
      <DistanceMeters>1977</DistanceMeters>
      <HeartRateBpm>
       <Value>153</Value>
      </HeartRateBpm>
      <Cadence>83</Cadence>
      <Extensions>
       <Speed>11.260000</Speed>
      </Extensions>
     </Trackpoint>
     <Trackpoint>
      <Time>2026-08-04T05:10:04Z</Time>
      <Position>
       <LatitudeDegrees>45.4271639</LatitudeDegrees>
       <LongitudeDegrees>4.4027688</LongitudeDegrees>
      </Position>
      <AltitudeMeters>558</AltitudeMeters>
      <DistanceMeters>1980</DistanceMeters>
      <HeartRateBpm>
       <Value>153</Value>
      </HeartRateBpm>
      <Cadence>83</Cadence>
      <Extensions>
       <Speed>11.260000</Speed>
      </Extensions>
     </Trackpoint>
     <Trackpoint>
      <Time>2026-08-04T05:10:05Z</Time>
      <Position>
       <LatitudeDegrees>45.4271425</LatitudeDegrees>
       <LongitudeDegrees>4.4028428</LongitudeDegrees>
      </Position>
      <AltitudeMeters>558</AltitudeMeters>
      <DistanceMeters>1983</DistanceMeters>
      <HeartRateBpm>
       <Value>152</Value>
      </HeartRateBpm>
      <Cadence>83</Cadence>
      <Extensions>
       <Speed>11.260000</Speed>
      </Extensions>
     </Trackpoint>
     <Trackpoint>
      <Time>2026-08-04T05:10:06Z</Time>
      <Position>
       <LatitudeDegrees>45.4271352</LatitudeDegrees>
       <LongitudeDegrees>4.4028671</LongitudeDegrees>
      </Position>
      <AltitudeMeters>558</AltitudeMeters>
      <DistanceMeters>1986</DistanceMeters>
      <HeartRateBpm>
       <Value>152</Value>
      </HeartRateBpm>
      <Cadence>83</Cadence>
      <Extensions>
       <Speed>11.260000</Speed>
      </Extensions>
     </Trackpoint>
     <Trackpoint>
      <Time>2026-08-04T05:10:07Z</Time>
      <Position>
       <LatitudeDegrees>45.4271279</LatitudeDegrees>
       <LongitudeDegrees>4.4028914</LongitudeDegrees>
      </Position>
      <AltitudeMeters>558</AltitudeMeters>
      <DistanceMeters>1989</DistanceMeters>
      <HeartRateBpm>
       <Value>152</Value>
      </HeartRateBpm>
      <Cadence>83</Cadence>
      <Extensions>
       <Speed>11.260000</Speed>
      </Extensions>
     </Trackpoint>
     <Trackpoint>
      <Time>2026-08-04T05:10:08Z</Time>
      <Position>
       <LatitudeDegrees>45.4271207</LatitudeDegrees>
       <LongitudeDegrees>4.4029157</LongitudeDegrees>
      </Position>
      <AltitudeMeters>558</AltitudeMeters>
      <DistanceMeters>1992</DistanceMeters>
      <HeartRateBpm>
       <Value>151</Value>
      </HeartRateBpm>
      <Cadence>83</Cadence>
      <Extensions>
       <Speed>11.260000</Speed>
      </Extensions>
     </Trackpoint>
     <Trackpoint>
      <Time>2026-08-04T05:10:09Z</Time>
      <Position>
       <LatitudeDegrees>45.4271108</LatitudeDegrees>
       <LongitudeDegrees>4.4029526</LongitudeDegrees>
      </Position>
      <AltitudeMeters>558</AltitudeMeters>
      <DistanceMeters>1995</DistanceMeters>
      <HeartRateBpm>
       <Value>151</Value>
      </HeartRateBpm>
      <Cadence>83</Cadence>
      <Extensions>
       <Speed>11.260000</Speed>
      </Extensions>
     </Trackpoint>
     <Trackpoint>
      <Time>2026-08-04T05:10:10Z</Time>
      <Position>
       <LatitudeDegrees>45.4271009</LatitudeDegrees>
       <LongitudeDegrees>4.4029895</LongitudeDegrees>
      </Position>
      <AltitudeMeters>558</AltitudeMeters>
      <DistanceMeters>1998</DistanceMeters>
      <HeartRateBpm>
       <Value>151</Value>
      </HeartRateBpm>
      <Cadence>83</Cadence>
      <Extensions>
       <Speed>11.260000</Speed>
      </Extensions>
     </Trackpoint>
    </Track>
   </Lap>
   <Lap StartTime="2026-08-04T05:10:10Z">
    <TotalTimeSeconds>190</TotalTimeSeconds>
    <DistanceMeters>598</DistanceMeters>
    <Intensity>Active</Intensity>
    <TriggerMethod>Manual</TriggerMethod>
    <MaximumHeartRateBpm>
     <Value>155</Value>
    </MaximumHeartRateBpm>
    <AverageHeartRateBpm>
     <Value>153</Value>
    </AverageHeartRateBpm>
    <Track>
     <Trackpoint>
      <Time>2026-08-04T05:10:10Z</Time>
      <Position>
       <LatitudeDegrees>45.4271009</LatitudeDegrees>
       <LongitudeDegrees>4.4029895</LongitudeDegrees>
      </Position>
      <AltitudeMeters>558</AltitudeMeters>
      <DistanceMeters>1998</DistanceMeters>
      <HeartRateBpm>
       <Value>151</Value>
      </HeartRateBpm>
      <Cadence>83</Cadence>
      <Extensions>
       <Speed>11.260000</Speed>
      </Extensions>
     </Trackpoint>
     <Trackpoint>
      <Time>2026-08-04T05:10:11Z</Time>
      <Position>
       <LatitudeDegrees>45.4270823</LatitudeDegrees>
       <LongitudeDegrees>4.4030648</LongitudeDegrees>
      </Position>
      <AltitudeMeters>558</AltitudeMeters>
      <DistanceMeters>2002</DistanceMeters>
      <HeartRateBpm>
       <Value>152</Value>
      </HeartRateBpm>
      <Cadence>83</Cadence>
      <Extensions>
       <Speed>11.260000</Speed>
      </Extensions>
     </Trackpoint>
     <Trackpoint>
      <Time>2026-08-04T05:10:12Z</Time>
      <Position>
       <LatitudeDegrees>45.4270761</LatitudeDegrees>
       <LongitudeDegrees>4.4030895</LongitudeDegrees>
      </Position>
      <AltitudeMeters>558</AltitudeMeters>
      <DistanceMeters>2005</DistanceMeters>
      <HeartRateBpm>
       <Value>152</Value>
      </HeartRateBpm>
      <Cadence>84</Cadence>
      <Extensions>
       <Speed>11.260000</Speed>
      </Extensions>
     </Trackpoint>
     <Trackpoint>
      <Time>2026-08-04T05:10:13Z</Time>
      <Position>
       <LatitudeDegrees>45.4270699</LatitudeDegrees>
       <LongitudeDegrees>4.4031142</LongitudeDegrees>
      </Position>
      <AltitudeMeters>558</AltitudeMeters>
      <DistanceMeters>2008</DistanceMeters>
      <HeartRateBpm>
       <Value>152</Value>
      </HeartRateBpm>
      <Cadence>84</Cadence>
      <Extensions>
       <Speed>11.260000</Speed>
      </Extensions>
     </Trackpoint>
     <Trackpoint>
      <Time>2026-08-04T05:10:14Z</Time>
      <Position>
       <LatitudeDegrees>45.4270638</LatitudeDegrees>
       <LongitudeDegrees>4.4031390</LongitudeDegrees>
      </Position>
      <AltitudeMeters>559</AltitudeMeters>
      <DistanceMeters>2011</DistanceMeters>
      <HeartRateBpm>
       <Value>152</Value>
      </HeartRateBpm>
      <Cadence>84</Cadence>
      <Extensions>
       <Speed>11.260000</Speed>
      </Extensions>
     </Trackpoint>
     <Trackpoint>
      <Time>2026-08-04T05:10:15Z</Time>
      <Position>
       <LatitudeDegrees>45.4270440</LatitudeDegrees>
       <LongitudeDegrees>4.4032141</LongitudeDegrees>
      </Position>
      <AltitudeMeters>559</AltitudeMeters>
      <DistanceMeters>2014</DistanceMeters>
      <HeartRateBpm>
       <Value>152</Value>
      </HeartRateBpm>
      <Cadence>84</Cadence>
      <Extensions>
       <Speed>11.260000</Speed>
      </Extensions>
     </Trackpoint>
     <Trackpoint>
      <Time>2026-08-04T05:10:16Z</Time>
      <Position>
       <LatitudeDegrees>45.4270369</LatitudeDegrees>
       <LongitudeDegrees>4.4032393</LongitudeDegrees>
      </Position>
      <AltitudeMeters>559</AltitudeMeters>
      <DistanceMeters>2017</DistanceMeters>
      <HeartRateBpm>
       <Value>153</Value>
      </HeartRateBpm>
      <Cadence>84</Cadence>
      <Extensions>
       <Speed>11.260000</Speed>
      </Extensions>
     </Trackpoint>
     <Trackpoint>
      <Time>2026-08-04T05:10:17Z</Time>
      <Position>
       <LatitudeDegrees>45.4270299</LatitudeDegrees>
       <LongitudeDegrees>4.4032646</LongitudeDegrees>
      </Position>
      <AltitudeMeters>559</AltitudeMeters>
      <DistanceMeters>2020</DistanceMeters>
      <HeartRateBpm>
       <Value>154</Value>
      </HeartRateBpm>
      <Cadence>84</Cadence>
      <Extensions>
       <Speed>11.260000</Speed>
      </Extensions>
     </Trackpoint>
     <Trackpoint>
      <Time>2026-08-04T05:10:18Z</Time>
      <Position>
       <LatitudeDegrees>45.4270229</LatitudeDegrees>
       <LongitudeDegrees>4.4032899</LongitudeDegrees>
      </Position>
      <AltitudeMeters>559</AltitudeMeters>
      <DistanceMeters>2024</DistanceMeters>
      <HeartRateBpm>
       <Value>154</Value>
      </HeartRateBpm>
      <Cadence>84</Cadence>
      <Extensions>
       <Speed>11.260000</Speed>
      </Extensions>
     </Trackpoint>
     <Trackpoint>
      <Time>2026-08-04T05:10:19Z</Time>
      <Position>
       <LatitudeDegrees>45.4270032</LatitudeDegrees>
       <LongitudeDegrees>4.4033655</LongitudeDegrees>
      </Position>
      <AltitudeMeters>559</AltitudeMeters>
      <DistanceMeters>2027</DistanceMeters>
      <HeartRateBpm>
       <Value>155</Value>
      </HeartRateBpm>
      <Cadence>84</Cadence>
      <Extensions>
       <Speed>11.260000</Speed>
      </Extensions>
     </Trackpoint>
     <Trackpoint>
      <Time>2026-08-04T05:10:20Z</Time>
      <Position>
       <LatitudeDegrees>45.4269967</LatitudeDegrees>
       <LongitudeDegrees>4.4033903</LongitudeDegrees>
      </Position>
      <AltitudeMeters>559</AltitudeMeters>
      <DistanceMeters>2030</DistanceMeters>
      <HeartRateBpm>
       <Value>155</Value>
      </HeartRateBpm>
      <Cadence>84</Cadence>
      <Extensions>
       <Speed>11.270000</Speed>
      </Extensions>
     </Trackpoint>
     <Trackpoint>
      <Time>2026-08-04T05:10:21Z</Time>
      <Position>
       <LatitudeDegrees>45.4269902</LatitudeDegrees>
       <LongitudeDegrees>4.4034151</LongitudeDegrees>
      </Position>
      <AltitudeMeters>559</AltitudeMeters>
      <DistanceMeters>2033</DistanceMeters>
      <HeartRateBpm>
       <Value>155</Value>
      </HeartRateBpm>
      <Cadence>84</Cadence>
      <Extensions>
       <Speed>11.270000</Speed>
      </Extensions>
     </Trackpoint>
     <Trackpoint>
      <Time>2026-08-04T05:10:22Z</Time>
      <Position>
       <LatitudeDegrees>45.4269837</LatitudeDegrees>
       <LongitudeDegrees>4.4034399</LongitudeDegrees>
      </Position>
      <AltitudeMeters>559</AltitudeMeters>
      <DistanceMeters>2036</DistanceMeters>
      <HeartRateBpm>
       <Value>155</Value>
      </HeartRateBpm>
      <Cadence>84</Cadence>
      <Extensions>
       <Speed>11.270000</Speed>
      </Extensions>
     </Trackpoint>
     <Trackpoint>
      <Time>2026-08-04T05:10:23Z</Time>
      <Position>
       <LatitudeDegrees>45.4269644</LatitudeDegrees>
       <LongitudeDegrees>4.4035119</LongitudeDegrees>
      </Position>
      <AltitudeMeters>559</AltitudeMeters>
      <DistanceMeters>2039</DistanceMeters>
      <HeartRateBpm>
       <Value>155</Value>
      </HeartRateBpm>
      <Cadence>84</Cadence>
      <Extensions>
       <Speed>11.270000</Speed>
      </Extensions>
     </Trackpoint>
     <Trackpoint>
      <Time>2026-08-04T05:10:24Z</Time>
      <Position>
       <LatitudeDegrees>45.4269578</LatitudeDegrees>
       <LongitudeDegrees>4.4035366</LongitudeDegrees>
      </Position>
      <AltitudeMeters>559</AltitudeMeters>
      <DistanceMeters>2042</DistanceMeters>
      <HeartRateBpm>
       <Value>155</Value>
      </HeartRateBpm>
      <Cadence>84</Cadence>
      <Extensions>
       <Speed>11.270000</Speed>
      </Extensions>
     </Trackpoint>
     <Trackpoint>
      <Time>2026-08-04T05:10:25Z</Time>
      <Position>
       <LatitudeDegrees>45.4269512</LatitudeDegrees>
       <LongitudeDegrees>4.4035613</LongitudeDegrees>
      </Position>
      <AltitudeMeters>559</AltitudeMeters>
      <DistanceMeters>2046</DistanceMeters>
      <HeartRateBpm>
       <Value>155</Value>
      </HeartRateBpm>
      <Cadence>84</Cadence>
      <Extensions>
       <Speed>11.270000</Speed>
      </Extensions>
     </Trackpoint>
     <Trackpoint>
      <Time>2026-08-04T05:10:26Z</Time>
      <Position>
       <LatitudeDegrees>45.4269447</LatitudeDegrees>
       <LongitudeDegrees>4.4035860</LongitudeDegrees>
      </Position>
      <AltitudeMeters>559</AltitudeMeters>
      <DistanceMeters>2049</DistanceMeters>
      <HeartRateBpm>
       <Value>155</Value>
      </HeartRateBpm>
      <Cadence>84</Cadence>
      <Extensions>
       <Speed>11.270000</Speed>
      </Extensions>
     </Trackpoint>
     <Trackpoint>
      <Time>2026-08-04T05:10:27Z</Time>
      <Position>
       <LatitudeDegrees>45.4269236</LatitudeDegrees>
       <LongitudeDegrees>4.4036623</LongitudeDegrees>
      </Position>
      <AltitudeMeters>559</AltitudeMeters>
      <DistanceMeters>2052</DistanceMeters>
      <HeartRateBpm>
       <Value>155</Value>
      </HeartRateBpm>
      <Cadence>85</Cadence>
      <Extensions>
       <Speed>11.270000</Speed>
      </Extensions>
     </Trackpoint>
     <Trackpoint>
      <Time>2026-08-04T05:10:28Z</Time>
      <Position>
       <LatitudeDegrees>45.4269162</LatitudeDegrees>
       <LongitudeDegrees>4.4036881</LongitudeDegrees>
      </Position>
      <AltitudeMeters>559</AltitudeMeters>
      <DistanceMeters>2055</DistanceMeters>
      <HeartRateBpm>
       <Value>154</Value>
      </HeartRateBpm>
      <Cadence>86</Cadence>
      <Extensions>
       <Speed>11.270000</Speed>
      </Extensions>
     </Trackpoint>
     <Trackpoint>
      <Time>2026-08-04T05:10:29Z</Time>
      <Position>
       <LatitudeDegrees>45.4269088</LatitudeDegrees>
       <LongitudeDegrees>4.4037139</LongitudeDegrees>
      </Position>
      <AltitudeMeters>559</AltitudeMeters>
      <DistanceMeters>2058</DistanceMeters>
      <HeartRateBpm>
       <Value>154</Value>
      </HeartRateBpm>
      <Cadence>86</Cadence>
      <Extensions>
       <Speed>11.280000</Speed>
      </Extensions>
     </Trackpoint>
     <Trackpoint>
      <Time>2026-08-04T05:10:30Z</Time>
      <Position>
       <LatitudeDegrees>45.4269014</LatitudeDegrees>
       <LongitudeDegrees>4.4037398</LongitudeDegrees>
      </Position>
      <AltitudeMeters>559</AltitudeMeters>
      <DistanceMeters>2062</DistanceMeters>
      <HeartRateBpm>
       <Value>154</Value>
      </HeartRateBpm>
      <Cadence>86</Cadence>
      <Extensions>
       <Speed>11.290000</Speed>
      </Extensions>
     </Trackpoint>
     <Trackpoint>
      <Time>2026-08-04T05:10:31Z</Time>
      <Position>
       <LatitudeDegrees>45.4268772</LatitudeDegrees>
       <LongitudeDegrees>4.4038153</LongitudeDegrees>
      </Position>
      <AltitudeMeters>559</AltitudeMeters>
      <DistanceMeters>2065</DistanceMeters>
      <HeartRateBpm>
       <Value>153</Value>
      </HeartRateBpm>
      <Cadence>86</Cadence>
      <Extensions>
       <Speed>11.290000</Speed>
      </Extensions>
     </Trackpoint>
     <Trackpoint>
      <Time>2026-08-04T05:10:32Z</Time>
      <Position>
       <LatitudeDegrees>45.4268687</LatitudeDegrees>
       <LongitudeDegrees>4.4038398</LongitudeDegrees>
      </Position>
      <AltitudeMeters>559</AltitudeMeters>
      <DistanceMeters>2068</DistanceMeters>
      <HeartRateBpm>
       <Value>153</Value>
      </HeartRateBpm>
      <Cadence>86</Cadence>
      <Extensions>
       <Speed>11.300000</Speed>
      </Extensions>
     </Trackpoint>
     <Trackpoint>
      <Time>2026-08-04T05:10:33Z</Time>
      <Position>
       <LatitudeDegrees>45.4268603</LatitudeDegrees>
       <LongitudeDegrees>4.4038643</LongitudeDegrees>
      </Position>
      <AltitudeMeters>559</AltitudeMeters>
      <DistanceMeters>2071</DistanceMeters>
      <HeartRateBpm>
       <Value>153</Value>
      </HeartRateBpm>
      <Cadence>86</Cadence>
      <Extensions>
       <Speed>11.310000</Speed>
      </Extensions>
     </Trackpoint>
     <Trackpoint>
      <Time>2026-08-04T05:10:34Z</Time>
      <Position>
       <LatitudeDegrees>45.4268519</LatitudeDegrees>
       <LongitudeDegrees>4.4038889</LongitudeDegrees>
      </Position>
      <AltitudeMeters>560</AltitudeMeters>
      <DistanceMeters>2074</DistanceMeters>
      <HeartRateBpm>
       <Value>153</Value>
      </HeartRateBpm>
      <Cadence>85</Cadence>
      <Extensions>
       <Speed>11.320000</Speed>
      </Extensions>
     </Trackpoint>
     <Trackpoint>
      <Time>2026-08-04T05:10:35Z</Time>
      <Position>
       <LatitudeDegrees>45.4268284</LatitudeDegrees>
       <LongitudeDegrees>4.4039634</LongitudeDegrees>
      </Position>
      <AltitudeMeters>560</AltitudeMeters>
      <DistanceMeters>2078</DistanceMeters>
      <HeartRateBpm>
       <Value>152</Value>
      </HeartRateBpm>
      <Cadence>85</Cadence>
      <Extensions>
       <Speed>11.320000</Speed>
      </Extensions>
     </Trackpoint>
     <Trackpoint>
      <Time>2026-08-04T05:10:36Z</Time>
      <Position>
       <LatitudeDegrees>45.4268208</LatitudeDegrees>
       <LongitudeDegrees>4.4039878</LongitudeDegrees>
      </Position>
      <AltitudeMeters>560</AltitudeMeters>
      <DistanceMeters>2081</DistanceMeters>
      <HeartRateBpm>
       <Value>152</Value>
      </HeartRateBpm>
      <Cadence>84</Cadence>
      <Extensions>
       <Speed>11.330000</Speed>
      </Extensions>
     </Trackpoint>
     <Trackpoint>
      <Time>2026-08-04T05:10:37Z</Time>
      <Position>
       <LatitudeDegrees>45.4268132</LatitudeDegrees>
       <LongitudeDegrees>4.4040122</LongitudeDegrees>
      </Position>
      <AltitudeMeters>560</AltitudeMeters>
      <DistanceMeters>2084</DistanceMeters>
      <HeartRateBpm>
       <Value>152</Value>
      </HeartRateBpm>
      <Cadence>84</Cadence>
      <Extensions>
       <Speed>11.330000</Speed>
      </Extensions>
     </Trackpoint>
     <Trackpoint>
      <Time>2026-08-04T05:10:38Z</Time>
      <Position>
       <LatitudeDegrees>45.4268056</LatitudeDegrees>
       <LongitudeDegrees>4.4040367</LongitudeDegrees>
      </Position>
      <AltitudeMeters>560</AltitudeMeters>
      <DistanceMeters>2087</DistanceMeters>
      <HeartRateBpm>
       <Value>151</Value>
      </HeartRateBpm>
      <Cadence>84</Cadence>
      <Extensions>
       <Speed>11.330000</Speed>
      </Extensions>
     </Trackpoint>
     <Trackpoint>
      <Time>2026-08-04T05:10:39Z</Time>
      <Position>
       <LatitudeDegrees>45.4267847</LatitudeDegrees>
       <LongitudeDegrees>4.4041107</LongitudeDegrees>
      </Position>
      <AltitudeMeters>560</AltitudeMeters>
      <DistanceMeters>2090</DistanceMeters>
      <HeartRateBpm>
       <Value>151</Value>
      </HeartRateBpm>
      <Cadence>84</Cadence>
      <Extensions>
       <Speed>11.330000</Speed>
      </Extensions>
     </Trackpoint>
     <Trackpoint>
      <Time>2026-08-04T05:10:40Z</Time>
      <Position>
       <LatitudeDegrees>45.4267775</LatitudeDegrees>
       <LongitudeDegrees>4.4041342</LongitudeDegrees>
      </Position>
      <AltitudeMeters>560</AltitudeMeters>
      <DistanceMeters>2093</DistanceMeters>
      <HeartRateBpm>
       <Value>152</Value>
      </HeartRateBpm>
      <Cadence>84</Cadence>
      <Extensions>
       <Speed>11.330000</Speed>
      </Extensions>
     </Trackpoint>
     <Trackpoint>
      <Time>2026-08-04T05:10:41Z</Time>
      <Position>
       <LatitudeDegrees>45.4267703</LatitudeDegrees>
       <LongitudeDegrees>4.4041578</LongitudeDegrees>
      </Position>
      <AltitudeMeters>560</AltitudeMeters>
      <DistanceMeters>2096</DistanceMeters>
      <HeartRateBpm>
       <Value>152</Value>
      </HeartRateBpm>
      <Cadence>84</Cadence>
      <Extensions>
       <Speed>11.330000</Speed>
      </Extensions>
     </Trackpoint>
     <Trackpoint>
      <Time>2026-08-04T05:10:42Z</Time>
      <Position>
       <LatitudeDegrees>45.4267631</LatitudeDegrees>
       <LongitudeDegrees>4.4041814</LongitudeDegrees>
      </Position>
      <AltitudeMeters>560</AltitudeMeters>
      <DistanceMeters>2098</DistanceMeters>
      <HeartRateBpm>
       <Value>152</Value>
      </HeartRateBpm>
      <Cadence>84</Cadence>
      <Extensions>
       <Speed>11.330000</Speed>
      </Extensions>
     </Trackpoint>
     <Trackpoint>
      <Time>2026-08-04T05:10:43Z</Time>
      <Position>
       <LatitudeDegrees>45.4267438</LatitudeDegrees>
       <LongitudeDegrees>4.4042508</LongitudeDegrees>
      </Position>
      <AltitudeMeters>560</AltitudeMeters>
      <DistanceMeters>2101</DistanceMeters>
      <HeartRateBpm>
       <Value>153</Value>
      </HeartRateBpm>
      <Cadence>84</Cadence>
      <Extensions>
       <Speed>11.330000</Speed>
      </Extensions>
     </Trackpoint>
     <Trackpoint>
      <Time>2026-08-04T05:10:44Z</Time>
      <Position>
       <LatitudeDegrees>45.4267369</LatitudeDegrees>
       <LongitudeDegrees>4.4042749</LongitudeDegrees>
      </Position>
      <AltitudeMeters>560</AltitudeMeters>
      <DistanceMeters>2104</DistanceMeters>
      <HeartRateBpm>
       <Value>153</Value>
      </HeartRateBpm>
      <Cadence>84</Cadence>
      <Extensions>
       <Speed>11.330000</Speed>
      </Extensions>
     </Trackpoint>
     <Trackpoint>
      <Time>2026-08-04T05:10:45Z</Time>
      <Position>
       <LatitudeDegrees>45.4267300</LatitudeDegrees>
       <LongitudeDegrees>4.4042991</LongitudeDegrees>
      </Position>
      <AltitudeMeters>560</AltitudeMeters>
      <DistanceMeters>2108</DistanceMeters>
      <HeartRateBpm>
       <Value>153</Value>
      </HeartRateBpm>
      <Cadence>84</Cadence>
      <Extensions>
       <Speed>11.320000</Speed>
      </Extensions>
     </Trackpoint>
     <Trackpoint>
      <Time>2026-08-04T05:10:46Z</Time>
      <Position>
       <LatitudeDegrees>45.4267232</LatitudeDegrees>
       <LongitudeDegrees>4.4043233</LongitudeDegrees>
      </Position>
      <AltitudeMeters>560</AltitudeMeters>
      <DistanceMeters>2111</DistanceMeters>
      <HeartRateBpm>
       <Value>153</Value>
      </HeartRateBpm>
      <Cadence>84</Cadence>
      <Extensions>
       <Speed>11.320000</Speed>
      </Extensions>
     </Trackpoint>
     <Trackpoint>
      <Time>2026-08-04T05:10:47Z</Time>
      <Position>
       <LatitudeDegrees>45.4267005</LatitudeDegrees>
       <LongitudeDegrees>4.4044012</LongitudeDegrees>
      </Position>
      <AltitudeMeters>560</AltitudeMeters>
      <DistanceMeters>2114</DistanceMeters>
      <HeartRateBpm>
       <Value>153</Value>
      </HeartRateBpm>
      <Cadence>84</Cadence>
      <Extensions>
       <Speed>11.320000</Speed>
      </Extensions>
     </Trackpoint>
     <Trackpoint>
      <Time>2026-08-04T05:10:48Z</Time>
      <Position>
       <LatitudeDegrees>45.4266923</LatitudeDegrees>
       <LongitudeDegrees>4.4044262</LongitudeDegrees>
      </Position>
      <AltitudeMeters>560</AltitudeMeters>
      <DistanceMeters>2118</DistanceMeters>
      <HeartRateBpm>
       <Value>153</Value>
      </HeartRateBpm>
      <Cadence>84</Cadence>
      <Extensions>
       <Speed>11.320000</Speed>
      </Extensions>
     </Trackpoint>
     <Trackpoint>
      <Time>2026-08-04T05:10:49Z</Time>
      <Position>
       <LatitudeDegrees>45.4266841</LatitudeDegrees>
       <LongitudeDegrees>4.4044512</LongitudeDegrees>
      </Position>
      <AltitudeMeters>560</AltitudeMeters>
      <DistanceMeters>2121</DistanceMeters>
      <HeartRateBpm>
       <Value>153</Value>
      </HeartRateBpm>
      <Cadence>84</Cadence>
      <Extensions>
       <Speed>11.320000</Speed>
      </Extensions>
     </Trackpoint>
     <Trackpoint>
      <Time>2026-08-04T05:10:50Z</Time>
      <Position>
       <LatitudeDegrees>45.4266760</LatitudeDegrees>
       <LongitudeDegrees>4.4044763</LongitudeDegrees>
      </Position>
      <AltitudeMeters>561</AltitudeMeters>
      <DistanceMeters>2124</DistanceMeters>
      <HeartRateBpm>
       <Value>153</Value>
      </HeartRateBpm>
      <Cadence>84</Cadence>
      <Extensions>
       <Speed>11.320000</Speed>
      </Extensions>
     </Trackpoint>
     <Trackpoint>
      <Time>2026-08-04T05:10:51Z</Time>
      <Position>
       <LatitudeDegrees>45.4266486</LatitudeDegrees>
       <LongitudeDegrees>4.4045481</LongitudeDegrees>
      </Position>
      <AltitudeMeters>561</AltitudeMeters>
      <DistanceMeters>2127</DistanceMeters>
      <HeartRateBpm>
       <Value>153</Value>
      </HeartRateBpm>
      <Cadence>84</Cadence>
      <Extensions>
       <Speed>11.320000</Speed>
      </Extensions>
     </Trackpoint>
     <Trackpoint>
      <Time>2026-08-04T05:10:52Z</Time>
      <Position>
       <LatitudeDegrees>45.4266384</LatitudeDegrees>
       <LongitudeDegrees>4.4045712</LongitudeDegrees>
      </Position>
      <AltitudeMeters>561</AltitudeMeters>
      <DistanceMeters>2130</DistanceMeters>
      <HeartRateBpm>
       <Value>153</Value>
      </HeartRateBpm>
      <Cadence>84</Cadence>
      <Extensions>
       <Speed>11.330000</Speed>
      </Extensions>
     </Trackpoint>
     <Trackpoint>
      <Time>2026-08-04T05:10:53Z</Time>
      <Position>
       <LatitudeDegrees>45.4266283</LatitudeDegrees>
       <LongitudeDegrees>4.4045943</LongitudeDegrees>
      </Position>
      <AltitudeMeters>561</AltitudeMeters>
      <DistanceMeters>2134</DistanceMeters>
      <HeartRateBpm>
       <Value>152</Value>
      </HeartRateBpm>
      <Cadence>84</Cadence>
      <Extensions>
       <Speed>11.330000</Speed>
      </Extensions>
     </Trackpoint>
     <Trackpoint>
      <Time>2026-08-04T05:10:54Z</Time>
      <Position>
       <LatitudeDegrees>45.4266182</LatitudeDegrees>
       <LongitudeDegrees>4.4046175</LongitudeDegrees>
      </Position>
      <AltitudeMeters>561</AltitudeMeters>
      <DistanceMeters>2137</DistanceMeters>
      <HeartRateBpm>
       <Value>153</Value>
      </HeartRateBpm>
      <Cadence>84</Cadence>
      <Extensions>
       <Speed>11.340000</Speed>
      </Extensions>
     </Trackpoint>
     <Trackpoint>
      <Time>2026-08-04T05:10:55Z</Time>
      <Position>
       <LatitudeDegrees>45.4265874</LatitudeDegrees>
       <LongitudeDegrees>4.4046839</LongitudeDegrees>
      </Position>
      <AltitudeMeters>561</AltitudeMeters>
      <DistanceMeters>2140</DistanceMeters>
      <HeartRateBpm>
       <Value>153</Value>
      </HeartRateBpm>
      <Cadence>84</Cadence>
      <Extensions>
       <Speed>11.340000</Speed>
      </Extensions>
     </Trackpoint>
     <Trackpoint>
      <Time>2026-08-04T05:10:56Z</Time>
      <Position>
       <LatitudeDegrees>45.4265785</LatitudeDegrees>
       <LongitudeDegrees>4.4047066</LongitudeDegrees>
      </Position>
      <AltitudeMeters>561</AltitudeMeters>
      <DistanceMeters>2143</DistanceMeters>
      <HeartRateBpm>
       <Value>153</Value>
      </HeartRateBpm>
      <Cadence>84</Cadence>
      <Extensions>
       <Speed>11.340000</Speed>
      </Extensions>
     </Trackpoint>
     <Trackpoint>
      <Time>2026-08-04T05:10:57Z</Time>
      <Position>
       <LatitudeDegrees>45.4265697</LatitudeDegrees>
       <LongitudeDegrees>4.4047293</LongitudeDegrees>
      </Position>
      <AltitudeMeters>561</AltitudeMeters>
      <DistanceMeters>2146</DistanceMeters>
      <HeartRateBpm>
       <Value>153</Value>
      </HeartRateBpm>
      <Cadence>84</Cadence>
      <Extensions>
       <Speed>11.340000</Speed>
      </Extensions>
     </Trackpoint>
     <Trackpoint>
      <Time>2026-08-04T05:10:58Z</Time>
      <Position>
       <LatitudeDegrees>45.4265609</LatitudeDegrees>
       <LongitudeDegrees>4.4047520</LongitudeDegrees>
      </Position>
      <AltitudeMeters>561</AltitudeMeters>
      <DistanceMeters>2149</DistanceMeters>
      <HeartRateBpm>
       <Value>153</Value>
      </HeartRateBpm>
      <Cadence>84</Cadence>
      <Extensions>
       <Speed>11.350000</Speed>
      </Extensions>
     </Trackpoint>
     <Trackpoint>
      <Time>2026-08-04T05:10:59Z</Time>
      <Position>
       <LatitudeDegrees>45.4265406</LatitudeDegrees>
       <LongitudeDegrees>4.4048308</LongitudeDegrees>
      </Position>
      <AltitudeMeters>561</AltitudeMeters>
      <DistanceMeters>2152</DistanceMeters>
      <HeartRateBpm>
       <Value>153</Value>
      </HeartRateBpm>
      <Cadence>84</Cadence>
      <Extensions>
       <Speed>11.350000</Speed>
      </Extensions>
     </Trackpoint>
     <Trackpoint>
      <Time>2026-08-04T05:11:00Z</Time>
      <Position>
       <LatitudeDegrees>45.4265347</LatitudeDegrees>
       <LongitudeDegrees>4.4048574</LongitudeDegrees>
      </Position>
      <AltitudeMeters>561</AltitudeMeters>
      <DistanceMeters>2156</DistanceMeters>
      <HeartRateBpm>
       <Value>153</Value>
      </HeartRateBpm>
      <Cadence>84</Cadence>
      <Extensions>
       <Speed>11.350000</Speed>
      </Extensions>
     </Trackpoint>
     <Trackpoint>
      <Time>2026-08-04T05:11:01Z</Time>
      <Position>
       <LatitudeDegrees>45.4265288</LatitudeDegrees>
       <LongitudeDegrees>4.4048841</LongitudeDegrees>
      </Position>
      <AltitudeMeters>561</AltitudeMeters>
      <DistanceMeters>2159</DistanceMeters>
      <HeartRateBpm>
       <Value>153</Value>
      </HeartRateBpm>
      <Cadence>84</Cadence>
      <Extensions>
       <Speed>11.350000</Speed>
      </Extensions>
     </Trackpoint>
     <Trackpoint>
      <Time>2026-08-04T05:11:02Z</Time>
      <Position>
       <LatitudeDegrees>45.4265229</LatitudeDegrees>
       <LongitudeDegrees>4.4049108</LongitudeDegrees>
      </Position>
      <AltitudeMeters>561</AltitudeMeters>
      <DistanceMeters>2162</DistanceMeters>
      <HeartRateBpm>
       <Value>153</Value>
      </HeartRateBpm>
      <Cadence>84</Cadence>
      <Extensions>
       <Speed>11.360000</Speed>
      </Extensions>
     </Trackpoint>
     <Trackpoint>
      <Time>2026-08-04T05:11:03Z</Time>
      <Position>
       <LatitudeDegrees>45.4264959</LatitudeDegrees>
       <LongitudeDegrees>4.4049822</LongitudeDegrees>
      </Position>
      <AltitudeMeters>561</AltitudeMeters>
      <DistanceMeters>2166</DistanceMeters>
      <HeartRateBpm>
       <Value>153</Value>
      </HeartRateBpm>
      <Cadence>84</Cadence>
      <Extensions>
       <Speed>11.360000</Speed>
      </Extensions>
     </Trackpoint>
     <Trackpoint>
      <Time>2026-08-04T05:11:04Z</Time>
      <Position>
       <LatitudeDegrees>45.4264844</LatitudeDegrees>
       <LongitudeDegrees>4.4050036</LongitudeDegrees>
      </Position>
      <AltitudeMeters>561</AltitudeMeters>
      <DistanceMeters>2169</DistanceMeters>
      <HeartRateBpm>
       <Value>153</Value>
      </HeartRateBpm>
      <Cadence>84</Cadence>
      <Extensions>
       <Speed>11.370000</Speed>
      </Extensions>
     </Trackpoint>
     <Trackpoint>
      <Time>2026-08-04T05:11:05Z</Time>
      <Position>
       <LatitudeDegrees>45.4264729</LatitudeDegrees>
       <LongitudeDegrees>4.4050250</LongitudeDegrees>
      </Position>
      <AltitudeMeters>561</AltitudeMeters>
      <DistanceMeters>2172</DistanceMeters>
      <HeartRateBpm>
       <Value>153</Value>
      </HeartRateBpm>
      <Cadence>84</Cadence>
      <Extensions>
       <Speed>11.370000</Speed>
      </Extensions>
     </Trackpoint>
     <Trackpoint>
      <Time>2026-08-04T05:11:06Z</Time>
      <Position>
       <LatitudeDegrees>45.4264615</LatitudeDegrees>
       <LongitudeDegrees>4.4050464</LongitudeDegrees>
      </Position>
      <AltitudeMeters>562</AltitudeMeters>
      <DistanceMeters>2175</DistanceMeters>
      <HeartRateBpm>
       <Value>153</Value>
      </HeartRateBpm>
      <Cadence>84</Cadence>
      <Extensions>
       <Speed>11.380000</Speed>
      </Extensions>
     </Trackpoint>
     <Trackpoint>
      <Time>2026-08-04T05:11:07Z</Time>
      <Position>
       <LatitudeDegrees>45.4264200</LatitudeDegrees>
       <LongitudeDegrees>4.4051065</LongitudeDegrees>
      </Position>
      <AltitudeMeters>562</AltitudeMeters>
      <DistanceMeters>2178</DistanceMeters>
      <HeartRateBpm>
       <Value>153</Value>
      </HeartRateBpm>
      <Cadence>84</Cadence>
      <Extensions>
       <Speed>11.390000</Speed>
      </Extensions>
     </Trackpoint>
     <Trackpoint>
      <Time>2026-08-04T05:11:08Z</Time>
      <Position>
       <LatitudeDegrees>45.4264043</LatitudeDegrees>
       <LongitudeDegrees>4.4051261</LongitudeDegrees>
      </Position>
      <AltitudeMeters>562</AltitudeMeters>
      <DistanceMeters>2182</DistanceMeters>
      <HeartRateBpm>
       <Value>153</Value>
      </HeartRateBpm>
      <Cadence>84</Cadence>
      <Extensions>
       <Speed>11.400000</Speed>
      </Extensions>
     </Trackpoint>
     <Trackpoint>
      <Time>2026-08-04T05:11:09Z</Time>
      <Position>
       <LatitudeDegrees>45.4263886</LatitudeDegrees>
       <LongitudeDegrees>4.4051457</LongitudeDegrees>
      </Position>
      <AltitudeMeters>562</AltitudeMeters>
      <DistanceMeters>2186</DistanceMeters>
      <HeartRateBpm>
       <Value>153</Value>
      </HeartRateBpm>
      <Cadence>84</Cadence>
      <Extensions>
       <Speed>11.400000</Speed>
      </Extensions>
     </Trackpoint>
     <Trackpoint>
      <Time>2026-08-04T05:11:10Z</Time>
      <Position>
       <LatitudeDegrees>45.4263730</LatitudeDegrees>
       <LongitudeDegrees>4.4051653</LongitudeDegrees>
      </Position>
      <AltitudeMeters>562</AltitudeMeters>
      <DistanceMeters>2189</DistanceMeters>
      <HeartRateBpm>
       <Value>152</Value>
      </HeartRateBpm>
      <Cadence>84</Cadence>
      <Extensions>
       <Speed>11.410000</Speed>
      </Extensions>
     </Trackpoint>
     <Trackpoint>
      <Time>2026-08-04T05:11:11Z</Time>
      <Position>
       <LatitudeDegrees>45.4263292</LatitudeDegrees>
       <LongitudeDegrees>4.4052229</LongitudeDegrees>
      </Position>
      <AltitudeMeters>562</AltitudeMeters>
      <DistanceMeters>2192</DistanceMeters>
      <HeartRateBpm>
       <Value>152</Value>
      </HeartRateBpm>
      <Cadence>84</Cadence>
      <Extensions>
       <Speed>11.420000</Speed>
      </Extensions>
     </Trackpoint>
     <Trackpoint>
      <Time>2026-08-04T05:11:12Z</Time>
      <Position>
       <LatitudeDegrees>45.4263171</LatitudeDegrees>
       <LongitudeDegrees>4.4052431</LongitudeDegrees>
      </Position>
      <AltitudeMeters>562</AltitudeMeters>
      <DistanceMeters>2195</DistanceMeters>
      <HeartRateBpm>
       <Value>151</Value>
      </HeartRateBpm>
      <Cadence>84</Cadence>
      <Extensions>
       <Speed>11.430000</Speed>
      </Extensions>
     </Trackpoint>
     <Trackpoint>
      <Time>2026-08-04T05:11:13Z</Time>
      <Position>
       <LatitudeDegrees>45.4263050</LatitudeDegrees>
       <LongitudeDegrees>4.4052633</LongitudeDegrees>
      </Position>
      <AltitudeMeters>562</AltitudeMeters>
      <DistanceMeters>2198</DistanceMeters>
      <HeartRateBpm>
       <Value>152</Value>
      </HeartRateBpm>
      <Cadence>83</Cadence>
      <Extensions>
       <Speed>11.440000</Speed>
      </Extensions>
     </Trackpoint>
     <Trackpoint>
      <Time>2026-08-04T05:11:14Z</Time>
      <Position>
       <LatitudeDegrees>45.4262929</LatitudeDegrees>
       <LongitudeDegrees>4.4052835</LongitudeDegrees>
      </Position>
      <AltitudeMeters>562</AltitudeMeters>
      <DistanceMeters>2201</DistanceMeters>
      <HeartRateBpm>
       <Value>151</Value>
      </HeartRateBpm>
      <Cadence>83</Cadence>
      <Extensions>
       <Speed>11.450000</Speed>
      </Extensions>
     </Trackpoint>
     <Trackpoint>
      <Time>2026-08-04T05:11:15Z</Time>
      <Position>
       <LatitudeDegrees>45.4262601</LatitudeDegrees>
       <LongitudeDegrees>4.4053440</LongitudeDegrees>
      </Position>
      <AltitudeMeters>562</AltitudeMeters>
      <DistanceMeters>2204</DistanceMeters>
      <HeartRateBpm>
       <Value>150</Value>
      </HeartRateBpm>
      <Cadence>83</Cadence>
      <Extensions>
       <Speed>11.460000</Speed>
      </Extensions>
     </Trackpoint>
     <Trackpoint>
      <Time>2026-08-04T05:11:16Z</Time>
      <Position>
       <LatitudeDegrees>45.4262488</LatitudeDegrees>
       <LongitudeDegrees>4.4053623</LongitudeDegrees>
      </Position>
      <AltitudeMeters>562</AltitudeMeters>
      <DistanceMeters>2207</DistanceMeters>
      <HeartRateBpm>
       <Value>149</Value>
      </HeartRateBpm>
      <Cadence>83</Cadence>
      <Extensions>
       <Speed>11.470000</Speed>
      </Extensions>
     </Trackpoint>
     <Trackpoint>
      <Time>2026-08-04T05:11:17Z</Time>
      <Position>
       <LatitudeDegrees>45.4262376</LatitudeDegrees>
       <LongitudeDegrees>4.4053807</LongitudeDegrees>
      </Position>
      <AltitudeMeters>562</AltitudeMeters>
      <DistanceMeters>2210</DistanceMeters>
      <HeartRateBpm>
       <Value>148</Value>
      </HeartRateBpm>
      <Cadence>83</Cadence>
      <Extensions>
       <Speed>11.470000</Speed>
      </Extensions>
     </Trackpoint>
     <Trackpoint>
      <Time>2026-08-04T05:11:18Z</Time>
      <Position>
       <LatitudeDegrees>45.4262264</LatitudeDegrees>
       <LongitudeDegrees>4.4053991</LongitudeDegrees>
      </Position>
      <AltitudeMeters>562</AltitudeMeters>
      <DistanceMeters>2212</DistanceMeters>
      <HeartRateBpm>
       <Value>148</Value>
      </HeartRateBpm>
      <Cadence>83</Cadence>
      <Extensions>
       <Speed>11.480000</Speed>
      </Extensions>
     </Trackpoint>
     <Trackpoint>
      <Time>2026-08-04T05:11:19Z</Time>
      <Position>
       <LatitudeDegrees>45.4261911</LatitudeDegrees>
       <LongitudeDegrees>4.4054482</LongitudeDegrees>
      </Position>
      <AltitudeMeters>562</AltitudeMeters>
      <DistanceMeters>2214</DistanceMeters>
      <HeartRateBpm>
       <Value>147</Value>
      </HeartRateBpm>
      <Cadence>83</Cadence>
      <Extensions>
       <Speed>11.490000</Speed>
      </Extensions>
     </Trackpoint>
     <Trackpoint>
      <Time>2026-08-04T05:11:20Z</Time>
      <Position>
       <LatitudeDegrees>45.4261791</LatitudeDegrees>
       <LongitudeDegrees>4.4054647</LongitudeDegrees>
      </Position>
      <AltitudeMeters>562</AltitudeMeters>
      <DistanceMeters>2217</DistanceMeters>
      <HeartRateBpm>
       <Value>146</Value>
      </HeartRateBpm>
      <Cadence>83</Cadence>
      <Extensions>
       <Speed>11.500000</Speed>
      </Extensions>
     </Trackpoint>
     <Trackpoint>
      <Time>2026-08-04T05:11:21Z</Time>
      <Position>
       <LatitudeDegrees>45.4261671</LatitudeDegrees>
       <LongitudeDegrees>4.4054812</LongitudeDegrees>
      </Position>
      <AltitudeMeters>562</AltitudeMeters>
      <DistanceMeters>2220</DistanceMeters>
      <HeartRateBpm>
       <Value>145</Value>
      </HeartRateBpm>
      <Cadence>82</Cadence>
      <Extensions>
       <Speed>11.500000</Speed>
      </Extensions>
     </Trackpoint>
     <Trackpoint>
      <Time>2026-08-04T05:11:22Z</Time>
      <Position>
       <LatitudeDegrees>45.4261551</LatitudeDegrees>
       <LongitudeDegrees>4.4054978</LongitudeDegrees>
      </Position>
      <AltitudeMeters>562</AltitudeMeters>
      <DistanceMeters>2224</DistanceMeters>
      <HeartRateBpm>
       <Value>145</Value>
      </HeartRateBpm>
      <Cadence>82</Cadence>
      <Extensions>
       <Speed>11.500000</Speed>
      </Extensions>
     </Trackpoint>
     <Trackpoint>
      <Time>2026-08-04T05:11:23Z</Time>
      <Position>
       <LatitudeDegrees>45.4261165</LatitudeDegrees>
       <LongitudeDegrees>4.4055573</LongitudeDegrees>
      </Position>
      <AltitudeMeters>562</AltitudeMeters>
      <DistanceMeters>2228</DistanceMeters>
      <HeartRateBpm>
       <Value>145</Value>
      </HeartRateBpm>
      <Cadence>81</Cadence>
      <Extensions>
       <Speed>11.500000</Speed>
      </Extensions>
     </Trackpoint>
     <Trackpoint>
      <Time>2026-08-04T05:11:24Z</Time>
      <Position>
       <LatitudeDegrees>45.4261027</LatitudeDegrees>
       <LongitudeDegrees>4.4055789</LongitudeDegrees>
      </Position>
      <AltitudeMeters>562</AltitudeMeters>
      <DistanceMeters>2231</DistanceMeters>
      <HeartRateBpm>
       <Value>145</Value>
      </HeartRateBpm>
      <Cadence>81</Cadence>
      <Extensions>
       <Speed>11.510000</Speed>
      </Extensions>
     </Trackpoint>
     <Trackpoint>
      <Time>2026-08-04T05:11:25Z</Time>
      <Position>
       <LatitudeDegrees>45.4260889</LatitudeDegrees>
       <LongitudeDegrees>4.4056005</LongitudeDegrees>
      </Position>
      <AltitudeMeters>562</AltitudeMeters>
      <DistanceMeters>2234</DistanceMeters>
      <HeartRateBpm>
       <Value>146</Value>
      </HeartRateBpm>
      <Cadence>80</Cadence>
      <Extensions>
       <Speed>11.510000</Speed>
      </Extensions>
     </Trackpoint>
     <Trackpoint>
      <Time>2026-08-04T05:11:26Z</Time>
      <Position>
       <LatitudeDegrees>45.4260751</LatitudeDegrees>
       <LongitudeDegrees>4.4056221</LongitudeDegrees>
      </Position>
      <AltitudeMeters>563</AltitudeMeters>
      <DistanceMeters>2238</DistanceMeters>
      <HeartRateBpm>
       <Value>146</Value>
      </HeartRateBpm>
      <Cadence>80</Cadence>
      <Extensions>
       <Speed>11.520000</Speed>
      </Extensions>
     </Trackpoint>
     <Trackpoint>
      <Time>2026-08-04T05:11:27Z</Time>
      <Position>
       <LatitudeDegrees>45.4260353</LatitudeDegrees>
       <LongitudeDegrees>4.4056901</LongitudeDegrees>
      </Position>
      <AltitudeMeters>563</AltitudeMeters>
      <DistanceMeters>2242</DistanceMeters>
      <HeartRateBpm>
       <Value>146</Value>
      </HeartRateBpm>
      <Cadence>80</Cadence>
      <Extensions>
       <Speed>11.530000</Speed>
      </Extensions>
     </Trackpoint>
     <Trackpoint>
      <Time>2026-08-04T05:11:28Z</Time>
      <Position>
       <LatitudeDegrees>45.4260218</LatitudeDegrees>
       <LongitudeDegrees>4.4057121</LongitudeDegrees>
      </Position>
      <AltitudeMeters>563</AltitudeMeters>
      <DistanceMeters>2245</DistanceMeters>
      <HeartRateBpm>
       <Value>146</Value>
      </HeartRateBpm>
      <Cadence>81</Cadence>
      <Extensions>
       <Speed>11.550000</Speed>
      </Extensions>
     </Trackpoint>
     <Trackpoint>
      <Time>2026-08-04T05:11:29Z</Time>
      <Position>
       <LatitudeDegrees>45.4260083</LatitudeDegrees>
       <LongitudeDegrees>4.4057342</LongitudeDegrees>
      </Position>
      <AltitudeMeters>563</AltitudeMeters>
      <DistanceMeters>2248</DistanceMeters>
      <HeartRateBpm>
       <Value>146</Value>
      </HeartRateBpm>
      <Cadence>82</Cadence>
      <Extensions>
       <Speed>11.570000</Speed>
      </Extensions>
     </Trackpoint>
     <Trackpoint>
      <Time>2026-08-04T05:11:30Z</Time>
      <Position>
       <LatitudeDegrees>45.4259948</LatitudeDegrees>
       <LongitudeDegrees>4.4057563</LongitudeDegrees>
      </Position>
      <AltitudeMeters>563</AltitudeMeters>
      <DistanceMeters>2252</DistanceMeters>
      <HeartRateBpm>
       <Value>147</Value>
      </HeartRateBpm>
      <Cadence>82</Cadence>
      <Extensions>
       <Speed>11.590000</Speed>
      </Extensions>
     </Trackpoint>
     <Trackpoint>
      <Time>2026-08-04T05:11:31Z</Time>
      <Position>
       <LatitudeDegrees>45.4259531</LatitudeDegrees>
       <LongitudeDegrees>4.4058196</LongitudeDegrees>
      </Position>
      <AltitudeMeters>563</AltitudeMeters>
      <DistanceMeters>2255</DistanceMeters>
      <HeartRateBpm>
       <Value>147</Value>
      </HeartRateBpm>
      <Cadence>83</Cadence>
      <Extensions>
       <Speed>11.590000</Speed>
      </Extensions>
     </Trackpoint>
     <Trackpoint>
      <Time>2026-08-04T05:11:32Z</Time>
      <Position>
       <LatitudeDegrees>45.4259391</LatitudeDegrees>
       <LongitudeDegrees>4.4058390</LongitudeDegrees>
      </Position>
      <AltitudeMeters>563</AltitudeMeters>
      <DistanceMeters>2258</DistanceMeters>
      <HeartRateBpm>
       <Value>148</Value>
      </HeartRateBpm>
      <Cadence>83</Cadence>
      <Extensions>
       <Speed>11.600000</Speed>
      </Extensions>
     </Trackpoint>
     <Trackpoint>
      <Time>2026-08-04T05:11:33Z</Time>
      <Position>
       <LatitudeDegrees>45.4259251</LatitudeDegrees>
       <LongitudeDegrees>4.4058584</LongitudeDegrees>
      </Position>
      <AltitudeMeters>563</AltitudeMeters>
      <DistanceMeters>2261</DistanceMeters>
      <HeartRateBpm>
       <Value>148</Value>
      </HeartRateBpm>
      <Cadence>83</Cadence>
      <Extensions>
       <Speed>11.610000</Speed>
      </Extensions>
     </Trackpoint>
     <Trackpoint>
      <Time>2026-08-04T05:11:34Z</Time>
      <Position>
       <LatitudeDegrees>45.4259111</LatitudeDegrees>
       <LongitudeDegrees>4.4058779</LongitudeDegrees>
      </Position>
      <AltitudeMeters>563</AltitudeMeters>
      <DistanceMeters>2264</DistanceMeters>
      <HeartRateBpm>
       <Value>149</Value>
      </HeartRateBpm>
      <Cadence>84</Cadence>
      <Extensions>
       <Speed>11.620000</Speed>
      </Extensions>
     </Trackpoint>
     <Trackpoint>
      <Time>2026-08-04T05:11:35Z</Time>
      <Position>
       <LatitudeDegrees>45.4258662</LatitudeDegrees>
       <LongitudeDegrees>4.4059269</LongitudeDegrees>
      </Position>
      <AltitudeMeters>563</AltitudeMeters>
      <DistanceMeters>2268</DistanceMeters>
      <HeartRateBpm>
       <Value>152</Value>
      </HeartRateBpm>
      <Cadence>84</Cadence>
      <Extensions>
       <Speed>11.620000</Speed>
      </Extensions>
     </Trackpoint>
     <Trackpoint>
      <Time>2026-08-04T05:11:36Z</Time>
      <Position>
       <LatitudeDegrees>45.4258497</LatitudeDegrees>
       <LongitudeDegrees>4.4059427</LongitudeDegrees>
      </Position>
      <AltitudeMeters>563</AltitudeMeters>
      <DistanceMeters>2271</DistanceMeters>
      <HeartRateBpm>
       <Value>153</Value>
      </HeartRateBpm>
      <Cadence>84</Cadence>
      <Extensions>
       <Speed>11.620000</Speed>
      </Extensions>
     </Trackpoint>
     <Trackpoint>
      <Time>2026-08-04T05:11:37Z</Time>
      <Position>
       <LatitudeDegrees>45.4258332</LatitudeDegrees>
       <LongitudeDegrees>4.4059585</LongitudeDegrees>
      </Position>
      <AltitudeMeters>563</AltitudeMeters>
      <DistanceMeters>2274</DistanceMeters>
      <HeartRateBpm>
       <Value>154</Value>
      </HeartRateBpm>
      <Cadence>84</Cadence>
      <Extensions>
       <Speed>11.620000</Speed>
      </Extensions>
     </Trackpoint>
     <Trackpoint>
      <Time>2026-08-04T05:11:38Z</Time>
      <Position>
       <LatitudeDegrees>45.4258168</LatitudeDegrees>
       <LongitudeDegrees>4.4059744</LongitudeDegrees>
      </Position>
      <AltitudeMeters>563</AltitudeMeters>
      <DistanceMeters>2278</DistanceMeters>
      <HeartRateBpm>
       <Value>155</Value>
      </HeartRateBpm>
      <Cadence>84</Cadence>
      <Extensions>
       <Speed>11.630000</Speed>
      </Extensions>
     </Trackpoint>
     <Trackpoint>
      <Time>2026-08-04T05:11:39Z</Time>
      <Position>
       <LatitudeDegrees>45.4257679</LatitudeDegrees>
       <LongitudeDegrees>4.4060228</LongitudeDegrees>
      </Position>
      <AltitudeMeters>563</AltitudeMeters>
      <DistanceMeters>2281</DistanceMeters>
      <HeartRateBpm>
       <Value>155</Value>
      </HeartRateBpm>
      <Cadence>84</Cadence>
      <Extensions>
       <Speed>11.630000</Speed>
      </Extensions>
     </Trackpoint>
     <Trackpoint>
      <Time>2026-08-04T05:11:40Z</Time>
      <Position>
       <LatitudeDegrees>45.4257520</LatitudeDegrees>
       <LongitudeDegrees>4.4060390</LongitudeDegrees>
      </Position>
      <AltitudeMeters>563</AltitudeMeters>
      <DistanceMeters>2284</DistanceMeters>
      <HeartRateBpm>
       <Value>155</Value>
      </HeartRateBpm>
      <Cadence>84</Cadence>
      <Extensions>
       <Speed>11.640000</Speed>
      </Extensions>
     </Trackpoint>
     <Trackpoint>
      <Time>2026-08-04T05:11:41Z</Time>
      <Position>
       <LatitudeDegrees>45.4257361</LatitudeDegrees>
       <LongitudeDegrees>4.4060552</LongitudeDegrees>
      </Position>
      <AltitudeMeters>563</AltitudeMeters>
      <DistanceMeters>2288</DistanceMeters>
      <HeartRateBpm>
       <Value>155</Value>
      </HeartRateBpm>
      <Cadence>84</Cadence>
      <Extensions>
       <Speed>11.640000</Speed>
      </Extensions>
     </Trackpoint>
     <Trackpoint>
      <Time>2026-08-04T05:11:42Z</Time>
      <Position>
       <LatitudeDegrees>45.4257203</LatitudeDegrees>
       <LongitudeDegrees>4.4060715</LongitudeDegrees>
      </Position>
      <AltitudeMeters>564</AltitudeMeters>
      <DistanceMeters>2291</DistanceMeters>
      <HeartRateBpm>
       <Value>155</Value>
      </HeartRateBpm>
      <Cadence>84</Cadence>
      <Extensions>
       <Speed>11.650000</Speed>
      </Extensions>
     </Trackpoint>
     <Trackpoint>
      <Time>2026-08-04T05:11:43Z</Time>
      <Position>
       <LatitudeDegrees>45.4256762</LatitudeDegrees>
       <LongitudeDegrees>4.4061201</LongitudeDegrees>
      </Position>
      <AltitudeMeters>564</AltitudeMeters>
      <DistanceMeters>2294</DistanceMeters>
      <HeartRateBpm>
       <Value>155</Value>
      </HeartRateBpm>
      <Cadence>84</Cadence>
      <Extensions>
       <Speed>11.650000</Speed>
      </Extensions>
     </Trackpoint>
     <Trackpoint>
      <Time>2026-08-04T05:11:44Z</Time>
      <Position>
       <LatitudeDegrees>45.4256628</LatitudeDegrees>
       <LongitudeDegrees>4.4061361</LongitudeDegrees>
      </Position>
      <AltitudeMeters>564</AltitudeMeters>
      <DistanceMeters>2296</DistanceMeters>
      <HeartRateBpm>
       <Value>155</Value>
      </HeartRateBpm>
      <Cadence>84</Cadence>
      <Extensions>
       <Speed>11.650000</Speed>
      </Extensions>
     </Trackpoint>
     <Trackpoint>
      <Time>2026-08-04T05:11:45Z</Time>
      <Position>
       <LatitudeDegrees>45.4256495</LatitudeDegrees>
       <LongitudeDegrees>4.4061521</LongitudeDegrees>
      </Position>
      <AltitudeMeters>564</AltitudeMeters>
      <DistanceMeters>2299</DistanceMeters>
      <HeartRateBpm>
       <Value>155</Value>
      </HeartRateBpm>
      <Cadence>84</Cadence>
      <Extensions>
       <Speed>11.650000</Speed>
      </Extensions>
     </Trackpoint>
     <Trackpoint>
      <Time>2026-08-04T05:11:46Z</Time>
      <Position>
       <LatitudeDegrees>45.4256362</LatitudeDegrees>
       <LongitudeDegrees>4.4061682</LongitudeDegrees>
      </Position>
      <AltitudeMeters>564</AltitudeMeters>
      <DistanceMeters>2302</DistanceMeters>
      <HeartRateBpm>
       <Value>155</Value>
      </HeartRateBpm>
      <Cadence>84</Cadence>
      <Extensions>
       <Speed>11.650000</Speed>
      </Extensions>
     </Trackpoint>
     <Trackpoint>
      <Time>2026-08-04T05:11:47Z</Time>
      <Position>
       <LatitudeDegrees>45.4256018</LatitudeDegrees>
       <LongitudeDegrees>4.4062223</LongitudeDegrees>
      </Position>
      <AltitudeMeters>564</AltitudeMeters>
      <DistanceMeters>2305</DistanceMeters>
      <HeartRateBpm>
       <Value>155</Value>
      </HeartRateBpm>
      <Cadence>84</Cadence>
      <Extensions>
       <Speed>11.640000</Speed>
      </Extensions>
     </Trackpoint>
     <Trackpoint>
      <Time>2026-08-04T05:11:48Z</Time>
      <Position>
       <LatitudeDegrees>45.4255896</LatitudeDegrees>
       <LongitudeDegrees>4.4062400</LongitudeDegrees>
      </Position>
      <AltitudeMeters>564</AltitudeMeters>
      <DistanceMeters>2308</DistanceMeters>
      <HeartRateBpm>
       <Value>155</Value>
      </HeartRateBpm>
      <Cadence>84</Cadence>
      <Extensions>
       <Speed>11.630000</Speed>
      </Extensions>
     </Trackpoint>
     <Trackpoint>
      <Time>2026-08-04T05:11:49Z</Time>
      <Position>
       <LatitudeDegrees>45.4255774</LatitudeDegrees>
       <LongitudeDegrees>4.4062577</LongitudeDegrees>
      </Position>
      <AltitudeMeters>564</AltitudeMeters>
      <DistanceMeters>2311</DistanceMeters>
      <HeartRateBpm>
       <Value>155</Value>
      </HeartRateBpm>
      <Cadence>84</Cadence>
      <Extensions>
       <Speed>11.620000</Speed>
      </Extensions>
     </Trackpoint>
     <Trackpoint>
      <Time>2026-08-04T05:11:50Z</Time>
      <Position>
       <LatitudeDegrees>45.4255653</LatitudeDegrees>
       <LongitudeDegrees>4.4062754</LongitudeDegrees>
      </Position>
      <AltitudeMeters>564</AltitudeMeters>
      <DistanceMeters>2314</DistanceMeters>
      <HeartRateBpm>
       <Value>155</Value>
      </HeartRateBpm>
      <Cadence>84</Cadence>
      <Extensions>
       <Speed>11.610000</Speed>
      </Extensions>
     </Trackpoint>
     <Trackpoint>
      <Time>2026-08-04T05:11:51Z</Time>
      <Position>
       <LatitudeDegrees>45.4255223</LatitudeDegrees>
       <LongitudeDegrees>4.4063239</LongitudeDegrees>
      </Position>
      <AltitudeMeters>564</AltitudeMeters>
      <DistanceMeters>2317</DistanceMeters>
      <HeartRateBpm>
       <Value>155</Value>
      </HeartRateBpm>
      <Cadence>84</Cadence>
      <Extensions>
       <Speed>11.600000</Speed>
      </Extensions>
     </Trackpoint>
     <Trackpoint>
      <Time>2026-08-04T05:11:52Z</Time>
      <Position>
       <LatitudeDegrees>45.4255072</LatitudeDegrees>
       <LongitudeDegrees>4.4063398</LongitudeDegrees>
      </Position>
      <AltitudeMeters>564</AltitudeMeters>
      <DistanceMeters>2320</DistanceMeters>
      <HeartRateBpm>
       <Value>155</Value>
      </HeartRateBpm>
      <Cadence>84</Cadence>
      <Extensions>
       <Speed>11.590000</Speed>
      </Extensions>
     </Trackpoint>
     <Trackpoint>
      <Time>2026-08-04T05:11:53Z</Time>
      <Position>
       <LatitudeDegrees>45.4254922</LatitudeDegrees>
       <LongitudeDegrees>4.4063558</LongitudeDegrees>
      </Position>
      <AltitudeMeters>564</AltitudeMeters>
      <DistanceMeters>2323</DistanceMeters>
      <HeartRateBpm>
       <Value>155</Value>
      </HeartRateBpm>
      <Cadence>84</Cadence>
      <Extensions>
       <Speed>11.570000</Speed>
      </Extensions>
     </Trackpoint>
     <Trackpoint>
      <Time>2026-08-04T05:11:54Z</Time>
      <Position>
       <LatitudeDegrees>45.4254772</LatitudeDegrees>
       <LongitudeDegrees>4.4063718</LongitudeDegrees>
      </Position>
      <AltitudeMeters>564</AltitudeMeters>
      <DistanceMeters>2326</DistanceMeters>
      <HeartRateBpm>
       <Value>155</Value>
      </HeartRateBpm>
      <Cadence>84</Cadence>
      <Extensions>
       <Speed>11.560000</Speed>
      </Extensions>
     </Trackpoint>
     <Trackpoint>
      <Time>2026-08-04T05:11:55Z</Time>
      <Position>
       <LatitudeDegrees>45.4254337</LatitudeDegrees>
       <LongitudeDegrees>4.4064210</LongitudeDegrees>
      </Position>
      <AltitudeMeters>564</AltitudeMeters>
      <DistanceMeters>2329</DistanceMeters>
      <HeartRateBpm>
       <Value>155</Value>
      </HeartRateBpm>
      <Cadence>84</Cadence>
      <Extensions>
       <Speed>11.540000</Speed>
      </Extensions>
     </Trackpoint>
     <Trackpoint>
      <Time>2026-08-04T05:11:56Z</Time>
      <Position>
       <LatitudeDegrees>45.4254200</LatitudeDegrees>
       <LongitudeDegrees>4.4064384</LongitudeDegrees>
      </Position>
      <AltitudeMeters>564</AltitudeMeters>
      <DistanceMeters>2332</DistanceMeters>
      <HeartRateBpm>
       <Value>155</Value>
      </HeartRateBpm>
      <Cadence>84</Cadence>
      <Extensions>
       <Speed>11.530000</Speed>
      </Extensions>
     </Trackpoint>
     <Trackpoint>
      <Time>2026-08-04T05:11:57Z</Time>
      <Position>
       <LatitudeDegrees>45.4254063</LatitudeDegrees>
       <LongitudeDegrees>4.4064559</LongitudeDegrees>
      </Position>
      <AltitudeMeters>564</AltitudeMeters>
      <DistanceMeters>2335</DistanceMeters>
      <HeartRateBpm>
       <Value>155</Value>
      </HeartRateBpm>
      <Cadence>84</Cadence>
      <Extensions>
       <Speed>11.500000</Speed>
      </Extensions>
     </Trackpoint>
     <Trackpoint>
      <Time>2026-08-04T05:11:58Z</Time>
      <Position>
       <LatitudeDegrees>45.4253926</LatitudeDegrees>
       <LongitudeDegrees>4.4064734</LongitudeDegrees>
      </Position>
      <AltitudeMeters>565</AltitudeMeters>
      <DistanceMeters>2338</DistanceMeters>
      <HeartRateBpm>
       <Value>155</Value>
      </HeartRateBpm>
      <Cadence>84</Cadence>
      <Extensions>
       <Speed>11.480000</Speed>
      </Extensions>
     </Trackpoint>
     <Trackpoint>
      <Time>2026-08-04T05:11:59Z</Time>
      <Position>
       <LatitudeDegrees>45.4253535</LatitudeDegrees>
       <LongitudeDegrees>4.4065229</LongitudeDegrees>
      </Position>
      <AltitudeMeters>565</AltitudeMeters>
      <DistanceMeters>2341</DistanceMeters>
      <HeartRateBpm>
       <Value>155</Value>
      </HeartRateBpm>
      <Cadence>84</Cadence>
      <Extensions>
       <Speed>11.450000</Speed>
      </Extensions>
     </Trackpoint>
     <Trackpoint>
      <Time>2026-08-04T05:12:00Z</Time>
      <Position>
       <LatitudeDegrees>45.4253391</LatitudeDegrees>
       <LongitudeDegrees>4.4065370</LongitudeDegrees>
      </Position>
      <AltitudeMeters>565</AltitudeMeters>
      <DistanceMeters>2344</DistanceMeters>
      <HeartRateBpm>
       <Value>154</Value>
      </HeartRateBpm>
      <Cadence>84</Cadence>
      <Extensions>
       <Speed>11.430000</Speed>
      </Extensions>
     </Trackpoint>
     <Trackpoint>
      <Time>2026-08-04T05:12:01Z</Time>
      <Position>
       <LatitudeDegrees>45.4253248</LatitudeDegrees>
       <LongitudeDegrees>4.4065512</LongitudeDegrees>
      </Position>
      <AltitudeMeters>565</AltitudeMeters>
      <DistanceMeters>2347</DistanceMeters>
      <HeartRateBpm>
       <Value>153</Value>
      </HeartRateBpm>
      <Cadence>84</Cadence>
      <Extensions>
       <Speed>11.410000</Speed>
      </Extensions>
     </Trackpoint>
     <Trackpoint>
      <Time>2026-08-04T05:12:02Z</Time>
      <Position>
       <LatitudeDegrees>45.4253105</LatitudeDegrees>
       <LongitudeDegrees>4.4065654</LongitudeDegrees>
      </Position>
      <AltitudeMeters>565</AltitudeMeters>
      <DistanceMeters>2350</DistanceMeters>
      <HeartRateBpm>
       <Value>152</Value>
      </HeartRateBpm>
      <Cadence>84</Cadence>
      <Extensions>
       <Speed>11.390000</Speed>
      </Extensions>
     </Trackpoint>
     <Trackpoint>
      <Time>2026-08-04T05:12:03Z</Time>
      <Position>
       <LatitudeDegrees>45.4252655</LatitudeDegrees>
       <LongitudeDegrees>4.4066099</LongitudeDegrees>
      </Position>
      <AltitudeMeters>565</AltitudeMeters>
      <DistanceMeters>2354</DistanceMeters>
      <HeartRateBpm>
       <Value>150</Value>
      </HeartRateBpm>
      <Cadence>84</Cadence>
      <Extensions>
       <Speed>11.370000</Speed>
      </Extensions>
     </Trackpoint>
     <Trackpoint>
      <Time>2026-08-04T05:12:04Z</Time>
      <Position>
       <LatitudeDegrees>45.4252504</LatitudeDegrees>
       <LongitudeDegrees>4.4066249</LongitudeDegrees>
      </Position>
      <AltitudeMeters>565</AltitudeMeters>
      <DistanceMeters>2357</DistanceMeters>
      <HeartRateBpm>
       <Value>150</Value>
      </HeartRateBpm>
      <Cadence>84</Cadence>
      <Extensions>
       <Speed>11.360000</Speed>
      </Extensions>
     </Trackpoint>
     <Trackpoint>
      <Time>2026-08-04T05:12:05Z</Time>
      <Position>
       <LatitudeDegrees>45.4252353</LatitudeDegrees>
       <LongitudeDegrees>4.4066399</LongitudeDegrees>
      </Position>
      <AltitudeMeters>565</AltitudeMeters>
      <DistanceMeters>2360</DistanceMeters>
      <HeartRateBpm>
       <Value>150</Value>
      </HeartRateBpm>
      <Cadence>83</Cadence>
      <Extensions>
       <Speed>11.350000</Speed>
      </Extensions>
     </Trackpoint>
     <Trackpoint>
      <Time>2026-08-04T05:12:06Z</Time>
      <Position>
       <LatitudeDegrees>45.4252202</LatitudeDegrees>
       <LongitudeDegrees>4.4066550</LongitudeDegrees>
      </Position>
      <AltitudeMeters>565</AltitudeMeters>
      <DistanceMeters>2362</DistanceMeters>
      <HeartRateBpm>
       <Value>150</Value>
      </HeartRateBpm>
      <Cadence>83</Cadence>
      <Extensions>
       <Speed>11.340000</Speed>
      </Extensions>
     </Trackpoint>
     <Trackpoint>
      <Time>2026-08-04T05:12:07Z</Time>
      <Position>
       <LatitudeDegrees>45.4251735</LatitudeDegrees>
       <LongitudeDegrees>4.4067030</LongitudeDegrees>
      </Position>
      <AltitudeMeters>565</AltitudeMeters>
      <DistanceMeters>2366</DistanceMeters>
      <HeartRateBpm>
       <Value>150</Value>
      </HeartRateBpm>
      <Cadence>83</Cadence>
      <Extensions>
       <Speed>11.330000</Speed>
      </Extensions>
     </Trackpoint>
     <Trackpoint>
      <Time>2026-08-04T05:12:08Z</Time>
      <Position>
       <LatitudeDegrees>45.4251577</LatitudeDegrees>
       <LongitudeDegrees>4.4067191</LongitudeDegrees>
      </Position>
      <AltitudeMeters>565</AltitudeMeters>
      <DistanceMeters>2369</DistanceMeters>
      <HeartRateBpm>
       <Value>150</Value>
      </HeartRateBpm>
      <Cadence>84</Cadence>
      <Extensions>
       <Speed>11.330000</Speed>
      </Extensions>
     </Trackpoint>
     <Trackpoint>
      <Time>2026-08-04T05:12:09Z</Time>
      <Position>
       <LatitudeDegrees>45.4251419</LatitudeDegrees>
       <LongitudeDegrees>4.4067353</LongitudeDegrees>
      </Position>
      <AltitudeMeters>565</AltitudeMeters>
      <DistanceMeters>2372</DistanceMeters>
      <HeartRateBpm>
       <Value>150</Value>
      </HeartRateBpm>
      <Cadence>84</Cadence>
      <Extensions>
       <Speed>11.320000</Speed>
      </Extensions>
     </Trackpoint>
     <Trackpoint>
      <Time>2026-08-04T05:12:10Z</Time>
      <Position>
       <LatitudeDegrees>45.4251261</LatitudeDegrees>
       <LongitudeDegrees>4.4067515</LongitudeDegrees>
      </Position>
      <AltitudeMeters>565</AltitudeMeters>
      <DistanceMeters>2376</DistanceMeters>
      <HeartRateBpm>
       <Value>150</Value>
      </HeartRateBpm>
      <Cadence>84</Cadence>
      <Extensions>
       <Speed>11.320000</Speed>
      </Extensions>
     </Trackpoint>
     <Trackpoint>
      <Time>2026-08-04T05:12:11Z</Time>
      <Position>
       <LatitudeDegrees>45.4250813</LatitudeDegrees>
       <LongitudeDegrees>4.4068014</LongitudeDegrees>
      </Position>
      <AltitudeMeters>565</AltitudeMeters>
      <DistanceMeters>2379</DistanceMeters>
      <HeartRateBpm>
       <Value>151</Value>
      </HeartRateBpm>
      <Cadence>84</Cadence>
      <Extensions>
       <Speed>11.310000</Speed>
      </Extensions>
     </Trackpoint>
     <Trackpoint>
      <Time>2026-08-04T05:12:12Z</Time>
      <Position>
       <LatitudeDegrees>45.4250658</LatitudeDegrees>
       <LongitudeDegrees>4.4068175</LongitudeDegrees>
      </Position>
      <AltitudeMeters>565</AltitudeMeters>
      <DistanceMeters>2382</DistanceMeters>
      <HeartRateBpm>
       <Value>152</Value>
      </HeartRateBpm>
      <Cadence>84</Cadence>
      <Extensions>
       <Speed>11.310000</Speed>
      </Extensions>
     </Trackpoint>
     <Trackpoint>
      <Time>2026-08-04T05:12:13Z</Time>
      <Position>
       <LatitudeDegrees>45.4250503</LatitudeDegrees>
       <LongitudeDegrees>4.4068336</LongitudeDegrees>
      </Position>
      <AltitudeMeters>565</AltitudeMeters>
      <DistanceMeters>2386</DistanceMeters>
      <HeartRateBpm>
       <Value>152</Value>
      </HeartRateBpm>
      <Cadence>84</Cadence>
      <Extensions>
       <Speed>11.310000</Speed>
      </Extensions>
     </Trackpoint>
     <Trackpoint>
      <Time>2026-08-04T05:12:14Z</Time>
      <Position>
       <LatitudeDegrees>45.4250349</LatitudeDegrees>
       <LongitudeDegrees>4.4068497</LongitudeDegrees>
      </Position>
      <AltitudeMeters>566</AltitudeMeters>
      <DistanceMeters>2389</DistanceMeters>
      <HeartRateBpm>
       <Value>152</Value>
      </HeartRateBpm>
      <Cadence>84</Cadence>
      <Extensions>
       <Speed>11.310000</Speed>
      </Extensions>
     </Trackpoint>
     <Trackpoint>
      <Time>2026-08-04T05:12:15Z</Time>
      <Position>
       <LatitudeDegrees>45.4249874</LatitudeDegrees>
       <LongitudeDegrees>4.4069024</LongitudeDegrees>
      </Position>
      <AltitudeMeters>566</AltitudeMeters>
      <DistanceMeters>2392</DistanceMeters>
      <HeartRateBpm>
       <Value>153</Value>
      </HeartRateBpm>
      <Cadence>84</Cadence>
      <Extensions>
       <Speed>11.310000</Speed>
      </Extensions>
     </Trackpoint>
     <Trackpoint>
      <Time>2026-08-04T05:12:16Z</Time>
      <Position>
       <LatitudeDegrees>45.4249736</LatitudeDegrees>
       <LongitudeDegrees>4.4069216</LongitudeDegrees>
      </Position>
      <AltitudeMeters>566</AltitudeMeters>
      <DistanceMeters>2395</DistanceMeters>
      <HeartRateBpm>
       <Value>153</Value>
      </HeartRateBpm>
      <Cadence>84</Cadence>
      <Extensions>
       <Speed>11.310000</Speed>
      </Extensions>
     </Trackpoint>
     <Trackpoint>
      <Time>2026-08-04T05:12:17Z</Time>
      <Position>
       <LatitudeDegrees>45.4249598</LatitudeDegrees>
       <LongitudeDegrees>4.4069408</LongitudeDegrees>
      </Position>
      <AltitudeMeters>566</AltitudeMeters>
      <DistanceMeters>2398</DistanceMeters>
      <HeartRateBpm>
       <Value>153</Value>
      </HeartRateBpm>
      <Cadence>84</Cadence>
      <Extensions>
       <Speed>11.310000</Speed>
      </Extensions>
     </Trackpoint>
     <Trackpoint>
      <Time>2026-08-04T05:12:18Z</Time>
      <Position>
       <LatitudeDegrees>45.4249461</LatitudeDegrees>
       <LongitudeDegrees>4.4069601</LongitudeDegrees>
      </Position>
      <AltitudeMeters>566</AltitudeMeters>
      <DistanceMeters>2401</DistanceMeters>
      <HeartRateBpm>
       <Value>153</Value>
      </HeartRateBpm>
      <Cadence>84</Cadence>
      <Extensions>
       <Speed>11.320000</Speed>
      </Extensions>
     </Trackpoint>
     <Trackpoint>
      <Time>2026-08-04T05:12:19Z</Time>
      <Position>
       <LatitudeDegrees>45.4249087</LatitudeDegrees>
       <LongitudeDegrees>4.4070176</LongitudeDegrees>
      </Position>
      <AltitudeMeters>566</AltitudeMeters>
      <DistanceMeters>2404</DistanceMeters>
      <HeartRateBpm>
       <Value>153</Value>
      </HeartRateBpm>
      <Cadence>84</Cadence>
      <Extensions>
       <Speed>11.330000</Speed>
      </Extensions>
     </Trackpoint>
     <Trackpoint>
      <Time>2026-08-04T05:12:20Z</Time>
      <Position>
       <LatitudeDegrees>45.4248947</LatitudeDegrees>
       <LongitudeDegrees>4.4070363</LongitudeDegrees>
      </Position>
      <AltitudeMeters>566</AltitudeMeters>
      <DistanceMeters>2407</DistanceMeters>
      <HeartRateBpm>
       <Value>153</Value>
      </HeartRateBpm>
      <Cadence>84</Cadence>
      <Extensions>
       <Speed>11.340000</Speed>
      </Extensions>
     </Trackpoint>
     <Trackpoint>
      <Time>2026-08-04T05:12:21Z</Time>
      <Position>
       <LatitudeDegrees>45.4248807</LatitudeDegrees>
       <LongitudeDegrees>4.4070551</LongitudeDegrees>
      </Position>
      <AltitudeMeters>566</AltitudeMeters>
      <DistanceMeters>2411</DistanceMeters>
      <HeartRateBpm>
       <Value>153</Value>
      </HeartRateBpm>
      <Cadence>84</Cadence>
      <Extensions>
       <Speed>11.340000</Speed>
      </Extensions>
     </Trackpoint>
     <Trackpoint>
      <Time>2026-08-04T05:12:22Z</Time>
      <Position>
       <LatitudeDegrees>45.4248667</LatitudeDegrees>
       <LongitudeDegrees>4.4070739</LongitudeDegrees>
      </Position>
      <AltitudeMeters>566</AltitudeMeters>
      <DistanceMeters>2415</DistanceMeters>
      <HeartRateBpm>
       <Value>154</Value>
      </HeartRateBpm>
      <Cadence>84</Cadence>
      <Extensions>
       <Speed>11.350000</Speed>
      </Extensions>
     </Trackpoint>
     <Trackpoint>
      <Time>2026-08-04T05:12:23Z</Time>
      <Position>
       <LatitudeDegrees>45.4248171</LatitudeDegrees>
       <LongitudeDegrees>4.4071264</LongitudeDegrees>
      </Position>
      <AltitudeMeters>566</AltitudeMeters>
      <DistanceMeters>2418</DistanceMeters>
      <HeartRateBpm>
       <Value>154</Value>
      </HeartRateBpm>
      <Cadence>84</Cadence>
      <Extensions>
       <Speed>11.360000</Speed>
      </Extensions>
     </Trackpoint>
     <Trackpoint>
      <Time>2026-08-04T05:12:24Z</Time>
      <Position>
       <LatitudeDegrees>45.4247990</LatitudeDegrees>
       <LongitudeDegrees>4.4071409</LongitudeDegrees>
      </Position>
      <AltitudeMeters>566</AltitudeMeters>
      <DistanceMeters>2422</DistanceMeters>
      <HeartRateBpm>
       <Value>154</Value>
      </HeartRateBpm>
      <Cadence>84</Cadence>
      <Extensions>
       <Speed>11.370000</Speed>
      </Extensions>
     </Trackpoint>
     <Trackpoint>
      <Time>2026-08-04T05:12:25Z</Time>
      <Position>
       <LatitudeDegrees>45.4247810</LatitudeDegrees>
       <LongitudeDegrees>4.4071555</LongitudeDegrees>
      </Position>
      <AltitudeMeters>566</AltitudeMeters>
      <DistanceMeters>2425</DistanceMeters>
      <HeartRateBpm>
       <Value>154</Value>
      </HeartRateBpm>
      <Cadence>84</Cadence>
      <Extensions>
       <Speed>11.370000</Speed>
      </Extensions>
     </Trackpoint>
     <Trackpoint>
      <Time>2026-08-04T05:12:26Z</Time>
      <Position>
       <LatitudeDegrees>45.4247630</LatitudeDegrees>
       <LongitudeDegrees>4.4071701</LongitudeDegrees>
      </Position>
      <AltitudeMeters>566</AltitudeMeters>
      <DistanceMeters>2428</DistanceMeters>
      <HeartRateBpm>
       <Value>154</Value>
      </HeartRateBpm>
      <Cadence>84</Cadence>
      <Extensions>
       <Speed>11.380000</Speed>
      </Extensions>
     </Trackpoint>
     <Trackpoint>
      <Time>2026-08-04T05:12:27Z</Time>
      <Position>
       <LatitudeDegrees>45.4247150</LatitudeDegrees>
       <LongitudeDegrees>4.4072086</LongitudeDegrees>
      </Position>
      <AltitudeMeters>566</AltitudeMeters>
      <DistanceMeters>2430</DistanceMeters>
      <HeartRateBpm>
       <Value>154</Value>
      </HeartRateBpm>
      <Cadence>84</Cadence>
      <Extensions>
       <Speed>11.390000</Speed>
      </Extensions>
     </Trackpoint>
     <Trackpoint>
      <Time>2026-08-04T05:12:28Z</Time>
      <Position>
       <LatitudeDegrees>45.4247010</LatitudeDegrees>
       <LongitudeDegrees>4.4072231</LongitudeDegrees>
      </Position>
      <AltitudeMeters>566</AltitudeMeters>
      <DistanceMeters>2433</DistanceMeters>
      <HeartRateBpm>
       <Value>154</Value>
      </HeartRateBpm>
      <Cadence>84</Cadence>
      <Extensions>
       <Speed>11.400000</Speed>
      </Extensions>
     </Trackpoint>
     <Trackpoint>
      <Time>2026-08-04T05:12:29Z</Time>
      <Position>
       <LatitudeDegrees>45.4246870</LatitudeDegrees>
       <LongitudeDegrees>4.4072376</LongitudeDegrees>
      </Position>
      <AltitudeMeters>566</AltitudeMeters>
      <DistanceMeters>2436</DistanceMeters>
      <HeartRateBpm>
       <Value>154</Value>
      </HeartRateBpm>
      <Cadence>84</Cadence>
      <Extensions>
       <Speed>11.410000</Speed>
      </Extensions>
     </Trackpoint>
     <Trackpoint>
      <Time>2026-08-04T05:12:30Z</Time>
      <Position>
       <LatitudeDegrees>45.4246730</LatitudeDegrees>
       <LongitudeDegrees>4.4072522</LongitudeDegrees>
      </Position>
      <AltitudeMeters>566</AltitudeMeters>
      <DistanceMeters>2440</DistanceMeters>
      <HeartRateBpm>
       <Value>153</Value>
      </HeartRateBpm>
      <Cadence>84</Cadence>
      <Extensions>
       <Speed>11.420000</Speed>
      </Extensions>
     </Trackpoint>
     <Trackpoint>
      <Time>2026-08-04T05:12:31Z</Time>
      <Position>
       <LatitudeDegrees>45.4246287</LatitudeDegrees>
       <LongitudeDegrees>4.4073044</LongitudeDegrees>
      </Position>
      <AltitudeMeters>566</AltitudeMeters>
      <DistanceMeters>2444</DistanceMeters>
      <HeartRateBpm>
       <Value>153</Value>
      </HeartRateBpm>
      <Cadence>84</Cadence>
      <Extensions>
       <Speed>11.420000</Speed>
      </Extensions>
     </Trackpoint>
     <Trackpoint>
      <Time>2026-08-04T05:12:32Z</Time>
      <Position>
       <LatitudeDegrees>45.4246145</LatitudeDegrees>
       <LongitudeDegrees>4.4073235</LongitudeDegrees>
      </Position>
      <AltitudeMeters>566</AltitudeMeters>
      <DistanceMeters>2447</DistanceMeters>
      <HeartRateBpm>
       <Value>153</Value>
      </HeartRateBpm>
      <Cadence>84</Cadence>
      <Extensions>
       <Speed>11.430000</Speed>
      </Extensions>
     </Trackpoint>
     <Trackpoint>
      <Time>2026-08-04T05:12:33Z</Time>
      <Position>
       <LatitudeDegrees>45.4246003</LatitudeDegrees>
       <LongitudeDegrees>4.4073426</LongitudeDegrees>
      </Position>
      <AltitudeMeters>566</AltitudeMeters>
      <DistanceMeters>2450</DistanceMeters>
      <HeartRateBpm>
       <Value>154</Value>
      </HeartRateBpm>
      <Cadence>84</Cadence>
      <Extensions>
       <Speed>11.430000</Speed>
      </Extensions>
     </Trackpoint>
     <Trackpoint>
      <Time>2026-08-04T05:12:34Z</Time>
      <Position>
       <LatitudeDegrees>45.4245861</LatitudeDegrees>
       <LongitudeDegrees>4.4073618</LongitudeDegrees>
      </Position>
      <AltitudeMeters>567</AltitudeMeters>
      <DistanceMeters>2453</DistanceMeters>
      <HeartRateBpm>
       <Value>154</Value>
      </HeartRateBpm>
      <Cadence>84</Cadence>
      <Extensions>
       <Speed>11.440000</Speed>
      </Extensions>
     </Trackpoint>
     <Trackpoint>
      <Time>2026-08-04T05:12:35Z</Time>
      <Position>
       <LatitudeDegrees>45.4245451</LatitudeDegrees>
       <LongitudeDegrees>4.4074143</LongitudeDegrees>
      </Position>
      <AltitudeMeters>567</AltitudeMeters>
      <DistanceMeters>2456</DistanceMeters>
      <HeartRateBpm>
       <Value>155</Value>
      </HeartRateBpm>
      <Cadence>84</Cadence>
      <Extensions>
       <Speed>11.440000</Speed>
      </Extensions>
     </Trackpoint>
     <Trackpoint>
      <Time>2026-08-04T05:12:36Z</Time>
      <Position>
       <LatitudeDegrees>45.4245301</LatitudeDegrees>
       <LongitudeDegrees>4.4074309</LongitudeDegrees>
      </Position>
      <AltitudeMeters>567</AltitudeMeters>
      <DistanceMeters>2458</DistanceMeters>
      <HeartRateBpm>
       <Value>155</Value>
      </HeartRateBpm>
      <Cadence>84</Cadence>
      <Extensions>
       <Speed>11.450000</Speed>
      </Extensions>
     </Trackpoint>
     <Trackpoint>
      <Time>2026-08-04T05:12:37Z</Time>
      <Position>
       <LatitudeDegrees>45.4245152</LatitudeDegrees>
       <LongitudeDegrees>4.4074475</LongitudeDegrees>
      </Position>
      <AltitudeMeters>567</AltitudeMeters>
      <DistanceMeters>2462</DistanceMeters>
      <HeartRateBpm>
       <Value>155</Value>
      </HeartRateBpm>
      <Cadence>84</Cadence>
      <Extensions>
       <Speed>11.450000</Speed>
      </Extensions>
     </Trackpoint>
     <Trackpoint>
      <Time>2026-08-04T05:12:38Z</Time>
      <Position>
       <LatitudeDegrees>45.4245003</LatitudeDegrees>
       <LongitudeDegrees>4.4074641</LongitudeDegrees>
      </Position>
      <AltitudeMeters>567</AltitudeMeters>
      <DistanceMeters>2465</DistanceMeters>
      <HeartRateBpm>
       <Value>155</Value>
      </HeartRateBpm>
      <Cadence>84</Cadence>
      <Extensions>
       <Speed>11.460000</Speed>
      </Extensions>
     </Trackpoint>
     <Trackpoint>
      <Time>2026-08-04T05:12:39Z</Time>
      <Position>
       <LatitudeDegrees>45.4244560</LatitudeDegrees>
       <LongitudeDegrees>4.4075167</LongitudeDegrees>
      </Position>
      <AltitudeMeters>567</AltitudeMeters>
      <DistanceMeters>2468</DistanceMeters>
      <HeartRateBpm>
       <Value>155</Value>
      </HeartRateBpm>
      <Cadence>84</Cadence>
      <Extensions>
       <Speed>11.460000</Speed>
      </Extensions>
     </Trackpoint>
     <Trackpoint>
      <Time>2026-08-04T05:12:40Z</Time>
      <Position>
       <LatitudeDegrees>45.4244403</LatitudeDegrees>
       <LongitudeDegrees>4.4075346</LongitudeDegrees>
      </Position>
      <AltitudeMeters>567</AltitudeMeters>
      <DistanceMeters>2472</DistanceMeters>
      <HeartRateBpm>
       <Value>155</Value>
      </HeartRateBpm>
      <Cadence>84</Cadence>
      <Extensions>
       <Speed>11.470000</Speed>
      </Extensions>
     </Trackpoint>
     <Trackpoint>
      <Time>2026-08-04T05:12:41Z</Time>
      <Position>
       <LatitudeDegrees>45.4244247</LatitudeDegrees>
       <LongitudeDegrees>4.4075525</LongitudeDegrees>
      </Position>
      <AltitudeMeters>567</AltitudeMeters>
      <DistanceMeters>2476</DistanceMeters>
      <HeartRateBpm>
       <Value>155</Value>
      </HeartRateBpm>
      <Cadence>84</Cadence>
      <Extensions>
       <Speed>11.470000</Speed>
      </Extensions>
     </Trackpoint>
     <Trackpoint>
      <Time>2026-08-04T05:12:42Z</Time>
      <Position>
       <LatitudeDegrees>45.4244091</LatitudeDegrees>
       <LongitudeDegrees>4.4075705</LongitudeDegrees>
      </Position>
      <AltitudeMeters>567</AltitudeMeters>
      <DistanceMeters>2479</DistanceMeters>
      <HeartRateBpm>
       <Value>155</Value>
      </HeartRateBpm>
      <Cadence>85</Cadence>
      <Extensions>
       <Speed>11.480000</Speed>
      </Extensions>
     </Trackpoint>
     <Trackpoint>
      <Time>2026-08-04T05:12:43Z</Time>
      <Position>
       <LatitudeDegrees>45.4243592</LatitudeDegrees>
       <LongitudeDegrees>4.4076269</LongitudeDegrees>
      </Position>
      <AltitudeMeters>567</AltitudeMeters>
      <DistanceMeters>2482</DistanceMeters>
      <HeartRateBpm>
       <Value>154</Value>
      </HeartRateBpm>
      <Cadence>85</Cadence>
      <Extensions>
       <Speed>11.480000</Speed>
      </Extensions>
     </Trackpoint>
     <Trackpoint>
      <Time>2026-08-04T05:12:44Z</Time>
      <Position>
       <LatitudeDegrees>45.4243425</LatitudeDegrees>
       <LongitudeDegrees>4.4076446</LongitudeDegrees>
      </Position>
      <AltitudeMeters>567</AltitudeMeters>
      <DistanceMeters>2486</DistanceMeters>
      <HeartRateBpm>
       <Value>154</Value>
      </HeartRateBpm>
      <Cadence>85</Cadence>
      <Extensions>
       <Speed>11.490000</Speed>
      </Extensions>
     </Trackpoint>
     <Trackpoint>
      <Time>2026-08-04T05:12:45Z</Time>
      <Position>
       <LatitudeDegrees>45.4243258</LatitudeDegrees>
       <LongitudeDegrees>4.4076623</LongitudeDegrees>
      </Position>
      <AltitudeMeters>567</AltitudeMeters>
      <DistanceMeters>2489</DistanceMeters>
      <HeartRateBpm>
       <Value>154</Value>
      </HeartRateBpm>
      <Cadence>85</Cadence>
      <Extensions>
       <Speed>11.500000</Speed>
      </Extensions>
     </Trackpoint>
     <Trackpoint>
      <Time>2026-08-04T05:12:46Z</Time>
      <Position>
       <LatitudeDegrees>45.4243092</LatitudeDegrees>
       <LongitudeDegrees>4.4076800</LongitudeDegrees>
      </Position>
      <AltitudeMeters>567</AltitudeMeters>
      <DistanceMeters>2492</DistanceMeters>
      <HeartRateBpm>
       <Value>153</Value>
      </HeartRateBpm>
      <Cadence>85</Cadence>
      <Extensions>
       <Speed>11.520000</Speed>
      </Extensions>
     </Trackpoint>
     <Trackpoint>
      <Time>2026-08-04T05:12:47Z</Time>
      <Position>
       <LatitudeDegrees>45.4242604</LatitudeDegrees>
       <LongitudeDegrees>4.4077271</LongitudeDegrees>
      </Position>
      <AltitudeMeters>567</AltitudeMeters>
      <DistanceMeters>2496</DistanceMeters>
      <HeartRateBpm>
       <Value>153</Value>
      </HeartRateBpm>
      <Cadence>84</Cadence>
      <Extensions>
       <Speed>11.530000</Speed>
      </Extensions>
     </Trackpoint>
     <Trackpoint>
      <Time>2026-08-04T05:12:48Z</Time>
      <Position>
       <LatitudeDegrees>45.4242449</LatitudeDegrees>
       <LongitudeDegrees>4.4077415</LongitudeDegrees>
      </Position>
      <AltitudeMeters>567</AltitudeMeters>
      <DistanceMeters>2499</DistanceMeters>
      <HeartRateBpm>
       <Value>153</Value>
      </HeartRateBpm>
      <Cadence>84</Cadence>
      <Extensions>
       <Speed>11.540000</Speed>
      </Extensions>
     </Trackpoint>
     <Trackpoint>
      <Time>2026-08-04T05:12:49Z</Time>
      <Position>
       <LatitudeDegrees>45.4242294</LatitudeDegrees>
       <LongitudeDegrees>4.4077560</LongitudeDegrees>
      </Position>
      <AltitudeMeters>567</AltitudeMeters>
      <DistanceMeters>2502</DistanceMeters>
      <HeartRateBpm>
       <Value>153</Value>
      </HeartRateBpm>
      <Cadence>84</Cadence>
      <Extensions>
       <Speed>11.550000</Speed>
      </Extensions>
     </Trackpoint>
     <Trackpoint>
      <Time>2026-08-04T05:12:50Z</Time>
      <Position>
       <LatitudeDegrees>45.4242140</LatitudeDegrees>
       <LongitudeDegrees>4.4077705</LongitudeDegrees>
      </Position>
      <AltitudeMeters>567</AltitudeMeters>
      <DistanceMeters>2504</DistanceMeters>
      <HeartRateBpm>
       <Value>152</Value>
      </HeartRateBpm>
      <Cadence>84</Cadence>
      <Extensions>
       <Speed>11.570000</Speed>
      </Extensions>
     </Trackpoint>
     <Trackpoint>
      <Time>2026-08-04T05:12:51Z</Time>
      <Position>
       <LatitudeDegrees>45.4241713</LatitudeDegrees>
       <LongitudeDegrees>4.4078163</LongitudeDegrees>
      </Position>
      <AltitudeMeters>567</AltitudeMeters>
      <DistanceMeters>2508</DistanceMeters>
      <HeartRateBpm>
       <Value>153</Value>
      </HeartRateBpm>
      <Cadence>84</Cadence>
      <Extensions>
       <Speed>11.580000</Speed>
      </Extensions>
     </Trackpoint>
     <Trackpoint>
      <Time>2026-08-04T05:12:52Z</Time>
      <Position>
       <LatitudeDegrees>45.4241574</LatitudeDegrees>
       <LongitudeDegrees>4.4078347</LongitudeDegrees>
      </Position>
      <AltitudeMeters>567</AltitudeMeters>
      <DistanceMeters>2511</DistanceMeters>
      <HeartRateBpm>
       <Value>153</Value>
      </HeartRateBpm>
      <Cadence>84</Cadence>
      <Extensions>
       <Speed>11.590000</Speed>
      </Extensions>
     </Trackpoint>
     <Trackpoint>
      <Time>2026-08-04T05:12:53Z</Time>
      <Position>
       <LatitudeDegrees>45.4241435</LatitudeDegrees>
       <LongitudeDegrees>4.4078531</LongitudeDegrees>
      </Position>
      <AltitudeMeters>567</AltitudeMeters>
      <DistanceMeters>2514</DistanceMeters>
      <HeartRateBpm>
       <Value>153</Value>
      </HeartRateBpm>
      <Cadence>84</Cadence>
      <Extensions>
       <Speed>11.590000</Speed>
      </Extensions>
     </Trackpoint>
     <Trackpoint>
      <Time>2026-08-04T05:12:54Z</Time>
      <Position>
       <LatitudeDegrees>45.4241297</LatitudeDegrees>
       <LongitudeDegrees>4.4078715</LongitudeDegrees>
      </Position>
      <AltitudeMeters>568</AltitudeMeters>
      <DistanceMeters>2518</DistanceMeters>
      <HeartRateBpm>
       <Value>153</Value>
      </HeartRateBpm>
      <Cadence>85</Cadence>
      <Extensions>
       <Speed>11.590000</Speed>
      </Extensions>
     </Trackpoint>
     <Trackpoint>
      <Time>2026-08-04T05:12:55Z</Time>
      <Position>
       <LatitudeDegrees>45.4240883</LatitudeDegrees>
       <LongitudeDegrees>4.4079282</LongitudeDegrees>
      </Position>
      <AltitudeMeters>568</AltitudeMeters>
      <DistanceMeters>2520</DistanceMeters>
      <HeartRateBpm>
       <Value>152</Value>
      </HeartRateBpm>
      <Cadence>85</Cadence>
      <Extensions>
       <Speed>11.590000</Speed>
      </Extensions>
     </Trackpoint>
     <Trackpoint>
      <Time>2026-08-04T05:12:56Z</Time>
      <Position>
       <LatitudeDegrees>45.4240747</LatitudeDegrees>
       <LongitudeDegrees>4.4079458</LongitudeDegrees>
      </Position>
      <AltitudeMeters>568</AltitudeMeters>
      <DistanceMeters>2523</DistanceMeters>
      <HeartRateBpm>
       <Value>153</Value>
      </HeartRateBpm>
      <Cadence>85</Cadence>
      <Extensions>
       <Speed>11.590000</Speed>
      </Extensions>
     </Trackpoint>
     <Trackpoint>
      <Time>2026-08-04T05:12:57Z</Time>
      <Position>
       <LatitudeDegrees>45.4240611</LatitudeDegrees>
       <LongitudeDegrees>4.4079634</LongitudeDegrees>
      </Position>
      <AltitudeMeters>568</AltitudeMeters>
      <DistanceMeters>2526</DistanceMeters>
      <HeartRateBpm>
       <Value>153</Value>
      </HeartRateBpm>
      <Cadence>85</Cadence>
      <Extensions>
       <Speed>11.590000</Speed>
      </Extensions>
     </Trackpoint>
     <Trackpoint>
      <Time>2026-08-04T05:12:58Z</Time>
      <Position>
       <LatitudeDegrees>45.4240475</LatitudeDegrees>
       <LongitudeDegrees>4.4079810</LongitudeDegrees>
      </Position>
      <AltitudeMeters>568</AltitudeMeters>
      <DistanceMeters>2530</DistanceMeters>
      <HeartRateBpm>
       <Value>152</Value>
      </HeartRateBpm>
      <Cadence>85</Cadence>
      <Extensions>
       <Speed>11.590000</Speed>
      </Extensions>
     </Trackpoint>
     <Trackpoint>
      <Time>2026-08-04T05:12:59Z</Time>
      <Position>
       <LatitudeDegrees>45.4240057</LatitudeDegrees>
       <LongitudeDegrees>4.4080352</LongitudeDegrees>
      </Position>
      <AltitudeMeters>568</AltitudeMeters>
      <DistanceMeters>2533</DistanceMeters>
      <HeartRateBpm>
       <Value>152</Value>
      </HeartRateBpm>
      <Cadence>85</Cadence>
      <Extensions>
       <Speed>11.590000</Speed>
      </Extensions>
     </Trackpoint>
     <Trackpoint>
      <Time>2026-08-04T05:13:00Z</Time>
      <Position>
       <LatitudeDegrees>45.4239912</LatitudeDegrees>
       <LongitudeDegrees>4.4080536</LongitudeDegrees>
      </Position>
      <AltitudeMeters>568</AltitudeMeters>
      <DistanceMeters>2536</DistanceMeters>
      <HeartRateBpm>
       <Value>153</Value>
      </HeartRateBpm>
      <Cadence>85</Cadence>
      <Extensions>
       <Speed>11.590000</Speed>
      </Extensions>
     </Trackpoint>
     <Trackpoint>
      <Time>2026-08-04T05:13:01Z</Time>
      <Position>
       <LatitudeDegrees>45.4239767</LatitudeDegrees>
       <LongitudeDegrees>4.4080720</LongitudeDegrees>
      </Position>
      <AltitudeMeters>568</AltitudeMeters>
      <DistanceMeters>2540</DistanceMeters>
      <HeartRateBpm>
       <Value>153</Value>
      </HeartRateBpm>
      <Cadence>84</Cadence>
      <Extensions>
       <Speed>11.580000</Speed>
      </Extensions>
     </Trackpoint>
     <Trackpoint>
      <Time>2026-08-04T05:13:02Z</Time>
      <Position>
       <LatitudeDegrees>45.4239623</LatitudeDegrees>
       <LongitudeDegrees>4.4080905</LongitudeDegrees>
      </Position>
      <AltitudeMeters>568</AltitudeMeters>
      <DistanceMeters>2543</DistanceMeters>
      <HeartRateBpm>
       <Value>153</Value>
      </HeartRateBpm>
      <Cadence>84</Cadence>
      <Extensions>
       <Speed>11.580000</Speed>
      </Extensions>
     </Trackpoint>
     <Trackpoint>
      <Time>2026-08-04T05:13:03Z</Time>
      <Position>
       <LatitudeDegrees>45.4239139</LatitudeDegrees>
       <LongitudeDegrees>4.4081440</LongitudeDegrees>
      </Position>
      <AltitudeMeters>568</AltitudeMeters>
      <DistanceMeters>2546</DistanceMeters>
      <HeartRateBpm>
       <Value>153</Value>
      </HeartRateBpm>
      <Cadence>84</Cadence>
      <Extensions>
       <Speed>11.580000</Speed>
      </Extensions>
     </Trackpoint>
     <Trackpoint>
      <Time>2026-08-04T05:13:04Z</Time>
      <Position>
       <LatitudeDegrees>45.4238968</LatitudeDegrees>
       <LongitudeDegrees>4.4081605</LongitudeDegrees>
      </Position>
      <AltitudeMeters>568</AltitudeMeters>
      <DistanceMeters>2550</DistanceMeters>
      <HeartRateBpm>
       <Value>153</Value>
      </HeartRateBpm>
      <Cadence>84</Cadence>
      <Extensions>
       <Speed>11.580000</Speed>
      </Extensions>
     </Trackpoint>
     <Trackpoint>
      <Time>2026-08-04T05:13:05Z</Time>
      <Position>
       <LatitudeDegrees>45.4238798</LatitudeDegrees>
       <LongitudeDegrees>4.4081771</LongitudeDegrees>
      </Position>
      <AltitudeMeters>568</AltitudeMeters>
      <DistanceMeters>2554</DistanceMeters>
      <HeartRateBpm>
       <Value>153</Value>
      </HeartRateBpm>
      <Cadence>84</Cadence>
      <Extensions>
       <Speed>11.580000</Speed>
      </Extensions>
     </Trackpoint>
     <Trackpoint>
      <Time>2026-08-04T05:13:06Z</Time>
      <Position>
       <LatitudeDegrees>45.4238628</LatitudeDegrees>
       <LongitudeDegrees>4.4081937</LongitudeDegrees>
      </Position>
      <AltitudeMeters>568</AltitudeMeters>
      <DistanceMeters>2557</DistanceMeters>
      <HeartRateBpm>
       <Value>152</Value>
      </HeartRateBpm>
      <Cadence>84</Cadence>
      <Extensions>
       <Speed>11.580000</Speed>
      </Extensions>
     </Trackpoint>
     <Trackpoint>
      <Time>2026-08-04T05:13:07Z</Time>
      <Position>
       <LatitudeDegrees>45.4238129</LatitudeDegrees>
       <LongitudeDegrees>4.4082406</LongitudeDegrees>
      </Position>
      <AltitudeMeters>568</AltitudeMeters>
      <DistanceMeters>2560</DistanceMeters>
      <HeartRateBpm>
       <Value>152</Value>
      </HeartRateBpm>
      <Cadence>84</Cadence>
      <Extensions>
       <Speed>11.580000</Speed>
      </Extensions>
     </Trackpoint>
     <Trackpoint>
      <Time>2026-08-04T05:13:08Z</Time>
      <Position>
       <LatitudeDegrees>45.4237965</LatitudeDegrees>
       <LongitudeDegrees>4.4082559</LongitudeDegrees>
      </Position>
      <AltitudeMeters>568</AltitudeMeters>
      <DistanceMeters>2563</DistanceMeters>
      <HeartRateBpm>
       <Value>153</Value>
      </HeartRateBpm>
      <Cadence>84</Cadence>
      <Extensions>
       <Speed>11.590000</Speed>
      </Extensions>
     </Trackpoint>
     <Trackpoint>
      <Time>2026-08-04T05:13:09Z</Time>
      <Position>
       <LatitudeDegrees>45.4237802</LatitudeDegrees>
       <LongitudeDegrees>4.4082712</LongitudeDegrees>
      </Position>
      <AltitudeMeters>568</AltitudeMeters>
      <DistanceMeters>2566</DistanceMeters>
      <HeartRateBpm>
       <Value>153</Value>
      </HeartRateBpm>
      <Cadence>84</Cadence>
      <Extensions>
       <Speed>11.590000</Speed>
      </Extensions>
     </Trackpoint>
     <Trackpoint>
      <Time>2026-08-04T05:13:10Z</Time>
      <Position>
       <LatitudeDegrees>45.4237639</LatitudeDegrees>
       <LongitudeDegrees>4.4082866</LongitudeDegrees>
      </Position>
      <AltitudeMeters>568</AltitudeMeters>
      <DistanceMeters>2570</DistanceMeters>
      <HeartRateBpm>
       <Value>153</Value>
      </HeartRateBpm>
      <Cadence>85</Cadence>
      <Extensions>
       <Speed>11.590000</Speed>
      </Extensions>
     </Trackpoint>
     <Trackpoint>
      <Time>2026-08-04T05:13:11Z</Time>
      <Position>
       <LatitudeDegrees>45.4237165</LatitudeDegrees>
       <LongitudeDegrees>4.4083373</LongitudeDegrees>
      </Position>
      <AltitudeMeters>568</AltitudeMeters>
      <DistanceMeters>2574</DistanceMeters>
      <HeartRateBpm>
       <Value>153</Value>
      </HeartRateBpm>
      <Cadence>85</Cadence>
      <Extensions>
       <Speed>11.590000</Speed>
      </Extensions>
     </Trackpoint>
     <Trackpoint>
      <Time>2026-08-04T05:13:12Z</Time>
      <Position>
       <LatitudeDegrees>45.4237011</LatitudeDegrees>
       <LongitudeDegrees>4.4083551</LongitudeDegrees>
      </Position>
      <AltitudeMeters>568</AltitudeMeters>
      <DistanceMeters>2577</DistanceMeters>
      <HeartRateBpm>
       <Value>153</Value>
      </HeartRateBpm>
      <Cadence>85</Cadence>
      <Extensions>
       <Speed>11.590000</Speed>
      </Extensions>
     </Trackpoint>
     <Trackpoint>
      <Time>2026-08-04T05:13:13Z</Time>
      <Position>
       <LatitudeDegrees>45.4236858</LatitudeDegrees>
       <LongitudeDegrees>4.4083729</LongitudeDegrees>
      </Position>
      <AltitudeMeters>568</AltitudeMeters>
      <DistanceMeters>2580</DistanceMeters>
      <HeartRateBpm>
       <Value>153</Value>
      </HeartRateBpm>
      <Cadence>84</Cadence>
      <Extensions>
       <Speed>11.590000</Speed>
      </Extensions>
     </Trackpoint>
     <Trackpoint>
      <Time>2026-08-04T05:13:14Z</Time>
      <Position>
       <LatitudeDegrees>45.4236705</LatitudeDegrees>
       <LongitudeDegrees>4.4083907</LongitudeDegrees>
      </Position>
      <AltitudeMeters>569</AltitudeMeters>
      <DistanceMeters>2582</DistanceMeters>
      <HeartRateBpm>
       <Value>153</Value>
      </HeartRateBpm>
      <Cadence>84</Cadence>
      <Extensions>
       <Speed>11.600000</Speed>
      </Extensions>
     </Trackpoint>
     <Trackpoint>
      <Time>2026-08-04T05:13:15Z</Time>
      <Position>
       <LatitudeDegrees>45.4236339</LatitudeDegrees>
       <LongitudeDegrees>4.4084467</LongitudeDegrees>
      </Position>
      <AltitudeMeters>569</AltitudeMeters>
      <DistanceMeters>2585</DistanceMeters>
      <HeartRateBpm>
       <Value>153</Value>
      </HeartRateBpm>
      <Cadence>84</Cadence>
      <Extensions>
       <Speed>11.600000</Speed>
      </Extensions>
     </Trackpoint>
     <Trackpoint>
      <Time>2026-08-04T05:13:16Z</Time>
      <Position>
       <LatitudeDegrees>45.4236272</LatitudeDegrees>
       <LongitudeDegrees>4.4084673</LongitudeDegrees>
      </Position>
      <AltitudeMeters>569</AltitudeMeters>
      <DistanceMeters>2588</DistanceMeters>
      <HeartRateBpm>
       <Value>153</Value>
      </HeartRateBpm>
      <Cadence>83</Cadence>
      <Extensions>
       <Speed>11.600000</Speed>
      </Extensions>
     </Trackpoint>
     <Trackpoint>
      <Time>2026-08-04T05:13:17Z</Time>
      <Position>
       <LatitudeDegrees>45.4236205</LatitudeDegrees>
       <LongitudeDegrees>4.4084879</LongitudeDegrees>
      </Position>
      <AltitudeMeters>569</AltitudeMeters>
      <DistanceMeters>2590</DistanceMeters>
      <HeartRateBpm>
       <Value>153</Value>
      </HeartRateBpm>
      <Cadence>83</Cadence>
      <Extensions>
       <Speed>11.600000</Speed>
      </Extensions>
     </Trackpoint>
     <Trackpoint>
      <Time>2026-08-04T05:13:18Z</Time>
      <Position>
       <LatitudeDegrees>45.4236138</LatitudeDegrees>
       <LongitudeDegrees>4.4085085</LongitudeDegrees>
      </Position>
      <AltitudeMeters>569</AltitudeMeters>
      <DistanceMeters>2593</DistanceMeters>
      <HeartRateBpm>
       <Value>153</Value>
      </HeartRateBpm>
      <Cadence>83</Cadence>
      <Extensions>
       <Speed>11.600000</Speed>
      </Extensions>
     </Trackpoint>
     <Trackpoint>
      <Time>2026-08-04T05:13:19Z</Time>
      <Position>
       <LatitudeDegrees>45.4236313</LatitudeDegrees>
       <LongitudeDegrees>4.4086217</LongitudeDegrees>
      </Position>
      <DistanceMeters>2596</DistanceMeters>
      <HeartRateBpm>
       <Value>153</Value>
      </HeartRateBpm>
      <Cadence>82</Cadence>
      <Extensions>
       <Speed>11.580000</Speed>
      </Extensions>
     </Trackpoint>
     <Trackpoint>
      <Time>2026-08-04T05:13:20Z</Time>
      <DistanceMeters>2598</DistanceMeters>
      <HeartRateBpm>
       <Value>153</Value>
      </HeartRateBpm>
      <Cadence>82</Cadence>
      <Extensions>
       <Speed>11.560000</Speed>
      </Extensions>
     </Trackpoint>
    </Track>
   </Lap>
   <Creator>
    <Name>COROS Wearables</Name>
   </Creator>
  </Activity>
 </Activities>
</TrainingCenterDatabase>
